Time,VWC%,Period,EC,Temp_Soil,Temp_Soil(F),Temp_IR,Temp_IR(F),Latitude,Longitude,Satellites,Fix,Rod Length,Soil Type,VWC Mode
2018-01-24 01:01:42,24.3,2296,0.25,22.1,71.8,----,----,0000.0000 N,00000.0000 W,0,0,T,S,V
2018-01-24 01:04:43,15.2,2135,0.12,22.9,73.3,----,----,0000.0000 N,00000.0000 W,0,0,T,S,V
2018-01-24 01:04:52,38.0,2629,0.89,23.2,73.7,----,----,0000.0000 N,00000.0000 W,0,0,T,S,V
2018-01-24 01:05:01,22.0,2258,0.07,23.4,74.2,----,----,0000.0000 N,00000.0000 W,0,0,T,S,V
2018-01-24 01:05:11,34.6,2475,0.44,23.7,74.7,----,----,0000.0000 N,00000.0000 W,0,0,T,S,V
2018-01-24 01:05:16,27.2,2346,0.27,23.8,74.8,----,----,0000.0000 N,00000.0000 W,0,0,T,S,V
2018-01-24 01:05:56,00.0,1938,0.00,24.4,76.0,----,----,3353.2119 S,15111.0751 E,4,1,T,S,V
2018-01-24 01:06:24,40.6,2611,0.58,24.7,76.5,----,----,3353.2129 S,15111.0727 E,5,1,T,S,V
2018-01-24 01:06:48,32.9,2442,0.24,25.2,77.4,----,----,3353.2092 S,15111.0842 E,5,1,T,S,V
2018-01-24 01:07:08,16.3,2151,0.02,25.7,78.3,----,----,3353.2080 S,15111.0968 E,6,1,T,S,V
2018-01-24 01:07:19,28.3,2360,0.47,26.0,78.9,----,----,3353.2073 S,15111.0994 E,6,1,T,S,V
2018-01-24 01:07:32,30.0,2390,0.41,26.3,79.4,----,----,3353.2071 S,15111.1045 E,6,1,T,S,V
2018-01-24 01:07:49,29.4,2381,0.27,26.6,80.0,----,----,3353.2076 S,15111.1071 E,7,1,T,S,V
2018-01-24 01:07:59,34.6,2476,0.32,26.9,80.4,----,----,3353.2082 S,15111.1096 E,7,1,T,S,V
2018-01-24 01:08:53,52.8,3674,2.25,27.4,81.4,----,----,3353.1874 S,15111.1194 E,7,1,T,S,V
2018-01-24 01:09:15,53.9,3620,2.09,27.7,81.9,----,----,3353.1938 S,15111.1190 E,7,1,T,S,V
2018-01-24 01:09:28,55.1,3545,1.91,27.9,82.2,----,----,3353.1952 S,15111.1192 E,7,1,T,S,V
2018-01-24 01:11:13,09.9,2070,0.00,29.2,84.6,----,----,3353.2111 S,15111.1177 E,8,1,T,S,V
2018-01-24 01:15:34,54.9,3432,1.95,31.2,88.2,----,----,3353.2662 S,15111.1147 E,4,1,T,S,V
2018-01-24 01:16:01,58.1,3226,1.48,31.4,88.6,----,----,3353.2778 S,15111.1103 E,5,1,T,S,V
2018-01-24 01:16:28,55.7,3364,1.84,31.5,88.8,----,----,3353.2841 S,15111.1087 E,5,1,T,S,V
2018-01-24 01:16:46,52.5,3714,2.30,31.7,89.1,----,----,3353.2862 S,15111.1074 E,5,1,T,S,V
2018-01-24 01:17:13,54.8,3550,1.96,31.8,89.3,----,----,3353.2805 S,15111.1081 E,5,1,T,S,V
2018-01-24 01:17:46,51.9,3699,2.39,31.9,89.5,----,----,3353.2761 S,15111.1104 E,5,1,T,S,V
2018-01-24 01:18:31,41.7,3033,1.27,32.1,89.8,----,----,3353.2733 S,15111.1082 E,6,1,T,S,V
2018-01-24 01:18:51,40.4,2782,0.78,32.2,90.1,----,----,3353.2805 S,15111.1078 E,6,1,T,S,V
2018-01-24 01:19:16,41.6,2900,1.12,32.3,90.2,----,----,3353.2849 S,15111.1047 E,6,1,T,S,V
2018-01-24 01:19:31,52.6,3576,2.29,32.4,90.3,----,----,3353.2832 S,15111.1040 E,6,1,T,S,V
2018-01-24 01:19:52,52.9,3649,2.24,32.4,90.4,----,----,3353.2774 S,15111.1052 E,6,1,T,S,V
2018-01-24 01:20:18,54.1,3598,2.07,32.5,90.6,----,----,3353.2700 S,15111.1076 E,7,1,T,S,V
2018-01-24 01:20:43,55.8,3269,1.81,32.6,90.7,----,----,3353.2698 S,15111.1058 E,7,1,T,S,V
2018-01-24 01:21:03,57.6,3201,1.56,32.7,90.9,----,----,3353.2733 S,15111.1044 E,7,1,T,S,V
2018-01-24 01:21:20,41.9,2962,1.16,32.8,91.1,----,----,3353.2779 S,15111.1034 E,7,1,T,S,V
2018-01-24 01:21:48,56.8,3439,1.67,32.8,91.0,----,----,3353.2755 S,15111.0981 E,7,1,T,S,V
2018-01-24 01:22:07,38.6,3190,1.29,32.9,91.3,----,----,3353.2736 S,15111.1004 E,7,1,T,S,V
2018-01-24 01:22:33,56.1,3429,1.77,33.0,91.4,----,----,3353.2688 S,15111.1027 E,7,1,T,S,V
2018-01-24 01:23:24,54.2,3442,2.05,33.2,91.7,----,----,3353.2665 S,15111.0997 E,7,1,T,S,V
2018-01-24 01:23:56,55.2,3344,1.91,33.4,92.2,----,----,3353.2715 S,15111.0994 E,7,1,T,S,V
2018-01-24 01:24:16,50.9,3697,2.53,33.5,92.3,----,----,3353.2772 S,15111.0984 E,7,1,T,S,V
2018-01-24 01:26:37,41.4,2696,0.69,33.4,92.2,----,----,0000.0000 N,00000.0000 W,0,0,T,S,V
2018-01-24 01:26:52,33.5,2846,0.96,33.5,92.3,----,----,0000.0000 N,00000.0000 W,0,0,T,S,V
2018-01-24 01:27:00,44.3,2648,0.51,33.5,92.3,----,----,0000.0000 N,00000.0000 W,0,0,T,S,V
2018-01-24 01:27:09,38.4,2605,0.72,33.5,92.3,----,----,0000.0000 N,00000.0000 W,0,0,T,S,V
2018-01-24 01:27:29,40.8,2666,0.68,33.6,92.4,----,----,0000.0000 N,00000.0000 W,0,0,T,S,V
2018-01-24 01:27:38,44.3,2689,0.58,33.6,92.5,----,----,0000.0000 N,00000.0000 W,0,0,T,S,V
2018-01-24 01:27:47,40.2,2597,0.57,33.6,92.5,----,----,0000.0000 N,00000.0000 W,0,0,T,S,V
2018-01-24 01:28:00,50.0,2748,0.45,33.6,92.5,----,----,3353.2767 S,15111.1075 E,4,1,T,S,V
2018-01-24 01:28:14,46.0,2677,0.44,33.6,92.5,----,----,3353.2712 S,15111.1081 E,4,1,T,S,V
2018-01-24 01:28:24,50.5,2753,0.21,33.6,92.5,----,----,3353.2678 S,15111.1071 E,4,1,T,S,V
2018-01-24 01:28:38,46.5,2684,0.42,33.6,92.5,----,----,3353.2728 S,15111.0908 E,4,1,T,S,V
2018-01-24 01:28:48,45.4,2667,0.34,33.6,92.5,----,----,3353.2715 S,15111.0855 E,4,1,T,S,V
2018-01-24 01:28:57,39.1,2558,0.24,33.6,92.4,----,----,3353.2627 S,15111.0991 E,6,1,T,S,V
2018-01-24 01:29:17,36.3,2500,0.34,33.5,92.4,----,----,3353.2676 S,15111.0983 E,6,1,T,S,V
2018-01-24 01:29:33,38.4,2834,0.85,33.5,92.4,----,----,3353.2729 S,15111.0961 E,5,1,T,S,V
2018-01-24 01:30:00,31.7,2425,0.05,33.5,92.3,----,----,3353.2870 S,15111.0980 E,6,1,T,S,V
2018-01-24 01:30:07,29.4,2382,0.11,33.6,92.4,----,----,3353.2871 S,15111.0986 E,6,1,T,S,V
2018-01-24 01:30:40,26.6,2332,0.24,33.6,92.5,----,----,3353.2868 S,15111.0863 E,8,1,T,S,V
2018-01-24 01:30:55,30.0,2395,0.31,33.6,92.4,----,----,3353.2850 S,15111.0831 E,8,1,T,S,V
2018-01-24 01:35:55,21.5,2247,0.02,33.8,92.8,----,----,0000.0000 N,00000.0000 W,0,0,T,S,V
2018-01-24 01:36:15,34.0,2461,0.16,33.7,92.7,----,----,0000.0000 N,00000.0000 W,0,0,T,S,V
2018-01-24 01:37:32,17.5,2174,0.00,33.3,92.0,----,----,0000.0000 N,00000.0000 W,0,0,T,S,V
2018-01-24 01:37:38,16.3,2156,0.00,33.4,92.1,----,----,0000.0000 N,00000.0000 W,0,0,T,S,V
2018-01-24 01:37:44,16.3,2155,0.11,33.5,92.3,----,----,0000.0000 N,00000.0000 W,0,0,T,S,V
2018-01-24 01:37:55,19.7,2212,0.06,33.7,92.7,----,----,0000.0000 N,00000.0000 W,0,0,T,S,V
2018-01-24 01:38:02,29.4,2383,0.21,33.7,92.7,----,----,0000.0000 N,00000.0000 W,0,0,T,S,V
2018-01-24 01:38:13,36.3,2500,0.38,33.7,92.8,----,----,0000.0000 N,00000.0000 W,0,0,T,S,V
2018-01-24 01:38:23,43.1,2622,0.49,33.8,92.8,----,----,0000.0000 N,00000.0000 W,0,0,T,S,V
2018-01-24 01:39:06,32.3,2437,0.03,33.8,92.8,----,----,3353.2000 S,15110.9204 E,6,1,T,S,V
2018-01-24 01:39:13,38.6,2542,0.44,33.8,92.8,----,----,3353.1976 S,15110.9177 E,6,1,T,S,V
2018-01-24 01:39:23,33.4,2454,0.21,33.8,92.8,----,----,3353.1936 S,15110.9172 E,7,1,T,S,V
2018-01-24 01:39:35,35.1,2487,0.33,33.8,92.9,----,----,3353.1888 S,15110.9140 E,7,1,T,S,V
2018-01-24 01:40:11,30.0,2397,0.09,33.8,92.9,----,----,3353.1733 S,15110.9015 E,7,1,T,S,V
2018-01-24 01:40:24,19.2,2208,0.06,33.8,93.0,----,----,3353.1678 S,15110.8942 E,7,1,T,S,V
2018-01-24 01:40:32,20.3,2228,0.15,33.8,93.0,----,----,3353.1645 S,15110.8924 E,7,1,T,S,V
2018-01-24 01:40:39,17.5,2178,0.07,33.8,93.0,----,----,3353.1635 S,15110.8869 E,7,1,T,S,V
2018-01-24 01:40:47,18.6,2199,0.07,33.8,93.0,----,----,3353.1630 S,15110.8852 E,7,1,T,S,V
2018-01-24 01:40:54,18.0,2189,0.11,33.9,93.0,----,----,3353.1626 S,15110.8830 E,7,1,T,S,V
2018-01-24 01:41:04,11.8,2090,0.00,34.0,93.2,----,----,3353.1619 S,15110.8823 E,7,1,T,S,V
2018-01-24 04:48:41,36.3,2937,0.88,30.8,87.5,----,----,0000.0000 N,00000.0000 W,0,0,T,S,V
2018-01-24 04:48:56,43.1,2622,0.38,30.9,87.7,----,----,0000.0000 N,00000.0000 W,0,0,T,S,V
2018-01-24 04:49:08,43.4,2912,0.76,30.9,87.6,----,----,0000.0000 N,00000.0000 W,0,0,T,S,V
2018-01-24 04:49:22,46.8,2958,0.72,30.8,87.5,----,----,0000.0000 N,00000.0000 W,0,0,T,S,V
2018-01-24 04:49:34,41.4,2591,0.19,30.9,87.6,----,----,0000.0000 N,00000.0000 W,0,0,T,S,V
2018-01-24 04:49:46,54.4,2941,0.60,30.9,87.7,----,----,0000.0000 N,00000.0000 W,0,0,T,S,V
2018-01-24 04:50:00,55.7,2848,0.45,31.0,87.9,----,----,3353.2595 S,15111.2982 E,4,1,T,S,V
2018-01-24 04:50:12,48.8,2722,0.35,31.0,87.9,----,----,3353.2639 S,15111.3069 E,5,1,T,S,V
2018-01-24 04:50:26,39.3,2592,0.61,31.1,88.0,----,----,3353.2671 S,15111.3115 E,5,1,T,S,V
2018-01-24 04:50:48,43.1,2621,0.46,31.2,88.2,----,----,3353.2472 S,15111.2868 E,6,1,T,S,V
2018-01-24 04:50:59,46.5,2686,0.26,31.2,88.3,----,----,3353.2458 S,15111.2905 E,6,1,T,S,V
2018-01-24 04:51:10,38.2,2742,0.85,31.3,88.3,----,----,3353.2456 S,15111.2975 E,6,1,T,S,V
2018-01-24 04:51:22,39.6,3010,0.83,31.3,88.3,----,----,3353.2403 S,15111.2988 E,6,1,T,S,V
2018-01-24 04:51:33,50.4,2835,0.59,31.4,88.5,----,----,3353.2415 S,15111.2935 E,7,1,T,S,V
2018-01-24 04:51:45,64.2,2995,0.49,31.4,88.6,----,----,3353.2422 S,15111.2877 E,8,1,T,S,V
2018-01-24 04:51:58,48.8,2728,0.42,31.4,88.6,----,----,3353.2365 S,15111.2871 E,8,1,T,S,V
2018-01-24 04:52:07,53.1,2908,0.60,31.5,88.7,----,----,3353.2346 S,15111.2914 E,8,1,T,S,V
2018-01-24 04:52:18,41.2,2854,1.05,31.5,88.7,----,----,3353.2349 S,15111.2938 E,9,1,T,S,V
2018-01-24 04:53:05,35.5,2832,0.91,31.6,89.0,----,----,3353.2360 S,15111.2708 E,9,1,T,S,V
2018-01-24 04:53:20,46.5,2680,0.21,31.6,88.9,----,----,3353.2362 S,15111.2652 E,8,1,T,S,V
2018-01-24 04:53:37,49.9,2775,0.54,31.7,89.1,----,----,3353.2383 S,15111.2601 E,9,1,T,S,V
2018-01-24 04:53:55,48.2,2710,0.26,31.7,89.2,----,----,3353.2427 S,15111.2610 E,9,1,T,S,V
2018-01-24 04:54:19,43.7,2630,0.17,31.8,89.4,----,----,3353.2413 S,15111.2677 E,9,1,T,S,V
2018-01-24 04:54:35,51.1,2764,0.22,31.9,89.4,----,----,3353.2410 S,15111.2738 E,10,1,T,S,V
2018-01-24 04:54:58,44.1,2808,0.70,32.0,89.6,----,----,3353.2482 S,15111.2734 E,11,1,T,S,V
2018-01-24 04:55:46,47.1,2697,0.27,32.2,89.9,----,----,3353.2486 S,15111.2673 E,11,1,T,S,V
2018-01-24 04:56:05,45.4,2815,0.68,32.2,90.0,----,----,3353.2499 S,15111.2631 E,11,1,T,S,V
2018-01-24 04:57:23,37.2,2783,0.88,32.4,90.3,----,----,3353.2567 S,15111.2616 E,11,1,T,S,V
2018-01-24 04:57:42,50.5,2758,0.38,32.4,90.4,----,----,3353.2563 S,15111.2677 E,11,1,T,S,V
2018-01-24 04:57:56,53.6,2854,0.55,32.5,90.5,----,----,3353.2568 S,15111.2727 E,11,1,T,S,V
2018-01-24 04:58:17,53.9,2810,0.41,32.5,90.6,----,----,3353.2636 S,15111.2740 E,11,1,T,S,V
2018-01-24 04:58:33,42.5,2615,0.24,32.6,90.7,----,----,3353.2623 S,15111.2692 E,11,1,T,S,V
2018-01-24 04:58:44,54.3,2850,0.53,32.7,90.9,----,----,3353.2632 S,15111.2634 E,11,1,T,S,V
2018-01-24 04:58:59,45.3,2749,0.62,32.7,91.0,----,----,3353.2697 S,15111.2634 E,11,1,T,S,V
2018-01-24 04:59:13,53.0,2840,0.54,32.8,91.1,----,----,3353.2702 S,15111.2698 E,11,1,T,S,V
2018-01-24 04:59:27,45.8,2725,0.58,32.9,91.2,----,----,3353.2712 S,15111.2749 E,11,1,T,S,V
2018-01-26 22:31:43,41.5,2888,1.05,25.9,78.6,----,----,0000.0000 N,00000.0000 W,0,0,T,S,V
2018-01-26 22:32:03,40.5,2764,0.77,25.9,78.6,----,----,0000.0000 N,00000.0000 W,0,0,T,S,V
2018-01-26 22:32:26,57.6,3196,1.55,25.9,78.7,----,----,0000.0000 N,00000.0000 W,0,0,T,S,V
2018-01-26 22:32:40,54.9,3475,1.95,25.9,78.7,----,----,0000.0000 N,00000.0000 W,0,0,T,S,V
2018-01-26 22:32:52,41.8,3087,1.17,25.9,78.7,----,----,0000.0000 N,00000.0000 W,0,0,T,S,V
2018-01-26 22:33:10,55.1,3395,1.93,26.0,78.8,----,----,3353.2786 S,15111.1038 E,6,1,T,S,V
2018-01-26 22:33:27,57.5,3254,1.57,26.0,78.8,----,----,3353.2769 S,15111.1071 E,6,1,T,S,V
2018-01-26 22:34:08,58.0,3319,1.49,26.0,78.9,----,----,3353.2699 S,15111.1090 E,9,1,T,S,V
2018-01-26 22:34:43,47.4,2889,0.68,26.1,79.0,----,----,3353.2629 S,15111.1027 E,8,1,T,S,V
2018-01-26 22:34:53,49.6,2904,0.65,26.1,79.0,----,----,3353.2620 S,15111.1038 E,10,1,T,S,V
2018-01-26 22:35:04,45.7,2897,0.72,26.1,79.0,----,----,3353.2631 S,15111.1002 E,10,1,T,S,V
2018-01-26 22:35:12,19.7,2215,0.03,26.1,79.0,----,----,3353.2606 S,15111.1021 E,10,1,T,S,V
2018-01-26 22:35:22,13.8,2111,0.04,26.1,79.0,----,----,3353.2607 S,15111.1024 E,10,1,T,S,V
2018-01-26 22:35:46,23.2,2273,0.14,26.2,79.1,----,----,3353.2692 S,15111.0966 E,8,1,T,S,V
2018-01-26 22:35:54,26.6,2337,0.18,26.2,79.2,----,----,3353.2720 S,15111.0950 E,9,1,T,S,V
2018-01-30 00:23:54,40.5,2637,0.64,28.4,83.2,----,----,0000.0000 N,00000.0000 W,0,0,T,S,V
2018-01-30 00:24:02,37.0,2519,0.52,28.5,83.3,----,----,0000.0000 N,00000.0000 W,0,0,T,S,V
2018-01-30 00:24:10,38.0,2534,0.38,28.5,83.4,----,----,0000.0000 N,00000.0000 W,0,0,T,S,V
2018-01-30 00:24:26,41.9,3048,1.23,28.6,83.6,----,----,0000.0000 N,00000.0000 W,0,0,T,S,V
2018-01-30 00:24:34,40.4,2666,0.69,28.7,83.7,----,----,0000.0000 N,00000.0000 W,0,0,T,S,V
2018-01-30 00:24:44,33.5,2892,0.94,28.8,83.9,----,----,0000.0000 N,00000.0000 W,0,0,T,S,V
2018-01-30 00:24:58,41.9,3067,1.22,28.9,84.0,----,----,0000.0000 N,00000.0000 W,0,0,T,S,V
2018-01-30 00:25:07,47.1,2764,0.59,29.0,84.2,----,----,3353.3885 S,15111.3147 E,4,1,T,S,V
2018-01-30 00:25:13,42.7,3067,1.09,29.0,84.2,----,----,3353.3887 S,15111.3133 E,4,1,T,S,V
2018-01-30 00:25:20,42.9,3019,1.01,29.1,84.4,----,----,3353.3889 S,15111.3125 E,4,1,T,S,V
2018-01-30 00:25:26,42.7,2623,0.51,29.1,84.5,----,----,3353.3878 S,15111.3097 E,4,1,T,S,V
2018-01-30 00:25:33,31.3,2900,0.98,29.2,84.6,----,----,3353.3882 S,15111.3078 E,4,1,T,S,V
2018-01-30 00:25:44,34.3,2847,0.94,29.3,84.7,----,----,3353.3926 S,15111.3094 E,4,1,T,S,V
2018-01-30 00:25:50,42.5,2657,0.59,29.3,84.8,----,----,3353.3930 S,15111.3104 E,4,1,T,S,V
2018-01-30 00:25:56,41.2,2787,0.76,29.4,84.9,----,----,3353.3922 S,15111.3117 E,4,1,T,S,V
2018-01-30 00:26:02,42.2,2965,1.04,29.4,85.0,----,----,3353.3916 S,15111.3140 E,4,1,T,S,V
2018-01-30 00:26:08,32.1,2897,0.96,29.5,85.2,----,----,3353.3892 S,15111.3158 E,4,1,T,S,V
2018-01-30 00:26:15,56.5,3281,1.72,29.6,85.3,----,----,3353.3902 S,15111.3167 E,4,1,T,S,V
2018-01-30 00:27:55,10.9,2081,0.00,30.3,86.7,----,----,0000.0000 N,00000.0000 W,0,0,T,S,V
2018-01-30 00:28:03,19.7,2212,0.00,30.4,86.8,----,----,0000.0000 N,00000.0000 W,0,0,T,S,V
2018-01-30 00:28:11,24.3,2298,0.00,30.5,87.0,----,----,0000.0000 N,00000.0000 W,0,0,T,S,V
2018-01-30 00:28:22,22.0,2253,0.00,30.7,87.2,----,----,0000.0000 N,00000.0000 W,0,0,T,S,V
2018-01-30 00:28:30,10.9,2087,0.00,30.7,87.3,----,----,0000.0000 N,00000.0000 W,0,0,T,S,V
2018-01-30 00:28:38,04.0,2012,0.00,30.8,87.5,----,----,0000.0000 N,00000.0000 W,0,0,T,S,V
2018-01-30 00:28:46,08.9,2063,0.00,30.9,87.6,----,----,0000.0000 N,00000.0000 W,0,0,T,S,V
2018-01-30 00:28:53,06.9,2048,0.00,31.0,87.9,----,----,0000.0000 N,00000.0000 W,0,0,T,S,V
2018-01-30 00:29:04,06.0,2030,0.00,31.2,88.2,----,----,0000.0000 N,00000.0000 W,0,0,T,S,V
2018-01-30 00:29:13,17.5,2175,0.00,31.3,88.4,----,----,0000.0000 N,00000.0000 W,0,0,T,S,V
2018-01-30 00:29:21,07.9,2053,0.00,31.4,88.6,----,----,0000.0000 N,00000.0000 W,0,0,T,S,V
2018-01-30 00:29:28,06.0,2038,0.00,31.5,88.7,----,----,0000.0000 N,00000.0000 W,0,0,T,S,V
2018-01-30 00:29:36,02.0,1993,0.00,31.5,88.8,----,----,0000.0000 N,00000.0000 W,0,0,T,S,V
2018-01-30 00:32:43,11.8,2096,0.00,32.7,90.9,----,----,3353.3833 S,15111.3033 E,8,1,T,S,V
2018-01-30 00:32:50,02.0,1998,0.00,32.8,91.0,----,----,3353.3848 S,15111.3029 E,8,1,T,S,V
2018-01-30 00:32:57,14.8,2129,0.00,32.9,91.2,----,----,3353.3865 S,15111.3030 E,8,1,T,S,V
2018-01-30 00:33:05,14.8,2129,0.00,32.9,91.3,----,----,3353.3909 S,15111.3038 E,8,1,T,S,V
2018-01-30 00:33:13,19.2,2201,0.00,33.0,91.5,----,----,3353.3954 S,15111.3051 E,8,1,T,S,V
2018-01-30 00:33:18,06.0,2037,0.00,33.0,91.5,----,----,3353.3975 S,15111.3061 E,8,1,T,S,V
2018-01-30 00:33:27,01.1,1989,0.00,33.1,91.7,----,----,3353.4016 S,15111.3072 E,8,1,T,S,V
2018-01-30 00:34:10,15.2,2139,0.00,33.5,92.4,----,----,3353.3981 S,15111.3106 E,8,1,T,S,V
2018-01-30 00:34:18,26.6,2337,0.03,33.6,92.4,----,----,3353.3973 S,15111.3144 E,8,1,T,S,V
2018-01-30 00:34:26,12.8,2100,0.00,33.6,92.5,----,----,3353.3962 S,15111.3183 E,8,1,T,S,V
2018-01-30 00:34:36,06.9,2045,0.00,33.6,92.5,----,----,3353.3986 S,15111.3253 E,8,1,T,S,V
2018-01-30 00:34:45,03.0,2006,0.00,33.6,92.6,----,----,3353.3992 S,15111.3297 E,8,1,T,S,V
2018-01-30 00:34:53,10.9,2082,0.00,33.7,92.8,----,----,3353.3976 S,15111.3312 E,8,1,T,S,V
2018-01-30 00:35:00,03.0,2006,0.00,33.8,92.9,----,----,3353.3952 S,15111.3329 E,8,1,T,S,V
2018-01-30 00:35:09,05.0,2024,0.00,33.9,93.0,----,----,3353.3921 S,15111.3373 E,9,1,T,S,V
2018-01-30 00:35:20,10.9,2081,0.00,34.0,93.2,----,----,3353.3864 S,15111.3375 E,9,1,T,S,V
2018-01-30 00:35:33,03.0,2007,0.00,34.1,93.5,----,----,3353.3802 S,15111.3340 E,9,1,T,S,V
2018-01-30 00:35:42,01.1,1987,0.00,34.2,93.6,----,----,3353.3783 S,15111.3361 E,9,1,T,S,V
2018-01-30 00:35:52,19.7,2211,0.06,34.3,93.7,----,----,3353.3733 S,15111.3338 E,9,1,T,S,V
2018-01-30 00:35:59,25.4,2315,0.28,34.3,93.8,----,----,3353.3710 S,15111.3317 E,9,1,T,S,V
2018-01-30 00:36:14,07.9,2054,0.00,34.4,93.9,----,----,3353.3671 S,15111.3227 E,10,1,T,S,V
2018-01-30 00:36:23,08.9,2066,0.00,34.4,94.0,----,----,3353.3653 S,15111.3183 E,9,1,T,S,V
2018-01-30 00:36:31,01.1,1983,0.00,34.5,94.1,----,----,3353.3664 S,15111.3137 E,9,1,T,S,V
2018-01-30 00:36:39,01.1,1987,0.00,34.6,94.2,----,----,3353.3675 S,15111.3077 E,10,1,T,S,V
2018-01-30 00:36:50,01.1,1986,0.00,34.6,94.3,----,----,3353.3676 S,15111.3016 E,10,1,T,S,V
2018-01-30 00:36:59,09.9,2077,0.00,34.7,94.5,----,----,3353.3694 S,15111.2966 E,10,1,T,S,V
2018-01-30 00:37:07,09.9,2070,0.00,34.7,94.6,----,----,3353.3715 S,15111.2944 E,10,1,T,S,V
2018-01-30 00:37:14,11.8,2099,0.00,34.8,94.6,----,----,3353.3735 S,15111.2911 E,10,1,T,S,V
2018-01-30 00:37:22,02.0,1995,0.00,34.8,94.8,----,----,3353.3737 S,15111.2884 E,10,1,T,S,V
2018-01-30 00:37:29,02.0,1994,0.00,34.9,94.9,----,----,3353.3735 S,15111.2862 E,10,1,T,S,V
2018-01-30 00:37:34,01.1,1986,0.00,34.9,94.9,----,----,3353.3751 S,15111.2853 E,10,1,T,S,V
2018-01-30 03:07:57,16.9,2168,0.00,43.1,109.7,----,----,0000.0000 N,00000.0000 W,0,0,T,S,V
2018-01-30 03:08:21,18.0,2187,0.00,42.7,108.9,----,----,0000.0000 N,00000.0000 W,0,0,T,S,V
2018-01-30 03:08:39,18.0,2185,0.00,42.4,108.3,----,----,0000.0000 N,00000.0000 W,0,0,T,S,V
2018-01-30 03:08:51,27.2,2343,0.00,42.2,108.0,----,----,0000.0000 N,00000.0000 W,0,0,T,S,V
2018-01-30 03:09:06,22.6,2269,0.00,42.0,107.6,----,----,0000.0000 N,00000.0000 W,0,0,T,S,V
2018-01-30 03:09:23,19.7,2215,0.00,41.8,107.2,----,----,0000.0000 N,00000.0000 W,0,0,T,S,V
2018-01-30 03:09:43,15.2,2134,0.00,41.6,106.8,----,----,3353.2142 S,15110.9489 E,3,1,T,S,V
2018-01-30 03:09:52,10.9,2089,0.00,41.5,106.7,----,----,3353.2087 S,15110.9438 E,4,1,T,S,V
2018-01-30 03:10:09,11.8,2097,0.00,41.4,106.6,----,----,3353.2022 S,15110.9390 E,5,1,T,S,V
2018-01-30 03:10:25,09.9,2076,0.00,41.4,106.5,----,----,3353.1992 S,15110.9350 E,5,1,T,S,V
2018-01-30 03:10:50,25.4,2310,0.16,41.2,106.3,----,----,3353.1943 S,15110.9277 E,5,1,T,S,V
2018-01-30 03:11:00,28.3,2367,0.12,41.1,106.0,----,----,3353.1916 S,15110.9227 E,5,1,T,S,V
2018-01-30 03:11:12,24.9,2307,0.08,40.9,105.7,----,----,3353.1909 S,15110.9220 E,5,1,T,S,V
2018-01-30 03:11:34,06.9,2049,0.00,40.5,105.0,----,----,3353.1828 S,15110.9299 E,7,1,T,S,V
2018-01-30 03:11:42,06.9,2047,0.00,40.5,104.9,----,----,3353.1809 S,15110.9276 E,7,1,T,S,V
2018-01-30 03:15:59,43.1,2622,0.27,38.0,100.4,----,----,0000.0000 N,00000.0000 W,0,0,T,S,V
2018-01-30 03:16:18,23.7,2289,0.04,37.7,99.8,----,----,0000.0000 N,00000.0000 W,0,0,T,S,V
2018-01-30 03:16:25,16.9,2169,0.00,37.6,99.7,----,----,0000.0000 N,00000.0000 W,0,0,T,S,V
2018-01-30 03:16:30,18.0,2182,0.00,37.6,99.7,----,----,0000.0000 N,00000.0000 W,0,0,T,S,V
2018-01-30 03:16:34,13.8,2114,0.00,37.5,99.6,----,----,0000.0000 N,00000.0000 W,0,0,T,S,V
2018-01-30 03:16:38,17.5,2179,0.00,37.4,99.4,----,----,0000.0000 N,00000.0000 W,0,0,T,S,V
2018-01-30 03:16:42,22.6,2269,0.00,37.4,99.3,----,----,0000.0000 N,00000.0000 W,0,0,T,S,V
2018-01-30 03:17:06,23.7,2286,0.00,37.2,99.0,----,----,0000.0000 N,00000.0000 W,0,0,T,S,V
2018-01-30 03:17:29,34.6,2470,0.14,37.1,98.7,----,----,0000.0000 N,00000.0000 W,0,0,T,S,V
2018-01-30 03:17:36,40.3,2571,0.39,37.0,98.6,----,----,3353.2158 S,15111.1238 E,4,1,T,S,V
2018-01-30 03:17:57,20.9,2233,0.00,36.8,98.3,----,----,3353.2133 S,15111.1039 E,4,1,T,S,V
2018-01-30 03:19:11,33.4,2454,0.35,36.4,97.5,----,----,3353.2155 S,15111.1148 E,7,1,T,S,V
2018-01-30 21:47:58,00.0,1940,0.00,22.3,72.1,----,----,0000.0000 N,00000.0000 W,0,0,T,S,V
2018-01-31 08:54:48,17.5,2175,0.05,22.3,72.2,----,----,0000.0000 N,00000.0000 W,0,0,T,S,V
2018-01-31 08:54:54,30.0,2397,0.08,22.3,72.1,----,----,0000.0000 N,00000.0000 W,0,0,T,S,V
2018-01-31 08:54:59,27.7,2355,0.15,22.2,72.0,----,----,0000.0000 N,00000.0000 W,0,0,T,S,V
2018-01-31 08:55:05,30.0,2391,0.20,22.1,71.8,----,----,0000.0000 N,00000.0000 W,0,0,T,S,V
2018-01-31 08:55:12,26.6,2331,0.24,22.1,71.8,----,----,0000.0000 N,00000.0000 W,0,0,T,S,V
2018-01-31 08:55:19,22.6,2267,0.06,22.0,71.6,----,----,0000.0000 N,00000.0000 W,0,0,T,S,V
2018-01-31 08:55:25,25.4,2311,0.04,21.9,71.5,----,----,0000.0000 N,00000.0000 W,0,0,T,S,V
2018-01-31 08:55:32,31.1,2417,0.14,21.9,71.4,----,----,0000.0000 N,00000.0000 W,0,0,T,S,V
2018-01-31 08:55:39,24.3,2296,0.29,21.8,71.3,----,----,3353.2074 S,15111.0638 E,6,1,T,S,V
2018-01-31 08:55:47,31.7,2422,0.06,21.7,71.1,----,----,3353.2020 S,15111.0634 E,6,1,T,S,V
2018-01-31 08:55:54,32.3,2437,0.14,21.7,71.0,----,----,3353.2012 S,15111.0628 E,6,1,T,S,V
2018-01-31 08:56:00,21.5,2247,0.06,21.6,70.9,----,----,3353.1980 S,15111.0639 E,6,1,T,S,V
2018-01-31 08:56:06,26.0,2328,0.15,21.6,70.9,----,----,3353.1950 S,15111.0644 E,6,1,T,S,V
2018-01-31 08:56:13,15.2,2132,0.04,21.5,70.7,----,----,3353.1926 S,15111.0630 E,6,1,T,S,V
2018-01-31 08:56:20,23.7,2282,0.10,21.4,70.6,----,----,3353.1896 S,15111.0624 E,6,1,T,S,V
2018-01-31 08:56:28,23.2,2277,0.41,21.4,70.5,----,----,3353.1874 S,15111.0649 E,6,1,T,S,V
2018-01-31 08:56:37,26.0,2320,0.00,21.3,70.4,----,----,3353.1830 S,15111.0652 E,6,1,T,S,V
2018-01-31 08:56:44,18.6,2195,0.00,21.2,70.3,----,----,3353.1800 S,15111.0655 E,6,1,T,S,V
2018-01-31 08:56:52,13.8,2117,0.08,21.1,70.1,----,----,3353.1779 S,15111.0646 E,6,1,T,S,V
2018-01-31 08:57:02,19.7,2215,0.02,21.1,70.0,----,----,3353.1735 S,15111.0647 E,6,1,T,S,V
2018-01-31 08:57:12,39.7,2562,0.40,21.0,69.9,----,----,3353.1729 S,15111.0647 E,6,1,T,S,V
2018-01-31 08:57:19,30.6,2404,0.11,20.9,69.7,----,----,3353.1695 S,15111.0649 E,6,1,T,S,V
2018-01-31 08:57:27,26.6,2334,0.23,20.9,69.7,----,----,3353.1654 S,15111.0655 E,6,1,T,S,V
2018-01-31 08:57:34,23.7,2289,0.11,20.8,69.5,----,----,3353.1622 S,15111.0654 E,6,1,T,S,V
2018-01-31 08:57:43,28.3,2366,0.12,20.8,69.5,----,----,3353.1609 S,15111.0653 E,6,1,T,S,V
2018-01-31 08:57:49,35.1,2484,0.26,20.7,69.4,----,----,3353.1598 S,15111.0668 E,6,1,T,S,V
2018-01-31 08:57:56,42.0,2602,0.09,20.7,69.3,----,----,3353.1572 S,15111.0669 E,6,1,T,S,V
2018-01-31 08:58:03,48.8,2724,0.35,20.7,69.2,----,----,3353.1571 S,15111.0694 E,6,1,T,S,V
2018-01-31 08:58:09,48.2,2710,0.31,20.6,69.2,----,----,3353.1580 S,15111.0726 E,6,1,T,S,V
2018-01-31 08:58:15,36.3,2502,0.27,20.6,69.1,----,----,3353.1581 S,15111.0751 E,6,1,T,S,V
2018-01-31 08:58:21,33.4,2453,0.21,20.6,69.0,----,----,3353.1587 S,15111.0782 E,6,1,T,S,V
2018-01-31 08:58:27,37.4,2521,0.41,20.5,69.0,----,----,3353.1584 S,15111.0810 E,6,1,T,S,V
2018-01-31 08:58:34,44.6,2659,0.52,20.5,68.9,----,----,3353.1595 S,15111.0845 E,6,1,T,S,V
2018-01-31 08:58:45,53.5,2852,0.55,20.4,68.8,----,----,3353.1599 S,15111.0882 E,6,1,T,S,V
2018-01-31 08:58:53,39.1,2556,0.11,20.4,68.8,----,----,3353.1598 S,15111.0912 E,6,1,T,S,V
2018-01-31 08:59:01,34.6,2477,0.21,20.3,68.6,----,----,3353.1599 S,15111.0945 E,6,1,T,S,V
2018-01-31 08:59:09,39.1,2553,0.31,20.3,68.5,----,----,3353.1599 S,15111.0975 E,6,1,T,S,V
2018-01-31 08:59:16,35.1,2482,0.17,20.3,68.5,----,----,3353.1593 S,15111.1022 E,6,1,T,S,V
2018-01-31 08:59:22,41.4,2590,0.45,20.2,68.4,----,----,3353.1599 S,15111.1042 E,7,1,T,S,V
2018-01-31 08:59:28,38.0,2532,0.36,20.2,68.4,----,----,3353.1607 S,15111.1065 E,7,1,T,S,V
2018-01-31 08:59:35,39.1,2558,0.31,20.2,68.3,----,----,3353.1605 S,15111.1113 E,7,1,T,S,V
2018-01-31 08:59:41,34.0,2463,0.21,20.1,68.2,----,----,3353.1591 S,15111.1143 E,7,1,T,S,V
2018-01-31 08:59:48,43.1,2626,0.21,20.1,68.2,----,----,3353.1595 S,15111.1155 E,7,1,T,S,V
2018-01-31 09:00:06,26.0,2321,0.04,20.0,68.0,----,----,3353.1641 S,15111.1138 E,8,1,T,S,V
2018-01-31 09:00:12,28.3,2360,0.23,20.0,68.0,----,----,3353.1671 S,15111.1126 E,9,1,T,S,V
2018-01-31 09:00:18,25.4,2315,0.02,20.0,68.0,----,----,3353.1696 S,15111.1139 E,9,1,T,S,V
2018-01-31 09:00:21,00.0,1938,0.00,19.9,67.9,----,----,3353.1708 S,15111.1152 E,9,1,T,S,V
2018-01-31 09:00:27,23.2,2277,0.00,19.9,67.9,----,----,3353.1723 S,15111.1154 E,9,1,T,S,V
2018-01-31 09:00:33,24.9,2308,0.05,19.9,67.8,----,----,3353.1737 S,15111.1159 E,9,1,T,S,V
2018-01-31 09:00:40,20.9,2236,0.00,19.8,67.7,----,----,3353.1754 S,15111.1170 E,9,1,T,S,V
2018-01-31 09:00:45,24.3,2294,0.06,19.8,67.7,----,----,3353.1764 S,15111.1163 E,9,1,T,S,V
2018-01-31 09:00:49,00.0,1939,0.00,19.7,67.6,----,----,3353.1781 S,15111.1155 E,9,1,T,S,V
2018-01-31 09:00:55,28.3,2363,0.19,19.7,67.5,----,----,3353.1806 S,15111.1162 E,9,1,T,S,V
2018-01-31 09:01:04,27.7,2355,0.22,19.7,67.4,----,----,3353.1848 S,15111.1164 E,10,1,T,S,V
2018-01-31 09:01:11,26.6,2338,0.10,19.6,67.4,----,----,3353.1862 S,15111.1174 E,10,1,T,S,V
2018-01-31 09:01:17,20.9,2236,0.03,19.6,67.3,----,----,3353.1875 S,15111.1178 E,10,1,T,S,V
2018-01-31 09:01:21,00.0,1938,0.00,19.6,67.3,----,----,3353.1879 S,15111.1175 E,10,1,T,S,V
2018-01-31 09:01:27,22.6,2266,0.09,19.5,67.2,----,----,3353.1903 S,15111.1160 E,10,1,T,S,V
2018-01-31 09:01:37,20.9,2236,0.11,19.5,67.2,----,----,3353.1930 S,15111.1161 E,10,1,T,S,V
2018-01-31 09:01:45,30.6,2400,0.16,19.5,67.1,----,----,3353.1947 S,15111.1161 E,11,1,T,S,V
2018-01-31 09:01:51,24.9,2302,0.16,19.4,67.0,----,----,3353.1968 S,15111.1152 E,11,1,T,S,V
2018-01-31 09:01:56,00.0,1938,0.00,19.4,67.0,----,----,3353.1985 S,15111.1148 E,11,1,T,S,V
2018-01-31 09:02:02,23.7,2282,0.05,19.4,67.0,----,----,3353.2009 S,15111.1142 E,11,1,T,S,V
2018-01-31 09:02:11,32.3,2431,0.18,19.4,66.9,----,----,3353.2043 S,15111.1140 E,11,1,T,S,V
2018-01-31 09:02:17,24.9,2301,0.14,19.3,66.8,----,----,3353.2064 S,15111.1145 E,11,1,T,S,V
2018-01-31 09:02:23,00.0,1938,0.00,19.3,66.8,----,----,3353.2076 S,15111.1143 E,11,1,T,S,V
2018-01-31 09:02:28,25.4,2314,0.04,19.3,66.8,----,----,3353.2084 S,15111.1148 E,11,1,T,S,V
2018-01-31 09:02:35,31.7,2422,0.13,19.3,66.7,----,----,3353.2106 S,15111.1152 E,11,1,T,S,V
2018-01-31 09:02:42,35.1,2482,0.13,19.2,66.6,----,----,3353.2149 S,15111.1157 E,12,1,T,S,V
2018-01-31 09:02:49,33.4,2452,0.00,19.2,66.7,----,----,3353.2156 S,15111.1153 E,12,1,T,S,V
2018-01-31 09:02:57,20.3,2224,0.00,19.2,66.6,----,----,3353.2178 S,15111.1150 E,12,1,T,S,V
2018-01-31 09:03:01,00.0,1946,0.00,19.2,66.5,----,----,3353.2172 S,15111.1150 E,12,1,T,S,V
2018-01-31 09:03:07,28.3,2365,0.10,19.1,66.5,----,----,3353.2188 S,15111.1149 E,12,1,T,S,V
2018-01-31 09:03:13,28.3,2366,0.12,19.1,66.5,----,----,3353.2200 S,15111.1156 E,12,1,T,S,V
2018-01-31 09:03:21,34.0,2464,0.30,19.1,66.4,----,----,3353.2223 S,15111.1156 E,12,1,T,S,V
2018-01-31 09:03:29,36.3,2505,0.28,19.1,66.4,----,----,3353.2207 S,15111.1123 E,11,1,T,S,V
2018-01-31 09:03:36,33.4,2455,0.19,19.1,66.4,----,----,3353.2202 S,15111.1085 E,12,1,T,S,V
2018-01-31 09:03:45,35.1,2484,0.40,19.0,66.3,----,----,3353.2199 S,15111.1038 E,12,1,T,S,V
2018-01-31 09:03:52,36.8,2510,0.34,19.0,66.2,----,----,3353.2200 S,15111.1003 E,12,1,T,S,V
2018-01-31 09:03:59,31.1,2418,0.21,19.0,66.2,----,----,3353.2199 S,15111.0979 E,12,1,T,S,V
2018-01-31 09:04:04,44.8,2657,0.49,19.0,66.2,----,----,3353.2211 S,15111.0953 E,13,1,T,S,V
2018-01-31 09:04:11,32.9,2449,0.25,18.9,66.1,----,----,3353.2215 S,15111.0920 E,13,1,T,S,V
2018-01-31 09:04:17,27.7,2350,0.08,18.9,66.1,----,----,3353.2222 S,15111.0908 E,12,1,T,S,V
2018-01-31 09:04:25,32.3,2430,0.06,18.9,66.0,----,----,3353.2219 S,15111.0871 E,12,1,T,S,V
2018-01-31 09:04:33,31.1,2416,0.10,18.9,66.0,----,----,3353.2219 S,15111.0836 E,12,1,T,S,V
2018-01-31 09:04:42,29.4,2384,0.30,18.8,65.9,----,----,3353.2198 S,15111.0770 E,12,1,T,S,V
2018-01-31 09:04:48,23.7,2287,0.08,18.8,65.9,----,----,3353.2193 S,15111.0738 E,11,1,T,S,V
2018-01-31 09:04:55,33.4,2452,0.22,18.8,65.9,----,----,3353.2178 S,15111.0707 E,12,1,T,S,V
2018-01-31 09:05:02,35.7,2499,0.39,18.8,65.9,----,----,3353.2193 S,15111.0679 E,12,1,T,S,V
2018-01-31 09:05:08,35.7,2499,0.11,18.8,65.8,----,----,3353.2209 S,15111.0670 E,12,1,T,S,V
2018-01-31 09:05:13,33.4,2451,0.19,18.8,65.8,----,----,3353.2212 S,15111.0663 E,11,1,T,S,V
2018-01-31 09:05:18,27.2,2349,0.12,18.8,65.8,----,----,3353.2213 S,15111.0648 E,12,1,T,S,V
2018-01-31 09:05:21,00.0,1939,0.00,18.8,65.8,----,----,3353.2204 S,15111.0629 E,12,1,T,S,V
2018-01-31 09:05:31,32.9,2447,0.16,18.7,65.8,----,----,3353.2177 S,15111.0604 E,12,1,T,S,V
2018-01-31 09:05:37,24.9,2304,0.06,18.7,65.7,----,----,3353.2142 S,15111.0620 E,12,1,T,S,V
2018-01-31 09:05:42,21.5,2244,0.08,18.7,65.7,----,----,3353.2128 S,15111.0626 E,12,1,T,S,V
2018-01-31 09:05:47,22.6,2262,0.08,18.7,65.7,----,----,3353.2072 S,15111.0620 E,12,1,T,S,V
2018-01-31 09:05:52,22.6,2267,0.00,18.7,65.6,----,----,3353.2059 S,15111.0626 E,12,1,T,S,V
2018-01-31 09:05:55,00.0,1938,0.00,18.7,65.7,----,----,3353.2079 S,15111.0628 E,12,1,T,S,V
2018-01-31 09:06:00,30.0,2394,0.21,18.7,65.6,----,----,3353.2076 S,15111.0642 E,12,1,T,S,V
2018-01-31 09:06:06,30.6,2409,0.15,18.6,65.6,----,----,3353.2072 S,15111.0656 E,12,1,T,S,V
2018-01-31 09:06:11,23.2,2276,0.03,18.6,65.6,----,----,3353.2075 S,15111.0666 E,12,1,T,S,V
2018-01-31 09:06:17,32.3,2434,0.18,18.6,65.5,----,----,3353.2050 S,15111.0666 E,12,1,T,S,V
2018-01-31 09:06:21,27.7,2355,0.16,18.6,65.5,----,----,3353.2041 S,15111.0663 E,12,1,T,S,V
2018-01-31 09:06:25,00.0,1938,0.00,18.6,65.5,----,----,3353.2028 S,15111.0659 E,12,1,T,S,V
2018-01-31 09:06:33,24.9,2302,0.04,18.6,65.4,----,----,3353.1992 S,15111.0663 E,12,1,T,S,V
2018-01-31 09:06:38,19.7,2216,0.00,18.6,65.4,----,----,3353.1965 S,15111.0656 E,12,1,T,S,V
2018-01-31 09:06:44,22.0,2256,0.11,18.6,65.4,----,----,3353.1941 S,15111.0659 E,13,1,T,S,V
2018-01-31 09:06:50,28.9,2378,0.18,18.6,65.5,----,----,3353.1922 S,15111.0663 E,13,1,T,S,V
2018-01-31 09:06:54,00.0,1938,0.00,18.5,65.4,----,----,3353.1914 S,15111.0665 E,13,1,T,S,V
2018-01-31 09:06:59,22.0,2256,0.08,18.5,65.4,----,----,3353.1910 S,15111.0665 E,13,1,T,S,V
2018-01-31 09:07:07,36.3,2500,0.32,18.5,65.3,----,----,3353.1883 S,15111.0649 E,13,1,T,S,V
2018-01-31 09:07:14,20.9,2230,0.06,18.5,65.3,----,----,3353.1862 S,15111.0648 E,12,1,T,S,V
2018-01-31 09:07:18,00.0,1940,0.00,18.5,65.3,----,----,3353.1843 S,15111.0653 E,12,1,T,S,V
2018-01-31 09:07:24,22.0,2258,0.14,18.4,65.2,----,----,3353.1818 S,15111.0653 E,13,1,T,S,V
2018-01-31 09:07:30,22.0,2255,0.08,18.5,65.3,----,----,3353.1789 S,15111.0660 E,13,1,T,S,V
2018-01-31 09:07:35,22.0,2258,0.23,18.5,65.3,----,----,3353.1765 S,15111.0647 E,13,1,T,S,V
2018-01-31 09:07:42,19.7,2211,0.03,18.4,65.2,----,----,3353.1740 S,15111.0651 E,13,1,T,S,V
2018-01-31 09:07:46,00.0,1939,0.00,18.4,65.2,----,----,3353.1731 S,15111.0651 E,13,1,T,S,V
2018-01-31 09:07:53,21.5,2247,0.05,18.4,65.2,----,----,3353.1711 S,15111.0648 E,13,1,T,S,V
2018-01-31 09:08:01,23.2,2277,0.05,18.4,65.2,----,----,3353.1677 S,15111.0678 E,13,1,T,S,V
2018-01-31 09:08:08,28.9,2373,0.13,18.4,65.2,----,----,3353.1660 S,15111.0685 E,12,1,T,S,V
2018-01-31 09:08:13,25.4,2313,0.08,18.4,65.1,----,----,3353.1648 S,15111.0676 E,13,1,T,S,V
2018-01-31 09:08:17,00.0,1938,0.00,18.4,65.2,----,----,3353.1640 S,15111.0674 E,13,1,T,S,V
2018-01-31 09:08:22,26.0,2328,0.04,18.4,65.2,----,----,3353.1620 S,15111.0681 E,13,1,T,S,V
2018-01-31 09:08:29,32.3,2435,0.25,18.4,65.1,----,----,3353.1604 S,15111.0690 E,13,1,T,S,V
2018-01-31 09:08:34,32.9,2446,0.31,18.4,65.1,----,----,3353.1591 S,15111.0695 E,13,1,T,S,V
2018-01-31 09:08:40,38.0,2536,0.39,18.3,65.0,----,----,3353.1568 S,15111.0691 E,13,1,T,S,V
2018-01-31 09:08:49,48.2,2714,0.36,18.4,65.1,----,----,3353.1573 S,15111.0732 E,13,1,T,S,V
2018-01-31 09:08:55,42.5,2616,0.20,18.3,65.0,----,----,3353.1607 S,15111.0731 E,13,1,T,S,V
2018-01-31 09:09:02,46.7,2714,0.54,18.3,65.0,----,----,3353.1648 S,15111.0731 E,13,1,T,S,V
2018-01-31 09:09:09,32.9,2448,0.12,18.3,65.0,----,----,3353.1683 S,15111.0730 E,13,1,T,S,V
2018-01-31 09:09:18,35.1,2482,0.14,18.3,64.9,----,----,3353.1714 S,15111.0725 E,13,1,T,S,V
2018-01-31 09:09:32,32.9,2449,0.23,18.3,64.9,----,----,3353.1730 S,15111.0733 E,13,1,T,S,V
2018-01-31 09:09:41,29.4,2386,0.27,18.3,65.0,----,----,3353.1763 S,15111.0723 E,13,1,T,S,V
2018-01-31 09:09:55,30.6,2406,0.18,18.3,64.9,----,----,3353.1818 S,15111.0711 E,13,1,T,S,V
2018-01-31 09:10:08,27.7,2358,0.00,18.2,64.9,----,----,3353.1850 S,15111.0714 E,12,1,T,S,V
2018-01-31 09:10:14,28.3,2368,0.13,18.2,64.8,----,----,3353.1878 S,15111.0716 E,13,1,T,S,V
2018-01-31 09:10:21,31.7,2420,0.23,18.2,64.8,----,----,3353.1915 S,15111.0710 E,13,1,T,S,V
2018-01-31 09:10:29,34.0,2467,0.09,18.2,64.8,----,----,3353.1948 S,15111.0706 E,13,1,T,S,V
2018-01-31 09:10:36,32.9,2447,0.10,18.2,64.8,----,----,3353.1984 S,15111.0700 E,13,1,T,S,V
2018-01-31 09:10:43,33.4,2451,0.11,18.2,64.8,----,----,3353.2012 S,15111.0702 E,13,1,T,S,V
2018-01-31 09:10:55,21.5,2243,0.10,18.2,64.8,----,----,3353.2029 S,15111.0715 E,13,1,T,S,V
2018-01-31 09:11:03,24.3,2299,0.08,18.2,64.7,----,----,3353.2054 S,15111.0723 E,13,1,T,S,V
2018-01-31 09:11:13,24.3,2298,0.00,18.1,64.7,----,----,3353.2113 S,15111.0720 E,13,1,T,S,V
2018-01-31 09:11:21,34.6,2478,0.22,18.1,64.7,----,----,3353.2129 S,15111.0742 E,13,1,T,S,V
2018-01-31 09:11:30,34.0,2464,0.15,18.1,64.7,----,----,3353.2182 S,15111.0706 E,13,1,T,S,V
2018-01-31 09:11:36,28.3,2366,0.10,18.1,64.7,----,----,3353.2215 S,15111.0686 E,13,1,T,S,V
2018-01-31 09:11:42,27.7,2351,0.15,18.1,64.6,----,----,3353.2259 S,15111.0676 E,13,1,T,S,V
2018-01-31 09:11:50,21.5,2245,0.03,18.1,64.6,----,----,3353.2297 S,15111.0685 E,12,1,T,S,V
2018-01-31 12:26:49,37.3,2936,0.86,24.4,76.0,----,----,3353.1979 S,15111.1199 E,6,1,T,S,V
2018-01-31 12:27:12,40.5,2653,0.67,24.3,75.7,----,----,3353.1973 S,15111.1219 E,6,1,T,S,V
2018-01-31 12:27:20,38.4,2737,0.84,24.2,75.7,----,----,3353.1955 S,15111.1247 E,6,1,T,S,V
2018-01-31 12:27:32,41.9,3018,1.21,24.2,75.6,----,----,3353.1917 S,15111.1288 E,6,1,T,S,V
2018-01-31 12:27:40,42.3,3048,1.17,24.1,75.5,----,----,3353.1937 S,15111.1292 E,6,1,T,S,V
2018-01-31 12:27:51,29.4,3001,0.97,24.1,75.3,----,----,3353.1968 S,15111.1305 E,6,1,T,S,V
2018-01-31 12:28:00,36.1,2805,0.91,24.0,75.3,----,----,3353.1963 S,15111.1291 E,6,1,T,S,V
2018-01-31 12:28:08,41.9,2766,0.73,24.0,75.2,----,----,3353.1964 S,15111.1309 E,6,1,T,S,V
2018-01-31 12:28:14,42.6,2992,1.02,23.9,75.1,----,----,3353.1971 S,15111.1324 E,6,1,T,S,V
2018-01-31 12:28:27,45.8,2738,0.60,23.9,75.0,----,----,3353.1943 S,15111.1327 E,6,1,T,S,V
2018-01-31 12:28:33,32.9,2447,0.41,23.8,74.9,----,----,3353.1933 S,15111.1302 E,6,1,T,S,V
2018-01-31 12:28:41,32.0,2957,0.94,23.8,74.8,----,----,3353.1934 S,15111.1274 E,6,1,T,S,V
2018-01-31 12:28:48,38.8,3150,1.37,23.7,74.7,----,----,3353.1919 S,15111.1295 E,6,1,T,S,V
2018-01-31 12:28:56,42.6,2994,1.01,23.6,74.5,----,----,3353.1927 S,15111.1287 E,7,1,T,S,V
2018-01-31 12:29:04,42.0,3082,1.15,23.5,74.4,----,----,3353.1937 S,15111.1242 E,7,1,T,S,V
2018-01-31 12:29:13,39.7,2607,0.62,23.5,74.3,----,----,3353.1942 S,15111.1255 E,7,1,T,S,V
2018-01-31 12:29:20,43.3,2689,0.61,23.4,74.2,----,----,3353.1927 S,15111.1258 E,7,1,T,S,V
2018-01-31 12:29:27,27.3,3016,0.99,23.4,74.2,----,----,3353.1944 S,15111.1217 E,7,1,T,S,V
2018-01-31 12:29:39,40.9,3133,1.17,23.3,74.0,----,----,3353.1894 S,15111.1217 E,7,1,T,S,V
2018-01-31 12:29:49,41.1,2752,0.75,23.3,73.9,----,----,3353.1897 S,15111.1208 E,8,1,T,S,V
2018-01-31 12:29:56,57.1,3197,1.63,23.2,73.8,----,----,3353.1914 S,15111.1231 E,8,1,T,S,V
2018-01-31 12:30:03,57.1,3254,1.62,23.2,73.8,----,----,3353.1902 S,15111.1265 E,7,1,T,S,V
2018-01-31 12:30:12,42.1,2980,1.12,23.1,73.7,----,----,3353.1885 S,15111.1283 E,7,1,T,S,V
2018-01-31 12:30:24,57.3,3308,1.61,23.1,73.6,----,----,3353.1880 S,15111.1295 E,7,1,T,S,V
2018-01-31 12:30:33,41.8,2920,1.03,23.0,73.5,----,----,3353.1882 S,15111.1330 E,7,1,T,S,V
2018-01-31 12:30:41,41.4,2995,1.32,23.0,73.4,----,----,3353.1895 S,15111.1327 E,7,1,T,S,V
2018-01-31 12:30:48,41.5,2971,1.28,23.0,73.4,----,----,3353.1911 S,15111.1320 E,7,1,T,S,V
2018-01-31 12:30:58,41.1,2838,1.02,22.9,73.3,----,----,3353.1902 S,15111.1286 E,7,1,T,S,V
2018-01-31 12:31:04,57.1,3253,1.63,22.9,73.2,----,----,3353.1893 S,15111.1280 E,7,1,T,S,V
2018-01-31 12:31:11,41.5,2978,1.28,22.9,73.2,----,----,3353.1884 S,15111.1275 E,7,1,T,S,V
2018-01-31 12:31:19,57.0,3296,1.64,22.8,73.1,----,----,3353.1866 S,15111.1258 E,7,1,T,S,V
2018-01-31 12:31:25,41.5,2963,1.26,22.8,73.1,----,----,3353.1861 S,15111.1230 E,7,1,T,S,V
2018-01-31 12:31:33,39.6,3147,1.28,22.8,73.0,----,----,3353.1873 S,15111.1256 E,7,1,T,S,V
2018-01-31 12:31:41,57.7,3184,1.54,22.8,73.0,----,----,3353.1889 S,15111.1227 E,7,1,T,S,V
2018-01-31 12:31:49,45.3,2692,0.55,22.7,72.9,----,----,3353.1893 S,15111.1225 E,7,1,T,S,V
2018-01-31 12:31:56,58.7,3194,1.40,22.7,72.9,----,----,3353.1883 S,15111.1220 E,7,1,T,S,V
2018-02-03 12:48:46,58.7,3286,1.40,23.6,74.5,----,----,3353.2667 S,15111.1058 E,4,1,T,S,V
2018-02-03 12:49:09,38.2,3157,1.42,23.7,74.8,----,----,3353.2530 S,15111.1076 E,5,1,T,S,V
2018-02-03 12:49:40,38.0,2745,0.86,23.9,75.1,----,----,3353.2669 S,15111.1066 E,7,1,T,S,V
2018-02-03 12:49:58,28.6,2969,0.99,24.1,75.4,----,----,3353.2730 S,15111.1042 E,7,1,T,S,V
2018-02-03 12:51:07,42.1,2961,1.09,24.4,75.9,----,----,3353.2776 S,15111.1092 E,12,1,T,S,V
2018-02-03 12:51:34,35.7,2492,0.22,24.5,76.1,----,----,3353.2837 S,15111.1021 E,8,1,T,S,V
2018-02-03 12:51:42,32.3,2439,0.12,24.5,76.2,----,----,3353.2875 S,15111.1039 E,10,1,T,S,V
2018-02-03 12:51:50,35.7,2491,0.16,24.5,76.2,----,----,3353.2913 S,15111.1057 E,10,1,T,S,V
2018-02-03 12:51:58,45.4,2667,0.11,24.6,76.3,----,----,3353.2939 S,15111.1091 E,10,1,T,S,V
2018-02-03 12:52:07,57.4,2870,0.43,24.6,76.3,----,----,3353.2953 S,15111.1114 E,11,1,T,S,V
2018-02-03 12:52:18,61.9,2957,0.40,24.6,76.3,----,----,3353.2988 S,15111.1147 E,11,1,T,S,V
2018-02-03 12:52:27,64.8,3008,0.46,24.5,76.2,----,----,3353.3032 S,15111.1135 E,11,1,T,S,V
2018-02-03 12:52:36,54.5,2827,0.32,24.5,76.2,----,----,3353.3051 S,15111.1131 E,11,1,T,S,V
2018-02-03 12:52:47,60.8,2937,0.36,24.5,76.2,----,----,3353.3027 S,15111.1133 E,11,1,T,S,V
2018-02-03 12:52:59,66.5,3033,0.40,24.5,76.1,----,----,3353.3049 S,15111.1089 E,11,1,T,S,V
2018-02-03 12:53:08,58.5,2890,0.44,24.5,76.2,----,----,3353.3066 S,15111.1080 E,11,1,T,S,V
2018-02-03 12:53:13,48.6,2734,0.52,24.5,76.2,----,----,3353.3054 S,15111.1067 E,11,1,T,S,V
2018-02-05 10:18:42,30.0,2396,0.09,23.3,73.9,----,----,3353.2038 S,15111.0727 E,4,1,T,S,V
2018-02-05 10:20:21,27.7,2357,0.00,23.8,74.9,----,----,3353.1997 S,15111.0767 E,7,1,T,S,V
2018-02-05 10:20:29,28.9,2376,0.23,23.9,75.1,----,----,3353.1993 S,15111.0770 E,7,1,T,S,V
2018-02-05 10:20:45,33.4,2459,0.24,24.0,75.3,----,----,3353.1955 S,15111.0786 E,6,1,T,S,V
2018-02-05 10:20:57,23.2,2279,0.28,24.1,75.5,----,----,3353.1901 S,15111.0790 E,6,1,T,S,V
2018-02-05 10:21:06,27.7,2357,0.13,24.2,75.5,----,----,3353.1869 S,15111.0790 E,6,1,T,S,V
2018-02-05 10:21:11,36.8,2511,0.08,24.2,75.5,----,----,3353.1861 S,15111.0793 E,6,1,T,S,V
2018-02-05 10:21:37,28.3,2364,0.15,24.3,75.8,----,----,3353.1720 S,15111.0775 E,7,1,T,S,V
2018-02-05 10:21:44,25.4,2315,0.10,24.4,75.9,----,----,3353.1719 S,15111.0771 E,7,1,T,S,V
2018-02-05 10:22:03,17.5,2170,0.00,24.5,76.1,----,----,3353.1618 S,15111.0789 E,7,1,T,S,V
2018-02-05 10:22:15,23.2,2277,0.04,24.5,76.2,----,----,3353.1546 S,15111.0807 E,7,1,T,S,V
2018-02-05 10:22:26,24.9,2304,0.08,24.5,76.2,----,----,3353.1542 S,15111.0724 E,7,1,T,S,V
2018-02-05 10:22:32,32.3,2433,0.03,24.6,76.3,----,----,3353.1557 S,15111.0726 E,7,1,T,S,V
2018-02-05 10:23:01,20.3,2229,0.05,24.9,76.8,----,----,3353.1629 S,15111.0689 E,7,1,T,S,V
2018-02-05 10:23:12,16.9,2168,0.07,24.9,76.9,----,----,3353.1652 S,15111.0676 E,7,1,T,S,V
2018-02-05 10:23:23,22.0,2256,0.04,25.0,77.1,----,----,3353.1677 S,15111.0688 E,8,1,T,S,V
2018-02-05 10:23:40,32.9,2447,0.20,25.2,77.3,----,----,3353.1648 S,15111.0741 E,8,1,T,S,V
2018-02-05 10:23:58,32.9,2442,0.30,25.3,77.5,----,----,3353.1718 S,15111.0741 E,8,1,T,S,V
2018-02-05 10:24:44,26.0,2324,0.21,25.6,78.0,----,----,3353.1991 S,15111.0766 E,9,1,T,S,V
2018-02-09 08:46:54,39.9,3164,1.21,23.2,73.9,----,----,0000.0000 N,00000.0000 W,0,0,T,S,V
2018-02-09 08:47:06,56.4,3448,1.73,23.2,73.8,----,----,0000.0000 N,00000.0000 W,0,0,T,S,V
2018-02-09 08:47:19,57.1,3242,1.62,23.2,73.8,----,----,0000.0000 N,00000.0000 W,0,0,T,S,V
2018-02-09 08:47:34,41.6,2921,1.16,23.2,73.7,----,----,0000.0000 N,00000.0000 W,0,0,T,S,V
2018-02-09 08:47:47,35.6,2764,0.94,23.2,73.7,----,----,0000.0000 N,00000.0000 W,0,0,T,S,V
2018-02-09 08:48:01,38.2,2717,0.85,23.2,73.7,----,----,0000.0000 N,00000.0000 W,0,0,T,S,V
2018-02-09 08:48:09,56.6,3282,1.70,23.2,73.8,----,----,0000.0000 N,00000.0000 W,0,0,T,S,V
2018-02-09 08:48:22,57.1,3336,1.63,23.2,73.8,----,----,0000.0000 N,00000.0000 W,0,0,T,S,V
2018-02-09 08:48:36,41.5,3035,1.30,23.2,73.8,----,----,0000.0000 N,00000.0000 W,0,0,T,S,V
2018-02-09 08:48:56,39.4,3104,1.45,23.2,73.8,----,----,3353.2098 S,15111.0968 E,3,1,T,S,V
2018-02-09 08:49:10,58.6,3213,1.41,23.2,73.9,----,----,3353.2179 S,15111.0987 E,4,1,T,S,V
2018-02-09 08:49:24,58.1,3313,1.49,23.2,73.9,----,----,3353.1921 S,15111.1247 E,4,1,T,S,V
2018-02-09 08:50:05,26.6,2338,0.00,23.4,74.2,----,----,3353.1807 S,15111.1229 E,7,1,T,S,V
2018-02-09 08:50:14,18.0,2180,0.03,23.4,74.1,----,----,3353.1745 S,15111.1237 E,7,1,T,S,V
2018-02-09 08:50:23,15.8,2140,0.03,23.4,74.1,----,----,3353.1702 S,15111.1254 E,7,1,T,S,V
2018-02-09 08:50:32,13.8,2114,0.06,23.3,74.0,----,----,3353.1678 S,15111.1263 E,7,1,T,S,V
2018-02-09 08:50:41,16.3,2153,0.15,23.3,74.0,----,----,3353.1692 S,15111.1285 E,6,1,T,S,V
2018-02-09 08:50:49,15.2,2132,0.03,23.3,74.0,----,----,3353.1759 S,15111.1270 E,7,1,T,S,V
2018-02-09 08:50:56,19.7,2213,0.19,23.3,74.0,----,----,3353.1786 S,15111.1268 E,7,1,T,S,V
2018-02-09 08:51:07,21.5,2241,0.15,23.3,73.9,----,----,3353.1812 S,15111.1265 E,7,1,T,S,V
2018-02-09 08:51:14,29.4,2381,0.32,23.3,73.9,----,----,3353.1811 S,15111.1293 E,7,1,T,S,V
2018-02-09 08:51:22,15.2,2137,0.07,23.2,73.9,----,----,3353.1805 S,15111.1294 E,7,1,T,S,V
2018-02-09 08:51:30,08.9,2060,0.00,23.2,73.9,----,----,3353.1763 S,15111.1317 E,7,1,T,S,V
2018-02-09 08:51:37,06.0,2035,0.03,23.2,73.8,----,----,3353.1794 S,15111.1302 E,9,1,T,S,V
2018-02-09 08:51:43,05.0,2025,0.02,23.2,73.8,----,----,3353.1800 S,15111.1292 E,9,1,T,S,V
2018-02-09 08:51:48,03.0,2004,0.00,23.2,73.8,----,----,3353.1807 S,15111.1285 E,9,1,T,S,V
2018-02-09 08:51:52,10.9,2081,0.02,23.2,73.9,----,----,3353.1812 S,15111.1288 E,9,1,T,S,V
2018-02-09 08:51:58,05.0,2025,0.00,23.2,73.8,----,----,3353.1831 S,15111.1299 E,9,1,T,S,V
2018-02-09 09:03:06,59.6,3216,1.26,24.2,75.6,----,----,3353.2820 S,15111.1086 E,13,1,T,S,V
2018-02-09 09:03:18,40.9,3120,1.19,24.2,75.6,----,----,3353.2774 S,15111.1100 E,13,1,T,S,V
2018-02-09 09:03:31,42.9,3075,1.04,24.2,75.6,----,----,3353.2716 S,15111.1124 E,13,1,T,S,V
2018-02-09 09:03:42,35.1,2817,0.93,24.2,75.6,----,----,3353.2720 S,15111.1103 E,11,1,T,S,V
2018-02-09 09:03:56,44.0,2779,0.68,24.2,75.6,----,----,3353.2747 S,15111.1088 E,13,1,T,S,V
2018-02-09 09:04:12,35.5,2781,0.94,24.2,75.6,----,----,3353.2802 S,15111.1071 E,12,1,T,S,V
2018-02-09 09:04:24,25.4,2319,0.34,24.2,75.7,----,----,3353.2831 S,15111.1046 E,13,1,T,S,V
2018-02-09 09:04:35,36.8,2511,0.50,24.2,75.7,----,----,3353.2771 S,15111.1067 E,13,1,T,S,V
2018-02-09 09:04:46,42.9,2631,0.52,24.3,75.7,----,----,3353.2716 S,15111.1083 E,13,1,T,S,V
2018-02-09 09:04:57,30.4,2961,0.97,24.2,75.7,----,----,3353.2696 S,15111.1062 E,13,1,T,S,V
2018-02-09 09:05:11,35.1,2484,0.40,24.3,75.7,----,----,3353.2755 S,15111.1052 E,13,1,T,S,V
2018-02-09 09:05:27,33.1,2878,0.95,24.3,75.7,----,----,3353.2806 S,15111.1036 E,14,1,T,S,V
2018-02-09 09:05:36,39.3,2686,0.78,24.3,75.8,----,----,3353.2816 S,15111.1015 E,14,1,T,S,V
2018-02-09 09:05:49,36.2,2500,0.50,24.3,75.9,----,----,3353.2757 S,15111.1032 E,13,1,T,S,V
2018-02-09 09:06:28,41.6,2908,1.16,24.4,75.9,----,----,3353.2710 S,15111.1035 E,13,1,T,S,V
2018-02-09 09:06:38,35.8,2797,0.92,24.4,75.9,----,----,3353.2707 S,15111.1013 E,14,1,T,S,V
2018-02-09 09:06:49,37.2,2546,0.62,24.4,75.9,----,----,3353.2751 S,15111.1004 E,14,1,T,S,V
2018-02-09 09:07:02,38.1,2701,0.85,24.3,75.9,----,----,3353.2805 S,15111.0991 E,14,1,T,S,V
2018-02-09 09:07:12,57.2,3277,1.62,24.3,75.8,----,----,3353.2805 S,15111.0948 E,13,1,T,S,V
2018-02-09 09:07:46,41.1,3099,1.24,24.4,75.9,----,----,3353.2762 S,15111.0983 E,13,1,T,S,V
2018-02-09 09:08:38,38.9,3139,1.39,24.4,75.9,----,----,3353.2700 S,15111.0988 E,14,1,T,S,V
2018-02-21 15:46:11,30.6,2408,0.28,24.2,75.5,----,----,3353.2600 S,15111.1050 E,5,1,T,S,V
2018-02-21 15:46:24,40.6,2586,0.52,24.2,75.5,----,----,3353.2610 S,15111.1021 E,4,1,T,S,V
2018-02-21 15:46:35,35.7,2495,0.45,24.2,75.6,----,----,3353.2645 S,15111.1066 E,4,1,T,S,V
2018-02-21 15:46:52,42.0,2601,0.38,24.3,75.7,----,----,3353.2655 S,15111.1071 E,4,1,T,S,V
2018-02-21 15:47:09,36.5,2786,0.90,24.3,75.8,----,----,3353.2727 S,15111.1034 E,4,1,T,S,V
2018-02-21 15:47:25,36.9,2542,0.64,24.3,75.8,----,----,3353.2777 S,15111.1090 E,6,1,T,S,V
2018-02-21 15:47:37,27.2,2342,0.18,24.3,75.9,----,----,3353.2838 S,15111.1095 E,7,1,T,S,V
2018-02-21 15:47:49,37.4,2520,0.43,24.3,75.9,----,----,3353.2879 S,15111.1083 E,7,1,T,S,V
2018-02-27 11:15:14,34.6,2482,0.60,21.1,70.1,----,----,0000.0000 N,00000.0000 W,0,0,T,S,V
2018-02-27 11:15:23,34.6,2474,0.37,21.1,70.1,----,----,0000.0000 N,00000.0000 W,0,0,T,S,V
2018-02-27 11:15:32,28.3,2364,0.10,21.1,70.1,----,----,0000.0000 N,00000.0000 W,0,0,T,S,V
2018-02-27 11:15:39,35.7,2498,0.05,21.1,70.1,----,----,0000.0000 N,00000.0000 W,0,0,T,S,V
2018-02-27 11:15:55,19.2,2204,0.00,21.1,70.0,----,----,3353.2281 S,15111.1008 E,4,1,T,S,V
2018-02-27 11:16:01,23.7,2280,0.08,21.1,70.0,----,----,3353.2278 S,15111.0995 E,3,1,T,S,V
2018-02-27 11:16:09,29.4,2383,0.23,21.1,70.0,----,----,3353.2253 S,15111.0947 E,4,1,T,S,V
2018-02-27 11:16:26,30.6,2408,0.11,21.1,70.0,----,----,3353.2240 S,15111.0901 E,6,1,T,S,V
2018-02-27 11:16:37,39.7,2563,0.29,21.1,70.0,----,----,3353.2276 S,15111.0858 E,6,1,T,S,V
2018-02-27 11:16:52,36.8,2517,0.20,21.1,70.1,----,----,3353.2389 S,15111.0851 E,6,1,T,S,V
2018-02-27 11:17:10,40.3,2578,0.17,21.1,70.1,----,----,3353.2467 S,15111.0851 E,6,1,T,S,V
2018-02-27 11:17:19,36.3,2500,0.07,21.2,70.1,----,----,3353.2526 S,15111.0862 E,6,1,T,S,V
2018-02-27 11:17:29,28.3,2361,0.00,21.2,70.1,----,----,3353.2537 S,15111.0868 E,6,1,T,S,V
2018-02-27 11:17:38,36.3,2503,0.24,21.2,70.1,----,----,3353.2560 S,15111.0864 E,6,1,T,S,V
2018-02-27 11:17:48,35.7,2498,0.14,21.2,70.1,----,----,3353.2609 S,15111.0871 E,6,1,T,S,V
2018-02-27 11:18:11,31.7,2429,0.03,21.2,70.2,----,----,3353.2662 S,15111.0907 E,6,1,T,S,V
2018-02-27 11:18:22,36.8,2513,0.14,21.2,70.3,----,----,3353.2677 S,15111.0966 E,6,1,T,S,V
2018-02-27 11:18:28,42.5,2618,0.42,21.3,70.3,----,----,3353.2672 S,15111.0970 E,6,1,T,S,V
2018-02-27 11:18:43,43.1,2620,0.22,21.3,70.3,----,----,3353.2727 S,15111.0986 E,6,1,T,S,V
2018-02-27 11:18:51,38.6,2543,0.21,21.3,70.3,----,----,3353.2796 S,15111.1022 E,7,1,T,S,V
2018-02-27 11:18:59,37.4,2526,0.13,21.3,70.3,----,----,3353.2813 S,15111.1043 E,7,1,T,S,V
2018-02-27 11:20:00,47.7,2704,0.48,21.3,70.4,----,----,3353.2653 S,15111.1097 E,7,1,T,S,V
2018-02-27 11:20:30,46.0,2675,0.46,21.4,70.5,----,----,3353.2674 S,15111.1158 E,8,1,T,S,V
2018-02-27 11:20:42,44.8,2653,0.49,21.4,70.5,----,----,3353.2742 S,15111.1173 E,8,1,T,S,V
2018-02-27 11:21:14,56.2,2853,0.33,21.3,70.5,----,----,3353.2965 S,15111.1165 E,9,1,T,S,V
2018-02-27 11:21:19,60.4,2927,0.50,21.4,70.5,----,----,3353.2980 S,15111.1156 E,9,1,T,S,V
2018-02-27 11:21:26,63.0,3035,0.54,21.4,70.6,----,----,3353.2990 S,15111.1137 E,9,1,T,S,V
2018-02-27 11:21:33,62.7,2993,0.52,21.5,70.7,----,----,3353.3025 S,15111.1144 E,9,1,T,S,V
2018-02-27 11:21:37,53.4,2800,0.48,21.5,70.7,----,----,3353.3039 S,15111.1144 E,9,1,T,S,V
2018-02-27 11:21:52,62.8,2990,0.51,21.5,70.8,----,----,3353.3065 S,15111.1112 E,9,1,T,S,V
2018-02-27 11:22:06,57.9,3034,0.61,21.5,70.8,----,----,3353.2990 S,15111.1105 E,9,1,T,S,V
2018-03-08 12:48:27,56.8,3417,1.67,27.2,80.9,----,----,3353.2768 S,15111.1014 E,4,1,T,S,V
2018-03-08 12:49:18,57.8,3333,1.52,28.0,82.4,----,----,3353.2717 S,15111.0994 E,6,1,T,S,V
2018-03-08 12:49:44,53.5,3516,2.16,28.3,83.0,----,----,3353.2685 S,15111.1035 E,6,1,T,S,V
2018-03-08 12:50:08,56.0,3424,1.79,28.8,83.8,----,----,3353.2683 S,15111.1064 E,6,1,T,S,V
2018-03-08 12:50:46,41.9,3086,1.15,29.1,84.4,----,----,3353.2758 S,15111.1047 E,6,1,T,S,V
2018-03-08 12:51:10,53.5,3576,2.16,29.3,84.9,----,----,3353.2804 S,15111.1012 E,8,1,T,S,V
2018-03-08 12:51:27,42.6,3022,1.07,29.5,85.2,----,----,3353.2788 S,15111.1031 E,9,1,T,S,V
2018-03-08 12:51:57,40.5,2615,0.59,29.9,85.8,----,----,3353.2738 S,15111.1059 E,11,1,T,S,V
2018-03-08 12:52:32,57.3,3271,1.59,30.1,86.2,----,----,3353.2699 S,15111.1082 E,10,1,T,S,V
2018-03-08 12:52:54,56.0,3297,1.78,30.1,86.2,----,----,3353.2704 S,15111.1084 E,10,1,T,S,V
2018-03-08 12:53:29,40.6,2764,0.77,30.2,86.5,----,----,3353.2777 S,15111.1045 E,10,1,T,S,V
2018-03-08 12:53:58,58.2,3196,1.47,30.4,86.7,----,----,3353.2817 S,15111.1057 E,10,1,T,S,V
2018-03-08 12:54:25,41.1,3076,1.31,30.5,86.9,----,----,3353.2809 S,15111.1076 E,10,1,T,S,V
2018-03-08 12:55:01,41.3,2864,1.18,30.9,87.7,----,----,3353.2758 S,15111.1097 E,10,1,T,S,V
2018-03-08 12:55:37,58.3,3172,1.45,31.1,88.1,----,----,3353.2692 S,15111.1125 E,10,1,T,S,V
2018-03-08 12:56:08,40.3,3125,1.26,31.3,88.4,----,----,3353.2737 S,15111.1122 E,10,1,T,S,V
2018-03-08 12:56:33,34.7,2985,0.90,31.4,88.5,----,----,3353.2809 S,15111.1086 E,10,1,T,S,V
2018-03-08 12:56:51,41.5,2866,0.78,31.4,88.5,----,----,3353.2840 S,15111.1076 E,10,1,T,S,V
2018-03-08 12:57:10,44.5,2853,0.72,31.5,88.8,----,----,3353.2861 S,15111.1097 E,10,1,T,S,V
2018-03-08 12:57:28,42.6,3055,1.12,31.7,89.2,----,----,3353.2768 S,15111.1120 E,10,1,T,S,V
2018-03-08 12:57:45,58.4,3242,1.43,31.8,89.2,----,----,3353.2724 S,15111.1135 E,10,1,T,S,V
2018-03-08 13:00:14,42.0,2608,0.28,31.6,88.9,----,----,0000.0000 N,00000.0000 W,0,0,T,S,V
2018-03-08 13:00:33,41.7,2927,1.15,31.7,89.0,----,----,0000.0000 N,00000.0000 W,0,0,T,S,V
2018-03-08 13:00:48,29.4,2949,0.99,31.7,89.1,----,----,3353.2855 S,15111.1126 E,5,1,T,S,V
2018-03-08 13:02:07,38.6,2540,0.36,31.8,89.2,----,----,3353.2855 S,15111.1084 E,8,1,T,S,V
2018-03-08 13:03:13,36.8,2516,0.16,31.7,89.1,----,----,3353.2902 S,15111.0980 E,10,1,T,S,V
2018-03-10 10:32:07,59.6,3228,1.26,22.9,73.3,----,----,0000.0000 N,00000.0000 W,0,0,T,S,V
2018-03-10 10:32:35,44.4,2742,0.64,23.0,73.4,----,----,3353.2655 S,15111.0999 E,5,1,T,S,V
2018-03-10 10:33:27,57.7,3303,1.54,23.1,73.7,----,----,3353.2775 S,15111.0963 E,6,1,T,S,V
2018-03-30 12:52:44,32.9,2444,0.27,24.9,76.8,----,----,0000.0000 N,00000.0000 W,0,0,T,S,V
2018-03-30 12:52:51,34.0,2460,0.30,25.0,77.0,----,----,0000.0000 N,00000.0000 W,0,0,T,S,V
2018-03-30 12:53:01,32.9,2444,0.16,25.1,77.3,----,----,0000.0000 N,00000.0000 W,0,0,T,S,V
2018-03-30 12:53:10,35.1,2482,0.21,25.2,77.5,----,----,0000.0000 N,00000.0000 W,0,0,T,S,V
2018-03-30 12:53:19,31.7,2427,0.08,25.4,77.7,----,----,3353.2178 S,15111.0854 E,4,1,T,S,V
2018-03-30 12:53:28,26.6,2336,0.03,25.5,77.9,----,----,3353.2175 S,15111.0914 E,4,1,T,S,V
2018-03-30 12:53:39,27.2,2344,0.00,25.6,78.2,----,----,3353.2197 S,15111.1021 E,5,1,T,S,V
2018-03-30 12:53:49,38.6,2540,0.16,25.8,78.4,----,----,3353.2167 S,15111.1095 E,6,1,T,S,V
2018-03-30 12:54:00,32.9,2441,0.19,25.9,78.7,----,----,3353.2164 S,15111.1174 E,6,1,T,S,V
2018-03-30 12:54:10,32.3,2439,0.20,26.0,78.9,----,----,3353.2127 S,15111.1176 E,6,1,T,S,V
2018-03-30 12:54:19,42.5,2616,0.21,26.2,79.2,----,----,3353.2123 S,15111.1108 E,5,1,T,S,V
2018-03-30 12:54:29,36.3,2506,0.25,26.4,79.5,----,----,3353.2135 S,15111.1055 E,6,1,T,S,V
2018-03-30 12:54:38,32.3,2434,0.23,26.5,79.8,----,----,3353.2139 S,15111.1003 E,6,1,T,S,V
2018-03-30 12:54:45,34.6,2474,0.20,26.6,80.0,----,----,3353.2136 S,15111.0964 E,6,1,T,S,V
2018-03-30 12:54:51,23.2,2279,0.08,26.7,80.1,----,----,3353.2143 S,15111.0934 E,7,1,T,S,V
2018-03-30 12:54:58,32.9,2447,0.05,26.8,80.3,----,----,3353.2144 S,15111.0911 E,7,1,T,S,V
2018-03-30 12:55:12,37.4,2526,0.32,27.0,80.6,----,----,3353.2169 S,15111.0882 E,8,1,T,S,V
2018-03-30 12:55:27,32.3,2435,0.00,27.2,81.0,----,----,3353.2065 S,15111.0867 E,9,1,T,S,V
2018-03-30 12:55:34,47.7,2702,0.33,27.3,81.2,----,----,3353.2062 S,15111.0906 E,9,1,T,S,V
2018-03-30 12:55:41,42.0,2600,0.24,27.4,81.4,----,----,3353.2068 S,15111.0951 E,9,1,T,S,V
2018-03-30 12:55:47,23.7,2282,0.11,27.4,81.4,----,----,3353.2064 S,15111.0969 E,9,1,T,S,V
2018-03-30 12:55:52,28.9,2377,0.08,27.5,81.6,----,----,3353.2066 S,15111.0990 E,9,1,T,S,V
2018-03-30 12:57:24,39.1,2557,0.16,28.5,83.4,----,----,0000.0000 N,00000.0000 W,0,0,T,S,V
2018-03-30 12:57:31,40.8,2584,0.34,28.6,83.5,----,----,0000.0000 N,00000.0000 W,0,0,T,S,V
2018-03-30 12:57:40,32.3,2435,0.09,28.7,83.7,----,----,0000.0000 N,00000.0000 W,0,0,T,S,V
2018-03-30 12:57:48,36.3,2502,0.35,28.8,83.9,----,----,0000.0000 N,00000.0000 W,0,0,T,S,V
2018-03-30 12:58:00,47.7,2702,0.40,28.9,84.1,----,----,0000.0000 N,00000.0000 W,0,0,T,S,V
2018-03-30 12:58:05,37.4,2529,0.34,29.0,84.2,----,----,0000.0000 N,00000.0000 W,0,0,T,S,V
2018-03-30 12:58:55,38.0,2752,0.86,29.3,84.7,----,----,0000.0000 N,00000.0000 W,0,0,T,S,V
2018-03-30 12:59:06,30.4,2942,0.97,29.4,84.9,----,----,0000.0000 N,00000.0000 W,0,0,T,S,V
2018-03-30 12:59:18,42.0,2984,1.15,29.5,85.2,----,----,0000.0000 N,00000.0000 W,0,0,T,S,V
2018-03-30 12:59:26,43.7,2674,0.57,29.6,85.3,----,----,0000.0000 N,00000.0000 W,0,0,T,S,V
2018-03-30 12:59:40,42.0,2997,1.16,29.8,85.6,----,----,0000.0000 N,00000.0000 W,0,0,T,S,V
2018-03-30 12:59:55,58.7,3240,1.39,29.9,85.9,----,----,0000.0000 N,00000.0000 W,0,0,T,S,V
2018-03-30 13:00:05,42.5,3079,1.08,30.0,86.1,----,----,0000.0000 N,00000.0000 W,0,0,T,S,V
2018-03-30 13:00:21,41.2,2852,1.05,30.2,86.4,----,----,0000.0000 N,00000.0000 W,0,0,T,S,V
2018-03-30 13:00:35,39.9,2616,1.14,30.4,86.7,----,----,0000.0000 N,00000.0000 W,0,0,T,S,V
2018-03-30 13:00:44,41.6,2914,1.15,30.5,86.9,----,----,0000.0000 N,00000.0000 W,0,0,T,S,V
2018-03-30 13:00:56,40.4,2593,0.55,30.5,87.0,----,----,0000.0000 N,00000.0000 W,0,0,T,S,V
2018-03-30 13:01:33,42.4,3018,1.12,31.0,87.8,----,----,3353.2727 S,15111.1051 E,6,1,T,S,V
2018-03-30 13:01:45,57.0,3442,1.65,31.0,87.9,----,----,3353.2710 S,15111.1048 E,7,1,T,S,V
2018-03-30 13:02:15,56.3,3260,1.74,31.3,88.3,----,----,3353.2743 S,15111.1054 E,9,1,T,S,V
2018-03-30 13:02:40,42.6,3062,1.12,31.5,88.7,----,----,3353.2812 S,15111.1045 E,10,1,T,S,V
2018-03-30 13:02:49,57.9,3218,1.51,31.5,88.8,----,----,3353.2813 S,15111.1041 E,10,1,T,S,V
2018-03-30 13:03:17,38.8,3169,1.31,31.8,89.2,----,----,3353.2820 S,15111.1010 E,11,1,T,S,V
2018-03-30 13:03:34,41.3,2861,1.04,31.9,89.5,----,----,3353.2746 S,15111.1023 E,11,1,T,S,V
2018-03-30 13:03:45,42.0,2928,1.01,32.1,89.8,----,----,3353.2693 S,15111.1033 E,11,1,T,S,V
2018-03-30 13:03:54,41.8,2968,1.19,32.1,89.9,----,----,3353.2675 S,15111.1001 E,11,1,T,S,V
2018-03-30 13:04:06,58.6,3188,1.40,32.3,90.1,----,----,3353.2753 S,15111.0984 E,11,1,T,S,V
2018-03-30 13:04:19,41.4,2871,1.10,32.4,90.3,----,----,3353.2792 S,15111.0981 E,11,1,T,S,V
2018-03-30 13:04:40,41.8,2915,1.00,32.6,90.8,----,----,3353.2797 S,15111.1094 E,11,1,T,S,V
2018-03-31 07:40:55,30.4,3093,0.74,22.8,73.1,----,----,3353.2639 S,15111.1067 E,5,1,S,H,V
2018-03-31 07:41:23,28.8,2846,0.51,22.7,73.0,----,----,3353.2736 S,15111.1027 E,5,1,S,H,V
2018-03-31 07:41:42,30.1,2918,0.56,22.6,72.8,----,----,3353.2807 S,15111.1020 E,6,1,S,H,V
2018-03-31 07:41:53,25.4,2733,0.32,22.6,72.7,----,----,3353.2816 S,15111.1043 E,6,1,S,H,V
2018-03-31 07:42:05,23.8,2681,0.32,22.5,72.6,----,----,3353.2735 S,15111.1055 E,6,1,S,H,V
2018-03-31 07:42:24,31.1,3002,0.62,22.4,72.4,----,----,3353.2666 S,15111.1084 E,6,1,S,H,V
2018-03-31 07:43:46,17.1,2482,0.13,22.1,71.8,----,----,3353.2647 S,15111.1076 E,7,1,S,H,V
2018-03-31 07:44:11,20.8,2434,0.14,22.0,71.6,----,----,3353.2647 S,15111.1057 E,7,1,S,S,V
2018-03-31 07:44:18,37.5,2772,0.34,21.9,71.5,----,----,3353.2625 S,15111.1065 E,7,1,S,S,V
2018-03-31 08:20:16,20.3,2421,0.07,20.4,68.8,----,----,3353.2667 S,15111.2488 E,5,1,S,S,V
2018-03-31 08:20:27,32.1,2661,0.18,20.3,68.6,----,----,3353.2613 S,15111.2480 E,5,1,S,S,V
2018-03-31 08:20:38,22.7,2475,0.16,20.3,68.5,----,----,3353.2562 S,15111.2465 E,5,1,S,S,V
2018-03-31 08:20:48,21.8,2452,0.19,20.2,68.4,----,----,3353.2510 S,15111.2459 E,5,1,S,S,V
2018-03-31 08:20:57,41.9,2860,0.45,20.2,68.4,----,----,3353.2449 S,15111.2454 E,5,1,S,S,V
2018-03-31 08:21:07,44.8,2927,0.40,20.1,68.2,----,----,3353.2389 S,15111.2473 E,5,1,S,S,V
2018-03-31 08:21:16,32.6,2674,0.32,20.0,68.1,----,----,3353.2393 S,15111.2404 E,5,1,S,S,V
2018-03-31 08:21:26,23.7,2496,0.18,20.0,68.1,----,----,3353.2436 S,15111.2344 E,5,1,S,S,V
2018-03-31 08:21:36,16.8,2355,0.08,20.0,68.0,----,----,3353.2464 S,15111.2331 E,5,1,S,S,V
2018-03-31 08:21:45,16.4,2341,0.12,20.0,68.0,----,----,3353.2507 S,15111.2323 E,5,1,S,S,V
2018-03-31 08:21:54,18.3,2383,0.19,20.0,68.0,----,----,3353.2529 S,15111.2312 E,5,1,S,S,V
2018-03-31 08:29:30,56.7,3224,0.76,20.6,69.1,----,----,0000.0000 N,00000.0000 W,0,0,S,S,V
2018-03-31 08:30:11,00.0,3225,0.00,20.6,69.2,----,----,0000.0000 N,00000.0000 W,0,0,T,H,V
2018-03-31 08:30:13,00.0,3225,0.00,20.6,69.2,----,----,0000.0000 N,00000.0000 W,0,0,T,H,V
2018-03-31 08:31:46,36.3,3197,0.64,20.8,69.4,----,----,3353.2685 S,15111.1052 E,8,1,S,H,V
2018-04-20 10:02:55,00.0,1938,0.00,23.1,73.6,----,----,0000.0000 N,00000.0000 W,0,0,T,S,V
2018-04-20 10:04:42,00.0,1937,0.00,23.1,73.7,----,----,3353.2179 S,15111.0665 E,7,1,T,S,V
2018-04-20 10:04:54,45.4,2660,0.37,23.1,73.7,----,----,3353.2143 S,15111.0711 E,7,1,T,S,V
2018-04-20 10:05:32,39.1,2557,0.17,23.0,73.4,----,----,3353.2150 S,15111.0770 E,9,1,T,S,V
2018-04-20 10:05:42,31.7,2429,0.19,22.9,73.3,----,----,3353.2145 S,15111.0780 E,10,1,T,S,V
2018-04-20 10:05:50,31.7,2423,0.04,22.9,73.3,----,----,3353.2141 S,15111.0801 E,10,1,T,S,V
2018-04-20 10:06:04,38.0,2539,0.16,22.9,73.2,----,----,3353.2145 S,15111.0849 E,10,1,T,S,V
2018-04-20 10:06:15,27.7,2353,0.09,22.8,73.2,----,----,3353.2154 S,15111.0898 E,10,1,T,S,V
2018-04-20 10:06:24,23.2,2274,0.00,22.8,73.1,----,----,3353.2153 S,15111.0928 E,10,1,T,S,V
2018-04-20 10:06:28,00.0,1949,0.00,22.8,73.0,----,----,3353.2149 S,15111.0938 E,10,1,T,S,V
2018-04-20 10:06:37,31.1,2419,0.13,22.8,73.0,----,----,3353.2141 S,15111.1006 E,11,1,T,S,V
2018-04-20 10:06:48,27.2,2346,0.08,22.8,73.0,----,----,3353.2142 S,15111.1043 E,11,1,T,S,V
2018-04-20 10:06:58,26.6,2330,0.12,22.7,73.0,----,----,3353.2142 S,15111.1087 E,11,1,T,S,V
2018-04-20 10:07:03,00.0,1939,0.00,22.7,73.0,----,----,3353.2141 S,15111.1086 E,11,1,T,S,V
2018-04-20 10:07:12,27.7,2354,0.16,22.7,72.9,----,----,3353.2144 S,15111.1131 E,11,1,T,S,V
2018-04-20 10:07:23,37.4,2520,0.05,22.7,73.0,----,----,3353.2151 S,15111.1172 E,11,1,T,S,V
2018-04-20 10:07:31,33.4,2452,0.03,22.7,72.9,----,----,3353.2152 S,15111.1192 E,11,1,T,S,V
2018-04-20 10:07:35,00.0,1939,0.00,22.7,72.9,----,----,3353.2151 S,15111.1191 E,11,1,T,S,V
2018-04-20 10:07:51,00.0,1939,0.00,22.7,72.8,----,----,3353.2071 S,15111.1169 E,11,1,T,S,V
2018-04-20 10:07:59,32.3,2437,0.08,22.7,72.8,----,----,3353.2067 S,15111.1159 E,10,1,T,S,V
2018-04-20 10:08:08,31.7,2424,0.04,22.6,72.8,----,----,3353.2075 S,15111.1127 E,10,1,T,S,V
2018-04-20 10:08:19,30.6,2401,0.00,22.6,72.8,----,----,3353.2068 S,15111.1074 E,11,1,T,S,V
2018-04-20 10:08:25,25.4,2317,0.00,22.6,72.8,----,----,3353.2066 S,15111.1061 E,11,1,T,S,V
2018-04-20 10:08:28,00.0,1963,0.00,22.6,72.8,----,----,3353.2064 S,15111.1055 E,11,1,T,S,V
2018-04-20 10:08:37,23.7,2289,0.07,22.6,72.8,----,----,3353.2063 S,15111.1004 E,11,1,T,S,V
2018-04-20 10:08:45,24.9,2300,0.05,22.6,72.8,----,----,3353.2063 S,15111.0961 E,12,1,T,S,V
2018-04-20 10:08:53,35.7,2491,0.05,22.6,72.7,----,----,3353.2069 S,15111.0928 E,12,1,T,S,V
2018-04-20 10:08:57,00.0,1939,0.00,22.6,72.7,----,----,3353.2069 S,15111.0923 E,12,1,T,S,V
2018-04-20 10:09:04,21.5,2243,0.09,22.6,72.7,----,----,3353.2070 S,15111.0893 E,12,1,T,S,V
2018-04-20 10:09:22,27.2,2342,0.09,22.6,72.7,----,----,3353.2056 S,15111.0848 E,12,1,T,S,V
2018-04-20 10:09:34,25.4,2319,0.04,22.6,72.7,----,----,3353.2063 S,15111.0796 E,12,1,T,S,V
2018-04-20 10:09:40,00.0,1939,0.00,22.6,72.7,----,----,3353.2063 S,15111.0798 E,12,1,T,S,V
2018-04-20 10:09:46,30.0,2393,0.00,22.6,72.7,----,----,3353.2064 S,15111.0772 E,12,1,T,S,V
2018-04-20 10:09:56,33.4,2454,0.11,22.6,72.7,----,----,3353.2059 S,15111.0734 E,11,1,T,S,V
2018-04-20 10:10:05,40.3,2576,0.15,22.6,72.7,----,----,3353.2060 S,15111.0690 E,12,1,T,S,V
2018-04-20 10:10:08,00.0,1940,0.00,22.6,72.7,----,----,3353.2063 S,15111.0684 E,12,1,T,S,V
2018-04-20 10:10:20,27.2,2348,0.00,22.6,72.8,----,----,3353.2107 S,15111.0682 E,12,1,T,S,V
2018-04-20 10:10:30,32.9,2447,0.00,22.7,72.9,----,----,3353.2108 S,15111.0722 E,12,1,T,S,V
2018-04-20 10:10:42,35.1,2485,0.09,22.7,72.9,----,----,3353.2101 S,15111.0771 E,12,1,T,S,V
2018-04-20 10:11:08,40.8,2587,0.21,22.8,73.0,----,----,3353.2099 S,15111.0811 E,12,1,T,S,V
2018-04-20 10:11:15,29.4,2384,0.13,22.8,73.0,----,----,3353.2096 S,15111.0846 E,12,1,T,S,V
2018-04-20 10:11:21,41.4,2591,0.24,22.7,73.0,----,----,3353.2096 S,15111.0874 E,12,1,T,S,V
2018-04-20 10:11:29,30.0,2391,0.00,22.7,72.9,----,----,3353.2089 S,15111.0931 E,12,1,T,S,V
2018-04-20 10:11:37,26.0,2323,0.28,22.7,72.9,----,----,3353.2099 S,15111.0963 E,12,1,T,S,V
2018-04-20 10:11:45,35.1,2484,0.00,22.7,72.8,----,----,3353.2099 S,15111.1016 E,12,1,T,S,V
2018-04-20 10:11:53,36.3,2507,0.14,22.7,72.8,----,----,3353.2099 S,15111.1050 E,12,1,T,S,V
2018-04-20 10:12:01,35.7,2492,0.08,22.7,72.9,----,----,3353.2098 S,15111.1095 E,12,1,T,S,V
2018-04-20 10:12:07,40.3,2579,0.08,22.7,72.9,----,----,3353.2097 S,15111.1128 E,12,1,T,S,V
2018-04-20 10:12:14,37.4,2525,0.12,22.7,72.9,----,----,3353.2097 S,15111.1169 E,12,1,T,S,V
2018-04-20 10:12:20,46.0,2675,0.16,22.7,72.9,----,----,3353.2093 S,15111.1198 E,12,1,T,S,V
2018-04-20 10:12:45,00.0,1943,0.00,22.7,72.8,----,----,3353.1959 S,15111.1201 E,12,1,T,S,V
2018-04-20 10:12:50,31.7,2425,0.00,22.6,72.8,----,----,3353.1966 S,15111.1196 E,12,1,T,S,V
2018-04-20 10:12:58,33.4,2454,0.00,22.6,72.7,----,----,3353.1972 S,15111.1139 E,12,1,T,S,V
2018-04-20 10:13:06,28.3,2367,0.10,22.5,72.5,----,----,3353.1974 S,15111.1092 E,12,1,T,S,V
2018-04-20 10:13:13,00.0,1939,0.00,22.5,72.5,----,----,3353.1966 S,15111.1059 E,12,1,T,S,V
2018-04-20 10:13:17,29.4,2380,0.14,22.5,72.5,----,----,3353.1968 S,15111.1056 E,12,1,T,S,V
2018-04-20 10:13:25,30.0,2393,0.15,22.5,72.5,----,----,3353.1962 S,15111.1028 E,12,1,T,S,V
2018-04-20 10:13:34,31.1,2412,0.12,22.5,72.5,----,----,3353.1971 S,15111.0963 E,12,1,T,S,V
2018-04-20 10:13:41,00.0,1939,0.00,22.5,72.5,----,----,3353.1978 S,15111.0935 E,12,1,T,S,V
2018-04-20 10:13:45,25.4,2311,0.11,22.5,72.5,----,----,3353.1980 S,15111.0937 E,12,1,T,S,V
2018-04-20 10:13:52,27.2,2343,0.08,22.5,72.5,----,----,3353.1980 S,15111.0901 E,12,1,T,S,V
2018-04-20 10:14:01,30.6,2405,0.06,22.5,72.5,----,----,3353.1974 S,15111.0857 E,11,1,T,S,V
2018-04-20 10:14:08,00.0,1940,0.00,22.5,72.5,----,----,3353.1978 S,15111.0808 E,12,1,T,S,V
2018-04-20 10:14:12,28.9,2371,0.03,22.5,72.5,----,----,3353.1971 S,15111.0802 E,12,1,T,S,V
2018-04-20 10:14:19,35.1,2489,0.23,22.5,72.5,----,----,3353.1960 S,15111.0764 E,12,1,T,S,V
2018-04-20 10:14:28,40.3,2578,0.18,22.4,72.4,----,----,3353.1954 S,15111.0717 E,12,1,T,S,V
2018-04-20 10:14:35,00.0,1940,0.00,22.4,72.4,----,----,3353.1950 S,15111.0683 E,12,1,T,S,V
2018-04-20 10:14:40,26.6,2336,0.04,22.4,72.4,----,----,3353.1958 S,15111.0672 E,12,1,T,S,V
2018-04-20 10:14:51,22.0,2259,0.03,22.5,72.5,----,----,3353.2011 S,15111.0662 E,11,1,T,S,V
2018-04-20 10:15:00,23.7,2282,0.00,22.5,72.6,----,----,3353.1998 S,15111.0732 E,11,1,T,S,V
2018-04-20 10:15:09,35.7,2496,0.25,22.5,72.6,----,----,3353.1991 S,15111.0794 E,11,1,T,S,V
2018-04-20 10:15:19,31.1,2415,0.12,22.5,72.6,----,----,3353.1991 S,15111.0847 E,12,1,T,S,V
2018-04-20 10:15:29,34.6,2474,0.08,22.5,72.6,----,----,3353.1993 S,15111.0902 E,12,1,T,S,V
2018-04-20 10:15:37,35.1,2489,0.23,22.5,72.6,----,----,3353.1995 S,15111.0948 E,12,1,T,S,V
2018-04-20 10:15:46,34.0,2466,0.12,22.5,72.6,----,----,3353.2004 S,15111.0999 E,12,1,T,S,V
2018-04-20 10:15:55,31.1,2410,0.06,22.5,72.6,----,----,3353.2014 S,15111.1042 E,12,1,T,S,V
2018-04-20 10:16:03,35.7,2498,0.11,22.5,72.6,----,----,3353.2013 S,15111.1096 E,12,1,T,S,V
2018-04-20 10:16:13,37.4,2526,0.19,22.5,72.6,----,----,3353.2013 S,15111.1155 E,12,1,T,S,V
2018-04-20 10:16:53,36.3,2503,0.16,22.4,72.4,----,----,3353.2011 S,15111.1200 E,12,1,T,S,V
2018-04-20 10:17:17,00.0,1942,0.00,22.4,72.3,----,----,3353.1878 S,15111.1179 E,12,1,T,S,V
2018-04-20 10:17:21,33.4,2458,0.13,22.4,72.3,----,----,3353.1875 S,15111.1176 E,12,1,T,S,V
2018-04-20 10:17:28,32.9,2440,0.03,22.3,72.2,----,----,3353.1869 S,15111.1141 E,12,1,T,S,V
2018-04-20 10:17:37,26.6,2335,0.07,22.3,72.2,----,----,3353.1874 S,15111.1095 E,12,1,T,S,V
2018-04-20 10:17:43,00.0,1949,0.00,22.2,72.1,----,----,3353.1876 S,15111.1066 E,12,1,T,S,V
2018-04-20 10:17:48,34.0,2461,0.12,22.2,72.1,----,----,3353.1877 S,15111.1056 E,12,1,T,S,V
2018-04-20 10:17:57,31.1,2411,0.06,22.2,72.1,----,----,3353.1878 S,15111.1011 E,12,1,T,S,V
2018-04-20 10:18:05,28.3,2365,0.05,22.2,72.0,----,----,3353.1875 S,15111.0959 E,12,1,T,S,V
2018-04-20 10:18:10,00.0,1943,0.00,22.2,72.0,----,----,3353.1873 S,15111.0937 E,12,1,T,S,V
2018-04-20 10:18:13,29.4,2387,0.07,22.2,72.0,----,----,3353.1872 S,15111.0930 E,12,1,T,S,V
2018-04-20 10:18:22,20.9,2236,0.18,22.2,72.0,----,----,3353.1865 S,15111.0881 E,12,1,T,S,V
2018-04-20 10:18:29,25.4,2316,0.00,22.2,72.0,----,----,3353.1873 S,15111.0852 E,12,1,T,S,V
2018-04-20 10:18:35,00.0,1942,0.00,22.2,72.0,----,----,3353.1877 S,15111.0826 E,12,1,T,S,V
2018-04-20 10:18:39,24.3,2293,0.00,22.2,72.0,----,----,3353.1871 S,15111.0813 E,12,1,T,S,V
2018-04-20 10:18:46,38.6,2542,0.18,22.2,72.0,----,----,3353.1865 S,15111.0762 E,12,1,T,S,V
2018-04-20 10:18:55,37.4,2527,0.25,22.2,72.1,----,----,3353.1869 S,15111.0711 E,12,1,T,S,V
2018-04-20 10:19:01,00.0,1940,0.00,22.2,72.0,----,----,3353.1864 S,15111.0684 E,12,1,T,S,V
2018-04-20 10:19:05,19.2,2208,0.00,22.2,72.0,----,----,3353.1871 S,15111.0675 E,12,1,T,S,V
2018-04-20 10:19:16,26.6,2334,0.00,22.2,72.0,----,----,3353.1897 S,15111.0706 E,11,1,T,S,V
2018-04-20 10:19:25,38.6,2548,0.12,22.2,72.0,----,----,3353.1899 S,15111.0763 E,11,1,T,S,V
2018-04-20 10:19:33,24.9,2300,0.04,22.2,71.9,----,----,3353.1891 S,15111.0821 E,11,1,T,S,V
2018-04-20 10:19:41,34.0,2463,0.17,22.2,71.9,----,----,3353.1899 S,15111.0844 E,12,1,T,S,V
2018-04-20 10:19:49,35.7,2498,0.16,22.1,71.9,----,----,3353.1905 S,15111.0874 E,12,1,T,S,V
2018-04-20 10:19:57,31.1,2413,0.09,22.1,71.9,----,----,3353.1908 S,15111.0925 E,12,1,T,S,V
2018-04-20 10:20:04,41.4,2593,0.18,22.1,71.8,----,----,3353.1918 S,15111.0965 E,12,1,T,S,V
2018-04-20 10:20:11,23.2,2271,0.05,22.1,71.9,----,----,3353.1922 S,15111.1003 E,12,1,T,S,V
2018-04-20 10:20:19,28.3,2367,0.18,22.1,71.9,----,----,3353.1920 S,15111.1048 E,12,1,T,S,V
2018-04-20 10:20:27,28.9,2373,0.00,22.2,71.9,----,----,3353.1919 S,15111.1083 E,12,1,T,S,V
2018-04-20 10:20:35,35.1,2488,0.08,22.2,71.9,----,----,3353.1914 S,15111.1131 E,12,1,T,S,V
2018-04-20 10:20:43,35.1,2485,0.05,22.2,71.9,----,----,3353.1920 S,15111.1178 E,12,1,T,S,V
2018-04-20 10:21:06,00.0,1946,0.00,22.1,71.8,----,----,3353.1776 S,15111.1196 E,12,1,T,S,V
2018-04-20 10:21:09,34.6,2478,0.00,22.0,71.7,----,----,3353.1781 S,15111.1203 E,12,1,T,S,V
2018-04-20 10:21:18,30.0,2395,0.00,22.0,71.6,----,----,3353.1781 S,15111.1140 E,12,1,T,S,V
2018-04-20 10:21:26,24.9,2301,0.21,22.0,71.6,----,----,3353.1773 S,15111.1107 E,12,1,T,S,V
2018-04-20 10:21:31,00.0,1943,0.00,22.0,71.6,----,----,3353.1777 S,15111.1080 E,12,1,T,S,V
2018-04-20 10:21:34,32.9,2447,0.09,22.0,71.6,----,----,3353.1779 S,15111.1075 E,12,1,T,S,V
2018-04-20 10:21:43,31.1,2411,0.09,22.0,71.6,----,----,3353.1784 S,15111.1017 E,12,1,T,S,V
2018-04-20 10:21:51,35.7,2492,0.17,22.0,71.6,----,----,3353.1788 S,15111.0956 E,12,1,T,S,V
2018-04-20 10:21:56,00.0,1943,0.00,22.0,71.6,----,----,3353.1778 S,15111.0934 E,12,1,T,S,V
2018-04-20 10:22:00,31.1,2411,0.21,22.0,71.6,----,----,3353.1776 S,15111.0924 E,12,1,T,S,V
2018-04-20 10:22:07,26.6,2339,0.08,22.0,71.7,----,----,3353.1773 S,15111.0881 E,12,1,T,S,V
2018-04-20 10:22:15,22.6,2262,0.00,22.0,71.7,----,----,3353.1770 S,15111.0853 E,12,1,T,S,V
2018-04-20 10:22:22,02.0,1998,0.00,22.1,71.8,----,----,3353.1769 S,15111.0806 E,12,1,T,S,V
2018-04-20 10:22:27,00.0,1946,0.00,22.1,71.8,----,----,3353.1770 S,15111.0802 E,12,1,T,S,V
2018-04-20 10:22:30,28.9,2375,0.08,22.0,71.7,----,----,3353.1765 S,15111.0805 E,12,1,T,S,V
2018-04-20 10:22:39,35.7,2491,0.16,22.1,71.8,----,----,3353.1767 S,15111.0760 E,12,1,T,S,V
2018-04-20 10:22:47,36.3,2503,0.28,22.1,71.8,----,----,3353.1755 S,15111.0736 E,12,1,T,S,V
2018-04-20 10:22:52,00.0,1942,0.00,22.1,71.8,----,----,3353.1760 S,15111.0698 E,12,1,T,S,V
2018-04-20 10:22:57,28.3,2361,0.07,22.0,71.7,----,----,3353.1762 S,15111.0691 E,12,1,T,S,V
2018-04-20 10:23:10,23.7,2281,0.12,22.0,71.7,----,----,3353.1792 S,15111.0726 E,12,1,T,S,V
2018-04-20 10:23:20,43.7,2633,0.00,22.1,71.8,----,----,3353.1790 S,15111.0798 E,12,1,T,S,V
2018-04-20 10:23:29,36.3,2504,0.00,22.0,71.7,----,----,3353.1800 S,15111.0845 E,12,1,T,S,V
2018-04-20 10:23:38,34.0,2460,0.08,22.0,71.7,----,----,3353.1806 S,15111.0903 E,12,1,T,S,V
2018-04-20 10:23:47,26.0,2324,0.04,22.0,71.7,----,----,3353.1808 S,15111.0960 E,12,1,T,S,V
2018-04-20 10:23:54,35.1,2485,0.05,22.0,71.7,----,----,3353.1810 S,15111.1001 E,12,1,T,S,V
2018-04-20 10:24:01,30.0,2395,0.00,22.0,71.7,----,----,3353.1812 S,15111.1038 E,12,1,T,S,V
2018-04-20 10:24:09,28.3,2362,0.06,22.0,71.6,----,----,3353.1818 S,15111.1074 E,12,1,T,S,V
2018-04-20 10:24:17,27.7,2352,0.16,22.0,71.6,----,----,3353.1827 S,15111.1115 E,12,1,T,S,V
2018-04-20 10:24:26,30.0,2391,0.04,22.0,71.6,----,----,3353.1829 S,15111.1151 E,12,1,T,S,V
2018-04-20 10:24:39,37.4,2521,0.20,21.9,71.4,----,----,3353.1823 S,15111.1194 E,12,1,T,S,V
2018-04-20 10:25:39,00.0,1942,0.00,21.8,71.2,----,----,3353.1689 S,15111.1197 E,11,1,T,S,V
2018-04-20 10:25:43,30.0,2391,0.08,21.8,71.2,----,----,3353.1686 S,15111.1194 E,11,1,T,S,V
2018-04-20 10:25:51,32.9,2445,0.16,21.8,71.3,----,----,3353.1691 S,15111.1147 E,11,1,T,S,V
2018-04-20 10:25:59,33.4,2453,0.09,21.8,71.3,----,----,3353.1696 S,15111.1082 E,11,1,T,S,V
2018-04-20 10:26:05,00.0,1943,0.00,21.8,71.3,----,----,3353.1689 S,15111.1054 E,11,1,T,S,V
2018-04-20 10:26:09,31.7,2429,0.00,21.8,71.3,----,----,3353.1691 S,15111.1058 E,11,1,T,S,V
2018-04-20 10:26:18,29.4,2383,0.00,21.9,71.4,----,----,3353.1697 S,15111.1032 E,11,1,T,S,V
2018-04-20 10:26:28,35.1,2488,0.06,21.9,71.4,----,----,3353.1695 S,15111.0975 E,11,1,T,S,V
2018-04-20 10:26:36,00.0,1943,0.00,21.9,71.5,----,----,3353.1686 S,15111.0937 E,11,1,T,S,V
2018-04-20 10:26:40,34.0,2467,0.02,21.9,71.4,----,----,3353.1686 S,15111.0928 E,11,1,T,S,V
2018-04-20 10:26:46,31.7,2426,0.12,21.9,71.5,----,----,3353.1681 S,15111.0911 E,11,1,T,S,V
2018-04-20 10:26:55,30.6,2409,0.13,22.0,71.6,----,----,3353.1681 S,15111.0860 E,11,1,T,S,V
2018-04-20 10:27:01,00.0,1943,0.00,22.0,71.6,----,----,3353.1679 S,15111.0832 E,11,1,T,S,V
2018-04-20 10:27:08,27.2,2343,0.18,21.9,71.5,----,----,3353.1673 S,15111.0825 E,11,1,T,S,V
2018-04-20 10:27:17,43.1,2627,0.31,21.9,71.4,----,----,3353.1675 S,15111.0778 E,11,1,T,S,V
2018-04-20 10:27:27,40.3,2576,0.12,21.9,71.5,----,----,3353.1676 S,15111.0724 E,11,1,T,S,V
2018-04-20 10:27:34,00.0,1942,0.00,22.0,71.6,----,----,3353.1680 S,15111.0698 E,12,1,T,S,V
2018-04-20 10:27:38,35.7,2498,0.13,22.0,71.6,----,----,3353.1684 S,15111.0697 E,12,1,T,S,V
2018-04-20 10:27:57,32.3,2437,0.15,22.0,71.6,----,----,3353.1724 S,15111.0716 E,12,1,T,S,V
2018-04-20 10:28:05,36.3,2503,0.07,22.0,71.6,----,----,3353.1718 S,15111.0746 E,12,1,T,S,V
2018-04-20 10:28:15,23.2,2276,0.07,22.1,71.8,----,----,3353.1722 S,15111.0813 E,12,1,T,S,V
2018-04-20 10:28:24,24.9,2304,0.11,22.1,71.8,----,----,3353.1729 S,15111.0856 E,12,1,T,S,V
2018-04-20 10:28:32,35.7,2495,0.13,22.1,71.9,----,----,3353.1722 S,15111.0881 E,12,1,T,S,V
2018-04-20 10:28:39,30.6,2400,0.14,22.1,71.8,----,----,3353.1723 S,15111.0917 E,12,1,T,S,V
2018-04-20 10:28:46,31.1,2413,0.18,22.2,71.9,----,----,3353.1726 S,15111.0949 E,12,1,T,S,V
2018-04-20 10:28:53,27.7,2358,0.04,22.2,72.0,----,----,3353.1729 S,15111.0983 E,12,1,T,S,V
2018-04-20 10:29:01,31.7,2429,0.08,22.2,72.0,----,----,3353.1733 S,15111.1026 E,12,1,T,S,V
2018-04-20 10:29:08,32.9,2441,0.13,22.2,72.0,----,----,3353.1729 S,15111.1070 E,12,1,T,S,V
2018-04-20 10:29:16,30.6,2406,0.11,22.2,72.0,----,----,3353.1724 S,15111.1103 E,12,1,T,S,V
2018-04-20 10:29:22,33.4,2451,0.06,22.2,72.1,----,----,3353.1730 S,15111.1137 E,12,1,T,S,V
2018-04-20 10:29:31,34.6,2479,0.15,22.3,72.1,----,----,3353.1740 S,15111.1184 E,12,1,T,S,V
2018-04-20 10:29:52,00.0,1939,0.00,22.2,71.9,----,----,3353.1591 S,15111.1195 E,12,1,T,S,V
2018-04-20 10:29:56,31.1,2418,0.10,22.1,71.8,----,----,3353.1586 S,15111.1189 E,11,1,T,S,V
2018-04-20 10:30:03,45.4,2663,0.24,22.0,71.7,----,----,3353.1587 S,15111.1143 E,12,1,T,S,V
2018-04-20 10:30:12,47.1,2692,0.29,22.0,71.6,----,----,3353.1601 S,15111.1093 E,12,1,T,S,V
2018-04-20 10:30:20,00.0,1943,0.00,21.9,71.5,----,----,3353.1597 S,15111.1062 E,12,1,T,S,V
2018-04-20 10:31:25,47.1,2697,0.38,21.8,71.3,----,----,3353.1595 S,15111.1022 E,12,1,T,S,V
2018-04-20 10:31:47,44.3,2642,0.31,21.6,70.9,----,----,3353.1606 S,15111.0978 E,12,1,T,S,V
2018-04-20 10:32:07,00.0,1945,0.00,21.4,70.5,----,----,3353.1603 S,15111.0951 E,12,1,T,S,V
2018-04-20 10:32:11,38.0,2531,0.18,21.4,70.5,----,----,3353.1599 S,15111.0941 E,12,1,T,S,V
2018-04-20 10:32:21,25.4,2314,0.15,21.4,70.5,----,----,3353.1601 S,15111.0895 E,12,1,T,S,V
2018-04-20 10:32:31,38.0,2535,0.29,21.3,70.4,----,----,3353.1598 S,15111.0850 E,12,1,T,S,V
2018-04-20 10:32:38,00.0,1947,0.00,21.3,70.3,----,----,3353.1592 S,15111.0811 E,12,1,T,S,V
2018-04-20 10:32:41,35.7,2499,0.12,21.3,70.3,----,----,3353.1588 S,15111.0815 E,12,1,T,S,V
2018-04-20 10:32:48,34.6,2476,0.10,21.2,70.2,----,----,3353.1588 S,15111.0791 E,12,1,T,S,V
2018-04-20 10:32:57,44.3,2644,0.12,21.2,70.3,----,----,3353.1570 S,15111.0741 E,13,1,T,S,V
2018-04-20 10:33:02,00.0,1940,0.00,21.3,70.3,----,----,3353.1570 S,15111.0717 E,13,1,T,S,V
2018-04-20 10:33:06,29.4,2382,0.09,21.3,70.3,----,----,3353.1571 S,15111.0705 E,13,1,T,S,V
2018-04-20 10:33:15,26.0,2321,0.00,21.3,70.4,----,----,3353.1611 S,15111.0723 E,12,1,T,S,V
2018-04-20 10:33:23,46.5,2684,0.24,21.4,70.5,----,----,3353.1612 S,15111.0776 E,13,1,T,S,V
2018-04-20 10:33:32,37.4,2526,0.11,21.4,70.5,----,----,3353.1618 S,15111.0810 E,13,1,T,S,V
2018-04-20 10:33:39,34.6,2477,0.10,21.4,70.5,----,----,3353.1626 S,15111.0843 E,13,1,T,S,V
2018-04-20 10:33:47,43.1,2626,0.42,21.3,70.4,----,----,3353.1626 S,15111.0903 E,13,1,T,S,V
2018-04-20 10:33:55,42.0,2601,0.14,21.3,70.4,----,----,3353.1617 S,15111.0916 E,13,1,T,S,V
2018-04-20 10:34:02,38.6,2546,0.11,21.3,70.3,----,----,3353.1612 S,15111.0960 E,13,1,T,S,V
2018-04-20 10:34:10,43.7,2637,0.16,21.3,70.3,----,----,3353.1619 S,15111.1011 E,13,1,T,S,V
2018-04-20 10:34:17,40.3,2571,0.23,21.3,70.4,----,----,3353.1617 S,15111.1056 E,13,1,T,S,V
2018-04-20 10:34:25,40.8,2589,0.22,21.3,70.5,----,----,3353.1614 S,15111.1088 E,13,1,T,S,V
2018-04-20 10:34:33,34.0,2468,0.21,21.3,70.5,----,----,3353.1618 S,15111.1132 E,12,1,T,S,V
2018-04-20 10:34:39,32.9,2442,0.15,21.3,70.4,----,----,3353.1611 S,15111.1181 E,13,1,T,S,V
2018-04-20 10:34:43,36.8,2518,0.09,21.3,70.5,----,----,3353.1605 S,15111.1206 E,13,1,T,S,V
2018-04-20 10:36:31,00.0,1942,0.00,21.3,70.4,----,----,3353.2246 S,15111.1173 E,13,1,T,S,V
2018-04-20 10:36:36,36.8,2513,0.05,21.3,70.4,----,----,3353.2253 S,15111.1167 E,13,1,T,S,V
2018-04-20 10:36:44,31.1,2410,0.06,21.3,70.4,----,----,3353.2249 S,15111.1127 E,13,1,T,S,V
2018-04-20 10:36:53,35.1,2488,0.04,21.4,70.5,----,----,3353.2245 S,15111.1071 E,13,1,T,S,V
2018-04-20 10:36:59,00.0,1943,0.00,21.4,70.6,----,----,3353.2247 S,15111.1055 E,13,1,T,S,V
2018-04-20 10:37:02,40.8,2586,0.12,21.4,70.6,----,----,3353.2249 S,15111.1043 E,13,1,T,S,V
2018-04-20 10:37:10,57.9,2885,0.32,21.5,70.7,----,----,3353.2248 S,15111.1008 E,13,1,T,S,V
2018-04-20 10:37:23,51.7,2773,0.40,21.5,70.8,----,----,3353.2269 S,15111.0944 E,13,1,T,S,V
2018-04-20 10:37:30,00.0,1944,0.00,21.6,70.9,----,----,3353.2258 S,15111.0921 E,13,1,T,S,V
2018-04-20 10:37:34,46.0,2677,0.19,21.6,70.9,----,----,3353.2262 S,15111.0903 E,13,1,T,S,V
2018-04-20 10:37:43,52.8,2793,0.15,21.6,71.0,----,----,3353.2285 S,15111.0860 E,13,1,T,S,V
2018-04-20 10:37:53,24.3,2299,0.00,21.7,71.0,----,----,3353.2312 S,15111.0779 E,13,1,T,S,V
2018-04-20 10:38:00,00.0,1940,0.00,21.7,71.1,----,----,3353.2309 S,15111.0736 E,13,1,T,S,V
2018-04-20 10:38:05,26.6,2330,0.02,21.7,71.1,----,----,3353.2299 S,15111.0708 E,13,1,T,S,V
2018-04-20 10:38:14,26.6,2337,0.11,21.8,71.2,----,----,3353.2280 S,15111.0659 E,13,1,T,S,V
2018-04-20 10:38:22,27.7,2357,0.04,21.8,71.3,----,----,3353.2255 S,15111.0676 E,13,1,T,S,V
2018-04-20 10:38:27,00.0,1939,0.00,21.8,71.3,----,----,3353.2246 S,15111.0656 E,13,1,T,S,V
2018-04-20 10:38:32,31.1,2418,0.08,21.8,71.3,----,----,3353.2245 S,15111.0643 E,13,1,T,S,V
2018-04-20 10:38:43,36.3,2508,0.20,21.9,71.4,----,----,3353.2201 S,15111.0677 E,13,1,T,S,V
2018-04-20 10:38:52,39.7,2560,0.26,21.9,71.4,----,----,3353.2184 S,15111.0745 E,12,1,T,S,V
2018-04-20 10:39:01,36.3,2500,0.04,21.9,71.4,----,----,3353.2175 S,15111.0800 E,11,1,T,S,V
2018-04-20 10:39:09,34.0,2461,0.16,21.9,71.4,----,----,3353.2179 S,15111.0843 E,13,1,T,S,V
2018-04-20 10:39:19,39.7,2563,0.11,21.9,71.5,----,----,3353.2190 S,15111.0899 E,13,1,T,S,V
2018-04-20 10:39:26,38.6,2547,0.15,22.0,71.6,----,----,3353.2199 S,15111.0939 E,12,1,T,S,V
2018-04-20 10:39:34,34.6,2479,0.05,22.0,71.6,----,----,3353.2203 S,15111.0977 E,13,1,T,S,V
2018-04-20 10:39:40,40.3,2576,0.03,22.0,71.6,----,----,3353.2213 S,15111.0997 E,13,1,T,S,V
2018-04-20 10:39:47,35.7,2498,0.23,22.0,71.6,----,----,3353.2208 S,15111.1035 E,13,1,T,S,V
2018-04-20 10:39:54,31.1,2418,0.07,22.0,71.6,----,----,3353.2205 S,15111.1075 E,13,1,T,S,V
2018-04-20 10:39:59,40.8,2584,0.28,22.0,71.6,----,----,3353.2212 S,15111.1100 E,13,1,T,S,V
2018-04-20 10:40:04,30.0,2397,0.10,22.0,71.6,----,----,3353.2212 S,15111.1126 E,13,1,T,S,V
2018-04-20 10:40:11,44.3,2645,0.32,22.0,71.7,----,----,3353.2213 S,15111.1157 E,13,1,T,S,V
2018-04-20 10:48:50,36.3,2500,0.23,23.9,75.0,----,----,3353.2436 S,15111.1153 E,13,1,T,S,V
2018-04-20 10:49:14,20.9,2232,0.05,23.7,74.7,----,----,3353.2586 S,15111.1116 E,14,1,T,S,V
2018-04-20 10:49:24,19.2,2201,0.08,23.7,74.7,----,----,3353.2623 S,15111.1132 E,14,1,T,S,V
2018-04-20 10:49:35,24.3,2294,0.10,23.7,74.7,----,----,3353.2634 S,15111.1065 E,14,1,T,S,V
2018-04-20 10:49:48,31.7,2423,0.23,23.7,74.7,----,----,3353.2598 S,15111.1015 E,14,1,T,S,V
2018-04-20 10:50:10,29.4,2388,0.20,23.7,74.6,----,----,3353.2497 S,15111.0926 E,14,1,T,S,V
2018-04-20 10:50:19,38.6,2541,0.26,23.6,74.5,----,----,3353.2471 S,15111.0903 E,14,1,T,S,V
2018-04-20 10:50:42,35.1,2482,0.24,23.5,74.4,----,----,3353.2604 S,15111.0875 E,14,1,T,S,V
2018-04-20 10:50:53,35.7,2498,0.25,23.5,74.4,----,----,3353.2668 S,15111.0874 E,14,1,T,S,V
2018-04-20 10:51:05,28.3,2363,0.17,23.5,74.4,----,----,3353.2728 S,15111.0908 E,13,1,T,S,V
2018-04-20 10:51:21,19.2,2206,0.16,23.5,74.4,----,----,3353.2805 S,15111.0952 E,14,1,T,S,V
2018-04-20 10:51:32,26.6,2339,0.00,23.5,74.3,----,----,3353.2825 S,15111.0988 E,14,1,T,S,V
2018-04-20 10:51:41,19.2,2203,0.07,23.4,74.2,----,----,3353.2854 S,15111.0994 E,14,1,T,S,V
2018-04-20 10:51:54,22.6,2265,0.03,23.4,74.2,----,----,3353.2864 S,15111.1045 E,14,1,T,S,V
2018-04-20 10:52:10,15.2,2134,0.09,23.5,74.3,----,----,3353.2863 S,15111.0951 E,14,1,T,S,V
2018-04-20 10:52:25,40.3,2571,0.31,23.4,74.2,----,----,3353.2884 S,15111.0878 E,14,1,T,S,V
2018-04-20 10:52:39,28.3,2361,0.39,23.4,74.2,----,----,3353.2941 S,15111.0813 E,14,1,T,S,V
2018-04-20 10:53:29,35.1,2484,0.07,23.5,74.4,----,----,3353.3020 S,15111.1200 E,14,1,T,S,V
2018-04-20 10:53:48,44.3,2648,0.33,23.5,74.4,----,----,3353.2897 S,15111.1230 E,12,1,T,S,V
2018-04-20 10:54:03,33.4,2453,0.22,23.5,74.4,----,----,3353.2822 S,15111.1182 E,13,1,T,S,V
2018-04-20 10:54:09,40.6,2811,0.79,23.5,74.3,----,----,3353.2816 S,15111.1136 E,13,1,T,S,V
2018-04-20 10:54:27,35.7,2493,0.39,23.5,74.3,----,----,3353.2697 S,15111.1163 E,13,1,T,S,V
2018-04-20 10:54:38,20.9,2233,0.04,23.4,74.2,----,----,3353.2628 S,15111.1159 E,13,1,T,S,V
2018-04-20 10:59:47,20.3,2222,0.21,22.5,72.6,----,----,0000.0000 N,00000.0000 W,0,0,T,S,V
2018-04-20 10:59:59,32.9,2440,0.22,22.5,72.5,----,----,0000.0000 N,00000.0000 W,0,0,T,S,V
2018-04-20 11:00:10,34.6,2471,0.32,22.4,72.4,----,----,0000.0000 N,00000.0000 W,0,0,T,S,V
2018-04-20 11:00:22,36.3,2505,0.45,22.4,72.4,----,----,0000.0000 N,00000.0000 W,0,0,T,S,V
2018-04-20 11:00:32,31.7,2425,0.44,22.4,72.3,----,----,3353.2515 S,15111.2048 E,4,1,T,S,V
2018-04-20 11:00:43,33.4,2458,0.39,22.4,72.3,----,----,3353.2541 S,15111.2108 E,4,1,T,S,V
2018-04-20 11:00:57,22.6,2263,0.24,22.3,72.2,----,----,3353.2600 S,15111.2122 E,5,1,T,S,V
2018-04-20 11:01:08,22.6,2266,0.19,22.3,72.2,----,----,3353.2648 S,15111.2143 E,5,1,T,S,V
2018-04-20 11:01:19,23.2,2276,0.05,22.4,72.3,----,----,3353.2711 S,15111.2081 E,7,1,T,S,V
2018-04-20 11:01:29,25.4,2319,0.16,22.4,72.4,----,----,3353.2690 S,15111.2158 E,7,1,T,S,V
2018-04-20 11:01:46,23.2,2276,0.25,22.4,72.4,----,----,3353.2696 S,15111.2323 E,9,1,T,S,V
2018-04-20 11:01:57,22.6,2264,0.12,22.5,72.5,----,----,3353.2673 S,15111.2414 E,9,1,T,S,V
2018-04-20 11:02:05,26.6,2338,0.39,22.5,72.6,----,----,3353.2629 S,15111.2424 E,9,1,T,S,V
2018-04-20 11:02:14,31.7,2423,0.37,22.5,72.6,----,----,3353.2570 S,15111.2414 E,9,1,T,S,V
2018-04-20 11:02:26,28.3,2366,0.27,22.6,72.7,----,----,3353.2530 S,15111.2416 E,9,1,T,S,V
2018-04-20 11:02:38,27.2,2340,0.26,22.5,72.6,----,----,3353.2484 S,15111.2407 E,9,1,T,S,V
2018-04-20 11:02:51,31.7,2423,0.28,22.5,72.6,----,----,3353.2468 S,15111.2314 E,10,1,T,S,V
2018-04-20 11:03:02,28.9,2379,0.21,22.6,72.7,----,----,3353.2479 S,15111.2251 E,10,1,T,S,V
2018-04-20 11:03:14,37.4,2529,0.41,22.6,72.7,----,----,3353.2540 S,15111.2205 E,10,1,T,S,V
2018-04-20 11:03:45,21.5,2244,0.02,22.8,73.0,----,----,3353.2681 S,15111.1992 E,10,1,T,S,V
2018-04-20 11:03:58,29.4,2381,0.24,22.8,73.1,----,----,3353.2703 S,15111.1921 E,10,1,T,S,V
2018-04-20 11:10:47,43.1,2628,0.48,24.3,75.7,----,----,0000.0000 N,00000.0000 W,0,0,T,S,V
2018-04-20 11:10:54,27.7,2350,0.24,24.3,75.8,----,----,0000.0000 N,00000.0000 W,0,0,T,S,V
2018-04-20 11:11:02,37.4,2528,0.49,24.3,75.9,----,----,0000.0000 N,00000.0000 W,0,0,T,S,V
2018-04-20 11:11:08,24.9,2308,0.14,24.4,75.9,----,----,0000.0000 N,00000.0000 W,0,0,T,S,V
2018-04-20 11:11:14,30.0,2398,0.19,24.4,76.0,----,----,0000.0000 N,00000.0000 W,0,0,T,S,V
2018-04-20 11:11:20,27.2,2348,0.18,24.4,76.0,----,----,0000.0000 N,00000.0000 W,0,0,T,S,V
2018-04-20 11:11:25,26.0,2322,0.12,24.5,76.1,----,----,0000.0000 N,00000.0000 W,0,0,T,S,V
2018-04-20 11:11:30,31.7,2429,0.38,24.5,76.1,----,----,0000.0000 N,00000.0000 W,0,0,T,S,V
2018-04-20 11:11:36,26.0,2325,0.08,24.5,76.1,----,----,0000.0000 N,00000.0000 W,0,0,T,S,V
2018-04-20 11:11:42,36.3,2502,0.21,24.5,76.1,----,----,0000.0000 N,00000.0000 W,0,0,T,S,V
2018-04-20 11:11:48,37.4,2521,0.27,24.5,76.1,----,----,0000.0000 N,00000.0000 W,0,0,T,S,V
2018-04-20 11:11:56,44.8,2657,0.36,24.5,76.1,----,----,0000.0000 N,00000.0000 W,0,0,T,S,V
2018-04-20 11:12:02,39.1,2554,0.22,24.5,76.1,----,----,3353.2280 S,15111.2932 E,3,1,T,S,V
2018-04-20 11:12:08,32.3,2438,0.18,24.5,76.1,----,----,3353.2284 S,15111.2973 E,3,1,T,S,V
2018-04-20 11:12:20,47.1,2693,0.31,24.5,76.1,----,----,3353.2213 S,15111.2957 E,3,1,T,S,V
2018-04-20 11:12:26,00.0,1969,0.00,24.5,76.1,----,----,3353.2220 S,15111.2925 E,3,1,T,S,V
2018-04-20 11:12:32,36.3,2508,0.26,24.4,76.0,----,----,3353.2623 S,15111.2706 E,5,1,T,S,V
2018-04-20 11:12:40,30.0,2390,0.18,24.4,76.0,----,----,3353.2614 S,15111.2663 E,5,1,T,S,V
2018-04-20 11:12:46,36.8,2510,0.26,24.4,76.0,----,----,3353.2628 S,15111.2643 E,5,1,T,S,V
2018-04-20 11:12:53,42.0,2602,0.27,24.4,76.0,----,----,3353.2636 S,15111.2618 E,5,1,T,S,V
2018-04-20 11:13:00,38.6,2543,0.28,24.4,76.0,----,----,3353.2596 S,15111.2612 E,6,1,T,S,V
2018-04-20 11:13:06,30.6,2404,0.19,24.4,76.0,----,----,3353.2599 S,15111.2636 E,6,1,T,S,V
2018-04-20 11:13:12,38.0,2531,0.27,24.5,76.1,----,----,3353.2579 S,15111.2674 E,6,1,T,S,V
2018-04-20 11:13:20,34.0,2462,0.37,24.5,76.1,----,----,3353.2574 S,15111.2727 E,6,1,T,S,V
2018-04-20 11:13:26,27.7,2353,0.13,24.5,76.1,----,----,3353.2567 S,15111.2754 E,6,1,T,S,V
2018-04-20 11:13:32,26.0,2328,0.07,24.5,76.1,----,----,3353.2561 S,15111.2790 E,6,1,T,S,V
2018-04-20 11:13:57,29.4,2381,0.19,24.4,76.0,----,----,3353.2509 S,15111.2605 E,6,1,T,S,V
2018-04-20 11:14:02,35.1,2481,0.21,24.4,76.0,----,----,3353.2503 S,15111.2626 E,6,1,T,S,V
2018-04-20 11:14:08,34.0,2467,0.22,24.4,76.0,----,----,3353.2500 S,15111.2654 E,6,1,T,S,V
2018-04-20 11:14:15,28.9,2374,0.13,24.4,76.0,----,----,3353.2498 S,15111.2715 E,6,1,T,S,V
2018-04-20 11:14:20,30.6,2402,0.31,24.5,76.1,----,----,3353.2488 S,15111.2739 E,7,1,T,S,V
2018-04-20 11:14:26,33.4,2451,0.20,24.5,76.1,----,----,3353.2484 S,15111.2771 E,7,1,T,S,V
2018-04-20 11:14:38,00.0,1969,0.00,24.5,76.1,----,----,3353.2420 S,15111.2751 E,7,1,T,S,V
2018-04-20 11:14:44,50.0,2743,0.43,24.5,76.1,----,----,3353.2417 S,15111.2741 E,7,1,T,S,V
2018-04-20 11:14:52,36.8,2517,0.34,24.5,76.1,----,----,3353.2425 S,15111.2726 E,7,1,T,S,V
2018-04-20 11:14:59,35.7,2497,0.30,24.5,76.1,----,----,3353.2421 S,15111.2684 E,7,1,T,S,V
2018-04-20 11:15:07,44.3,2641,0.36,24.5,76.1,----,----,3353.2424 S,15111.2636 E,8,1,T,S,V
2018-04-20 11:15:14,00.1,1971,0.21,24.5,76.1,----,----,3353.2420 S,15111.2611 E,8,1,T,S,V
2018-04-20 11:15:19,40.8,2584,0.35,24.5,76.1,----,----,3353.2421 S,15111.2620 E,8,1,T,S,V
2018-04-20 11:15:26,47.7,2702,0.38,24.5,76.2,----,----,3353.2425 S,15111.2595 E,8,1,T,S,V
2018-04-20 11:15:38,40.8,2582,0.21,24.5,76.2,----,----,3353.2370 S,15111.2571 E,8,1,T,S,V
2018-04-20 11:15:44,41.3,2595,0.51,24.5,76.2,----,----,3353.2364 S,15111.2587 E,8,1,T,S,V
2018-04-20 11:15:51,35.7,2495,0.27,24.5,76.2,----,----,3353.2360 S,15111.2619 E,8,1,T,S,V
2018-04-20 11:15:59,31.1,2415,0.22,24.5,76.2,----,----,3353.2353 S,15111.2685 E,8,1,T,S,V
2018-04-20 11:16:05,31.1,2403,0.59,24.5,76.1,----,----,3353.2346 S,15111.2714 E,9,1,T,S,V
2018-04-20 11:16:13,40.1,2589,0.55,24.5,76.1,----,----,3353.2350 S,15111.2743 E,9,1,T,S,V
2018-04-20 11:16:30,40.3,2578,0.37,24.5,76.1,----,----,3353.2350 S,15111.2816 E,9,1,T,S,V
2018-04-20 11:16:36,43.2,2627,0.51,24.5,76.2,----,----,3353.2339 S,15111.2849 E,9,1,T,S,V
2018-04-20 11:16:43,30.0,2396,0.13,24.5,76.2,----,----,3353.2335 S,15111.2879 E,9,1,T,S,V
2018-04-20 11:16:51,30.6,2403,0.09,24.6,76.3,----,----,3353.2329 S,15111.2921 E,9,1,T,S,V
2018-04-20 11:16:58,40.4,2684,0.71,24.6,76.3,----,----,3353.2328 S,15111.2937 E,9,1,T,S,V
2018-04-20 11:17:06,26.6,2338,0.13,24.5,76.2,----,----,3353.2316 S,15111.2982 E,9,1,T,S,V
2018-04-20 11:17:19,46.3,2769,0.62,24.5,76.1,----,----,3353.2363 S,15111.2974 E,9,1,T,S,V
2018-04-20 11:17:26,48.1,2757,0.56,24.4,76.0,----,----,3353.2379 S,15111.2942 E,9,1,T,S,V
2018-04-20 11:17:33,42.5,2612,0.39,24.3,75.9,----,----,3353.2397 S,15111.2907 E,9,1,T,S,V
2018-04-20 11:17:41,38.6,2541,0.25,24.4,75.9,----,----,3353.2407 S,15111.2859 E,10,1,T,S,V
2018-04-20 11:17:49,52.8,2791,0.48,24.4,76.0,----,----,3353.2417 S,15111.2832 E,10,1,T,S,V
2018-04-20 11:17:56,54.5,2827,0.49,24.5,76.1,----,----,3353.2428 S,15111.2797 E,10,1,T,S,V
2018-04-20 11:18:09,29.4,2381,0.25,24.5,76.1,----,----,3353.2485 S,15111.2824 E,10,1,T,S,V
2018-04-20 11:18:17,39.1,2550,0.32,24.4,76.0,----,----,3353.2482 S,15111.2848 E,12,1,T,S,V
2018-04-20 11:18:24,30.0,2393,0.00,24.5,76.1,----,----,3353.2466 S,15111.2890 E,12,1,T,S,V
2018-04-20 11:18:33,42.0,2600,0.28,24.5,76.1,----,----,3353.2461 S,15111.2937 E,12,1,T,S,V
2018-04-20 11:18:41,39.7,2564,0.36,24.4,76.0,----,----,3353.2452 S,15111.2956 E,12,1,T,S,V
2018-04-20 11:18:48,41.4,2597,0.48,24.3,75.8,----,----,3353.2456 S,15111.2969 E,12,1,T,S,V
2018-04-20 11:19:16,24.9,2302,0.09,24.1,75.5,----,----,3353.2536 S,15111.2986 E,12,1,T,S,V
2018-04-20 11:19:24,41.4,2591,0.34,24.1,75.4,----,----,3353.2540 S,15111.2966 E,12,1,T,S,V
2018-04-20 11:19:32,23.2,2274,0.09,24.0,75.3,----,----,3353.2552 S,15111.2926 E,12,1,T,S,V
2018-04-20 11:19:40,33.4,2458,0.12,24.1,75.3,----,----,3353.2548 S,15111.2898 E,12,1,T,S,V
2018-04-20 11:19:48,41.3,2627,0.58,24.1,75.4,----,----,3353.2553 S,15111.2862 E,12,1,T,S,V
2018-04-20 11:19:56,42.0,2600,0.37,24.1,75.5,----,----,3353.2557 S,15111.2834 E,11,1,T,S,V
2018-04-20 11:20:08,57.4,2870,0.44,24.2,75.5,----,----,3353.2594 S,15111.2848 E,11,1,T,S,V
2018-04-20 11:20:16,48.8,2725,0.41,24.2,75.6,----,----,3353.2601 S,15111.2891 E,11,1,T,S,V
2018-04-20 11:20:23,29.4,2384,0.22,24.3,75.7,----,----,3353.2583 S,15111.2932 E,12,1,T,S,V
2018-04-20 11:20:32,36.8,2512,0.19,24.3,75.7,----,----,3353.2576 S,15111.2960 E,12,1,T,S,V
2018-04-20 11:20:40,50.0,2749,0.40,24.2,75.6,----,----,3353.2567 S,15111.3006 E,12,1,T,S,V
2018-04-20 11:20:50,40.8,2586,0.41,24.1,75.3,----,----,3353.2561 S,15111.3038 E,12,1,T,S,V
2018-04-20 11:21:05,27.7,2351,0.19,23.9,75.1,----,----,3353.2633 S,15111.3039 E,12,1,T,S,V
2018-04-20 11:21:13,22.6,2267,0.05,23.9,75.0,----,----,3353.2658 S,15111.2983 E,12,1,T,S,V
2018-04-20 11:21:22,23.7,2287,0.11,23.8,74.9,----,----,3353.2662 S,15111.2960 E,12,1,T,S,V
2018-04-20 11:21:33,26.6,2339,0.14,23.8,74.9,----,----,3353.2671 S,15111.2924 E,12,1,T,S,V
2018-04-20 11:21:43,26.6,2331,0.24,23.8,74.9,----,----,3353.2673 S,15111.2901 E,12,1,T,S,V
2018-04-20 11:21:52,28.3,2369,0.10,23.9,75.0,----,----,3353.2682 S,15111.2861 E,12,1,T,S,V
2018-04-20 12:15:19,12.8,2102,0.00,23.1,73.6,----,----,0000.0000 N,00000.0000 W,0,0,T,S,V
2018-04-20 12:15:37,15.8,2141,0.00,23.2,73.8,----,----,0000.0000 N,00000.0000 W,0,0,T,S,V
2018-04-20 12:15:53,15.8,2141,0.04,23.3,74.0,----,----,0000.0000 N,00000.0000 W,0,0,T,S,V
2018-04-20 12:16:10,16.3,2156,0.04,23.4,74.1,----,----,0000.0000 N,00000.0000 W,0,0,T,S,V
2018-04-20 12:16:29,12.8,2107,0.00,23.5,74.3,----,----,0000.0000 N,00000.0000 W,0,0,T,S,V
2018-04-20 12:16:44,07.9,2054,0.00,23.6,74.5,----,----,3353.2503 S,15110.9549 E,5,1,T,S,V
2018-04-20 12:16:58,15.8,2149,0.12,23.7,74.7,----,----,3353.2464 S,15110.9618 E,7,1,T,S,V
2018-04-20 12:17:11,16.3,2151,0.00,23.8,74.9,----,----,3353.2396 S,15110.9641 E,10,1,T,S,V
2018-04-20 12:17:30,18.0,2185,0.09,24.0,75.2,----,----,3353.2344 S,15110.9741 E,10,1,T,S,V
2018-04-20 12:17:44,16.3,2157,0.00,24.1,75.5,----,----,3353.2288 S,15110.9800 E,10,1,T,S,V
2018-04-20 12:18:02,11.8,2098,0.00,24.3,75.7,----,----,3353.2217 S,15110.9736 E,10,1,T,S,V
2018-04-20 12:18:17,12.8,2106,0.00,24.4,75.9,----,----,3353.2289 S,15110.9649 E,10,1,T,S,V
2018-04-20 12:18:32,18.6,2191,0.11,24.5,76.2,----,----,3353.2374 S,15110.9628 E,10,1,T,S,V
2018-04-20 12:18:45,15.2,2131,0.00,24.7,76.4,----,----,3353.2423 S,15110.9567 E,10,1,T,S,V
2018-04-20 12:18:56,11.8,2099,0.00,24.7,76.5,----,----,3353.2422 S,15110.9483 E,10,1,T,S,V
2018-04-20 12:19:14,14.8,2120,0.00,24.9,76.8,----,----,3353.2311 S,15110.9371 E,10,1,T,S,V
2018-04-20 12:19:27,14.8,2129,0.12,25.0,77.0,----,----,3353.2251 S,15110.9450 E,10,1,T,S,V
2018-04-20 12:19:40,15.8,2143,0.07,25.1,77.2,----,----,3353.2197 S,15110.9506 E,10,1,T,S,V
2018-04-20 12:19:54,16.3,2151,0.11,25.2,77.3,----,----,3353.2157 S,15110.9560 E,10,1,T,S,V
2018-04-20 12:20:10,12.8,2102,0.05,25.3,77.6,----,----,3353.2083 S,15110.9489 E,10,1,T,S,V
2018-04-20 12:20:23,12.8,2103,0.02,25.4,77.8,----,----,3353.2130 S,15110.9404 E,10,1,T,S,V
2018-04-20 12:20:38,14.8,2124,0.08,25.5,78.0,----,----,3353.2184 S,15110.9343 E,11,1,T,S,V
2018-04-20 12:20:52,14.8,2120,0.03,25.6,78.2,----,----,3353.2256 S,15110.9280 E,11,1,T,S,V
2018-04-20 12:21:08,18.0,2185,0.02,25.7,78.3,----,----,3353.2170 S,15110.9201 E,11,1,T,S,V
2018-04-20 12:21:18,18.0,2186,0.00,25.8,78.5,----,----,3353.2131 S,15110.9273 E,11,1,T,S,V
2018-04-20 12:21:30,18.0,2185,0.03,25.9,78.6,----,----,3353.2094 S,15110.9322 E,11,1,T,S,V
2018-04-20 12:21:39,07.9,2058,0.00,25.9,78.7,----,----,3353.2078 S,15110.9360 E,11,1,T,S,V
2018-04-20 12:21:49,10.9,2087,0.00,26.0,78.9,----,----,3353.2036 S,15110.9406 E,12,1,T,S,V
2018-04-20 12:21:59,09.9,2073,0.00,26.1,79.1,----,----,3353.2000 S,15110.9445 E,12,1,T,S,V
2018-04-20 12:23:03,17.5,2170,0.03,26.5,79.7,----,----,0000.0000 N,00000.0000 W,0,0,T,S,V
2018-04-20 12:23:20,13.8,2113,0.00,26.6,79.9,----,----,0000.0000 N,00000.0000 W,0,0,T,S,V
2018-04-20 12:23:38,15.8,2140,0.00,26.7,80.1,----,----,0000.0000 N,00000.0000 W,0,0,T,S,V
2018-04-20 12:23:56,14.8,2126,0.00,26.8,80.3,----,----,0000.0000 N,00000.0000 W,0,0,T,S,V
2018-04-20 12:24:10,19.2,2209,0.07,26.9,80.5,----,----,3353.1987 S,15110.9127 E,5,1,T,S,V
2018-04-20 12:24:24,11.8,2098,0.00,27.1,80.8,----,----,3353.1925 S,15110.9184 E,5,1,T,S,V
2018-04-20 12:24:40,15.8,2148,0.07,27.2,81.0,----,----,3353.1845 S,15110.9116 E,6,1,T,S,V
2018-04-20 12:24:57,18.0,2189,0.00,27.3,81.2,----,----,3353.1883 S,15110.9045 E,6,1,T,S,V
2018-04-20 12:25:14,14.8,2128,0.00,27.4,81.4,----,----,3353.1936 S,15110.8947 E,7,1,T,S,V
2018-04-20 12:25:31,14.8,2122,0.00,27.5,81.6,----,----,3353.1876 S,15110.8879 E,7,1,T,S,V
2018-04-20 12:25:47,15.8,2149,0.11,27.6,81.7,----,----,3353.1801 S,15110.8941 E,7,1,T,S,V
2018-04-20 12:26:03,15.8,2146,0.00,27.7,81.9,----,----,3353.1718 S,15110.9026 E,8,1,T,S,V
2018-04-20 12:26:17,20.3,2229,0.12,27.7,81.9,----,----,3353.1637 S,15110.8957 E,8,1,T,S,V
2018-04-20 12:26:28,09.9,2073,0.00,27.6,81.7,----,----,3353.1675 S,15110.8908 E,8,1,T,S,V
2018-04-20 12:26:42,16.9,2166,0.04,27.7,81.8,----,----,3353.1737 S,15110.8845 E,10,1,T,S,V
2018-04-20 12:55:21,28.3,2363,0.03,28.4,83.1,----,----,0000.0000 N,00000.0000 W,0,0,T,S,V
2018-04-20 12:55:36,28.9,2379,0.07,28.3,83.0,----,----,0000.0000 N,00000.0000 W,0,0,T,S,V
2018-04-20 12:55:56,18.6,2198,0.00,28.3,83.0,----,----,0000.0000 N,00000.0000 W,0,0,T,S,V
2018-04-20 12:56:10,20.3,2227,0.18,28.3,82.9,----,----,0000.0000 N,00000.0000 W,0,0,T,S,V
2018-04-20 12:56:32,19.7,2215,0.00,28.3,82.9,----,----,3353.4030 S,15111.0915 E,4,1,T,S,V
2018-04-20 12:56:57,24.9,2303,0.21,28.2,82.8,----,----,3353.4130 S,15111.0992 E,6,1,T,S,V
2018-04-20 12:57:13,23.7,2288,0.12,28.2,82.8,----,----,3353.4155 S,15111.0887 E,7,1,T,S,V
2018-04-20 12:57:29,23.2,2276,0.07,28.2,82.8,----,----,3353.4182 S,15111.0780 E,8,1,T,S,V
2018-04-20 12:57:44,23.7,2281,0.22,28.1,82.7,----,----,3353.4190 S,15111.0715 E,8,1,T,S,V
2018-04-20 12:58:06,21.5,2244,0.00,28.1,82.6,----,----,3353.4303 S,15111.0640 E,8,1,T,S,V
2018-04-20 12:58:19,27.2,2342,0.07,28.0,82.5,----,----,3353.4308 S,15111.0758 E,8,1,T,S,V
2018-04-20 12:58:41,27.2,2348,0.15,27.8,82.1,----,----,3353.4297 S,15111.0914 E,8,1,T,S,V
2018-04-20 12:58:55,25.4,2319,0.12,27.7,82.0,----,----,3353.4266 S,15111.1003 E,8,1,T,S,V
2018-04-20 12:59:09,25.4,2314,0.04,27.7,81.9,----,----,3353.4329 S,15111.1054 E,8,1,T,S,V
2018-04-20 12:59:23,27.7,2354,0.09,27.6,81.7,----,----,3353.4416 S,15111.1070 E,8,1,T,S,V
2018-04-20 12:59:34,22.0,2259,0.05,27.6,81.7,----,----,3353.4481 S,15111.1104 E,8,1,T,S,V
2018-04-20 12:59:44,15.8,2147,0.02,27.6,81.7,----,----,3353.4500 S,15111.1050 E,8,1,T,S,V
2018-04-20 12:59:54,17.5,2176,0.12,27.6,81.8,----,----,3353.4514 S,15111.0976 E,8,1,T,S,V
2018-04-20 13:00:03,16.3,2156,0.00,27.7,81.8,----,----,3353.4526 S,15111.0920 E,8,1,T,S,V
2018-04-20 13:00:14,00.0,1940,0.00,27.7,81.9,----,----,3353.4576 S,15111.0843 E,8,1,T,S,V
2018-04-20 13:00:17,19.7,2211,0.05,27.7,81.9,----,----,3353.4588 S,15111.0830 E,8,1,T,S,V
2018-05-11 16:47:03,26.0,2322,0.08,19.5,67.2,----,----,0000.0000 N,00000.0000 W,0,0,T,S,V
2018-05-11 16:47:13,19.7,2216,0.00,19.5,67.1,----,----,0000.0000 N,00000.0000 W,0,0,T,S,V
2018-05-11 16:47:28,33.4,2455,0.03,19.4,66.9,----,----,0000.0000 N,00000.0000 W,0,0,T,S,V
2018-05-11 16:47:38,37.4,2525,0.23,19.3,66.8,----,----,0000.0000 N,00000.0000 W,0,0,T,S,V
2018-05-11 16:48:51,26.6,2332,0.07,19.3,66.7,----,----,0000.0000 N,00000.0000 W,0,0,T,S,V
2018-05-11 16:49:19,16.3,2157,0.15,19.1,66.5,----,----,0000.0000 N,00000.0000 W,0,0,T,S,V
2018-05-11 16:49:35,23.7,2286,0.06,19.0,66.3,----,----,0000.0000 N,00000.0000 W,0,0,T,S,V
2018-05-11 16:49:57,16.3,2154,0.18,19.1,66.4,----,----,0000.0000 N,00000.0000 W,0,0,T,S,V
2018-05-11 16:50:13,27.7,2359,0.18,19.0,66.3,----,----,0000.0000 N,00000.0000 W,0,0,T,S,V
2018-05-11 16:50:40,28.3,2366,0.06,18.9,66.1,----,----,0000.0000 N,00000.0000 W,0,0,T,S,V
2018-05-11 16:50:49,20.9,2230,0.00,18.8,66.0,----,----,0000.0000 N,00000.0000 W,0,0,T,S,V
2018-05-11 16:51:00,22.0,2257,0.05,18.8,65.9,----,----,3353.1714 S,15111.1017 E,4,1,T,S,V
2018-05-11 16:51:29,27.7,2355,0.12,18.7,65.7,----,----,3353.1720 S,15111.0999 E,7,1,T,S,V
2018-05-11 16:52:02,24.9,2305,0.16,18.7,65.7,----,----,3353.1623 S,15111.0952 E,10,1,T,S,V
2018-05-11 16:52:15,30.6,2408,0.31,18.7,65.6,----,----,3353.1631 S,15111.0938 E,10,1,T,S,V
2018-05-11 16:52:27,35.7,2495,0.14,18.6,65.5,----,----,3353.1634 S,15111.0942 E,10,1,T,S,V
2018-05-11 16:52:31,32.3,2437,0.18,18.6,65.5,----,----,3353.1635 S,15111.0940 E,10,1,T,S,V
2018-05-11 16:52:35,31.1,2417,0.28,18.6,65.4,----,----,3353.1626 S,15111.0948 E,10,1,T,S,V
2018-05-11 17:00:10,11.8,2095,0.07,18.9,66.1,----,----,0000.0000 N,00000.0000 W,0,0,T,S,V
2018-05-11 17:00:45,16.3,2157,0.12,18.9,66.0,----,----,0000.0000 N,00000.0000 W,0,0,T,S,V
2018-05-11 17:00:57,18.0,2184,0.18,18.9,66.1,----,----,0000.0000 N,00000.0000 W,0,0,T,S,V
2018-05-11 17:01:57,38.0,2536,0.14,18.9,66.1,----,----,0000.0000 N,00000.0000 W,0,0,T,S,V
2018-05-11 17:02:37,18.0,2182,0.02,18.8,65.9,----,----,0000.0000 N,00000.0000 W,0,0,T,S,V
2018-05-11 17:02:48,21.5,2247,0.08,18.8,65.8,----,----,0000.0000 N,00000.0000 W,0,0,T,S,V
2018-05-11 17:03:22,15.2,2131,0.13,18.7,65.7,----,----,3353.1931 S,15111.1360 E,6,1,T,S,V
2018-07-05 16:47:19,19.2,2208,0.00,21.1,70.0,----,----,0000.0000 N,00000.0000 W,0,0,T,S,V
2018-07-05 16:47:38,23.2,2274,0.00,21.1,70.1,----,----,0000.0000 N,00000.0000 W,0,0,T,S,V
2018-07-05 16:50:43,27.7,2350,0.00,21.1,70.0,----,----,0000.0000 N,00000.0000 W,0,0,T,S,V
2018-07-05 16:50:59,27.7,2352,0.04,21.1,70.0,----,----,0000.0000 N,00000.0000 W,0,0,T,S,V
2018-07-05 16:51:03,27.7,2351,0.03,21.1,70.1,----,----,3353.1820 S,15111.1478 E,4,1,T,S,V
2018-07-05 16:51:08,23.2,2272,0.00,21.1,70.1,----,----,3353.1833 S,15111.1461 E,4,1,T,S,V
2018-07-05 16:51:27,28.3,2361,0.10,21.2,70.2,----,----,3353.1887 S,15111.1449 E,4,1,T,S,V
2018-07-05 16:51:58,24.9,2303,0.03,21.3,70.3,----,----,3353.1927 S,15111.1261 E,5,1,T,S,V
2018-07-05 16:52:09,27.2,2342,0.00,21.3,70.5,----,----,3353.1999 S,15111.1040 E,6,1,T,S,V
2018-07-05 16:52:31,22.6,2266,0.00,21.4,70.6,----,----,3353.1986 S,15111.1062 E,6,1,T,S,V
2018-07-05 16:53:14,19.7,2215,0.03,21.5,70.8,----,----,3353.1970 S,15111.1053 E,8,1,T,S,V
2018-07-05 16:53:31,20.9,2234,0.00,21.6,70.9,----,----,3353.1943 S,15111.1067 E,9,1,T,S,V
2018-07-05 16:54:03,24.9,2306,0.00,21.6,70.9,----,----,3353.1918 S,15111.1093 E,10,1,T,S,V
2018-07-05 16:54:13,30.6,2401,0.05,21.6,70.9,----,----,3353.1931 S,15111.1106 E,10,1,T,S,V
2018-07-05 16:56:02,30.0,2395,0.12,21.9,71.4,----,----,3353.1936 S,15111.1147 E,11,1,T,S,V
2018-07-05 16:56:15,30.6,2401,0.02,21.9,71.5,----,----,3353.1925 S,15111.1146 E,11,1,T,S,V
2018-07-05 16:56:31,27.2,2345,0.02,22.0,71.6,----,----,3353.1872 S,15111.1105 E,11,1,T,S,V
2018-07-05 16:56:38,23.2,2271,0.02,22.0,71.6,----,----,3353.1855 S,15111.1094 E,11,1,T,S,V
2018-07-05 16:56:42,27.2,2343,0.07,22.0,71.6,----,----,3353.1857 S,15111.1092 E,11,1,T,S,V
2018-07-05 16:56:52,30.0,2391,0.06,22.0,71.6,----,----,3353.1860 S,15111.1092 E,11,1,T,S,V
2018-07-05 16:57:06,18.6,2198,0.00,22.1,71.8,----,----,3353.1862 S,15111.1102 E,11,1,T,S,V
2018-07-05 16:57:13,26.0,2325,0.00,22.1,71.8,----,----,3353.1859 S,15111.1092 E,11,1,T,S,V
2018-07-05 16:57:35,23.7,2289,0.07,22.2,71.9,----,----,3353.1853 S,15111.1093 E,11,1,T,S,V
2018-07-05 16:58:07,24.3,2291,0.00,22.2,72.1,----,----,3353.1852 S,15111.1104 E,11,1,T,S,V
2018-07-05 16:58:22,14.8,2120,0.00,22.3,72.2,----,----,3353.1854 S,15111.1117 E,11,1,T,S,V
2018-07-05 16:58:49,20.9,2232,0.05,22.5,72.5,----,----,3353.1849 S,15111.1075 E,11,1,T,S,V
2018-07-05 16:59:20,25.4,2319,0.00,22.6,72.7,----,----,3353.1841 S,15111.1073 E,10,1,T,S,V
2018-07-05 16:59:39,07.9,2051,0.00,22.6,72.8,----,----,3353.1851 S,15111.1052 E,11,1,T,S,V
2018-07-05 17:00:01,15.2,2139,0.00,22.7,73.0,----,----,3353.1831 S,15111.0986 E,11,1,T,S,V
2018-07-05 17:00:06,23.7,2282,0.00,22.8,73.0,----,----,3353.1829 S,15111.0982 E,11,1,T,S,V
2018-07-05 17:00:19,28.3,2366,0.05,22.8,73.1,----,----,3353.1845 S,15111.0985 E,11,1,T,S,V
2018-07-05 17:00:32,29.4,2388,0.11,22.9,73.2,----,----,3353.1855 S,15111.0965 E,11,1,T,S,V
2018-07-05 17:00:44,36.8,2511,0.22,23.0,73.4,----,----,3353.1868 S,15111.0936 E,11,1,T,S,V
2018-07-05 17:00:53,28.9,2377,0.09,23.0,73.4,----,----,3353.1898 S,15111.0912 E,11,1,T,S,V
2018-07-05 17:00:59,28.9,2377,0.20,23.0,73.5,----,----,3353.1930 S,15111.0897 E,11,1,T,S,V
2018-07-05 17:01:06,42.5,2613,0.32,23.0,73.5,----,----,3353.1924 S,15111.0881 E,11,1,T,S,V
2018-07-05 17:01:07,42.5,2613,0.31,23.0,73.5,----,----,3353.1923 S,15111.0880 E,11,1,T,S,V
2018-07-05 17:01:13,32.3,2432,0.11,23.1,73.6,----,----,3353.1908 S,15111.0900 E,11,1,T,S,V
2018-07-05 17:01:23,16.9,2164,0.00,23.1,73.7,----,----,3353.1901 S,15111.0899 E,11,1,T,S,V
2018-07-05 17:01:32,28.9,2374,0.24,23.2,73.8,----,----,3353.1908 S,15111.0896 E,11,1,T,S,V
2018-07-05 17:01:50,25.4,2319,0.05,23.2,73.9,----,----,3353.1936 S,15111.0868 E,10,1,T,S,V
2018-11-21 12:06:48,18.0,2184,0.17,25.2,77.5,----,----,3353.2094 S,15111.0739 E,10,1,T,S,V
2018-11-21 12:06:59,10.9,2080,0.15,25.2,77.5,----,----,3353.2069 S,15111.0741 E,10,1,T,S,V
2018-11-21 12:07:06,03.0,2008,0.06,25.2,77.5,----,----,3353.2061 S,15111.0743 E,10,1,T,S,V
2018-11-21 12:07:16,16.3,2154,0.03,25.3,77.6,----,----,3353.2038 S,15111.0741 E,10,1,T,S,V
2018-11-21 12:07:27,12.8,2106,0.05,25.3,77.6,----,----,3353.1980 S,15111.0752 E,10,1,T,S,V
2018-11-21 12:07:37,11.8,2096,0.00,25.4,77.7,----,----,3353.1949 S,15111.0772 E,10,1,T,S,V
2018-11-21 12:07:47,08.9,2060,0.00,25.4,77.8,----,----,3353.1939 S,15111.0771 E,10,1,T,S,V
2018-11-21 12:07:59,04.0,2011,0.00,25.4,77.8,----,----,3353.1953 S,15111.0758 E,10,1,T,S,V
2018-11-21 12:08:10,11.8,2099,0.00,25.5,78.0,----,----,3353.1912 S,15111.0756 E,10,1,T,S,V
2018-11-21 12:08:43,11.8,2098,0.08,25.6,78.2,----,----,3353.1848 S,15111.0772 E,10,1,T,S,V
2018-11-21 12:08:55,05.0,2029,0.00,25.7,78.2,----,----,3353.1831 S,15111.0749 E,10,1,T,S,V
2018-11-21 12:09:39,10.9,2087,0.00,25.9,78.6,----,----,3353.1801 S,15111.0748 E,10,1,T,S,V
2018-11-21 12:09:49,13.8,2119,0.00,25.9,78.6,----,----,3353.1798 S,15111.0739 E,10,1,T,S,V
2018-11-21 12:09:59,13.8,2110,0.00,25.9,78.7,----,----,3353.1757 S,15111.0764 E,10,1,T,S,V
2018-11-21 12:10:11,06.0,2037,0.00,26.0,78.8,----,----,3353.1757 S,15111.0823 E,10,1,T,S,V
2018-11-21 12:10:21,10.9,2081,0.00,26.1,79.0,----,----,3353.1758 S,15111.0867 E,10,1,T,S,V
2018-11-21 12:10:34,08.9,2067,0.00,26.1,79.0,----,----,3353.1759 S,15111.0890 E,10,1,T,S,V
2018-11-21 12:10:41,05.0,2020,0.00,26.1,79.0,----,----,3353.1777 S,15111.0887 E,10,1,T,S,V
2018-11-21 12:11:03,09.9,2073,0.32,26.2,79.2,----,----,3353.1770 S,15111.0907 E,8,1,T,S,V
2018-11-21 12:11:16,15.2,2137,0.00,26.3,79.3,----,----,3353.1778 S,15111.0927 E,10,1,T,S,V
2018-11-21 12:11:24,09.9,2071,0.12,26.3,79.3,----,----,3353.1783 S,15111.0930 E,10,1,T,S,V
2018-11-21 12:11:31,10.9,2082,0.03,26.3,79.4,----,----,3353.1792 S,15111.0939 E,10,1,T,S,V
2018-11-21 12:11:40,07.9,2053,0.07,26.4,79.5,----,----,3353.1798 S,15111.0956 E,11,1,T,S,V
2018-11-21 12:12:24,17.5,2170,0.06,26.5,79.7,----,----,3353.1781 S,15111.0984 E,11,1,T,S,V
2018-11-21 12:12:39,19.7,2215,0.05,26.5,79.7,----,----,3353.1812 S,15111.0967 E,11,1,T,S,V
2018-11-21 12:17:32,10.9,2081,0.00,27.1,80.9,----,----,3353.2212 S,15111.1119 E,14,1,T,S,V
2018-11-21 12:17:40,17.5,2179,0.09,27.2,81.0,----,----,3353.2206 S,15111.1094 E,14,1,T,S,V
2018-11-21 12:17:48,11.8,2095,0.13,27.2,81.0,----,----,3353.2203 S,15111.1067 E,14,1,T,S,V
2018-11-21 12:17:55,09.9,2075,0.00,27.2,81.0,----,----,3353.2196 S,15111.1056 E,14,1,T,S,V
2018-11-21 12:19:56,10.9,2084,0.06,27.3,81.2,----,----,3353.2182 S,15111.0977 E,14,1,T,S,V
2018-11-21 12:20:09,14.8,2128,0.07,27.3,81.2,----,----,3353.2139 S,15111.0960 E,14,1,T,S,V
2018-11-21 12:20:18,13.8,2117,0.04,27.3,81.2,----,----,3353.2096 S,15111.0963 E,14,1,T,S,V
2018-11-21 12:20:27,11.8,2093,0.00,27.4,81.3,----,----,3353.2056 S,15111.0974 E,14,1,T,S,V
2018-11-21 12:20:36,06.0,2038,0.00,27.3,81.2,----,----,3353.2015 S,15111.0996 E,14,1,T,S,V
2018-11-21 12:20:45,17.5,2179,0.03,27.4,81.4,----,----,3353.2002 S,15111.0990 E,14,1,T,S,V
2018-11-21 12:20:54,17.5,2175,0.11,27.4,81.3,----,----,3353.1973 S,15111.0986 E,14,1,T,S,V
2018-11-21 12:21:03,11.8,2099,0.00,27.4,81.4,----,----,3353.1961 S,15111.0982 E,14,1,T,S,V
2018-11-21 12:21:11,18.6,2190,0.00,27.4,81.4,----,----,3353.1938 S,15111.0989 E,14,1,T,S,V
2018-11-21 12:21:20,19.7,2219,0.05,27.4,81.4,----,----,3353.1897 S,15111.0981 E,14,1,T,S,V
2018-11-21 12:21:29,12.8,2102,0.00,27.4,81.4,----,----,3353.1866 S,15111.0993 E,14,1,T,S,V
2018-11-21 12:21:37,15.8,2149,0.13,27.4,81.4,----,----,3353.1814 S,15111.1018 E,14,1,T,S,V
2018-11-21 12:21:48,10.9,2085,0.08,27.4,81.4,----,----,3353.1782 S,15111.1022 E,14,1,T,S,V
2018-11-21 12:22:22,22.6,2264,0.19,27.5,81.6,----,----,3353.1709 S,15111.1138 E,14,1,T,S,V
2018-11-21 12:22:28,12.8,2103,0.00,27.5,81.6,----,----,3353.1687 S,15111.1195 E,14,1,T,S,V
2018-11-21 12:22:36,15.2,2136,0.00,27.5,81.6,----,----,3353.1752 S,15111.1137 E,14,1,T,S,V
2018-11-21 12:22:44,10.9,2081,0.00,27.6,81.6,----,----,3353.1810 S,15111.1129 E,14,1,T,S,V
2018-11-21 12:22:52,19.7,2216,0.08,27.6,81.7,----,----,3353.1825 S,15111.1114 E,14,1,T,S,V
2018-11-21 12:23:02,06.9,2045,0.00,27.6,81.6,----,----,3353.1850 S,15111.1122 E,14,1,T,S,V
2018-11-21 12:23:09,05.0,2029,0.00,27.6,81.8,----,----,3353.1867 S,15111.1124 E,14,1,T,S,V
2018-11-21 12:23:19,18.6,2193,0.22,27.7,81.9,----,----,3353.1896 S,15111.1111 E,14,1,T,S,V
2018-11-21 12:23:31,11.8,2090,0.00,27.7,82.0,----,----,3353.1953 S,15111.1101 E,14,1,T,S,V
2019-01-31 15:10:46,08.9,2060,0.00,33.5,92.3,----,----,3353.2477 S,15111.1009 E,4,1,T,S,V
2019-01-31 15:10:54,15.8,2147,0.00,33.6,92.4,----,----,3353.2483 S,15111.1040 E,4,1,T,S,V
2019-01-31 15:11:02,20.9,2233,0.19,33.6,92.6,----,----,3353.2492 S,15111.1080 E,4,1,T,S,V
2019-01-31 15:11:12,23.7,2289,0.14,33.8,93.0,----,----,3353.2456 S,15111.1001 E,4,1,T,S,V
2019-01-31 15:11:57,27.2,2344,0.12,34.3,93.7,----,----,3353.2588 S,15111.1006 E,6,1,T,S,V
2019-01-31 15:12:06,26.0,2327,0.25,34.4,93.9,----,----,3353.2591 S,15111.1067 E,6,1,T,S,V
2019-01-31 15:12:24,36.8,2514,0.33,34.6,94.3,----,----,3353.2585 S,15111.1099 E,7,1,T,S,V
2019-01-31 15:12:31,28.9,2371,0.19,34.7,94.5,----,----,3353.2556 S,15111.1104 E,7,1,T,S,V
2019-01-31 15:12:42,35.1,2482,0.27,34.8,94.7,----,----,3353.2580 S,15111.1120 E,7,1,T,S,V
2019-01-31 15:12:56,20.3,2220,0.17,34.9,94.9,----,----,3353.2624 S,15111.1081 E,9,1,T,S,V
2019-01-31 15:13:04,27.7,2351,0.08,35.0,95.0,----,----,3353.2645 S,15111.1070 E,9,1,T,S,V
2019-01-31 15:13:20,22.6,2267,0.00,35.1,95.3,----,----,3353.2608 S,15111.1098 E,10,1,T,S,V
2019-01-31 15:13:30,41.4,2595,0.21,35.2,95.5,----,----,3353.2589 S,15111.1151 E,11,1,T,S,V
2019-01-31 15:13:39,39.6,2570,0.53,35.3,95.5,----,----,3353.2603 S,15111.1157 E,11,1,T,S,V
2019-01-31 15:13:48,23.7,2284,0.07,35.3,95.6,----,----,3353.2624 S,15111.1131 E,11,1,T,S,V
2019-01-31 15:13:58,23.2,2274,0.12,35.4,95.7,----,----,3353.2613 S,15111.1100 E,11,1,T,S,V
2019-01-31 15:14:33,48.2,2713,0.43,35.5,96.0,----,----,3353.2573 S,15111.1182 E,11,1,T,S,V
2019-01-31 15:14:50,30.6,2404,0.24,35.6,96.2,----,----,3353.2665 S,15111.1168 E,11,1,T,S,V
2019-01-31 15:15:14,36.8,2516,0.35,35.8,96.6,----,----,3353.2571 S,15111.1174 E,11,1,T,S,V
2019-01-31 15:15:34,49.1,2731,0.50,35.9,96.7,----,----,3353.2619 S,15111.1252 E,11,1,T,S,V
2019-01-31 15:15:45,37.4,2527,0.43,36.0,96.9,----,----,3353.2672 S,15111.1267 E,11,1,T,S,V
2019-01-31 15:15:58,36.8,2513,0.26,36.1,97.1,----,----,3353.2739 S,15111.1282 E,12,1,T,S,V
2019-01-31 15:16:07,37.4,2528,0.28,36.2,97.2,----,----,3353.2758 S,15111.1295 E,12,1,T,S,V
2019-01-31 15:16:16,44.3,2647,0.16,36.3,97.4,----,----,3353.2793 S,15111.1285 E,12,1,T,S,V
2019-01-31 15:17:10,35.1,2487,0.16,36.5,97.8,----,----,3353.2863 S,15111.1259 E,12,1,T,S,V
2019-01-31 15:17:20,40.8,2586,0.30,36.6,98.0,----,----,3353.2900 S,15111.1243 E,12,1,T,S,V
2019-01-31 15:17:34,34.0,2461,0.22,36.7,98.1,----,----,3353.2937 S,15111.1177 E,12,1,T,S,V
2019-01-31 15:17:41,31.7,2426,0.25,36.7,98.2,----,----,3353.2944 S,15111.1167 E,12,1,T,S,V
2019-01-31 15:17:57,39.1,2555,0.28,36.9,98.5,----,----,3353.2955 S,15111.1130 E,12,1,T,S,V
2019-01-31 15:18:07,40.8,2589,0.40,37.0,98.6,----,----,3353.2928 S,15111.1071 E,11,1,T,S,V
2019-01-31 15:18:16,24.9,2301,0.02,37.0,98.7,----,----,3353.2902 S,15111.1041 E,11,1,T,S,V
2019-01-31 15:18:27,22.6,2263,0.13,37.1,98.8,----,----,3353.2853 S,15111.1038 E,11,1,T,S,V
2019-01-31 15:18:34,26.6,2334,0.05,37.1,98.9,----,----,3353.2839 S,15111.1023 E,10,1,T,S,V
2019-01-31 15:18:51,16.9,2168,0.00,37.3,99.2,----,----,3353.2845 S,15111.0934 E,12,1,T,S,V
2019-01-31 15:18:58,11.8,2096,0.05,37.4,99.3,----,----,3353.2867 S,15111.0955 E,12,1,T,S,V
2019-01-31 15:19:03,24.3,2299,0.03,37.4,99.4,----,----,3353.2894 S,15111.0959 E,12,1,T,S,V
2019-01-31 15:19:31,30.6,2408,0.25,37.6,99.7,----,----,3353.2701 S,15111.0925 E,12,1,T,S,V
2019-01-31 15:19:40,25.4,2311,0.10,37.6,99.8,----,----,3353.2683 S,15111.0895 E,12,1,T,S,V
2019-01-31 15:19:58,28.9,2377,0.27,37.7,99.9,----,----,3353.2606 S,15111.0978 E,12,1,T,S,V
2019-03-06 11:49:19,00.0,1949,0.00,28.4,83.2,----,----,0000.0000 N,00000.0000 W,0,0,T,S,V
2019-03-06 11:49:21,00.0,1948,0.00,28.4,83.2,----,----,0000.0000 N,00000.0000 W,0,0,T,S,V
2019-03-06 11:49:25,66.5,3038,0.00,28.4,83.2,----,----,0000.0000 N,00000.0000 W,0,0,T,S,V
2019-03-06 11:56:06,00.0,1945,0.00,30.3,86.5,----,----,3356.2071 S,15113.3689 E,11,1,T,S,V
2019-03-06 11:56:13,22.6,2263,0.00,30.3,86.6,----,----,3356.2027 S,15113.3704 E,11,1,T,S,V
2019-03-06 11:56:20,23.2,2276,0.00,30.3,86.6,----,----,3356.2007 S,15113.3710 E,11,1,T,S,V
2019-03-06 11:56:26,23.2,2270,0.00,30.3,86.6,----,----,3356.1991 S,15113.3710 E,11,1,T,S,V
2019-03-06 11:56:34,19.7,2211,0.00,30.3,86.6,----,----,3356.1980 S,15113.3712 E,11,1,T,S,V
2019-03-06 11:56:41,20.9,2236,0.00,30.3,86.6,----,----,3356.1969 S,15113.3727 E,11,1,T,S,V
2019-03-06 11:56:48,18.6,2196,0.00,30.3,86.7,----,----,3356.1955 S,15113.3724 E,11,1,T,S,V
2019-03-06 11:56:56,19.7,2215,0.02,30.3,86.7,----,----,3356.1925 S,15113.3729 E,11,1,T,S,V
2019-03-06 11:57:02,20.3,2228,0.00,30.4,86.7,----,----,3356.1907 S,15113.3714 E,11,1,T,S,V
2019-03-06 11:57:11,14.8,2123,0.00,30.4,86.7,----,----,3356.1899 S,15113.3670 E,11,1,T,S,V
2019-03-06 11:57:14,15.8,2140,0.00,30.4,86.7,----,----,3356.1904 S,15113.3660 E,11,1,T,S,V
2019-03-06 11:57:21,13.8,2112,0.00,30.4,86.7,----,----,3356.1913 S,15113.3640 E,11,1,T,S,V
2019-03-06 11:57:27,14.8,2120,0.00,30.4,86.7,----,----,3356.1925 S,15113.3633 E,11,1,T,S,V
2019-03-06 11:57:33,15.2,2139,0.00,30.4,86.7,----,----,3356.1938 S,15113.3621 E,11,1,T,S,V
2019-03-06 11:57:55,18.6,2199,0.00,30.5,86.9,----,----,3356.1979 S,15113.3628 E,11,1,T,S,V
2019-03-06 11:58:03,16.9,2167,0.00,30.5,87.0,----,----,3356.2003 S,15113.3621 E,11,1,T,S,V
2019-03-06 12:05:33,19.2,2206,0.00,32.2,90.0,----,----,0000.0000 N,00000.0000 W,0,0,T,S,V
2019-03-06 12:05:39,19.7,2215,0.00,32.2,89.9,----,----,0000.0000 N,00000.0000 W,0,0,T,S,V
2019-03-06 12:06:09,20.3,2229,0.00,32.1,89.9,----,----,0000.0000 N,00000.0000 W,0,0,T,S,V
2019-03-06 12:06:22,20.3,2226,0.00,32.1,89.8,----,----,0000.0000 N,00000.0000 W,0,0,T,S,V
2019-03-06 12:06:29,20.3,2224,0.00,32.0,89.7,----,----,0000.0000 N,00000.0000 W,0,0,T,S,V
2019-03-06 12:06:34,19.7,2216,0.00,32.0,89.7,----,----,0000.0000 N,00000.0000 W,0,0,T,S,V
2019-03-06 12:06:39,18.0,2189,0.00,32.0,89.6,----,----,0000.0000 N,00000.0000 W,0,0,T,S,V
2019-03-06 12:06:50,17.5,2179,0.00,31.9,89.5,----,----,0000.0000 N,00000.0000 W,0,0,T,S,V
2019-03-06 12:07:48,20.3,2226,0.00,32.0,89.6,----,----,3356.3134 S,15113.4058 E,3,1,T,S,V
2019-03-06 12:08:43,22.6,2263,0.02,31.9,89.5,----,----,3356.3337 S,15113.4045 E,6,1,T,S,V
2019-03-06 12:08:48,22.0,2252,0.00,31.9,89.5,----,----,3356.3337 S,15113.4049 E,6,1,T,S,V
2019-03-06 12:08:55,24.3,2290,0.02,31.9,89.4,----,----,3356.3344 S,15113.4056 E,7,1,T,S,V
2019-03-06 12:09:34,16.3,2158,0.00,32.0,89.6,----,----,3356.3335 S,15113.4079 E,7,1,T,S,V
2019-03-06 12:09:47,19.2,2200,0.00,31.9,89.4,----,----,3356.3341 S,15113.4077 E,10,1,T,S,V
2019-03-06 12:09:52,20.3,2224,0.00,31.9,89.4,----,----,3356.3342 S,15113.4078 E,10,1,T,S,V
2019-03-06 12:11:40,18.6,2199,0.00,31.9,89.5,----,----,3356.3333 S,15113.4078 E,10,1,T,S,V
2019-03-06 12:12:04,16.9,2169,0.00,32.0,89.6,----,----,3356.3341 S,15113.4079 E,10,1,T,S,V
2019-03-07 06:49:08,32.9,2448,0.23,19.8,67.7,----,----,0000.0000 N,00000.0000 W,0,0,T,S,V
2019-03-07 06:49:19,35.1,2480,0.15,19.7,67.6,----,----,0000.0000 N,00000.0000 W,0,0,T,S,V
2019-03-07 06:49:25,29.4,2381,0.14,19.7,67.5,----,----,0000.0000 N,00000.0000 W,0,0,T,S,V
2019-03-07 06:49:29,35.7,2496,0.21,19.6,67.4,----,----,0000.0000 N,00000.0000 W,0,0,T,S,V
2019-03-07 06:49:34,30.6,2407,0.16,19.6,67.3,----,----,0000.0000 N,00000.0000 W,0,0,T,S,V
2019-03-07 06:49:39,29.4,2385,0.24,19.6,67.3,----,----,0000.0000 N,00000.0000 W,0,0,T,S,V
2019-03-07 06:49:44,30.6,2402,0.16,19.6,67.3,----,----,0000.0000 N,00000.0000 W,0,0,T,S,V
2019-03-07 06:49:49,29.4,2387,0.14,19.5,67.2,----,----,0000.0000 N,00000.0000 W,0,0,T,S,V
2019-03-07 06:49:54,26.6,2334,0.13,19.5,67.1,----,----,0000.0000 N,00000.0000 W,0,0,T,S,V
2019-03-07 06:50:12,28.3,2362,0.11,19.4,66.9,----,----,0000.0000 N,00000.0000 W,0,0,T,S,V
2019-03-07 06:50:17,25.4,2311,0.17,19.4,66.9,----,----,0000.0000 N,00000.0000 W,0,0,T,S,V
2019-03-07 06:50:21,30.0,2399,0.20,19.3,66.8,----,----,0000.0000 N,00000.0000 W,0,0,T,S,V
2019-03-07 06:50:26,32.3,2433,0.14,19.3,66.8,----,----,0000.0000 N,00000.0000 W,0,0,T,S,V
2019-03-07 06:50:31,31.1,2411,0.20,19.3,66.7,----,----,0000.0000 N,00000.0000 W,0,0,T,S,V
2019-03-07 06:50:35,26.6,2333,0.14,19.3,66.7,----,----,0000.0000 N,00000.0000 W,0,0,T,S,V
2019-03-07 06:50:39,28.9,2377,0.19,19.2,66.7,----,----,0000.0000 N,00000.0000 W,0,0,T,S,V
2019-03-07 06:50:44,37.4,2527,0.30,19.2,66.6,----,----,0000.0000 N,00000.0000 W,0,0,T,S,V
2019-03-07 06:50:48,30.6,2400,0.21,19.2,66.5,----,----,0000.0000 N,00000.0000 W,0,0,T,S,V
2019-03-07 06:50:53,32.3,2435,0.00,19.1,66.5,----,----,0000.0000 N,00000.0000 W,0,0,T,S,V
2019-03-07 06:51:09,26.6,2336,0.12,19.1,66.4,----,----,0000.0000 N,00000.0000 W,0,0,T,S,V
2019-03-07 06:51:14,31.7,2427,0.18,19.1,66.4,----,----,0000.0000 N,00000.0000 W,0,0,T,S,V
2019-03-07 06:51:20,23.2,2278,0.10,19.0,66.3,----,----,0000.0000 N,00000.0000 W,0,0,T,S,V
2019-03-07 06:51:28,29.4,2381,0.21,19.0,66.2,----,----,0000.0000 N,00000.0000 W,0,0,T,S,V
2019-03-07 07:05:27,35.7,2492,0.31,17.9,64.3,----,----,3356.1586 S,15113.3153 E,12,1,T,S,V
2019-03-07 07:05:35,38.0,2532,0.24,17.9,64.3,----,----,3356.1597 S,15113.3175 E,12,1,T,S,V
2019-03-07 07:05:40,33.4,2458,0.25,17.9,64.2,----,----,3356.1611 S,15113.3206 E,12,1,T,S,V
2019-03-07 07:05:45,32.3,2438,0.23,17.9,64.2,----,----,3356.1631 S,15113.3225 E,12,1,T,S,V
2019-03-07 07:05:50,29.4,2389,0.14,17.9,64.2,----,----,3356.1649 S,15113.3213 E,12,1,T,S,V
2019-03-07 07:05:54,28.3,2369,0.16,17.9,64.2,----,----,3356.1652 S,15113.3185 E,12,1,T,S,V
2019-03-07 07:05:59,26.6,2333,0.17,17.8,64.1,----,----,3356.1654 S,15113.3162 E,12,1,T,S,V
2019-03-07 07:06:03,26.6,2336,0.21,17.8,64.1,----,----,3356.1650 S,15113.3147 E,12,1,T,S,V
2019-03-07 07:06:08,27.2,2343,0.19,17.8,64.1,----,----,3356.1636 S,15113.3139 E,12,1,T,S,V
2019-03-07 07:27:02,31.1,2418,0.21,17.7,63.9,----,----,0000.0000 N,00000.0000 W,0,0,T,S,V
2019-03-07 07:27:09,30.6,2404,0.24,17.7,63.9,----,----,0000.0000 N,00000.0000 W,0,0,T,S,V
2019-03-07 07:27:39,26.6,2330,0.14,17.7,63.8,----,----,0000.0000 N,00000.0000 W,0,0,T,S,V
2019-03-07 07:28:09,27.2,2341,0.24,17.7,63.8,----,----,0000.0000 N,00000.0000 W,0,0,T,S,V
2019-03-07 07:29:17,35.1,2481,0.22,17.6,63.8,----,----,3356.0226 S,15113.3372 E,3,1,T,S,V
2019-03-07 07:29:24,27.2,2341,0.19,17.6,63.8,----,----,3356.0254 S,15113.3372 E,3,1,T,S,V
2019-03-07 07:29:33,29.4,2382,0.12,17.6,63.7,----,----,3356.0263 S,15113.3341 E,3,1,T,S,V
2019-03-07 07:29:56,34.0,2460,0.20,17.6,63.7,----,----,3356.0435 S,15113.3142 E,6,1,T,S,V
2019-03-07 07:30:49,27.2,2343,0.15,17.5,63.6,----,----,3356.0449 S,15113.3144 E,8,1,T,S,V
2019-03-07 07:30:55,28.3,2365,0.19,17.5,63.6,----,----,3356.0447 S,15113.3151 E,7,1,T,S,V
2019-03-07 07:31:26,27.2,2347,0.14,17.5,63.5,----,----,3356.0434 S,15113.3142 E,7,1,T,S,V
2019-03-07 07:31:33,27.7,2353,0.14,17.5,63.5,----,----,3356.0445 S,15113.3145 E,7,1,T,S,V
2019-03-07 07:32:08,30.6,2403,0.21,17.5,63.5,----,----,3356.0441 S,15113.3103 E,7,1,T,S,V
2019-03-07 07:32:22,29.4,2381,0.18,17.5,63.5,----,----,3356.0423 S,15113.3107 E,7,1,T,S,V
2019-03-07 07:32:27,28.9,2373,0.21,17.4,63.4,----,----,3356.0421 S,15113.3124 E,7,1,T,S,V
2019-03-07 09:04:40,22.0,2257,0.10,18.4,65.1,----,----,0000.0000 N,00000.0000 W,0,0,T,S,V
2019-03-07 09:04:46,20.9,2237,0.19,18.4,65.1,----,----,0000.0000 N,00000.0000 W,0,0,T,S,V
2019-03-07 09:04:52,24.9,2309,0.15,18.4,65.1,----,----,0000.0000 N,00000.0000 W,0,0,T,S,V
2019-03-07 09:05:00,23.2,2273,0.12,18.3,65.0,----,----,0000.0000 N,00000.0000 W,0,0,T,S,V
2019-03-07 09:05:18,27.7,2351,0.16,18.3,65.0,----,----,0000.0000 N,00000.0000 W,0,0,T,S,V
2019-03-07 09:05:23,26.0,2328,0.15,18.3,65.0,----,----,0000.0000 N,00000.0000 W,0,0,T,S,V
2019-03-07 09:05:45,29.4,2385,0.17,18.2,64.9,----,----,3356.5948 S,15113.2669 E,3,1,T,S,V
2019-03-07 09:15:13,34.0,2465,0.22,18.2,64.9,----,----,3356.4488 S,15113.3557 E,10,2,T,S,V
2019-03-07 09:15:20,27.7,2351,0.10,18.2,64.9,----,----,3356.4473 S,15113.3534 E,10,2,T,S,V
2019-03-07 09:15:25,26.0,2323,0.28,18.2,64.8,----,----,3356.4462 S,15113.3525 E,10,2,T,S,V
2019-03-07 09:15:31,21.5,2248,0.10,18.2,64.8,----,----,3356.4438 S,15113.3521 E,12,2,T,S,V
2019-03-07 09:15:39,24.3,2290,0.08,18.2,64.7,----,----,3356.4438 S,15113.3517 E,11,2,T,S,V
2019-03-07 09:15:44,27.7,2355,0.17,18.2,64.7,----,----,3356.4458 S,15113.3519 E,12,2,T,S,V
2019-03-07 09:15:50,26.0,2325,0.14,18.1,64.7,----,----,3356.4477 S,15113.3524 E,11,2,T,S,V
2019-03-07 09:15:54,36.8,2512,0.47,18.1,64.7,----,----,3356.4490 S,15113.3553 E,12,2,T,S,V
2019-03-07 09:15:59,27.7,2359,0.15,18.1,64.7,----,----,3356.4477 S,15113.3555 E,12,2,T,S,V
2019-03-07 09:16:03,26.0,2320,0.15,18.1,64.6,----,----,3356.4467 S,15113.3544 E,11,2,T,S,V
2019-03-07 09:16:10,22.6,2266,0.14,18.1,64.6,----,----,3356.4428 S,15113.3544 E,11,2,T,S,V
2019-03-07 09:16:13,24.9,2301,0.15,18.1,64.6,----,----,3356.4431 S,15113.3541 E,11,2,T,S,V
2019-03-07 09:16:18,22.6,2266,0.15,18.1,64.5,----,----,3356.4428 S,15113.3544 E,11,2,T,S,V
2019-03-07 09:16:23,14.8,2121,0.12,18.1,64.5,----,----,3356.4409 S,15113.3572 E,11,2,T,S,V
2019-03-07 09:16:27,15.2,2135,0.08,18.0,64.5,----,----,3356.4407 S,15113.3589 E,11,2,T,S,V
2019-03-07 09:16:33,19.7,2211,0.16,18.0,64.5,----,----,3356.4405 S,15113.3572 E,11,2,T,S,V
2019-03-07 09:16:36,23.7,2287,0.09,18.0,64.5,----,----,3356.4407 S,15113.3567 E,11,2,T,S,V
2019-03-07 09:16:42,27.7,2358,0.16,18.0,64.4,----,----,3356.4412 S,15113.3584 E,11,2,T,S,V
2019-03-07 09:16:45,29.4,2382,0.22,18.0,64.4,----,----,3356.4404 S,15113.3586 E,11,2,T,S,V
2019-03-07 09:16:52,24.3,2298,0.13,18.0,64.4,----,----,3356.4406 S,15113.3609 E,11,2,T,S,V
2019-03-07 09:16:56,26.6,2337,0.11,17.9,64.3,----,----,3356.4419 S,15113.3621 E,11,2,T,S,V
2019-03-07 09:17:02,20.3,2224,0.11,17.9,64.3,----,----,3356.4418 S,15113.3669 E,11,2,T,S,V
2019-03-07 09:17:06,20.3,2224,0.12,17.9,64.3,----,----,3356.4415 S,15113.3692 E,11,2,T,S,V
2019-03-07 09:17:11,22.0,2254,0.14,17.9,64.3,----,----,3356.4403 S,15113.3710 E,11,2,T,S,V
2019-03-07 09:17:20,22.6,2263,0.13,17.9,64.3,----,----,3356.4419 S,15113.3707 E,11,2,T,S,V
2019-03-07 09:17:32,26.6,2337,0.15,17.9,64.3,----,----,3356.4406 S,15113.3638 E,11,2,T,S,V
2019-03-07 13:41:31,21.5,2244,0.15,22.9,73.2,----,----,0000.0000 N,00000.0000 W,0,0,T,S,V
2019-03-07 13:41:34,22.0,2252,0.15,22.9,73.2,----,----,0000.0000 N,00000.0000 W,0,0,T,S,V
2019-03-07 13:41:41,22.0,2252,0.13,22.9,73.2,----,----,0000.0000 N,00000.0000 W,0,0,T,S,V
2019-03-07 13:41:44,24.3,2295,0.12,22.9,73.2,----,----,0000.0000 N,00000.0000 W,0,0,T,S,V
2019-03-07 13:41:48,22.0,2258,0.11,22.8,73.2,----,----,0000.0000 N,00000.0000 W,0,0,T,S,V
2019-03-07 13:41:58,09.9,2076,0.00,22.8,73.1,----,----,0000.0000 N,00000.0000 W,0,0,T,S,V
2019-03-07 13:42:01,11.8,2095,0.02,22.8,73.1,----,----,0000.0000 N,00000.0000 W,0,0,T,S,V
2019-03-07 13:42:05,10.9,2087,0.02,22.8,73.1,----,----,0000.0000 N,00000.0000 W,0,0,T,S,V
2019-03-07 13:43:13,22.0,2257,0.08,22.7,72.8,----,----,3356.4424 S,15113.3593 E,7,1,T,S,V
2019-03-07 13:43:17,23.7,2281,0.04,22.6,72.8,----,----,3356.4431 S,15113.3599 E,7,1,T,S,V
2019-03-07 13:43:22,20.9,2230,0.05,22.6,72.8,----,----,3356.4420 S,15113.3585 E,7,1,T,S,V
2019-03-07 13:43:25,22.0,2256,0.07,22.6,72.8,----,----,3356.4415 S,15113.3585 E,8,1,T,S,V
2019-03-07 13:43:29,17.5,2173,0.00,22.6,72.8,----,----,3356.4410 S,15113.3580 E,8,1,T,S,V
2019-03-07 13:43:32,25.4,2310,0.14,22.6,72.8,----,----,3356.4419 S,15113.3587 E,8,1,T,S,V
2019-03-07 13:43:39,18.0,2183,0.09,22.6,72.7,----,----,3356.4437 S,15113.3618 E,8,1,T,S,V
2019-03-07 13:43:43,21.5,2247,0.04,22.6,72.7,----,----,3356.4441 S,15113.3630 E,9,1,T,S,V
2019-03-07 13:43:54,22.6,2268,0.09,22.6,72.7,----,----,3356.4432 S,15113.3613 E,9,1,T,S,V
2019-03-07 13:44:35,21.5,2249,0.08,22.5,72.6,----,----,3356.4427 S,15113.3612 E,9,1,T,S,V
2019-03-07 13:44:38,23.2,2276,0.10,22.5,72.6,----,----,3356.4433 S,15113.3619 E,9,1,T,S,V
2019-03-07 13:44:50,21.5,2241,0.16,22.5,72.5,----,----,3356.4432 S,15113.3633 E,10,1,T,S,V
2019-03-07 13:44:57,23.7,2280,0.12,22.4,72.4,----,----,3356.4444 S,15113.3624 E,10,1,T,S,V
2019-03-07 13:55:00,29.4,2382,0.18,22.5,72.6,----,----,3356.4478 S,15113.3597 E,13,1,T,S,V
2019-03-07 13:55:03,00.0,1940,0.00,22.5,72.6,----,----,3356.4464 S,15113.3598 E,13,1,T,S,V
2019-03-07 13:55:05,27.7,2354,0.19,22.5,72.6,----,----,3356.4454 S,15113.3597 E,13,1,T,S,V
2019-03-07 13:55:08,30.6,2404,0.20,22.5,72.6,----,----,3356.4445 S,15113.3613 E,13,1,T,S,V
2019-03-07 13:55:11,30.0,2397,0.18,22.5,72.5,----,----,3356.4443 S,15113.3628 E,13,1,T,S,V
2019-03-07 13:55:13,27.7,2352,0.15,22.4,72.4,----,----,3356.4437 S,15113.3640 E,13,1,T,S,V
2019-03-07 13:55:16,23.2,2271,0.08,22.4,72.4,----,----,3356.4429 S,15113.3652 E,13,1,T,S,V
2019-03-07 13:55:19,17.5,2171,0.04,22.4,72.3,----,----,3356.4425 S,15113.3675 E,13,1,T,S,V
2019-03-07 13:55:22,19.2,2209,0.08,22.4,72.3,----,----,3356.4421 S,15113.3688 E,13,1,T,S,V
2019-03-07 13:55:25,17.5,2174,0.08,22.3,72.2,----,----,3356.4422 S,15113.3699 E,13,1,T,S,V
2019-03-07 13:55:33,15.2,2131,0.08,22.2,72.1,----,----,3356.4425 S,15113.3717 E,13,1,T,S,V
2019-03-07 13:55:36,23.2,2276,0.15,22.2,72.1,----,----,3356.4415 S,15113.3712 E,13,1,T,S,V
2019-03-07 13:55:39,24.9,2303,0.14,22.2,72.0,----,----,3356.4412 S,15113.3704 E,13,1,T,S,V
2019-03-07 13:55:42,24.3,2298,0.11,22.2,72.0,----,----,3356.4401 S,15113.3705 E,13,1,T,S,V
2019-03-07 13:55:50,16.3,2155,0.00,22.1,71.9,----,----,3356.4431 S,15113.3686 E,13,1,T,S,V
2019-03-07 13:55:55,15.2,2137,0.09,22.1,71.8,----,----,3356.4426 S,15113.3671 E,13,1,T,S,V
2019-03-07 13:55:57,16.3,2156,0.03,22.1,71.8,----,----,3356.4426 S,15113.3669 E,13,1,T,S,V
2019-03-07 13:56:01,22.0,2254,0.17,22.1,71.8,----,----,3356.4427 S,15113.3652 E,13,1,T,S,V
2019-03-07 13:56:06,24.9,2305,0.11,22.1,71.8,----,----,3356.4419 S,15113.3655 E,13,1,T,S,V
2019-03-07 13:56:09,19.2,2208,0.09,22.1,71.8,----,----,3356.4417 S,15113.3670 E,13,1,T,S,V
2019-03-07 13:56:13,19.2,2205,0.15,22.0,71.7,----,----,3356.4420 S,15113.3688 E,13,1,T,S,V
2019-03-07 13:56:17,25.4,2319,0.24,22.0,71.7,----,----,3356.4419 S,15113.3707 E,13,1,T,S,V
2019-03-07 13:56:20,21.5,2246,0.10,22.0,71.7,----,----,3356.4409 S,15113.3714 E,13,1,T,S,V
2019-03-07 13:56:23,23.7,2284,0.16,22.0,71.7,----,----,3356.4396 S,15113.3721 E,13,1,T,S,V
2019-03-07 13:56:27,24.9,2304,0.19,22.0,71.7,----,----,3356.4392 S,15113.3698 E,13,1,T,S,V
2019-03-07 13:56:31,26.6,2334,0.17,22.0,71.6,----,----,3356.4387 S,15113.3661 E,13,1,T,S,V
2019-03-07 13:56:35,26.0,2320,0.17,22.0,71.6,----,----,3356.4380 S,15113.3655 E,13,1,T,S,V
2019-03-07 13:56:38,30.0,2395,0.18,22.0,71.6,----,----,3356.4370 S,15113.3657 E,13,1,T,S,V
2019-03-07 13:56:42,31.7,2422,0.18,22.0,71.6,----,----,3356.4362 S,15113.3663 E,13,1,T,S,V
2019-03-07 13:57:03,26.0,2321,0.07,21.8,71.3,----,----,3356.4426 S,15113.3696 E,13,1,T,S,V
2019-03-07 13:57:06,25.4,2313,0.15,21.7,71.2,----,----,3356.4431 S,15113.3711 E,12,1,T,S,V
2019-03-07 13:57:11,20.9,2237,0.12,21.7,71.2,----,----,3356.4437 S,15113.3712 E,13,1,T,S,V
2019-03-07 13:57:14,24.9,2309,0.15,21.7,71.1,----,----,3356.4442 S,15113.3704 E,13,1,T,S,V
2019-03-07 13:57:17,25.4,2312,0.09,21.7,71.2,----,----,3356.4437 S,15113.3693 E,13,1,T,S,V
2019-03-07 13:57:20,19.2,2208,0.03,21.7,71.1,----,----,3356.4439 S,15113.3678 E,13,1,T,S,V
2019-03-07 13:57:23,23.2,2277,0.15,21.7,71.1,----,----,3356.4433 S,15113.3667 E,13,1,T,S,V
2019-03-07 13:57:25,22.0,2252,0.13,21.7,71.1,----,----,3356.4432 S,15113.3665 E,13,1,T,S,V
2019-03-07 13:57:44,23.7,2282,0.09,21.5,70.8,----,----,3356.4373 S,15113.3643 E,13,1,T,S,V
2019-03-07 13:57:47,30.6,2406,0.27,21.5,70.7,----,----,3356.4365 S,15113.3643 E,13,1,T,S,V
2019-03-07 13:57:55,21.5,2240,0.10,21.5,70.7,----,----,3356.4383 S,15113.3600 E,12,1,T,S,V
2019-03-07 13:57:57,22.0,2255,0.11,21.5,70.7,----,----,3356.4383 S,15113.3590 E,12,1,T,S,V
2019-03-07 13:58:00,25.4,2316,0.08,21.5,70.7,----,----,3356.4386 S,15113.3574 E,12,1,T,S,V
2019-03-07 13:58:04,26.6,2335,0.14,21.5,70.7,----,----,3356.4394 S,15113.3570 E,12,1,T,S,V
2019-03-07 13:58:06,27.7,2354,0.17,21.4,70.6,----,----,3356.4400 S,15113.3567 E,12,1,T,S,V
2019-03-07 13:58:09,27.7,2355,0.09,21.4,70.6,----,----,3356.4399 S,15113.3565 E,12,1,T,S,V
2019-03-07 13:58:20,28.9,2379,0.11,21.5,70.7,----,----,3356.4477 S,15113.3575 E,12,1,T,S,V
2019-03-07 13:58:23,34.0,2466,0.18,21.4,70.6,----,----,3356.4489 S,15113.3587 E,12,1,T,S,V
2019-03-07 14:03:41,19.7,2217,0.12,20.9,69.6,----,----,3356.5943 S,15113.2566 E,12,1,T,S,V
2019-03-07 14:03:44,24.9,2309,0.20,20.9,69.6,----,----,3356.5958 S,15113.2572 E,12,1,T,S,V
2019-03-07 14:03:47,27.2,2346,0.21,20.9,69.7,----,----,3356.5972 S,15113.2576 E,12,1,T,S,V
2019-03-07 14:03:50,28.3,2361,0.18,20.9,69.7,----,----,3356.5976 S,15113.2578 E,12,1,T,S,V
2019-03-07 14:03:56,28.9,2374,0.22,21.0,69.8,----,----,3356.6009 S,15113.2618 E,12,1,T,S,V
2019-03-07 14:04:00,30.0,2395,0.30,21.0,69.8,----,----,3356.6016 S,15113.2625 E,12,1,T,S,V
2019-03-07 14:04:04,30.0,2392,0.16,21.0,69.8,----,----,3356.6029 S,15113.2636 E,12,1,T,S,V
2019-03-07 14:04:06,27.7,2352,0.17,21.0,69.9,----,----,3356.6032 S,15113.2636 E,12,1,T,S,V
2019-03-07 14:04:11,29.4,2381,0.18,21.0,69.9,----,----,3356.6019 S,15113.2629 E,13,1,T,S,V
2019-03-07 14:05:00,28.9,2375,0.18,21.2,70.1,----,----,3356.6014 S,15113.2635 E,13,1,T,S,V
2019-03-07 14:05:06,24.9,2309,0.18,21.2,70.2,----,----,3356.6012 S,15113.2654 E,13,1,T,S,V
2019-03-07 14:05:09,23.7,2282,0.14,21.2,70.2,----,----,3356.6004 S,15113.2652 E,13,1,T,S,V
2019-03-07 14:05:12,27.2,2346,0.18,21.2,70.3,----,----,3356.5991 S,15113.2655 E,13,1,T,S,V
2019-03-07 14:05:16,24.9,2308,0.14,21.3,70.3,----,----,3356.5973 S,15113.2652 E,13,1,T,S,V
2019-03-07 14:05:19,29.4,2385,0.20,21.3,70.3,----,----,3356.5969 S,15113.2649 E,13,1,T,S,V
2019-03-07 14:05:25,30.0,2397,0.33,21.3,70.4,----,----,3356.5963 S,15113.2631 E,13,1,T,S,V
2019-03-07 14:05:28,32.9,2446,0.19,21.3,70.4,----,----,3356.5957 S,15113.2620 E,13,1,T,S,V
2019-03-07 14:08:01,21.5,2247,0.15,21.8,71.2,----,----,0000.0000 N,00000.0000 W,0,0,T,S,V
2019-03-07 14:08:06,18.6,2197,0.13,21.8,71.3,----,----,0000.0000 N,00000.0000 W,0,0,T,S,V
2019-03-07 14:08:09,20.3,2226,0.07,21.8,71.3,----,----,0000.0000 N,00000.0000 W,0,0,T,S,V
2019-03-07 14:08:12,18.6,2192,0.13,21.8,71.3,----,----,0000.0000 N,00000.0000 W,0,0,T,S,V
2019-03-07 14:08:15,19.2,2205,0.09,21.8,71.3,----,----,0000.0000 N,00000.0000 W,0,0,T,S,V
2019-03-07 14:08:19,23.7,2282,0.11,21.8,71.3,----,----,0000.0000 N,00000.0000 W,0,0,T,S,V
2019-03-07 14:08:22,27.2,2341,0.11,21.8,71.3,----,----,0000.0000 N,00000.0000 W,0,0,T,S,V
2019-03-07 14:08:25,21.5,2242,0.09,21.8,71.3,----,----,0000.0000 N,00000.0000 W,0,0,T,S,V
2019-03-07 14:08:28,00.0,1939,0.00,21.8,71.3,----,----,0000.0000 N,00000.0000 W,0,0,T,S,V
2019-03-07 14:08:30,23.7,2287,0.10,21.9,71.4,----,----,0000.0000 N,00000.0000 W,0,0,T,S,V
2019-03-07 14:08:34,19.7,2213,0.13,21.9,71.4,----,----,0000.0000 N,00000.0000 W,0,0,T,S,V
2019-03-07 14:08:38,23.2,2271,0.15,21.9,71.4,----,----,0000.0000 N,00000.0000 W,0,0,T,S,V
2019-03-07 14:08:41,20.3,2228,0.06,21.9,71.4,----,----,0000.0000 N,00000.0000 W,0,0,T,S,V
2019-03-07 14:08:45,20.3,2228,0.17,21.9,71.4,----,----,0000.0000 N,00000.0000 W,0,0,T,S,V
2019-03-07 14:08:48,19.2,2204,0.09,21.9,71.4,----,----,0000.0000 N,00000.0000 W,0,0,T,S,V
2019-03-07 14:08:51,20.3,2229,0.09,21.9,71.4,----,----,0000.0000 N,00000.0000 W,0,0,T,S,V
2019-03-07 14:08:54,21.5,2245,0.09,21.9,71.4,----,----,0000.0000 N,00000.0000 W,0,0,T,S,V
2019-03-07 14:09:17,20.9,2231,0.12,21.9,71.4,----,----,0000.0000 N,00000.0000 W,0,0,T,S,V
2019-03-07 14:09:23,23.2,2273,0.15,21.9,71.4,----,----,0000.0000 N,00000.0000 W,0,0,T,S,V
2019-03-07 14:09:35,21.5,2248,0.14,21.9,71.5,----,----,0000.0000 N,00000.0000 W,0,0,T,S,V
2019-03-07 14:10:11,23.2,2273,0.14,21.9,71.5,----,----,3356.3765 S,15113.3246 E,3,1,T,S,V
2019-03-07 14:10:17,22.0,2253,0.12,21.9,71.5,----,----,3356.3822 S,15113.3239 E,3,1,T,S,V
2019-03-07 14:10:19,16.3,2152,0.08,21.9,71.5,----,----,3356.3858 S,15113.3225 E,4,1,T,S,V
2019-03-07 14:11:07,26.0,2320,0.14,22.0,71.6,----,----,3356.3829 S,15113.3238 E,8,1,T,S,V
2019-03-07 14:11:14,27.2,2343,0.16,22.0,71.7,----,----,3356.3839 S,15113.3248 E,8,1,T,S,V
2019-03-07 14:11:49,20.3,2223,0.16,22.1,71.8,----,----,3356.3864 S,15113.3263 E,10,1,T,S,V
2019-03-07 14:25:58,30.6,2400,0.08,22.4,72.4,----,----,3355.9468 S,15113.3911 E,10,1,T,S,V
2019-03-07 14:26:01,31.1,2415,0.25,22.4,72.4,----,----,3355.9477 S,15113.3901 E,10,1,T,S,V
2019-03-07 14:26:04,29.4,2386,0.14,22.4,72.4,----,----,3355.9479 S,15113.3897 E,10,1,T,S,V
2019-03-07 14:26:07,27.2,2347,0.11,22.4,72.4,----,----,3355.9476 S,15113.3895 E,10,1,T,S,V
2019-03-07 14:26:10,34.0,2468,0.27,22.4,72.4,----,----,3355.9480 S,15113.3893 E,10,1,T,S,V
2019-03-07 14:26:21,27.2,2347,0.18,22.4,72.4,----,----,3355.9481 S,15113.3875 E,10,1,T,S,V
2019-03-07 14:26:24,30.0,2395,0.20,22.4,72.4,----,----,3355.9501 S,15113.3864 E,10,1,T,S,V
2019-03-07 14:26:29,32.9,2442,0.16,22.4,72.4,----,----,3355.9514 S,15113.3867 E,10,1,T,S,V
2019-03-07 14:26:36,34.6,2473,0.19,22.5,72.5,----,----,3355.9505 S,15113.3820 E,10,1,T,S,V
2019-03-07 14:26:39,35.7,2499,0.23,22.4,72.4,----,----,3355.9500 S,15113.3808 E,10,1,T,S,V
2019-03-07 14:26:47,30.6,2400,0.25,22.4,72.4,----,----,3355.9503 S,15113.3799 E,10,1,T,S,V
2019-03-07 14:26:53,31.1,2414,0.13,22.4,72.4,----,----,3355.9511 S,15113.3802 E,10,1,T,S,V
2019-03-07 14:26:57,33.4,2454,0.28,22.4,72.4,----,----,3355.9529 S,15113.3801 E,10,1,T,S,V
2019-03-07 14:27:00,24.9,2306,0.16,22.4,72.4,----,----,3355.9538 S,15113.3812 E,10,1,T,S,V
2019-03-07 14:27:04,27.7,2353,0.14,22.4,72.4,----,----,3355.9538 S,15113.3823 E,10,1,T,S,V
2019-03-07 14:27:08,25.4,2314,0.12,22.4,72.4,----,----,3355.9537 S,15113.3835 E,10,1,T,S,V
2019-03-07 14:27:11,28.3,2368,0.14,22.4,72.4,----,----,3355.9541 S,15113.3857 E,10,1,T,S,V
2019-03-07 14:27:15,29.4,2389,0.20,22.4,72.4,----,----,3355.9541 S,15113.3872 E,10,1,T,S,V
2019-03-07 14:27:20,28.9,2370,0.12,22.4,72.4,----,----,3355.9539 S,15113.3892 E,10,1,T,S,V
2019-03-07 14:27:26,28.9,2376,0.17,22.4,72.4,----,----,3355.9532 S,15113.3920 E,10,1,T,S,V
2019-03-07 14:27:47,26.6,2333,0.12,22.4,72.4,----,----,3355.9536 S,15113.3927 E,10,1,T,S,V
2019-03-07 14:27:52,26.6,2335,0.12,22.4,72.4,----,----,3355.9549 S,15113.3918 E,10,1,T,S,V
2019-03-07 14:27:59,26.6,2334,0.13,22.4,72.4,----,----,3355.9538 S,15113.3928 E,10,1,T,S,V
2019-03-07 14:28:05,32.9,2443,0.24,22.4,72.4,----,----,3355.9553 S,15113.3959 E,10,1,T,S,V
2019-03-07 14:28:11,31.7,2425,0.13,22.4,72.4,----,----,3355.9548 S,15113.3985 E,10,1,T,S,V
2019-03-07 14:28:15,18.6,2196,0.08,22.4,72.4,----,----,3355.9538 S,15113.3977 E,10,1,T,S,V
2019-03-07 14:28:21,21.5,2245,0.14,22.4,72.4,----,----,3355.9532 S,15113.3973 E,10,1,T,S,V
2019-03-07 14:28:24,19.7,2217,0.11,22.4,72.4,----,----,3355.9533 S,15113.3971 E,10,1,T,S,V
2019-03-07 14:28:26,21.5,2242,0.06,22.4,72.4,----,----,3355.9531 S,15113.3966 E,11,1,T,S,V
2019-03-07 14:30:32,44.3,2640,0.22,22.6,72.7,----,----,3355.8826 S,15113.2738 E,11,1,T,S,V
2019-03-07 14:30:36,37.4,2520,0.15,22.6,72.6,----,----,3355.8819 S,15113.2741 E,11,1,T,S,V
2019-03-07 14:31:06,37.4,2521,0.19,22.5,72.5,----,----,3355.8844 S,15113.2751 E,11,1,T,S,V
2019-03-07 14:31:09,42.5,2612,0.24,22.5,72.5,----,----,3355.8853 S,15113.2758 E,11,1,T,S,V
2019-03-07 14:43:09,30.6,2403,0.25,23.3,74.0,----,----,3356.1388 S,15113.2290 E,12,1,T,S,V
2019-03-07 14:43:13,29.4,2386,0.15,23.3,74.0,----,----,3356.1364 S,15113.2290 E,12,1,T,S,V
2019-03-07 14:43:16,37.2,2539,0.59,23.3,74.0,----,----,3356.1347 S,15113.2290 E,12,1,T,S,V
2019-03-07 14:43:21,39.1,2552,0.12,23.3,74.0,----,----,3356.1347 S,15113.2268 E,12,1,T,S,V
2019-03-07 14:43:28,42.5,2612,0.30,23.3,74.0,----,----,3356.1340 S,15113.2219 E,12,1,T,S,V
2019-03-07 14:43:30,35.7,2491,0.00,23.3,74.0,----,----,3356.1337 S,15113.2219 E,12,1,T,S,V
2019-03-07 14:43:34,35.1,2484,0.17,23.3,73.9,----,----,3356.1354 S,15113.2216 E,12,1,T,S,V
2019-03-07 14:43:37,30.6,2403,0.12,23.3,73.9,----,----,3356.1363 S,15113.2207 E,12,1,T,S,V
2019-03-07 14:43:41,27.7,2350,0.07,23.3,73.9,----,----,3356.1376 S,15113.2198 E,12,1,T,S,V
2019-03-07 14:43:45,34.6,2470,0.12,23.3,73.9,----,----,3356.1374 S,15113.2179 E,12,1,T,S,V
2019-03-07 14:43:51,41.4,2591,0.31,23.3,73.9,----,----,3356.1385 S,15113.2193 E,12,1,T,S,V
2019-03-07 14:43:54,32.9,2442,0.15,23.3,73.9,----,----,3356.1380 S,15113.2202 E,12,1,T,S,V
2019-03-07 14:43:57,32.9,2447,0.15,23.2,73.9,----,----,3356.1377 S,15113.2217 E,12,1,T,S,V
2019-03-07 14:44:01,35.1,2480,0.22,23.2,73.9,----,----,3356.1360 S,15113.2212 E,12,1,T,S,V
2019-03-07 14:44:03,33.4,2456,0.16,23.2,73.9,----,----,3356.1355 S,15113.2214 E,12,1,T,S,V
2019-03-07 14:44:10,27.7,2354,0.11,23.2,73.9,----,----,3356.1348 S,15113.2217 E,12,1,T,S,V
2019-03-07 14:44:12,32.3,2433,0.16,23.2,73.8,----,----,3356.1347 S,15113.2213 E,12,1,T,S,V
2019-03-07 14:44:46,28.9,2379,0.14,23.3,73.9,----,----,3356.1365 S,15113.2219 E,12,1,T,S,V
2019-03-07 14:44:50,30.6,2401,0.15,23.3,73.9,----,----,3356.1364 S,15113.2227 E,12,1,T,S,V
2019-03-07 14:44:58,40.3,2577,0.26,23.3,74.0,----,----,3356.1357 S,15113.2282 E,12,1,T,S,V
2019-03-07 14:45:02,34.0,2460,0.18,23.3,73.9,----,----,3356.1351 S,15113.2285 E,12,1,T,S,V
2019-03-07 14:47:45,29.4,2384,0.21,23.6,74.5,----,----,3355.9673 S,15113.4216 E,12,1,T,S,V
2019-03-07 14:47:50,23.7,2287,0.14,23.6,74.5,----,----,3355.9654 S,15113.4207 E,12,1,T,S,V
2019-03-07 14:47:53,27.7,2357,0.11,23.6,74.5,----,----,3355.9633 S,15113.4201 E,12,1,T,S,V
2019-03-07 14:47:57,26.6,2330,0.15,23.6,74.5,----,----,3355.9612 S,15113.4181 E,12,1,T,S,V
2019-03-07 14:48:04,30.6,2403,0.26,23.6,74.5,----,----,3355.9628 S,15113.4162 E,12,1,T,S,V
2019-03-07 14:48:08,30.0,2397,0.13,23.6,74.5,----,----,3355.9650 S,15113.4153 E,12,1,T,S,V
2019-03-07 14:48:11,30.6,2406,0.17,23.6,74.5,----,----,3355.9665 S,15113.4155 E,12,1,T,S,V
2019-03-07 14:48:15,29.4,2384,0.15,23.6,74.5,----,----,3355.9680 S,15113.4164 E,12,1,T,S,V
2019-03-07 14:48:19,35.1,2484,0.27,23.5,74.4,----,----,3355.9701 S,15113.4171 E,12,1,T,S,V
2019-03-07 14:48:22,30.0,2392,0.16,23.5,74.4,----,----,3355.9704 S,15113.4190 E,12,1,T,S,V
2019-03-07 14:48:28,33.4,2459,0.21,23.5,74.4,----,----,3355.9708 S,15113.4195 E,12,1,T,S,V
2019-03-07 14:48:32,34.6,2472,0.24,23.5,74.4,----,----,3355.9696 S,15113.4180 E,12,1,T,S,V
2019-03-07 14:48:36,33.4,2450,0.09,23.5,74.4,----,----,3355.9689 S,15113.4160 E,11,1,T,S,V
2019-03-07 14:48:39,26.0,2322,0.09,23.5,74.4,----,----,3355.9689 S,15113.4159 E,12,1,T,S,V
2019-03-07 14:48:45,32.3,2436,0.12,23.5,74.4,----,----,3355.9682 S,15113.4143 E,12,1,T,S,V
2019-03-07 14:48:48,35.1,2486,0.11,23.5,74.4,----,----,3355.9674 S,15113.4133 E,12,1,T,S,V
2019-03-07 14:48:54,28.3,2366,0.16,23.5,74.4,----,----,3355.9677 S,15113.4104 E,12,1,T,S,V
2019-03-07 14:48:58,32.3,2433,0.14,23.5,74.4,----,----,3355.9693 S,15113.4114 E,12,1,T,S,V
2019-03-07 14:49:06,27.7,2359,0.03,23.5,74.4,----,----,3355.9708 S,15113.4126 E,12,1,T,S,V
2019-03-07 14:49:16,32.3,2433,0.25,23.5,74.4,----,----,3355.9724 S,15113.4142 E,11,1,T,S,V
2019-03-07 14:49:22,26.0,2329,0.12,23.5,74.3,----,----,3355.9747 S,15113.4152 E,12,1,T,S,V
2019-03-07 14:49:33,33.4,2452,0.12,23.5,74.4,----,----,3355.9758 S,15113.4138 E,12,1,T,S,V
2019-03-07 14:49:37,30.6,2404,0.19,23.5,74.4,----,----,3355.9758 S,15113.4126 E,12,1,T,S,V
2019-03-07 14:49:41,28.9,2377,0.11,23.5,74.3,----,----,3355.9734 S,15113.4113 E,12,1,T,S,V
2019-03-07 14:49:46,33.4,2454,0.13,23.5,74.3,----,----,3355.9728 S,15113.4101 E,12,1,T,S,V
2019-03-07 14:49:52,32.3,2434,0.19,23.5,74.4,----,----,3355.9730 S,15113.4083 E,12,1,T,S,V
2019-03-07 14:49:56,28.3,2361,0.15,23.5,74.3,----,----,3355.9737 S,15113.4080 E,12,1,T,S,V
2019-03-07 14:50:00,28.3,2363,0.18,23.5,74.3,----,----,3355.9757 S,15113.4087 E,12,1,T,S,V
2019-03-07 14:50:04,28.3,2362,0.06,23.5,74.3,----,----,3355.9767 S,15113.4101 E,12,1,T,S,V
2019-03-07 14:50:07,28.3,2360,0.07,23.5,74.3,----,----,3355.9786 S,15113.4117 E,12,1,T,S,V
2019-03-07 14:50:11,24.9,2302,0.12,23.5,74.3,----,----,3355.9796 S,15113.4096 E,12,1,T,S,V
2019-03-07 14:50:14,27.7,2352,0.24,23.5,74.3,----,----,3355.9789 S,15113.4093 E,12,1,T,S,V
2019-03-07 14:57:21,32.3,2431,0.02,23.4,74.1,----,----,3356.1968 S,15113.3203 E,12,1,T,S,V
2019-03-07 14:57:25,34.6,2479,0.16,23.4,74.1,----,----,3356.1976 S,15113.3182 E,12,1,T,S,V
2019-03-07 14:57:30,28.9,2378,0.18,23.3,74.0,----,----,3356.2003 S,15113.3179 E,12,1,T,S,V
2019-03-07 14:57:34,28.3,2363,0.15,23.3,74.0,----,----,3356.2025 S,15113.3163 E,12,1,T,S,V
2019-03-07 14:57:37,28.3,2360,0.14,23.3,74.0,----,----,3356.2037 S,15113.3164 E,12,1,T,S,V
2019-03-07 14:57:40,32.3,2434,0.31,23.3,73.9,----,----,3356.2035 S,15113.3179 E,12,1,T,S,V
2019-03-07 14:57:43,30.6,2406,0.19,23.3,73.9,----,----,3356.2038 S,15113.3192 E,11,1,T,S,V
2019-03-07 14:57:47,31.7,2423,0.16,23.2,73.9,----,----,3356.2041 S,15113.3203 E,12,1,T,S,V
2019-03-07 14:57:51,29.4,2383,0.15,23.2,73.9,----,----,3356.2037 S,15113.3217 E,12,1,T,S,V
2019-03-07 14:57:54,29.4,2382,0.07,23.2,73.9,----,----,3356.2040 S,15113.3228 E,12,1,T,S,V
2019-03-07 14:57:58,30.6,2406,0.10,23.2,73.8,----,----,3356.2040 S,15113.3216 E,12,1,T,S,V
2019-03-07 14:58:09,29.4,2383,0.07,23.2,73.8,----,----,3356.2060 S,15113.3217 E,12,1,T,S,V
2019-03-07 14:58:13,31.1,2414,0.19,23.2,73.8,----,----,3356.2060 S,15113.3206 E,12,1,T,S,V
2019-03-07 14:58:18,28.3,2366,0.15,23.2,73.8,----,----,3356.2075 S,15113.3178 E,11,1,T,S,V
2019-03-07 14:58:21,30.6,2400,0.13,23.2,73.7,----,----,3356.2072 S,15113.3167 E,11,1,T,S,V
2019-03-07 14:58:27,28.9,2378,0.14,23.2,73.7,----,----,3356.2077 S,15113.3186 E,12,1,T,S,V
2019-03-07 14:58:31,29.4,2383,0.18,23.1,73.7,----,----,3356.2078 S,15113.3198 E,12,1,T,S,V
2019-03-07 14:58:35,30.0,2395,0.17,23.1,73.7,----,----,3356.2079 S,15113.3208 E,12,1,T,S,V
2019-03-07 14:58:39,26.6,2335,0.10,23.1,73.6,----,----,3356.2081 S,15113.3221 E,12,1,T,S,V
2019-03-07 14:58:42,29.4,2384,0.21,23.1,73.6,----,----,3356.2084 S,15113.3244 E,12,1,T,S,V
2019-03-07 14:58:46,37.4,2523,0.00,23.1,73.6,----,----,3356.2087 S,15113.3258 E,12,1,T,S,V
2019-03-07 14:58:50,34.0,2465,0.21,23.1,73.6,----,----,3356.2100 S,15113.3231 E,12,1,T,S,V
2019-03-07 14:58:55,31.1,2411,0.06,23.1,73.6,----,----,3356.2115 S,15113.3207 E,12,1,T,S,V
2019-03-07 14:58:58,28.9,2370,0.07,23.1,73.6,----,----,3356.2109 S,15113.3201 E,11,1,T,S,V
2019-03-07 14:59:00,32.9,2442,0.16,23.1,73.6,----,----,3356.2104 S,15113.3198 E,12,1,T,S,V
2019-03-07 14:59:06,31.7,2426,0.19,23.1,73.6,----,----,3356.2098 S,15113.3214 E,12,1,T,S,V
2019-03-08 06:06:19,23.2,2272,0.03,21.0,69.8,----,----,0000.0000 N,00000.0000 W,0,0,T,S,V
2019-03-08 06:06:24,23.7,2288,0.09,20.9,69.7,----,----,0000.0000 N,00000.0000 W,0,0,T,S,V
2019-03-08 06:06:30,30.6,2408,0.17,20.9,69.7,----,----,0000.0000 N,00000.0000 W,0,0,T,S,V
2019-03-08 06:06:37,24.9,2301,0.10,20.8,69.5,----,----,0000.0000 N,00000.0000 W,0,0,T,S,V
2019-03-08 06:06:51,22.6,2268,0.06,20.8,69.4,----,----,0000.0000 N,00000.0000 W,0,0,T,S,V
2019-03-08 06:06:57,31.1,2413,0.20,20.7,69.3,----,----,0000.0000 N,00000.0000 W,0,0,T,S,V
2019-03-08 06:07:03,23.7,2280,0.24,20.7,69.2,----,----,3355.9838 S,15113.4658 E,4,1,T,S,V
2019-03-08 06:07:08,19.2,2206,0.07,20.6,69.2,----,----,3355.9836 S,15113.4674 E,4,1,T,S,V
2019-03-08 06:07:13,23.2,2270,0.07,20.6,69.2,----,----,3355.9840 S,15113.4684 E,4,1,T,S,V
2019-03-08 06:07:19,26.6,2337,0.10,20.6,69.1,----,----,3355.9849 S,15113.4693 E,3,1,T,S,V
2019-03-08 06:07:25,39.7,2563,0.26,20.6,69.1,----,----,3355.9872 S,15113.4697 E,4,1,T,S,V
2019-03-08 06:07:31,39.1,2555,0.16,20.6,69.0,----,----,3355.9899 S,15113.4697 E,4,1,T,S,V
2019-03-08 06:07:37,37.4,2528,0.23,20.5,69.0,----,----,3355.9917 S,15113.4690 E,4,1,T,S,V
2019-03-08 06:07:44,33.4,2457,0.23,20.5,68.9,----,----,3355.9873 S,15113.4680 E,4,1,T,S,V
2019-03-08 06:07:50,30.0,2397,0.09,20.5,68.9,----,----,3355.9855 S,15113.4671 E,4,1,T,S,V
2019-03-08 06:07:56,41.4,2596,0.37,20.4,68.8,----,----,3355.9838 S,15113.4679 E,6,1,T,S,V
2019-03-08 06:08:03,30.0,2392,0.21,20.4,68.7,----,----,3355.9848 S,15113.4655 E,6,1,T,S,V
2019-03-08 06:08:09,27.2,2340,0.18,20.4,68.7,----,----,3355.9866 S,15113.4651 E,6,1,T,S,V
2019-03-08 06:15:53,27.7,2351,0.14,20.1,68.3,----,----,0000.0000 N,00000.0000 W,0,0,T,S,V
2019-03-08 06:15:59,23.7,2288,0.10,20.1,68.2,----,----,0000.0000 N,00000.0000 W,0,0,T,S,V
2019-03-08 06:16:05,23.7,2285,0.11,20.1,68.2,----,----,0000.0000 N,00000.0000 W,0,0,T,S,V
2019-03-08 06:16:11,23.2,2274,0.15,20.1,68.2,----,----,0000.0000 N,00000.0000 W,0,0,T,S,V
2019-03-08 06:16:17,22.0,2256,0.16,20.0,68.1,----,----,0000.0000 N,00000.0000 W,0,0,T,S,V
2019-03-08 06:16:23,19.7,2216,0.07,20.0,68.0,----,----,0000.0000 N,00000.0000 W,0,0,T,S,V
2019-03-08 06:16:29,22.0,2255,0.16,20.0,68.0,----,----,0000.0000 N,00000.0000 W,0,0,T,S,V
2019-03-08 06:16:35,23.7,2281,0.23,19.9,67.9,----,----,0000.0000 N,00000.0000 W,0,0,T,S,V
2019-03-08 06:16:40,25.4,2310,0.15,19.9,67.9,----,----,0000.0000 N,00000.0000 W,0,0,T,S,V
2019-03-08 06:16:46,24.3,2298,0.17,19.9,67.9,----,----,0000.0000 N,00000.0000 W,0,0,T,S,V
2019-03-08 06:16:53,19.2,2205,0.11,19.9,67.8,----,----,0000.0000 N,00000.0000 W,0,0,T,S,V
2019-03-08 06:16:58,21.5,2249,0.13,19.9,67.8,----,----,0000.0000 N,00000.0000 W,0,0,T,S,V
2019-03-08 06:17:04,19.7,2214,0.10,19.8,67.7,----,----,3356.1942 S,15113.2050 E,4,1,T,S,V
2019-03-08 06:17:09,21.5,2241,0.09,19.8,67.7,----,----,3356.1863 S,15113.2054 E,5,1,T,S,V
2019-03-08 06:17:14,19.7,2214,0.05,19.8,67.6,----,----,3356.1833 S,15113.2047 E,5,1,T,S,V
2019-03-08 06:17:20,24.9,2309,0.18,19.7,67.6,----,----,3356.1829 S,15113.2062 E,5,1,T,S,V
2019-03-08 06:17:26,20.9,2238,0.07,19.7,67.5,----,----,3356.1823 S,15113.2064 E,5,1,T,S,V
2019-03-08 06:17:36,15.8,2147,0.00,19.7,67.5,----,----,3356.1814 S,15113.2067 E,6,1,T,S,V
2019-03-08 06:17:40,18.0,2185,0.11,19.7,67.5,----,----,3356.1810 S,15113.2067 E,6,1,T,S,V
2019-03-08 06:17:45,18.0,2183,0.13,19.7,67.4,----,----,3356.1801 S,15113.2076 E,6,1,T,S,V
2019-03-08 06:17:51,15.2,2135,0.05,19.6,67.3,----,----,3356.1792 S,15113.2080 E,7,1,T,S,V
2019-03-08 06:17:56,19.2,2206,0.11,19.6,67.3,----,----,3356.1776 S,15113.2083 E,7,1,T,S,V
2019-03-08 06:18:02,18.6,2197,0.09,19.6,67.3,----,----,3356.1765 S,15113.2088 E,7,1,T,S,V
2019-03-08 06:18:08,19.7,2217,0.10,19.5,67.2,----,----,3356.1763 S,15113.2109 E,7,1,T,S,V
2019-03-08 06:18:13,19.2,2204,0.08,19.5,67.2,----,----,3356.1766 S,15113.2120 E,7,1,T,S,V
2019-03-08 06:18:19,17.5,2176,0.04,19.5,67.2,----,----,3356.1776 S,15113.2124 E,7,1,T,S,V
2019-03-08 06:18:24,20.9,2230,0.07,19.5,67.1,----,----,3356.1786 S,15113.2125 E,7,1,T,S,V
2019-03-08 06:18:30,18.6,2192,0.04,19.5,67.1,----,----,3356.1795 S,15113.2126 E,7,1,T,S,V
2019-03-08 06:18:36,21.5,2241,0.07,19.5,67.1,----,----,3356.1804 S,15113.2134 E,7,1,T,S,V
2019-03-08 06:18:40,20.3,2225,0.13,19.5,67.1,----,----,3356.1793 S,15113.2146 E,7,1,T,S,V
2019-03-08 06:18:45,20.9,2233,0.15,19.4,67.0,----,----,3356.1798 S,15113.2162 E,7,1,T,S,V
2019-03-08 06:18:51,18.0,2189,0.00,19.4,67.0,----,----,3356.1816 S,15113.2165 E,7,1,T,S,V
2019-03-08 06:18:56,17.5,2177,0.03,19.4,66.9,----,----,3356.1829 S,15113.2181 E,8,1,T,S,V
2019-03-08 06:19:02,22.6,2261,0.14,19.4,66.9,----,----,3356.1837 S,15113.2184 E,8,1,T,S,V
2019-03-08 06:19:07,16.9,2169,0.06,19.4,66.9,----,----,3356.1841 S,15113.2178 E,8,1,T,S,V
2019-03-08 06:19:13,17.5,2172,0.06,19.3,66.9,----,----,3356.1849 S,15113.2171 E,8,1,T,S,V
2019-03-08 06:19:18,19.7,2217,0.08,19.3,66.9,----,----,3356.1844 S,15113.2154 E,9,1,T,S,V
2019-03-08 06:19:24,19.2,2207,0.14,19.3,66.8,----,----,3356.1838 S,15113.2136 E,9,1,T,S,V
2019-03-08 06:19:29,18.6,2196,0.08,19.3,66.8,----,----,3356.1857 S,15113.2134 E,9,1,T,S,V
2019-03-08 06:19:35,16.9,2166,0.07,19.3,66.8,----,----,3356.1882 S,15113.2137 E,9,1,T,S,V
2019-03-08 06:19:40,19.7,2214,0.17,19.3,66.7,----,----,3356.1898 S,15113.2147 E,9,1,T,S,V
2019-03-08 06:19:46,19.7,2213,0.13,19.3,66.7,----,----,3356.1906 S,15113.2162 E,9,1,T,S,V
2019-03-08 06:19:51,22.0,2256,0.08,19.3,66.7,----,----,3356.1919 S,15113.2161 E,9,1,T,S,V
2019-03-08 06:19:56,16.9,2161,0.06,19.3,66.7,----,----,3356.1919 S,15113.2149 E,9,1,T,S,V
2019-03-08 06:20:02,18.0,2185,0.08,19.2,66.7,----,----,3356.1909 S,15113.2136 E,9,1,T,S,V
2019-03-08 06:20:17,22.0,2252,0.14,19.2,66.6,----,----,3356.1918 S,15113.2123 E,8,1,T,S,V
2019-03-08 06:20:22,16.9,2169,0.07,19.2,66.6,----,----,3356.1933 S,15113.2119 E,8,1,T,S,V
2019-03-08 06:20:27,13.8,2110,0.07,19.2,66.6,----,----,3356.1934 S,15113.2111 E,8,1,T,S,V
2019-03-08 06:20:41,19.2,2207,0.14,19.2,66.5,----,----,3356.1891 S,15113.2092 E,8,1,T,S,V
2019-03-08 06:20:51,18.0,2181,0.08,19.1,66.5,----,----,3356.1874 S,15113.2099 E,7,1,T,S,V
2019-03-08 06:20:57,20.9,2232,0.15,19.1,66.5,----,----,3356.1866 S,15113.2100 E,8,1,T,S,V
2019-03-08 06:21:02,21.5,2242,0.15,19.1,66.5,----,----,3356.1858 S,15113.2104 E,8,1,T,S,V
2019-03-08 06:40:58,32.9,2442,0.17,19.0,66.3,----,----,0000.0000 N,00000.0000 W,0,0,T,S,V
2019-03-08 06:41:03,32.3,2433,0.17,19.0,66.3,----,----,0000.0000 N,00000.0000 W,0,0,T,S,V
2019-03-08 06:41:09,32.9,2448,0.29,19.0,66.2,----,----,0000.0000 N,00000.0000 W,0,0,T,S,V
2019-03-08 06:41:15,27.7,2353,0.19,19.0,66.2,----,----,0000.0000 N,00000.0000 W,0,0,T,S,V
2019-03-08 06:41:20,32.3,2433,0.17,19.0,66.2,----,----,0000.0000 N,00000.0000 W,0,0,T,S,V
2019-03-08 06:41:26,35.1,2481,0.16,19.0,66.2,----,----,0000.0000 N,00000.0000 W,0,0,T,S,V
2019-03-08 06:41:31,31.1,2413,0.16,19.0,66.2,----,----,0000.0000 N,00000.0000 W,0,0,T,S,V
2019-03-08 06:41:37,26.6,2336,0.10,18.9,66.1,----,----,0000.0000 N,00000.0000 W,0,0,T,S,V
2019-03-08 06:41:42,30.6,2401,0.20,18.9,66.0,----,----,0000.0000 N,00000.0000 W,0,0,T,S,V
2019-03-08 06:41:48,31.7,2422,0.19,18.9,66.1,----,----,0000.0000 N,00000.0000 W,0,0,T,S,V
2019-03-08 06:41:54,27.2,2344,0.23,18.9,66.0,----,----,0000.0000 N,00000.0000 W,0,0,T,S,V
2019-03-08 06:42:01,27.7,2359,0.09,18.9,66.0,----,----,0000.0000 N,00000.0000 W,0,0,T,S,V
2019-03-08 06:42:09,29.4,2383,0.17,18.9,66.0,----,----,0000.0000 N,00000.0000 W,0,0,T,S,V
2019-03-08 06:42:14,23.7,2287,0.18,18.9,66.0,----,----,0000.0000 N,00000.0000 W,0,0,T,S,V
2019-03-08 06:42:20,20.9,2235,0.13,18.9,66.0,----,----,0000.0000 N,00000.0000 W,0,0,T,S,V
2019-03-08 06:42:25,27.2,2349,0.19,18.8,66.0,----,----,0000.0000 N,00000.0000 W,0,0,T,S,V
2019-03-08 06:42:30,24.9,2301,0.14,18.8,66.0,----,----,3356.0050 S,15113.4245 E,3,1,T,S,V
2019-03-08 06:42:35,22.6,2263,0.14,18.8,66.0,----,----,3356.0068 S,15113.4250 E,3,1,T,S,V
2019-03-08 06:42:41,23.2,2272,0.24,18.8,66.0,----,----,3356.0079 S,15113.4251 E,3,1,T,S,V
2019-03-08 06:42:46,28.3,2366,0.17,18.8,66.0,----,----,3356.0100 S,15113.4251 E,3,1,T,S,V
2019-03-08 06:42:52,26.0,2321,0.20,18.8,65.9,----,----,3356.0126 S,15113.4259 E,3,1,T,S,V
2019-03-08 06:42:57,26.0,2327,0.15,18.8,65.9,----,----,3356.0096 S,15113.4597 E,4,1,T,S,V
2019-03-08 06:43:03,24.9,2301,0.16,18.8,65.9,----,----,3356.0079 S,15113.4600 E,4,1,T,S,V
2019-03-08 06:43:10,26.0,2327,0.14,18.8,65.9,----,----,3356.0031 S,15113.4614 E,5,1,T,S,V
2019-03-08 06:43:16,32.3,2438,0.23,18.8,65.8,----,----,3356.0024 S,15113.4624 E,5,1,T,S,V
2019-03-08 06:43:21,26.0,2321,0.10,18.8,65.9,----,----,3356.0044 S,15113.4622 E,5,1,T,S,V
2019-03-08 06:43:27,26.0,2321,0.21,18.8,65.8,----,----,3356.0079 S,15113.4609 E,6,1,T,S,V
2019-03-08 06:43:33,30.6,2401,0.15,18.8,65.8,----,----,3356.0080 S,15113.4619 E,7,1,T,S,V
2019-03-08 06:43:38,27.2,2342,0.15,18.8,65.8,----,----,3356.0086 S,15113.4649 E,7,1,T,S,V
2019-03-08 06:43:44,26.6,2331,0.15,18.8,65.8,----,----,3356.0088 S,15113.4673 E,7,1,T,S,V
2019-03-08 06:43:49,27.2,2341,0.18,18.8,65.8,----,----,3356.0074 S,15113.4685 E,7,1,T,S,V
2019-03-08 06:43:57,26.6,2338,0.14,18.7,65.8,----,----,3356.0059 S,15113.4680 E,7,1,T,S,V
2019-03-08 06:44:06,27.7,2351,0.11,18.7,65.8,----,----,3356.0047 S,15113.4652 E,8,1,T,S,V
2019-03-08 06:44:11,23.7,2280,0.16,18.7,65.7,----,----,3356.0050 S,15113.4628 E,8,1,T,S,V
2019-03-08 06:44:18,26.6,2334,0.17,18.7,65.7,----,----,3356.0056 S,15113.4622 E,7,1,T,S,V
2019-03-08 06:44:23,26.6,2338,0.15,18.7,65.7,----,----,3356.0061 S,15113.4602 E,8,1,T,S,V
2019-03-08 06:44:30,23.7,2280,0.08,18.7,65.7,----,----,3356.0043 S,15113.4585 E,8,1,T,S,V
2019-03-08 06:44:36,30.6,2408,0.23,18.7,65.7,----,----,3356.0026 S,15113.4586 E,8,1,T,S,V
2019-03-08 06:44:42,28.9,2375,0.13,18.7,65.7,----,----,3356.0010 S,15113.4597 E,8,1,T,S,V
2019-03-08 06:44:51,26.6,2333,0.15,18.7,65.7,----,----,3356.0003 S,15113.4606 E,7,1,T,S,V
2019-03-08 06:44:57,25.4,2316,0.19,18.7,65.7,----,----,3355.9988 S,15113.4590 E,8,1,T,S,V
2019-03-08 06:45:03,24.3,2294,0.10,18.7,65.7,----,----,3355.9971 S,15113.4581 E,8,1,T,S,V
2019-03-08 06:45:08,31.7,2421,0.31,18.7,65.7,----,----,3355.9963 S,15113.4580 E,8,1,T,S,V
2019-03-08 06:52:02,39.7,2565,0.37,19.1,66.4,----,----,0000.0000 N,00000.0000 W,0,0,T,S,V
2019-03-08 06:52:08,30.0,2393,0.20,19.1,66.4,----,----,0000.0000 N,00000.0000 W,0,0,T,S,V
2019-03-08 06:52:14,30.0,2392,0.10,19.1,66.4,----,----,0000.0000 N,00000.0000 W,0,0,T,S,V
2019-03-08 06:52:19,30.6,2400,0.20,19.1,66.4,----,----,0000.0000 N,00000.0000 W,0,0,T,S,V
2019-03-08 06:52:25,26.0,2321,0.13,19.1,66.4,----,----,0000.0000 N,00000.0000 W,0,0,T,S,V
2019-03-08 06:52:30,26.6,2331,0.09,19.0,66.3,----,----,0000.0000 N,00000.0000 W,0,0,T,S,V
2019-03-08 06:52:36,32.3,2430,0.29,19.0,66.3,----,----,0000.0000 N,00000.0000 W,0,0,T,S,V
2019-03-08 06:52:41,26.0,2322,0.24,19.0,66.3,----,----,0000.0000 N,00000.0000 W,0,0,T,S,V
2019-03-08 06:52:45,25.4,2314,0.15,19.0,66.2,----,----,0000.0000 N,00000.0000 W,0,0,T,S,V
2019-03-08 06:52:50,26.0,2321,0.12,19.0,66.2,----,----,0000.0000 N,00000.0000 W,0,0,T,S,V
2019-03-08 06:52:55,22.6,2261,0.08,19.0,66.2,----,----,0000.0000 N,00000.0000 W,0,0,T,S,V
2019-03-08 06:53:00,19.7,2211,0.07,19.0,66.2,----,----,0000.0000 N,00000.0000 W,0,0,T,S,V
2019-03-08 06:53:04,22.6,2261,0.07,19.0,66.2,----,----,0000.0000 N,00000.0000 W,0,0,T,S,V
2019-03-08 06:53:09,26.0,2322,0.12,19.0,66.2,----,----,0000.0000 N,00000.0000 W,0,0,T,S,V
2019-03-08 06:53:15,24.3,2298,0.09,19.0,66.2,----,----,0000.0000 N,00000.0000 W,0,0,T,S,V
2019-03-08 06:53:20,28.3,2363,0.18,19.0,66.2,----,----,0000.0000 N,00000.0000 W,0,0,T,S,V
2019-03-08 06:53:25,22.6,2262,0.20,19.0,66.2,----,----,0000.0000 N,00000.0000 W,0,0,T,S,V
2019-03-08 06:53:30,30.6,2402,0.20,18.9,66.1,----,----,0000.0000 N,00000.0000 W,0,0,T,S,V
2019-03-08 06:53:35,30.0,2390,0.23,18.9,66.1,----,----,0000.0000 N,00000.0000 W,0,0,T,S,V
2019-03-08 06:53:41,23.2,2274,0.08,18.9,66.1,----,----,0000.0000 N,00000.0000 W,0,0,T,S,V
2019-03-08 06:53:45,26.0,2326,0.20,18.9,66.1,----,----,0000.0000 N,00000.0000 W,0,0,T,S,V
2019-03-08 06:53:50,32.9,2445,0.28,18.9,66.1,----,----,0000.0000 N,00000.0000 W,0,0,T,S,V
2019-03-08 06:53:56,26.0,2325,0.11,18.9,66.1,----,----,0000.0000 N,00000.0000 W,0,0,T,S,V
2019-03-08 06:54:02,24.9,2308,0.24,18.9,66.0,----,----,0000.0000 N,00000.0000 W,0,0,T,S,V
2019-03-08 06:54:07,30.6,2401,0.04,18.9,66.0,----,----,0000.0000 N,00000.0000 W,0,0,T,S,V
2019-03-08 06:54:13,34.6,2479,0.20,18.9,66.0,----,----,0000.0000 N,00000.0000 W,0,0,T,S,V
2019-03-08 06:54:19,35.1,2482,0.15,18.9,66.0,----,----,3356.1715 S,15113.3228 E,5,1,T,S,V
2019-03-08 06:54:25,32.3,2431,0.18,18.9,66.0,----,----,3356.1702 S,15113.3200 E,5,1,T,S,V
2019-03-08 06:54:31,26.6,2331,0.14,18.9,66.0,----,----,3356.1683 S,15113.3219 E,7,1,T,S,V
2019-03-08 06:54:37,27.2,2347,0.13,18.8,66.0,----,----,3356.1674 S,15113.3204 E,7,1,T,S,V
2019-03-08 06:54:42,26.6,2331,0.15,18.8,66.0,----,----,3356.1664 S,15113.3185 E,7,1,T,S,V
2019-03-08 06:54:48,30.6,2400,0.19,18.8,66.0,----,----,3356.1657 S,15113.3184 E,7,1,T,S,V
2019-03-08 06:54:53,25.4,2317,0.06,18.8,65.9,----,----,3356.1652 S,15113.3196 E,7,1,T,S,V
2019-03-08 06:54:59,26.6,2331,0.18,18.8,65.9,----,----,3356.1646 S,15113.3212 E,7,1,T,S,V
2019-03-08 06:55:04,28.9,2375,0.09,18.8,65.9,----,----,3356.1660 S,15113.3219 E,8,1,T,S,V
2019-03-08 06:55:10,38.0,2539,0.27,18.8,65.9,----,----,3356.1674 S,15113.3236 E,9,1,T,S,V
2019-03-08 06:55:15,38.6,2546,0.11,18.8,65.9,----,----,3356.1664 S,15113.3232 E,8,1,T,S,V
2019-03-08 06:55:20,38.6,2541,0.10,18.8,65.9,----,----,3356.1648 S,15113.3230 E,8,1,T,S,V
2019-03-08 06:55:26,37.4,2523,0.09,18.8,65.8,----,----,3356.1635 S,15113.3234 E,8,1,T,S,V
2019-03-08 06:55:32,39.1,2550,0.22,18.8,65.8,----,----,3356.1614 S,15113.3224 E,8,1,T,S,V
2019-03-08 06:55:37,34.6,2479,0.10,18.8,65.8,----,----,3356.1598 S,15113.3210 E,8,1,T,S,V
2019-03-08 06:55:42,31.7,2427,0.13,18.8,65.8,----,----,3356.1598 S,15113.3194 E,8,1,T,S,V
2019-03-08 06:55:50,34.6,2474,0.30,18.7,65.8,----,----,3356.1588 S,15113.3193 E,8,1,T,S,V
2019-03-08 06:55:56,35.7,2496,0.19,18.7,65.8,----,----,3356.1587 S,15113.3183 E,8,1,T,S,V
2019-03-08 06:56:02,29.4,2389,0.17,18.7,65.8,----,----,3356.1599 S,15113.3182 E,8,1,T,S,V
2019-03-08 06:56:07,27.7,2353,0.22,18.7,65.8,----,----,3356.1610 S,15113.3186 E,8,1,T,S,V
2019-03-08 06:56:13,28.9,2377,0.13,18.7,65.7,----,----,3356.1625 S,15113.3190 E,8,1,T,S,V
2019-03-08 06:56:19,29.4,2383,0.16,18.7,65.7,----,----,3356.1629 S,15113.3185 E,8,1,T,S,V
2019-03-08 06:56:27,32.9,2441,0.28,18.7,65.7,----,----,3356.1631 S,15113.3165 E,8,1,T,S,V
2019-03-08 06:56:33,32.9,2440,0.28,18.7,65.7,----,----,3356.1618 S,15113.3149 E,9,1,T,S,V
2019-03-08 06:56:38,32.3,2436,0.18,18.7,65.7,----,----,3356.1602 S,15113.3135 E,9,1,T,S,V
2019-03-08 07:04:03,36.8,2510,0.14,19.0,66.3,----,----,0000.0000 N,00000.0000 W,0,0,T,S,V
2019-03-08 07:04:09,34.6,2473,0.16,19.0,66.3,----,----,0000.0000 N,00000.0000 W,0,0,T,S,V
2019-03-08 07:04:14,34.6,2471,0.24,19.0,66.2,----,----,0000.0000 N,00000.0000 W,0,0,T,S,V
2019-03-08 07:04:19,30.0,2391,0.11,19.0,66.2,----,----,0000.0000 N,00000.0000 W,0,0,T,S,V
2019-03-08 07:04:25,34.6,2475,0.24,19.0,66.2,----,----,0000.0000 N,00000.0000 W,0,0,T,S,V
2019-03-08 07:04:30,34.0,2464,0.26,19.0,66.2,----,----,0000.0000 N,00000.0000 W,0,0,T,S,V
2019-03-08 07:04:36,33.4,2452,0.19,19.0,66.2,----,----,0000.0000 N,00000.0000 W,0,0,T,S,V
2019-03-08 07:04:42,36.8,2515,0.25,18.9,66.1,----,----,0000.0000 N,00000.0000 W,0,0,T,S,V
2019-03-08 07:04:49,35.7,2498,0.13,18.9,66.1,----,----,0000.0000 N,00000.0000 W,0,0,T,S,V
2019-03-08 07:04:58,38.6,2546,0.21,18.9,66.1,----,----,0000.0000 N,00000.0000 W,0,0,T,S,V
2019-03-08 07:05:03,34.0,2466,0.23,18.9,66.0,----,----,0000.0000 N,00000.0000 W,0,0,T,S,V
2019-03-08 07:05:09,34.6,2475,0.07,18.9,66.0,----,----,0000.0000 N,00000.0000 W,0,0,T,S,V
2019-03-08 07:05:16,29.4,2385,0.16,18.9,66.0,----,----,0000.0000 N,00000.0000 W,0,0,T,S,V
2019-03-08 07:05:22,36.3,2502,0.42,18.9,66.0,----,----,0000.0000 N,00000.0000 W,0,0,T,S,V
2019-03-08 07:05:28,32.9,2441,0.28,18.9,66.0,----,----,0000.0000 N,00000.0000 W,0,0,T,S,V
2019-03-08 07:05:35,31.1,2415,0.16,18.8,66.0,----,----,0000.0000 N,00000.0000 W,0,0,T,S,V
2019-03-08 07:05:47,32.9,2440,0.28,18.8,65.9,----,----,0000.0000 N,00000.0000 W,0,0,T,S,V
2019-03-08 07:06:05,32.9,2441,0.24,18.8,65.9,----,----,3356.2188 S,15113.2255 E,4,1,T,S,V
2019-03-08 07:06:12,25.4,2319,0.18,18.8,65.9,----,----,3356.2208 S,15113.2248 E,5,1,T,S,V
2019-03-08 07:06:31,28.3,2367,0.17,18.8,65.9,----,----,3356.2200 S,15113.2192 E,7,1,T,S,V
2019-03-08 07:06:37,31.1,2414,0.20,18.8,65.8,----,----,3356.2180 S,15113.2183 E,7,1,T,S,V
2019-03-08 07:06:43,30.6,2406,0.22,18.8,65.8,----,----,3356.2177 S,15113.2167 E,7,1,T,S,V
2019-03-08 07:06:49,31.1,2419,0.23,18.8,65.8,----,----,3356.2175 S,15113.2137 E,7,1,T,S,V
2019-03-08 07:06:55,32.3,2432,0.20,18.8,65.8,----,----,3356.2190 S,15113.2133 E,7,1,T,S,V
2019-03-08 07:07:01,28.3,2363,0.15,18.8,65.8,----,----,3356.2201 S,15113.2147 E,7,1,T,S,V
2019-03-08 07:07:07,24.3,2290,0.08,18.7,65.8,----,----,3356.2204 S,15113.2168 E,7,1,T,S,V
2019-03-08 07:07:12,24.3,2298,0.13,18.7,65.8,----,----,3356.2211 S,15113.2178 E,7,1,T,S,V
2019-03-08 07:07:35,26.6,2333,0.17,18.7,65.7,----,----,3356.2215 S,15113.2198 E,8,1,T,S,V
2019-03-08 07:07:43,25.4,2319,0.18,18.7,65.7,----,----,3356.2218 S,15113.2184 E,8,1,T,S,V
2019-03-08 07:07:51,27.2,2344,0.18,18.7,65.7,----,----,3356.2211 S,15113.2164 E,8,1,T,S,V
2019-03-08 07:07:59,32.9,2449,0.22,18.7,65.7,----,----,3356.2213 S,15113.2163 E,9,1,T,S,V
2019-03-08 07:08:05,27.7,2352,0.24,18.7,65.7,----,----,3356.2224 S,15113.2168 E,9,1,T,S,V
2019-03-08 07:08:11,30.6,2402,0.24,18.7,65.7,----,----,3356.2236 S,15113.2166 E,9,1,T,S,V
2019-03-08 07:08:16,29.4,2386,0.12,18.7,65.6,----,----,3356.2244 S,15113.2167 E,9,1,T,S,V
2019-03-08 07:08:22,35.1,2480,0.20,18.7,65.6,----,----,3356.2260 S,15113.2166 E,9,1,T,S,V
2019-03-08 07:08:27,29.4,2383,0.20,18.7,65.6,----,----,3356.2277 S,15113.2173 E,9,1,T,S,V
2019-03-08 07:08:33,31.1,2414,0.12,18.6,65.6,----,----,3356.2285 S,15113.2190 E,9,1,T,S,V
2019-03-08 07:08:38,27.7,2358,0.21,18.6,65.6,----,----,3356.2270 S,15113.2175 E,9,1,T,S,V
2019-03-08 07:08:44,28.9,2375,0.20,18.6,65.6,----,----,3356.2256 S,15113.2181 E,9,1,T,S,V
2019-03-08 07:08:49,28.3,2369,0.18,18.6,65.6,----,----,3356.2236 S,15113.2197 E,9,1,T,S,V
2019-03-08 07:08:54,30.6,2407,0.30,18.6,65.6,----,----,3356.2234 S,15113.2210 E,9,1,T,S,V
2019-03-08 07:08:58,29.4,2383,0.08,18.6,65.6,----,----,3356.2235 S,15113.2220 E,9,1,T,S,V
2019-03-08 07:09:03,27.7,2354,0.17,18.6,65.6,----,----,3356.2228 S,15113.2213 E,9,1,T,S,V
2019-03-08 07:09:09,27.2,2347,0.13,18.6,65.6,----,----,3356.2216 S,15113.2206 E,9,1,T,S,V
2019-03-08 07:09:15,31.7,2425,0.23,18.6,65.5,----,----,3356.2206 S,15113.2210 E,10,1,T,S,V
2019-03-08 07:09:20,30.0,2399,0.05,18.6,65.5,----,----,3356.2191 S,15113.2216 E,10,1,T,S,V
2019-03-08 07:09:26,27.2,2342,0.16,18.6,65.5,----,----,3356.2206 S,15113.2230 E,10,1,T,S,V
2019-03-08 07:09:30,34.0,2460,0.22,18.6,65.5,----,----,3356.2213 S,15113.2232 E,10,1,T,S,V
2019-03-08 07:09:35,27.7,2350,0.14,18.6,65.5,----,----,3356.2228 S,15113.2227 E,10,1,T,S,V
2019-03-08 07:09:41,31.7,2423,0.19,18.6,65.5,----,----,3356.2237 S,15113.2261 E,10,1,T,S,V
2019-03-08 07:09:46,32.3,2432,0.18,18.6,65.5,----,----,3356.2244 S,15113.2249 E,10,1,T,S,V
2019-03-08 07:09:52,24.3,2296,0.12,18.6,65.4,----,----,3356.2249 S,15113.2234 E,10,1,T,S,V
2019-03-08 07:09:57,35.7,2490,0.23,18.6,65.4,----,----,3356.2254 S,15113.2223 E,10,1,T,S,V
2019-03-08 07:10:02,27.7,2352,0.17,18.6,65.4,----,----,3356.2255 S,15113.2227 E,10,1,T,S,V
2019-03-08 07:10:08,37.4,2527,0.23,18.6,65.4,----,----,3356.2275 S,15113.2239 E,10,1,T,S,V
2019-03-08 07:16:21,24.3,2299,0.12,19.0,66.3,----,----,0000.0000 N,00000.0000 W,0,0,T,S,V
2019-03-08 07:16:27,24.9,2304,0.12,19.0,66.3,----,----,0000.0000 N,00000.0000 W,0,0,T,S,V
2019-03-08 07:16:32,23.7,2287,0.15,19.0,66.3,----,----,0000.0000 N,00000.0000 W,0,0,T,S,V
2019-03-08 07:16:38,28.9,2379,0.23,19.0,66.3,----,----,0000.0000 N,00000.0000 W,0,0,T,S,V
2019-03-08 07:16:44,23.2,2274,0.19,19.0,66.2,----,----,0000.0000 N,00000.0000 W,0,0,T,S,V
2019-03-08 07:16:48,23.2,2274,0.16,19.0,66.2,----,----,0000.0000 N,00000.0000 W,0,0,T,S,V
2019-03-08 07:16:54,28.3,2362,0.18,19.0,66.2,----,----,0000.0000 N,00000.0000 W,0,0,T,S,V
2019-03-08 07:16:59,28.3,2368,0.15,19.0,66.2,----,----,0000.0000 N,00000.0000 W,0,0,T,S,V
2019-03-08 07:17:05,31.1,2411,0.18,19.0,66.2,----,----,0000.0000 N,00000.0000 W,0,0,T,S,V
2019-03-08 07:17:11,30.0,2394,0.27,19.0,66.2,----,----,0000.0000 N,00000.0000 W,0,0,T,S,V
2019-03-08 07:17:16,25.4,2319,0.14,19.0,66.2,----,----,0000.0000 N,00000.0000 W,0,0,T,S,V
2019-03-08 07:17:22,30.6,2404,0.27,18.9,66.1,----,----,0000.0000 N,00000.0000 W,0,0,T,S,V
2019-03-08 07:17:28,34.0,2462,0.22,18.9,66.1,----,----,0000.0000 N,00000.0000 W,0,0,T,S,V
2019-03-08 07:17:33,28.9,2377,0.17,18.9,66.1,----,----,3356.0459 S,15113.3120 E,4,1,T,S,V
2019-03-08 07:17:39,25.4,2317,0.07,18.9,66.1,----,----,3356.0468 S,15113.3103 E,3,1,T,S,V
2019-03-08 07:17:44,30.6,2409,0.21,18.9,66.1,----,----,3356.0451 S,15113.3110 E,3,1,T,S,V
2019-03-08 07:17:50,32.9,2440,0.17,18.9,66.0,----,----,3356.0434 S,15113.3109 E,3,1,T,S,V
2019-03-08 07:17:54,31.1,2411,0.16,18.9,66.0,----,----,3356.0409 S,15113.3114 E,3,6,T,S,V
2019-03-08 07:17:59,30.0,2395,0.11,18.9,66.0,----,----,3356.0393 S,15113.3135 E,3,1,T,S,V
2019-03-08 07:18:04,27.7,2353,0.16,18.9,66.0,----,----,3356.0401 S,15113.3151 E,4,1,T,S,V
2019-03-08 07:18:09,24.9,2305,0.22,18.9,66.0,----,----,3356.0386 S,15113.3178 E,4,1,T,S,V
2019-03-08 07:18:15,29.4,2386,0.16,18.9,66.0,----,----,3356.0401 S,15113.3160 E,4,1,T,S,V
2019-03-08 07:18:20,23.7,2288,0.15,18.9,66.0,----,----,3356.0408 S,15113.3128 E,4,1,T,S,V
2019-03-08 07:18:26,23.7,2289,0.15,18.8,66.0,----,----,3356.0393 S,15113.3120 E,4,1,T,S,V
2019-03-08 07:18:32,27.2,2340,0.19,18.8,66.0,----,----,3356.0405 S,15113.3122 E,5,1,T,S,V
2019-03-08 07:18:38,31.7,2425,0.21,18.8,66.0,----,----,3356.0423 S,15113.3124 E,5,1,T,S,V
2019-03-08 07:18:44,34.6,2471,0.20,18.8,66.0,----,----,3356.0467 S,15113.3162 E,5,1,T,S,V
2019-03-08 07:18:50,25.4,2317,0.17,18.8,65.9,----,----,3356.0461 S,15113.3166 E,5,1,T,S,V
2019-03-08 07:18:56,24.9,2309,0.15,18.8,65.9,----,----,3356.0469 S,15113.3177 E,5,1,T,S,V
2019-03-08 07:19:00,23.2,2279,0.17,18.8,65.9,----,----,3356.0473 S,15113.3173 E,6,1,T,S,V
2019-03-08 07:19:06,32.3,2439,0.21,18.8,65.9,----,----,3356.0455 S,15113.3182 E,6,1,T,S,V
2019-03-08 07:19:12,26.0,2329,0.15,18.8,65.9,----,----,3356.0437 S,15113.3182 E,6,1,T,S,V
2019-03-08 07:19:18,26.0,2327,0.18,18.8,65.8,----,----,3356.0429 S,15113.3177 E,6,1,T,S,V
2019-03-08 07:19:23,30.6,2408,0.26,18.8,65.8,----,----,3356.0426 S,15113.3178 E,6,1,T,S,V
2019-03-08 07:19:30,23.2,2274,0.05,18.8,65.8,----,----,3356.0439 S,15113.3200 E,6,1,T,S,V
2019-03-08 07:19:35,32.3,2433,0.26,18.8,65.8,----,----,3356.0453 S,15113.3217 E,6,1,T,S,V
2019-03-08 07:19:40,27.2,2347,0.14,18.8,65.8,----,----,3356.0461 S,15113.3224 E,8,1,T,S,V
2019-03-08 07:19:46,32.3,2433,0.21,18.8,65.8,----,----,3356.0461 S,15113.3235 E,8,1,T,S,V
2019-03-08 07:19:51,31.7,2426,0.21,18.8,65.8,----,----,3356.0455 S,15113.3246 E,8,1,T,S,V
2019-03-08 07:19:56,37.4,2522,0.20,18.8,65.8,----,----,3356.0455 S,15113.3260 E,9,1,T,S,V
2019-03-08 07:20:04,22.0,2250,0.09,18.7,65.8,----,----,3356.0438 S,15113.3255 E,9,1,T,S,V
2019-03-08 07:20:08,29.4,2386,0.24,18.7,65.8,----,----,3356.0429 S,15113.3239 E,9,1,T,S,V
2019-03-08 07:20:13,28.3,2365,0.15,18.7,65.7,----,----,3356.0426 S,15113.3236 E,9,1,T,S,V
2019-03-08 07:20:19,27.2,2347,0.13,18.7,65.7,----,----,3356.0425 S,15113.3226 E,10,1,T,S,V
2019-03-08 07:20:24,24.9,2302,0.15,18.7,65.7,----,----,3356.0419 S,15113.3201 E,10,1,T,S,V
2019-03-08 07:20:29,27.2,2343,0.19,18.7,65.7,----,----,3356.0419 S,15113.3189 E,10,1,T,S,V
2019-03-08 07:20:35,31.1,2415,0.17,18.7,65.7,----,----,3356.0415 S,15113.3177 E,10,1,T,S,V
2019-03-08 07:20:41,27.2,2347,0.10,18.7,65.7,----,----,3356.0419 S,15113.3161 E,10,1,T,S,V
2019-03-08 07:20:49,26.6,2336,0.16,18.7,65.7,----,----,3356.0417 S,15113.3169 E,10,1,T,S,V
2019-03-08 07:20:56,23.2,2277,0.13,18.7,65.7,----,----,3356.0405 S,15113.3196 E,10,1,T,S,V
2019-03-08 07:21:01,23.2,2276,0.18,18.7,65.7,----,----,3356.0403 S,15113.3221 E,10,1,T,S,V
2019-03-08 07:21:07,27.2,2344,0.21,18.7,65.7,----,----,3356.0411 S,15113.3232 E,10,1,T,S,V
2019-03-08 07:21:12,34.6,2470,0.14,18.7,65.7,----,----,3356.0409 S,15113.3244 E,10,1,T,S,V
2019-03-08 07:21:17,32.9,2440,0.15,18.7,65.7,----,----,3356.0391 S,15113.3240 E,10,1,T,S,V
2019-03-08 07:21:23,32.9,2448,0.16,18.7,65.7,----,----,3356.0384 S,15113.3229 E,9,1,T,S,V
2019-03-08 07:21:28,27.7,2355,0.22,18.7,65.7,----,----,3356.0378 S,15113.3217 E,10,1,T,S,V
2019-03-08 07:51:57,29.4,2382,0.26,19.2,66.6,----,----,0000.0000 N,00000.0000 W,0,0,T,S,V
2019-03-08 07:52:02,25.4,2316,0.14,19.2,66.6,----,----,0000.0000 N,00000.0000 W,0,0,T,S,V
2019-03-08 07:52:06,26.0,2325,0.18,19.2,66.6,----,----,0000.0000 N,00000.0000 W,0,0,T,S,V
2019-03-08 07:52:12,27.7,2353,0.18,19.2,66.6,----,----,0000.0000 N,00000.0000 W,0,0,T,S,V
2019-03-08 07:52:16,30.6,2403,0.18,19.2,66.6,----,----,0000.0000 N,00000.0000 W,0,0,T,S,V
2019-03-08 07:52:21,25.4,2311,0.18,19.2,66.5,----,----,0000.0000 N,00000.0000 W,0,0,T,S,V
2019-03-08 07:52:26,23.7,2281,0.14,19.2,66.5,----,----,0000.0000 N,00000.0000 W,0,0,T,S,V
2019-03-08 07:52:31,23.2,2270,0.14,19.2,66.5,----,----,0000.0000 N,00000.0000 W,0,0,T,S,V
2019-03-08 07:52:36,30.6,2409,0.25,19.1,66.5,----,----,0000.0000 N,00000.0000 W,0,0,T,S,V
2019-03-08 07:52:44,26.0,2325,0.16,19.1,66.5,----,----,0000.0000 N,00000.0000 W,0,0,T,S,V
2019-03-08 07:52:48,23.2,2273,0.15,19.1,66.5,----,----,0000.0000 N,00000.0000 W,0,0,T,S,V
2019-03-08 07:52:52,21.5,2249,0.06,19.1,66.5,----,----,0000.0000 N,00000.0000 W,0,0,T,S,V
2019-03-08 07:52:56,23.2,2272,0.07,19.1,66.5,----,----,0000.0000 N,00000.0000 W,0,0,T,S,V
2019-03-08 07:53:00,27.2,2341,0.15,19.1,66.5,----,----,0000.0000 N,00000.0000 W,0,0,T,S,V
2019-03-08 07:53:05,24.3,2299,0.07,19.1,66.4,----,----,0000.0000 N,00000.0000 W,0,0,T,S,V
2019-03-08 07:53:11,19.2,2206,0.08,19.1,66.4,----,----,0000.0000 N,00000.0000 W,0,0,T,S,V
2019-03-08 07:53:18,16.9,2169,0.13,19.1,66.4,----,----,0000.0000 N,00000.0000 W,0,0,T,S,V
2019-03-08 07:53:22,23.2,2273,0.10,19.1,66.4,----,----,0000.0000 N,00000.0000 W,0,0,T,S,V
2019-03-08 07:53:25,22.0,2250,0.16,19.1,66.4,----,----,0000.0000 N,00000.0000 W,0,0,T,S,V
2019-03-08 07:53:29,22.6,2269,0.13,19.1,66.4,----,----,0000.0000 N,00000.0000 W,0,0,T,S,V
2019-03-08 07:53:33,19.2,2203,0.13,19.1,66.4,----,----,3355.9682 S,15113.3766 E,5,1,T,S,V
2019-03-08 07:53:37,23.7,2281,0.11,19.1,66.4,----,----,3355.9673 S,15113.3760 E,5,1,T,S,V
2019-03-08 07:53:41,20.9,2230,0.04,19.0,66.3,----,----,3355.9640 S,15113.3761 E,5,1,T,S,V
2019-03-08 07:53:48,24.9,2308,0.17,19.0,66.3,----,----,3355.9630 S,15113.3782 E,5,1,T,S,V
2019-03-08 07:53:53,28.9,2375,0.18,19.0,66.3,----,----,3355.9628 S,15113.3797 E,5,1,T,S,V
2019-03-08 07:53:59,33.4,2457,0.17,19.0,66.3,----,----,3355.9634 S,15113.3804 E,5,1,T,S,V
2019-03-08 07:54:04,22.6,2264,0.11,19.0,66.2,----,----,3355.9618 S,15113.3811 E,7,1,T,S,V
2019-03-08 07:54:09,23.2,2279,0.08,19.0,66.2,----,----,3355.9629 S,15113.3822 E,7,1,T,S,V
2019-03-08 07:54:15,32.3,2434,0.22,19.0,66.2,----,----,3355.9638 S,15113.3832 E,7,1,T,S,V
2019-03-08 07:54:20,24.9,2308,0.16,19.0,66.2,----,----,3355.9652 S,15113.3842 E,7,1,T,S,V
2019-03-08 07:54:25,20.9,2235,0.13,19.0,66.2,----,----,3355.9659 S,15113.3859 E,7,1,T,S,V
2019-03-08 07:54:28,22.6,2268,0.04,19.0,66.2,----,----,3355.9660 S,15113.3864 E,7,1,T,S,V
2019-03-08 07:54:33,20.3,2226,0.06,19.0,66.2,----,----,3355.9653 S,15113.3868 E,7,1,T,S,V
2019-03-08 07:54:38,23.2,2276,0.11,19.0,66.2,----,----,3355.9638 S,15113.3873 E,7,1,T,S,V
2019-03-08 07:54:43,26.6,2331,0.10,19.0,66.2,----,----,3355.9621 S,15113.3870 E,7,1,T,S,V
2019-03-08 07:54:48,23.7,2281,0.16,19.0,66.2,----,----,3355.9604 S,15113.3868 E,7,1,T,S,V
2019-03-08 07:54:52,22.0,2255,0.05,19.0,66.2,----,----,3355.9595 S,15113.3870 E,7,1,T,S,V
2019-03-08 07:54:59,24.9,2309,0.15,19.0,66.2,----,----,3355.9582 S,15113.3874 E,7,1,T,S,V
2019-03-08 07:55:04,28.3,2360,0.20,18.9,66.1,----,----,3355.9582 S,15113.3883 E,7,1,T,S,V
2019-03-08 07:55:09,22.0,2253,0.14,18.9,66.1,----,----,3355.9582 S,15113.3899 E,7,1,T,S,V
2019-03-08 07:55:13,33.4,2450,0.18,19.0,66.2,----,----,3355.9585 S,15113.3915 E,7,1,T,S,V
2019-03-08 07:55:19,23.7,2289,0.12,18.9,66.1,----,----,3355.9588 S,15113.3926 E,7,1,T,S,V
2019-03-08 07:55:23,23.7,2282,0.06,18.9,66.1,----,----,3355.9591 S,15113.3937 E,7,1,T,S,V
2019-03-08 07:55:28,28.3,2367,0.18,18.9,66.1,----,----,3355.9580 S,15113.3946 E,7,1,T,S,V
2019-03-08 07:55:34,25.4,2310,0.19,18.9,66.0,----,----,3355.9568 S,15113.3945 E,7,1,T,S,V
2019-03-08 07:55:40,26.0,2327,0.11,18.9,66.0,----,----,3355.9562 S,15113.3938 E,7,1,T,S,V
2019-03-08 07:55:45,25.4,2312,0.16,18.9,66.0,----,----,3355.9550 S,15113.3919 E,7,1,T,S,V
2019-03-08 07:55:53,27.7,2354,0.18,18.9,66.0,----,----,3355.9532 S,15113.3903 E,7,1,T,S,V
2019-03-08 07:55:59,28.9,2375,0.16,18.9,66.0,----,----,3355.9524 S,15113.3884 E,7,1,T,S,V
2019-03-08 07:56:04,29.4,2384,0.13,18.9,66.0,----,----,3355.9501 S,15113.3882 E,8,1,T,S,V
2019-03-08 07:56:09,21.5,2248,0.19,18.9,66.0,----,----,3355.9494 S,15113.3887 E,8,1,T,S,V
2019-03-08 07:56:13,19.2,2207,0.02,18.9,66.0,----,----,3355.9488 S,15113.3893 E,8,1,T,S,V
2019-03-08 07:56:16,19.2,2206,0.03,18.9,66.0,----,----,3355.9490 S,15113.3898 E,8,1,T,S,V
2019-03-08 07:56:20,20.3,2223,0.09,18.9,66.0,----,----,3355.9491 S,15113.3903 E,8,1,T,S,V
2019-03-08 07:56:23,22.0,2258,0.13,18.9,66.0,----,----,3355.9475 S,15113.3901 E,8,1,T,S,V
2019-03-08 07:56:27,25.4,2310,0.19,18.9,66.0,----,----,3355.9473 S,15113.3909 E,8,1,T,S,V
2019-03-08 07:56:34,24.9,2305,0.18,18.9,66.0,----,----,3355.9485 S,15113.3927 E,8,1,T,S,V
2019-03-08 07:56:39,23.2,2274,0.13,18.9,66.0,----,----,3355.9489 S,15113.3938 E,9,1,T,S,V
2019-03-08 07:56:44,26.0,2327,0.10,18.9,66.0,----,----,3355.9501 S,15113.3946 E,8,1,T,S,V
2019-03-08 07:56:50,23.2,2273,0.14,18.8,66.0,----,----,3355.9501 S,15113.3950 E,8,1,T,S,V
2019-03-08 07:56:54,26.0,2325,0.19,18.8,66.0,----,----,3355.9495 S,15113.3957 E,8,1,T,S,V
2019-03-08 07:57:01,24.3,2294,0.09,18.8,66.0,----,----,3355.9476 S,15113.3947 E,8,1,T,S,V
2019-03-08 07:57:07,26.6,2336,0.07,18.8,66.0,----,----,3355.9466 S,15113.3956 E,8,1,T,S,V
2019-03-08 07:57:12,31.1,2411,0.12,18.8,66.0,----,----,3355.9454 S,15113.3940 E,8,1,T,S,V
2019-03-08 07:57:18,22.6,2260,0.07,18.8,66.0,----,----,3355.9441 S,15113.3924 E,8,1,T,S,V
2019-03-08 07:57:23,24.3,2296,0.07,18.8,65.9,----,----,3355.9448 S,15113.3936 E,8,1,T,S,V
2019-03-08 07:57:29,28.3,2366,0.04,18.8,65.9,----,----,3355.9447 S,15113.3930 E,8,1,T,S,V
2019-03-08 07:57:34,31.7,2427,0.21,18.8,65.9,----,----,3355.9446 S,15113.3912 E,8,1,T,S,V
2019-03-08 07:57:39,26.6,2336,0.13,18.8,65.9,----,----,3355.9438 S,15113.3894 E,8,1,T,S,V
2019-03-08 07:57:43,26.6,2338,0.18,18.8,65.9,----,----,3355.9439 S,15113.3891 E,8,1,T,S,V
2019-03-08 08:01:28,26.0,2329,0.12,18.9,66.1,----,----,0000.0000 N,00000.0000 W,0,0,T,S,V
2019-03-08 08:01:31,24.3,2295,0.10,18.9,66.1,----,----,0000.0000 N,00000.0000 W,0,0,T,S,V
2019-03-08 08:01:36,22.0,2253,0.11,18.9,66.1,----,----,0000.0000 N,00000.0000 W,0,0,T,S,V
2019-03-08 08:01:41,34.0,2462,0.31,18.9,66.1,----,----,0000.0000 N,00000.0000 W,0,0,T,S,V
2019-03-08 08:01:44,32.9,2440,0.19,18.9,66.1,----,----,0000.0000 N,00000.0000 W,0,0,T,S,V
2019-03-08 08:01:51,31.1,2418,0.15,18.9,66.0,----,----,0000.0000 N,00000.0000 W,0,0,T,S,V
2019-03-08 08:01:56,36.8,2513,0.20,18.9,66.0,----,----,0000.0000 N,00000.0000 W,0,0,T,S,V
2019-03-08 08:02:01,30.6,2409,0.13,18.9,66.0,----,----,0000.0000 N,00000.0000 W,0,0,T,S,V
2019-03-08 08:02:10,32.9,2445,0.15,18.9,66.0,----,----,0000.0000 N,00000.0000 W,0,0,T,S,V
2019-03-08 08:02:15,30.6,2407,0.13,18.9,66.0,----,----,0000.0000 N,00000.0000 W,0,0,T,S,V
2019-03-08 08:02:21,43.1,2624,0.21,18.9,66.0,----,----,0000.0000 N,00000.0000 W,0,0,T,S,V
2019-03-08 08:02:26,36.3,2505,0.11,18.9,66.0,----,----,0000.0000 N,00000.0000 W,0,0,T,S,V
2019-03-08 08:02:31,33.4,2456,0.13,18.8,66.0,----,----,0000.0000 N,00000.0000 W,0,0,T,S,V
2019-03-08 08:02:36,29.4,2386,0.07,18.8,66.0,----,----,0000.0000 N,00000.0000 W,0,0,T,S,V
2019-03-08 08:02:42,34.0,2465,0.23,18.8,66.0,----,----,0000.0000 N,00000.0000 W,0,0,T,S,V
2019-03-08 08:02:51,24.3,2294,0.11,18.8,65.9,----,----,0000.0000 N,00000.0000 W,0,0,T,S,V
2019-03-08 08:02:56,24.9,2301,0.20,18.8,65.9,----,----,3356.1356 S,15113.2164 E,3,1,T,S,V
2019-03-08 08:03:01,29.4,2389,0.16,18.8,65.9,----,----,3356.1364 S,15113.2164 E,3,1,T,S,V
2019-03-08 08:03:07,31.1,2417,0.17,18.8,65.9,----,----,3356.1352 S,15113.2162 E,3,1,T,S,V
2019-03-08 08:03:12,28.3,2360,0.22,18.8,65.9,----,----,3356.1366 S,15113.2166 E,4,1,T,S,V
2019-03-08 08:03:18,23.7,2285,0.07,18.8,65.9,----,----,3356.1422 S,15113.2170 E,5,1,T,S,V
2019-03-08 08:03:22,27.7,2353,0.16,18.8,65.9,----,----,3356.1430 S,15113.2178 E,4,1,T,S,V
2019-03-08 08:03:27,29.4,2387,0.20,18.8,65.8,----,----,3356.1412 S,15113.2182 E,5,1,T,S,V
2019-03-08 08:03:33,27.7,2354,0.14,18.8,65.8,----,----,3356.1386 S,15113.2182 E,6,1,T,S,V
2019-03-08 08:03:37,28.9,2379,0.12,18.8,65.8,----,----,3356.1387 S,15113.2174 E,6,1,T,S,V
2019-03-08 08:03:42,32.3,2432,0.22,18.8,65.8,----,----,3356.1395 S,15113.2182 E,6,1,T,S,V
2019-03-08 08:03:48,33.4,2454,0.17,18.8,65.8,----,----,3356.1411 S,15113.2191 E,6,1,T,S,V
2019-03-08 08:03:52,34.0,2460,0.18,18.8,65.8,----,----,3356.1414 S,15113.2192 E,5,1,T,S,V
2019-03-08 08:03:57,23.2,2274,0.10,18.8,65.8,----,----,3356.1424 S,15113.2196 E,5,1,T,S,V
2019-03-08 08:04:02,17.5,2179,0.05,18.7,65.8,----,----,3356.1435 S,15113.2197 E,6,1,T,S,V
2019-03-08 08:04:06,16.9,2161,0.07,18.8,65.8,----,----,3356.1440 S,15113.2196 E,5,1,T,S,V
2019-03-08 08:04:10,16.9,2167,0.06,18.7,65.8,----,----,3356.1441 S,15113.2198 E,5,1,T,S,V
2019-03-08 08:04:13,26.0,2322,0.09,18.7,65.8,----,----,3356.1443 S,15113.2200 E,5,1,T,S,V
2019-03-08 08:04:18,18.6,2192,0.07,18.7,65.8,----,----,3356.1437 S,15113.2197 E,6,1,T,S,V
2019-03-08 08:04:22,20.3,2224,0.08,18.7,65.8,----,----,3356.1435 S,15113.2193 E,6,1,T,S,V
2019-03-08 08:04:27,24.3,2297,0.17,18.7,65.8,----,----,3356.1452 S,15113.2202 E,6,1,T,S,V
2019-03-08 08:04:31,24.3,2293,0.15,18.7,65.7,----,----,3356.1451 S,15113.2200 E,6,1,T,S,V
2019-03-08 08:04:35,27.2,2346,0.18,18.7,65.7,----,----,3356.1438 S,15113.2209 E,6,1,T,S,V
2019-03-08 08:04:40,33.4,2457,0.18,18.7,65.7,----,----,3356.1422 S,15113.2226 E,6,1,T,S,V
2019-03-08 08:04:44,29.4,2387,0.15,18.7,65.7,----,----,3356.1413 S,15113.2234 E,6,1,T,S,V
2019-03-08 08:04:49,31.7,2426,0.11,18.7,65.7,----,----,3356.1415 S,15113.2252 E,6,1,T,S,V
2019-03-08 08:04:53,26.0,2328,0.14,18.7,65.7,----,----,3356.1407 S,15113.2269 E,6,1,T,S,V
2019-03-08 08:04:59,26.0,2329,0.20,18.7,65.7,----,----,3356.1400 S,15113.2283 E,6,1,T,S,V
2019-03-08 08:05:02,21.5,2247,0.18,18.7,65.7,----,----,3356.1407 S,15113.2282 E,6,1,T,S,V
2019-03-08 08:05:06,28.9,2374,0.14,18.7,65.7,----,----,3356.1411 S,15113.2269 E,6,1,T,S,V
2019-03-08 08:05:11,25.4,2311,0.09,18.7,65.7,----,----,3356.1382 S,15113.2280 E,6,1,T,S,V
2019-03-08 08:05:16,23.7,2280,0.18,18.7,65.7,----,----,3356.1369 S,15113.2263 E,6,1,T,S,V
2019-03-08 08:05:21,24.3,2295,0.15,18.7,65.7,----,----,3356.1367 S,15113.2250 E,6,1,T,S,V
2019-03-08 08:05:27,25.4,2311,0.10,18.7,65.7,----,----,3356.1353 S,15113.2241 E,6,1,T,S,V
2019-03-08 08:05:32,29.4,2382,0.21,18.7,65.7,----,----,3356.1335 S,15113.2235 E,6,1,T,S,V
2019-03-08 08:05:36,27.2,2340,0.17,18.7,65.7,----,----,3356.1327 S,15113.2230 E,6,1,T,S,V
2019-03-08 08:05:40,30.6,2401,0.18,18.7,65.6,----,----,3356.1323 S,15113.2233 E,6,1,T,S,V
2019-03-08 08:05:45,30.6,2406,0.15,18.7,65.7,----,----,3356.1336 S,15113.2256 E,6,1,T,S,V
2019-03-08 08:05:51,27.7,2359,0.16,18.7,65.6,----,----,3356.1356 S,15113.2276 E,6,1,T,S,V
2019-03-08 08:05:56,33.4,2450,0.14,18.7,65.7,----,----,3356.1362 S,15113.2289 E,6,1,T,S,V
2019-03-08 08:06:01,35.7,2496,0.17,18.7,65.7,----,----,3356.1366 S,15113.2306 E,6,1,T,S,V
2019-03-08 08:06:05,36.8,2511,0.13,18.7,65.6,----,----,3356.1356 S,15113.2312 E,6,1,T,S,V
2019-03-08 08:06:09,38.0,2537,0.44,18.7,65.6,----,----,3356.1370 S,15113.2305 E,7,1,T,S,V
2019-03-08 08:06:14,40.8,2586,0.09,18.7,65.6,----,----,3356.1366 S,15113.2306 E,7,1,T,S,V
2019-03-08 08:06:21,32.3,2438,0.18,18.6,65.6,----,----,3356.1352 S,15113.2282 E,7,1,T,S,V
2019-03-08 08:06:26,32.9,2440,0.18,18.6,65.6,----,----,3356.1335 S,15113.2277 E,7,1,T,S,V
2019-03-08 08:06:30,30.6,2409,0.14,18.6,65.6,----,----,3356.1324 S,15113.2276 E,7,1,T,S,V
2019-03-08 08:06:35,39.1,2551,0.06,18.6,65.6,----,----,3356.1322 S,15113.2286 E,7,1,T,S,V
2019-03-08 08:06:40,36.3,2506,0.36,18.6,65.6,----,----,3356.1325 S,15113.2300 E,7,1,T,S,V
2019-03-08 08:06:45,32.3,2439,0.15,18.6,65.6,----,----,3356.1326 S,15113.2309 E,7,1,T,S,V
2019-03-08 08:06:51,35.7,2498,0.22,18.6,65.6,----,----,3356.1315 S,15113.2332 E,8,1,T,S,V
2019-03-08 08:06:56,39.1,2555,0.24,18.6,65.6,----,----,3356.1305 S,15113.2337 E,8,1,T,S,V
2019-03-08 08:07:01,39.7,2567,0.04,18.6,65.6,----,----,3356.1296 S,15113.2330 E,8,1,T,S,V
2019-03-08 08:07:07,38.6,2545,0.28,18.6,65.6,----,----,3356.1297 S,15113.2324 E,8,1,T,S,V
2019-03-08 08:07:12,31.7,2427,0.12,18.6,65.6,----,----,3356.1283 S,15113.2324 E,8,1,T,S,V
2019-03-08 08:07:17,27.7,2352,0.11,18.6,65.5,----,----,3356.1286 S,15113.2318 E,8,1,T,S,V
2019-03-08 08:07:21,34.6,2475,0.18,18.6,65.5,----,----,3356.1287 S,15113.2311 E,8,1,T,S,V
2019-03-08 08:07:25,32.3,2438,0.18,18.6,65.5,----,----,3356.1292 S,15113.2302 E,8,1,T,S,V
2019-03-08 08:07:29,23.7,2288,0.13,18.6,65.5,----,----,3356.1300 S,15113.2292 E,8,1,T,S,V
2019-03-08 08:07:34,30.6,2403,0.15,18.6,65.5,----,----,3356.1307 S,15113.2296 E,7,1,T,S,V
2019-03-08 08:07:38,31.1,2417,0.21,18.6,65.5,----,----,3356.1312 S,15113.2298 E,7,1,T,S,V
2019-03-08 08:07:41,32.9,2447,0.14,18.6,65.5,----,----,3356.1315 S,15113.2300 E,7,1,T,S,V
2019-03-08 08:07:45,38.0,2538,0.34,18.6,65.5,----,----,3356.1332 S,15113.2295 E,7,1,T,S,V
2019-03-08 08:07:50,30.0,2397,0.20,18.6,65.5,----,----,3356.1333 S,15113.2274 E,7,1,T,S,V
2019-03-08 08:07:55,24.3,2290,0.04,18.6,65.5,----,----,3356.1331 S,15113.2261 E,7,1,T,S,V
2019-03-08 08:07:59,22.6,2262,0.09,18.6,65.5,----,----,3356.1328 S,15113.2255 E,7,1,T,S,V
2019-03-08 08:08:03,22.0,2252,0.12,18.6,65.5,----,----,3356.1327 S,15113.2253 E,7,1,T,S,V
2019-03-08 08:08:07,31.1,2417,0.17,18.6,65.4,----,----,3356.1323 S,15113.2253 E,7,1,T,S,V
2019-03-08 08:08:14,34.0,2467,0.11,18.6,65.4,----,----,3356.1310 S,15113.2234 E,7,1,T,S,V
2019-03-08 08:16:35,33.4,2452,0.31,19.0,66.2,----,----,0000.0000 N,00000.0000 W,0,0,T,S,V
2019-03-08 08:16:41,32.9,2447,0.25,19.0,66.2,----,----,0000.0000 N,00000.0000 W,0,0,T,S,V
2019-03-08 08:16:46,29.4,2389,0.18,19.0,66.2,----,----,0000.0000 N,00000.0000 W,0,0,T,S,V
2019-03-08 08:16:51,27.2,2349,0.18,19.0,66.2,----,----,0000.0000 N,00000.0000 W,0,0,T,S,V
2019-03-08 08:16:54,28.3,2367,0.24,19.0,66.2,----,----,0000.0000 N,00000.0000 W,0,0,T,S,V
2019-03-08 08:16:58,29.4,2384,0.20,19.0,66.2,----,----,0000.0000 N,00000.0000 W,0,0,T,S,V
2019-03-08 08:17:04,20.9,2237,0.14,19.0,66.2,----,----,0000.0000 N,00000.0000 W,0,0,T,S,V
2019-03-08 08:17:07,21.5,2241,0.08,19.0,66.2,----,----,0000.0000 N,00000.0000 W,0,0,T,S,V
2019-03-08 08:17:13,23.7,2285,0.09,19.0,66.2,----,----,0000.0000 N,00000.0000 W,0,0,T,S,V
2019-03-08 08:17:18,29.4,2384,0.18,18.9,66.1,----,----,0000.0000 N,00000.0000 W,0,0,T,S,V
2019-03-08 08:17:24,27.7,2350,0.23,18.9,66.1,----,----,0000.0000 N,00000.0000 W,0,0,T,S,V
2019-03-08 08:17:29,26.0,2322,0.16,18.9,66.1,----,----,0000.0000 N,00000.0000 W,0,0,T,S,V
2019-03-08 08:17:34,28.3,2368,0.18,18.9,66.1,----,----,0000.0000 N,00000.0000 W,0,0,T,S,V
2019-03-08 08:17:38,28.3,2368,0.20,18.9,66.1,----,----,0000.0000 N,00000.0000 W,0,0,T,S,V
2019-03-08 08:17:42,25.4,2319,0.21,18.9,66.1,----,----,0000.0000 N,00000.0000 W,0,0,T,S,V
2019-03-08 08:17:47,29.4,2386,0.15,18.9,66.1,----,----,0000.0000 N,00000.0000 W,0,0,T,S,V
2019-03-08 08:17:53,27.2,2342,0.17,18.9,66.1,----,----,0000.0000 N,00000.0000 W,0,0,T,S,V
2019-03-08 08:17:58,28.3,2365,0.16,18.9,66.1,----,----,0000.0000 N,00000.0000 W,0,0,T,S,V
2019-03-08 08:18:03,24.9,2309,0.20,18.9,66.1,----,----,0000.0000 N,00000.0000 W,0,0,T,S,V
2019-03-08 08:18:07,24.9,2302,0.19,18.9,66.1,----,----,3356.2812 S,15113.2819 E,2,6,T,S,V
2019-03-08 08:18:12,24.3,2293,0.20,18.9,66.1,----,----,3356.2792 S,15113.2794 E,2,6,T,S,V
2019-03-08 08:18:16,22.6,2264,0.13,18.9,66.1,----,----,0000.0000 N,00000.0000 W,0,0,T,S,V
2019-03-08 08:18:21,27.2,2347,0.15,18.9,66.1,----,----,0000.0000 N,00000.0000 W,0,0,T,S,V
2019-03-08 08:18:26,22.0,2255,0.12,18.9,66.1,----,----,3356.2931 S,15113.2595 E,4,1,T,S,V
2019-03-08 08:18:34,32.3,2435,0.27,18.9,66.1,----,----,3356.2972 S,15113.2543 E,4,1,T,S,V
2019-03-08 08:18:40,26.0,2326,0.13,18.9,66.1,----,----,3356.2972 S,15113.2539 E,3,1,T,S,V
2019-03-08 08:18:45,28.3,2369,0.20,18.9,66.1,----,----,3356.2965 S,15113.2545 E,4,1,T,S,V
2019-03-08 08:18:51,30.6,2408,0.26,18.9,66.0,----,----,3356.2952 S,15113.2553 E,4,1,T,S,V
2019-03-08 08:18:56,26.6,2337,0.20,18.9,66.0,----,----,3356.2953 S,15113.2554 E,4,1,T,S,V
2019-03-08 08:19:02,29.4,2381,0.18,18.9,66.0,----,----,3356.2934 S,15113.2543 E,4,1,T,S,V
2019-03-08 08:19:05,30.0,2391,0.28,18.9,66.0,----,----,3356.2930 S,15113.2541 E,4,1,T,S,V
2019-03-08 08:19:12,28.9,2374,0.18,18.9,66.0,----,----,3356.2943 S,15113.2562 E,4,1,T,S,V
2019-03-08 08:19:17,26.0,2328,0.16,18.9,66.0,----,----,3356.2956 S,15113.2584 E,4,1,T,S,V
2019-03-08 08:19:22,29.4,2383,0.14,18.9,66.0,----,----,3356.2969 S,15113.2602 E,4,1,T,S,V
2019-03-08 08:19:27,26.0,2329,0.18,18.9,66.0,----,----,3356.2970 S,15113.2603 E,4,1,T,S,V
2019-03-08 08:19:32,27.7,2357,0.16,18.9,66.0,----,----,3356.2982 S,15113.2599 E,5,1,T,S,V
2019-03-08 08:19:36,25.4,2316,0.11,18.9,66.0,----,----,3356.2982 S,15113.2606 E,5,1,T,S,V
2019-03-08 08:19:41,30.0,2393,0.19,18.9,66.0,----,----,3356.2986 S,15113.2624 E,5,1,T,S,V
2019-03-08 08:19:46,32.9,2440,0.14,18.9,66.0,----,----,3356.2974 S,15113.2629 E,5,1,T,S,V
2019-03-08 08:19:51,32.9,2440,0.22,18.9,66.0,----,----,3356.2959 S,15113.2636 E,5,1,T,S,V
2019-03-08 08:19:56,27.2,2344,0.06,18.9,66.0,----,----,3356.2948 S,15113.2635 E,5,1,T,S,V
2019-03-08 08:20:01,35.1,2484,0.09,18.9,66.0,----,----,3356.2922 S,15113.2655 E,6,1,T,S,V
2019-03-08 08:20:06,35.7,2498,0.32,18.9,66.0,----,----,3356.2901 S,15113.2670 E,6,1,T,S,V
2019-03-08 08:20:11,34.6,2470,0.00,18.9,66.0,----,----,3356.2869 S,15113.2670 E,6,1,T,S,V
2019-03-08 08:20:16,28.3,2368,0.06,18.9,66.0,----,----,3356.2879 S,15113.2659 E,6,1,T,S,V
2019-03-08 08:20:21,27.2,2341,0.12,18.9,66.0,----,----,3356.2882 S,15113.2640 E,6,1,T,S,V
2019-03-08 08:20:25,29.4,2386,0.14,18.9,66.0,----,----,3356.2884 S,15113.2623 E,6,1,T,S,V
2019-03-08 08:20:29,27.2,2340,0.18,18.9,66.0,----,----,3356.2877 S,15113.2618 E,6,1,T,S,V
2019-03-08 08:20:33,27.7,2353,0.13,18.9,66.0,----,----,3356.2878 S,15113.2612 E,6,1,T,S,V
2019-03-08 08:20:39,34.6,2471,0.27,18.9,66.0,----,----,3356.2860 S,15113.2614 E,6,1,T,S,V
2019-03-08 08:20:44,31.7,2426,0.21,18.9,66.0,----,----,3356.2846 S,15113.2630 E,6,1,T,S,V
2019-03-08 08:28:16,20.3,2220,0.12,19.4,66.9,----,----,0000.0000 N,00000.0000 W,0,0,T,S,V
2019-03-08 08:28:20,23.2,2273,0.19,19.4,67.0,----,----,0000.0000 N,00000.0000 W,0,0,T,S,V
2019-03-08 08:28:25,31.1,2411,0.14,19.4,66.9,----,----,0000.0000 N,00000.0000 W,0,0,T,S,V
2019-03-08 08:28:30,32.9,2447,0.10,19.4,66.9,----,----,0000.0000 N,00000.0000 W,0,0,T,S,V
2019-03-08 08:28:34,26.6,2330,0.18,19.4,66.9,----,----,0000.0000 N,00000.0000 W,0,0,T,S,V
2019-03-08 08:28:39,19.2,2209,0.13,19.4,66.9,----,----,0000.0000 N,00000.0000 W,0,0,T,S,V
2019-03-08 08:28:42,18.6,2193,0.12,19.4,66.9,----,----,0000.0000 N,00000.0000 W,0,0,T,S,V
2019-03-08 08:28:46,20.3,2226,0.10,19.4,66.9,----,----,0000.0000 N,00000.0000 W,0,0,T,S,V
2019-03-08 08:28:50,18.0,2180,0.10,19.4,66.9,----,----,0000.0000 N,00000.0000 W,0,0,T,S,V
2019-03-08 08:28:54,21.5,2246,0.14,19.4,66.9,----,----,0000.0000 N,00000.0000 W,0,0,T,S,V
2019-03-08 08:28:58,22.6,2261,0.14,19.4,66.9,----,----,0000.0000 N,00000.0000 W,0,0,T,S,V
2019-03-08 08:29:03,26.6,2336,0.24,19.4,66.9,----,----,0000.0000 N,00000.0000 W,0,0,T,S,V
2019-03-08 08:29:07,28.3,2361,0.27,19.4,66.9,----,----,0000.0000 N,00000.0000 W,0,0,T,S,V
2019-03-08 08:29:12,25.4,2319,0.21,19.4,66.9,----,----,0000.0000 N,00000.0000 W,0,0,T,S,V
2019-03-08 08:29:17,27.7,2350,0.15,19.4,66.9,----,----,0000.0000 N,00000.0000 W,0,0,T,S,V
2019-03-08 08:29:21,24.9,2305,0.19,19.4,66.9,----,----,0000.0000 N,00000.0000 W,0,0,T,S,V
2019-03-08 08:29:26,24.3,2296,0.10,19.3,66.9,----,----,0000.0000 N,00000.0000 W,0,0,T,S,V
2019-03-08 08:29:30,19.7,2213,0.07,19.3,66.9,----,----,0000.0000 N,00000.0000 W,0,0,T,S,V
2019-03-08 08:29:34,22.6,2263,0.15,19.3,66.9,----,----,0000.0000 N,00000.0000 W,0,0,T,S,V
2019-03-08 08:29:39,22.0,2250,0.13,19.3,66.9,----,----,0000.0000 N,00000.0000 W,0,0,T,S,V
2019-03-08 08:29:43,19.7,2214,0.11,19.3,66.9,----,----,0000.0000 N,00000.0000 W,0,0,T,S,V
2019-03-08 08:29:48,22.0,2250,0.16,19.3,66.9,----,----,0000.0000 N,00000.0000 W,0,0,T,S,V
2019-03-08 08:29:53,22.6,2263,0.12,19.3,66.9,----,----,0000.0000 N,00000.0000 W,0,0,T,S,V
2019-03-08 08:29:58,23.7,2282,0.17,19.3,66.9,----,----,0000.0000 N,00000.0000 W,0,0,T,S,V
2019-03-08 08:30:03,27.7,2357,0.17,19.4,66.9,----,----,0000.0000 N,00000.0000 W,0,0,T,S,V
2019-03-08 08:30:09,28.3,2369,0.16,19.3,66.9,----,----,0000.0000 N,00000.0000 W,0,0,T,S,V
2019-03-08 08:30:14,26.0,2321,0.16,19.3,66.9,----,----,0000.0000 N,00000.0000 W,0,0,T,S,V
2019-03-08 08:37:42,30.0,2395,0.18,19.7,67.6,----,----,0000.0000 N,00000.0000 W,0,0,T,S,V
2019-03-08 08:37:47,23.2,2276,0.15,19.7,67.6,----,----,0000.0000 N,00000.0000 W,0,0,T,S,V
2019-03-08 08:37:52,26.0,2322,0.18,19.7,67.5,----,----,0000.0000 N,00000.0000 W,0,0,T,S,V
2019-03-08 08:37:58,26.6,2330,0.22,19.7,67.5,----,----,0000.0000 N,00000.0000 W,0,0,T,S,V
2019-03-08 08:38:03,21.5,2242,0.18,19.7,67.5,----,----,0000.0000 N,00000.0000 W,0,0,T,S,V
2019-03-08 08:38:07,18.0,2185,0.12,19.7,67.5,----,----,0000.0000 N,00000.0000 W,0,0,T,S,V
2019-03-08 08:38:10,19.7,2211,0.11,19.7,67.5,----,----,0000.0000 N,00000.0000 W,0,0,T,S,V
2019-03-08 08:38:15,20.3,2221,0.16,19.7,67.5,----,----,0000.0000 N,00000.0000 W,0,0,T,S,V
2019-03-08 08:38:19,25.4,2317,0.16,19.7,67.5,----,----,0000.0000 N,00000.0000 W,0,0,T,S,V
2019-03-08 08:38:26,28.9,2373,0.19,19.7,67.5,----,----,0000.0000 N,00000.0000 W,0,0,T,S,V
2019-03-08 08:38:31,31.1,2418,0.17,19.7,67.5,----,----,0000.0000 N,00000.0000 W,0,0,T,S,V
2019-03-08 08:38:37,21.5,2242,0.12,19.7,67.5,----,----,0000.0000 N,00000.0000 W,0,0,T,S,V
2019-03-08 08:38:40,23.2,2279,0.16,19.7,67.4,----,----,0000.0000 N,00000.0000 W,0,0,T,S,V
2019-03-08 08:38:44,24.3,2290,0.15,19.7,67.4,----,----,0000.0000 N,00000.0000 W,0,0,T,S,V
2019-03-08 08:38:50,27.2,2343,0.17,19.7,67.4,----,----,0000.0000 N,00000.0000 W,0,0,T,S,V
2019-03-08 08:38:55,30.6,2400,0.11,19.6,67.4,----,----,0000.0000 N,00000.0000 W,0,0,T,S,V
2019-03-08 08:39:01,28.3,2368,0.14,19.6,67.4,----,----,0000.0000 N,00000.0000 W,0,0,T,S,V
2019-03-08 08:39:08,29.4,2384,0.19,19.6,67.3,----,----,0000.0000 N,00000.0000 W,0,0,T,S,V
2019-03-08 08:39:12,27.7,2350,0.13,19.6,67.3,----,----,0000.0000 N,00000.0000 W,0,0,T,S,V
2019-03-08 08:39:16,26.6,2337,0.19,19.6,67.3,----,----,0000.0000 N,00000.0000 W,0,0,T,S,V
2019-03-08 08:39:23,37.4,2526,0.13,19.6,67.3,----,----,0000.0000 N,00000.0000 W,0,0,T,S,V
2019-03-08 08:39:28,31.7,2425,0.16,19.6,67.3,----,----,0000.0000 N,00000.0000 W,0,0,T,S,V
2019-03-08 08:39:34,34.0,2460,0.19,19.6,67.3,----,----,0000.0000 N,00000.0000 W,0,0,T,S,V
2019-03-08 08:39:40,29.4,2387,0.09,19.6,67.3,----,----,0000.0000 N,00000.0000 W,0,0,T,S,V
2019-03-08 08:39:50,24.9,2308,0.17,19.6,67.3,----,----,0000.0000 N,00000.0000 W,0,0,T,S,V
2019-03-08 08:39:55,26.0,2325,0.13,19.6,67.3,----,----,3356.5958 S,15113.2515 E,3,1,T,S,V
2019-03-08 08:40:00,22.0,2258,0.15,19.6,67.3,----,----,3356.5936 S,15113.2523 E,3,1,T,S,V
2019-03-08 08:40:04,18.0,2182,0.08,19.6,67.3,----,----,3356.6001 S,15113.2518 E,4,1,T,S,V
2019-03-08 08:40:08,21.5,2245,0.12,19.6,67.3,----,----,3356.6016 S,15113.2500 E,3,1,T,S,V
2019-03-08 08:40:13,26.0,2327,0.13,19.6,67.3,----,----,3356.6045 S,15113.2482 E,5,1,T,S,V
2019-03-08 08:40:18,22.6,2264,0.14,19.5,67.2,----,----,3356.6045 S,15113.2487 E,5,1,T,S,V
2019-03-08 08:40:23,27.2,2347,0.16,19.5,67.2,----,----,3356.6071 S,15113.2506 E,5,1,T,S,V
2019-03-08 08:40:28,21.5,2246,0.11,19.5,67.2,----,----,3356.6062 S,15113.2527 E,6,1,T,S,V
2019-03-08 08:40:34,20.3,2226,0.08,19.5,67.2,----,----,3356.6043 S,15113.2543 E,6,1,T,S,V
2019-03-08 08:40:38,19.7,2216,0.12,19.5,67.2,----,----,3356.6051 S,15113.2553 E,6,1,T,S,V
2019-03-08 08:40:42,19.7,2211,0.13,19.5,67.2,----,----,3356.6082 S,15113.2552 E,6,1,T,S,V
2019-03-08 08:40:47,19.2,2206,0.11,19.5,67.2,----,----,3356.6104 S,15113.2550 E,6,1,T,S,V
2019-03-08 08:40:51,20.9,2235,0.12,19.5,67.2,----,----,3356.6115 S,15113.2562 E,7,1,T,S,V
2019-03-08 08:40:56,10.9,2087,0.03,19.5,67.2,----,----,3356.6120 S,15113.2562 E,7,1,T,S,V
2019-03-08 08:41:00,12.8,2101,0.05,19.5,67.2,----,----,3356.6120 S,15113.2557 E,7,1,T,S,V
2019-03-08 08:41:03,12.8,2107,0.03,19.5,67.2,----,----,3356.6111 S,15113.2556 E,7,1,T,S,V
2019-03-08 08:41:07,15.2,2132,0.07,19.5,67.2,----,----,3356.6107 S,15113.2564 E,7,1,T,S,V
2019-03-08 08:41:15,23.2,2274,0.14,19.5,67.2,----,----,3356.6090 S,15113.2600 E,7,1,T,S,V
2019-03-08 08:41:20,25.4,2317,0.07,19.5,67.2,----,----,3356.6068 S,15113.2588 E,7,1,T,S,V
2019-03-08 08:41:26,25.4,2314,0.20,19.5,67.2,----,----,3356.6037 S,15113.2596 E,7,1,T,S,V
2019-03-08 08:51:40,30.0,2392,0.12,20.0,68.0,----,----,0000.0000 N,00000.0000 W,0,0,T,S,V
2019-03-08 08:51:46,23.2,2271,0.17,20.0,68.0,----,----,0000.0000 N,00000.0000 W,0,0,T,S,V
2019-03-08 08:51:52,25.4,2316,0.17,20.0,68.0,----,----,0000.0000 N,00000.0000 W,0,0,T,S,V
2019-03-08 08:51:57,26.0,2325,0.15,20.0,68.0,----,----,0000.0000 N,00000.0000 W,0,0,T,S,V
2019-03-08 08:52:03,24.9,2303,0.15,19.9,67.9,----,----,0000.0000 N,00000.0000 W,0,0,T,S,V
2019-03-08 08:52:08,19.2,2201,0.12,19.9,67.9,----,----,0000.0000 N,00000.0000 W,0,0,T,S,V
2019-03-08 08:52:12,20.3,2228,0.16,19.9,67.9,----,----,0000.0000 N,00000.0000 W,0,0,T,S,V
2019-03-08 08:52:18,21.5,2245,0.13,19.9,67.9,----,----,0000.0000 N,00000.0000 W,0,0,T,S,V
2019-03-08 08:52:23,16.3,2151,0.04,19.9,67.9,----,----,0000.0000 N,00000.0000 W,0,0,T,S,V
2019-03-08 08:52:26,16.3,2152,0.02,19.9,67.9,----,----,0000.0000 N,00000.0000 W,0,0,T,S,V
2019-03-08 08:52:30,17.5,2174,0.07,19.9,67.9,----,----,0000.0000 N,00000.0000 W,0,0,T,S,V
2019-03-08 08:52:35,21.5,2244,0.11,19.9,67.9,----,----,0000.0000 N,00000.0000 W,0,0,T,S,V
2019-03-08 08:52:40,21.5,2247,0.07,19.9,67.9,----,----,0000.0000 N,00000.0000 W,0,0,T,S,V
2019-03-08 08:52:46,19.2,2206,0.09,19.9,67.9,----,----,0000.0000 N,00000.0000 W,0,0,T,S,V
2019-03-08 08:52:51,24.3,2290,0.13,19.9,67.9,----,----,0000.0000 N,00000.0000 W,0,0,T,S,V
2019-03-08 08:52:56,17.5,2174,0.05,19.9,67.9,----,----,0000.0000 N,00000.0000 W,0,0,T,S,V
2019-03-08 08:53:00,20.9,2238,0.09,19.9,67.9,----,----,0000.0000 N,00000.0000 W,0,0,T,S,V
2019-03-08 08:53:04,17.5,2176,0.10,19.9,67.9,----,----,0000.0000 N,00000.0000 W,0,0,T,S,V
2019-03-08 08:53:10,19.2,2206,0.12,19.9,67.9,----,----,0000.0000 N,00000.0000 W,0,0,T,S,V
2019-03-08 08:53:14,19.2,2208,0.08,19.9,67.9,----,----,0000.0000 N,00000.0000 W,0,0,T,S,V
2019-03-08 08:53:19,28.9,2378,0.21,19.9,67.9,----,----,0000.0000 N,00000.0000 W,0,0,T,S,V
2019-03-08 08:53:24,27.2,2342,0.14,19.9,67.9,----,----,0000.0000 N,00000.0000 W,0,0,T,S,V
2019-03-08 08:53:30,24.9,2305,0.15,19.9,67.9,----,----,0000.0000 N,00000.0000 W,0,0,T,S,V
2019-03-08 08:53:35,23.2,2278,0.16,19.9,67.9,----,----,0000.0000 N,00000.0000 W,0,0,T,S,V
2019-03-08 08:53:40,23.7,2282,0.14,19.9,67.9,----,----,0000.0000 N,00000.0000 W,0,0,T,S,V
2019-03-08 08:53:44,24.9,2304,0.13,19.9,67.9,----,----,0000.0000 N,00000.0000 W,0,0,T,S,V
2019-03-08 08:53:48,18.6,2193,0.08,19.9,67.9,----,----,0000.0000 N,00000.0000 W,0,0,T,S,V
2019-03-08 08:53:53,17.5,2171,0.06,19.9,67.9,----,----,0000.0000 N,00000.0000 W,0,0,T,S,V
2019-03-08 08:53:58,20.9,2232,0.15,19.9,67.9,----,----,0000.0000 N,00000.0000 W,0,0,T,S,V
2019-03-08 08:54:03,19.7,2213,0.02,19.9,67.9,----,----,0000.0000 N,00000.0000 W,0,0,T,S,V
2019-03-08 08:54:09,21.5,2240,0.08,19.9,67.9,----,----,0000.0000 N,00000.0000 W,0,0,T,S,V
2019-03-08 08:54:14,18.6,2190,0.09,19.9,67.9,----,----,0000.0000 N,00000.0000 W,0,0,T,S,V
2019-03-08 08:54:20,23.7,2286,0.13,19.9,67.9,----,----,0000.0000 N,00000.0000 W,0,0,T,S,V
2019-03-08 08:54:24,24.3,2293,0.12,19.9,67.9,----,----,0000.0000 N,00000.0000 W,0,0,T,S,V
2019-03-08 08:54:29,19.2,2207,0.15,19.9,67.9,----,----,3356.4396 S,15113.3524 E,4,1,T,S,V
2019-03-08 08:54:34,20.3,2226,0.13,19.9,67.9,----,----,3356.4394 S,15113.3525 E,3,1,T,S,V
2019-03-08 08:54:40,20.9,2230,0.12,19.9,67.9,----,----,3356.4432 S,15113.3492 E,4,1,T,S,V
2019-03-08 08:54:45,13.8,2117,0.06,19.9,67.9,----,----,3356.4439 S,15113.3481 E,4,1,T,S,V
2019-03-08 08:54:49,14.8,2127,0.00,19.9,67.9,----,----,3356.4449 S,15113.3474 E,5,1,T,S,V
2019-03-08 08:54:55,23.7,2285,0.14,19.9,67.9,----,----,3356.4477 S,15113.3462 E,5,1,T,S,V
2019-03-08 08:55:02,20.9,2230,0.09,19.9,67.9,----,----,3356.4458 S,15113.3502 E,5,1,T,S,V
2019-03-08 08:55:08,22.0,2254,0.16,19.9,67.9,----,----,3356.4479 S,15113.3495 E,5,1,T,S,V
2019-03-08 08:55:13,23.2,2273,0.14,19.9,67.9,----,----,3356.4491 S,15113.3507 E,6,1,T,S,V
2019-03-08 08:55:18,23.7,2282,0.15,19.9,67.9,----,----,3356.4505 S,15113.3503 E,6,1,T,S,V
2019-03-08 08:55:22,22.0,2256,0.16,19.9,67.9,----,----,3356.4521 S,15113.3499 E,6,1,T,S,V
2019-03-08 08:55:27,23.7,2288,0.17,19.9,67.9,----,----,3356.4540 S,15113.3517 E,6,1,T,S,V
2019-03-08 08:55:32,21.5,2245,0.11,19.9,67.9,----,----,3356.4529 S,15113.3537 E,6,1,T,S,V
2019-03-08 08:55:37,27.2,2340,0.16,19.9,67.9,----,----,3356.4514 S,15113.3554 E,6,1,T,S,V
2019-03-08 08:55:42,34.0,2462,0.25,19.9,67.9,----,----,3356.4493 S,15113.3560 E,6,1,T,S,V
2019-03-08 09:08:36,26.6,2335,0.15,20.7,69.4,----,----,0000.0000 N,00000.0000 W,0,0,T,S,V
2019-03-08 09:08:40,25.4,2316,0.16,20.7,69.4,----,----,0000.0000 N,00000.0000 W,0,0,T,S,V
2019-03-08 09:08:45,26.0,2322,0.15,20.7,69.4,----,----,0000.0000 N,00000.0000 W,0,0,T,S,V
2019-03-08 09:08:50,24.3,2299,0.17,20.8,69.4,----,----,0000.0000 N,00000.0000 W,0,0,T,S,V
2019-03-08 09:09:01,22.6,2262,0.13,20.8,69.4,----,----,0000.0000 N,00000.0000 W,0,0,T,S,V
2019-03-08 09:09:07,20.3,2222,0.15,20.8,69.4,----,----,0000.0000 N,00000.0000 W,0,0,T,S,V
2019-03-08 09:09:11,13.8,2112,0.08,20.8,69.4,----,----,0000.0000 N,00000.0000 W,0,0,T,S,V
2019-03-08 09:09:14,17.5,2171,0.10,20.8,69.5,----,----,0000.0000 N,00000.0000 W,0,0,T,S,V
2019-03-08 09:09:19,16.3,2156,0.08,20.8,69.5,----,----,0000.0000 N,00000.0000 W,0,0,T,S,V
2019-03-08 09:09:23,19.7,2214,0.09,20.8,69.5,----,----,0000.0000 N,00000.0000 W,0,0,T,S,V
2019-03-08 09:09:28,22.6,2268,0.16,20.8,69.5,----,----,0000.0000 N,00000.0000 W,0,0,T,S,V
2019-03-08 09:09:33,23.2,2270,0.11,20.8,69.5,----,----,0000.0000 N,00000.0000 W,0,0,T,S,V
2019-03-08 09:09:38,19.7,2214,0.09,20.9,69.6,----,----,0000.0000 N,00000.0000 W,0,0,T,S,V
2019-03-08 09:09:43,20.3,2223,0.07,20.9,69.6,----,----,0000.0000 N,00000.0000 W,0,0,T,S,V
2019-03-08 09:09:48,20.3,2222,0.12,20.9,69.6,----,----,0000.0000 N,00000.0000 W,0,0,T,S,V
2019-03-08 09:09:53,24.3,2293,0.12,20.9,69.6,----,----,0000.0000 N,00000.0000 W,0,0,T,S,V
2019-03-08 09:09:58,22.6,2261,0.16,20.9,69.7,----,----,0000.0000 N,00000.0000 W,0,0,T,S,V
2019-03-08 09:10:03,20.9,2233,0.18,20.9,69.7,----,----,3356.6829 S,15113.2569 E,3,1,T,S,V
2019-03-08 09:10:08,23.2,2271,0.09,20.9,69.7,----,----,3356.6824 S,15113.2544 E,4,1,T,S,V
2019-03-08 09:10:13,18.6,2197,0.12,20.9,69.7,----,----,3356.6828 S,15113.2524 E,4,1,T,S,V
2019-03-08 09:10:18,24.3,2296,0.20,20.9,69.7,----,----,3356.6831 S,15113.2516 E,3,1,T,S,V
2019-03-08 09:10:23,25.4,2316,0.16,21.0,69.8,----,----,3356.6780 S,15113.2528 E,4,1,T,S,V
2019-03-08 09:10:29,22.6,2266,0.17,21.0,69.8,----,----,3356.6735 S,15113.2619 E,4,1,T,S,V
2019-03-08 09:10:34,22.6,2261,0.16,21.0,69.8,----,----,3356.6600 S,15113.2831 E,5,1,T,S,V
2019-03-08 09:10:39,25.4,2311,0.13,21.0,69.8,----,----,3356.6595 S,15113.2844 E,5,1,T,S,V
2019-03-08 09:10:45,22.0,2253,0.15,21.0,69.9,----,----,3356.6571 S,15113.2855 E,5,1,T,S,V
2019-03-08 09:10:49,20.9,2233,0.11,21.1,69.9,----,----,3356.6561 S,15113.2819 E,5,1,T,S,V
2019-03-08 09:10:54,19.7,2214,0.13,21.1,70.0,----,----,3356.6555 S,15113.2771 E,6,1,T,S,V
2019-03-08 09:10:58,23.2,2274,0.16,21.1,70.0,----,----,3356.6649 S,15113.2857 E,6,1,T,S,V
2019-03-08 09:11:04,26.6,2331,0.20,21.1,70.0,----,----,3356.6650 S,15113.2872 E,7,1,T,S,V
2019-03-08 09:11:09,26.6,2334,0.18,21.1,70.0,----,----,3356.6649 S,15113.2869 E,7,1,T,S,V
2019-03-08 09:11:14,25.4,2310,0.23,21.1,70.0,----,----,3356.6647 S,15113.2863 E,7,1,T,S,V
2019-03-08 09:11:20,26.0,2320,0.18,21.1,70.1,----,----,3356.6642 S,15113.2843 E,7,1,T,S,V
2019-03-08 09:11:25,22.6,2269,0.07,21.1,70.1,----,----,3356.6657 S,15113.2824 E,7,1,T,S,V
2019-03-08 09:11:30,23.2,2271,0.14,21.2,70.1,----,----,3356.6657 S,15113.2813 E,7,1,T,S,V
2019-03-08 09:11:35,20.3,2221,0.11,21.2,70.1,----,----,3356.6654 S,15113.2814 E,7,1,T,S,V
2019-03-08 09:11:39,18.0,2185,0.11,21.2,70.2,----,----,3356.6649 S,15113.2813 E,7,1,T,S,V
2019-03-08 09:11:43,18.6,2192,0.11,21.2,70.2,----,----,3356.6649 S,15113.2801 E,7,1,T,S,V
2019-03-08 09:20:34,23.7,2282,0.16,22.8,73.0,----,----,0000.0000 N,00000.0000 W,0,0,T,S,V
2019-03-08 09:20:42,22.0,2254,0.11,22.8,73.0,----,----,0000.0000 N,00000.0000 W,0,0,T,S,V
2019-03-08 09:20:47,26.0,2322,0.15,22.8,73.0,----,----,0000.0000 N,00000.0000 W,0,0,T,S,V
2019-03-08 09:20:52,24.3,2290,0.13,22.7,73.0,----,----,0000.0000 N,00000.0000 W,0,0,T,S,V
2019-03-08 09:20:57,25.4,2317,0.13,22.7,73.0,----,----,0000.0000 N,00000.0000 W,0,0,T,S,V
2019-03-08 09:21:02,22.6,2261,0.06,22.7,73.0,----,----,0000.0000 N,00000.0000 W,0,0,T,S,V
2019-03-08 09:21:07,19.7,2214,0.08,22.7,72.9,----,----,0000.0000 N,00000.0000 W,0,0,T,S,V
2019-03-08 09:21:11,22.6,2262,0.06,22.7,72.9,----,----,0000.0000 N,00000.0000 W,0,0,T,S,V
2019-03-08 09:21:17,20.9,2235,0.15,22.7,72.9,----,----,0000.0000 N,00000.0000 W,0,0,T,S,V
2019-03-08 09:21:22,18.6,2190,0.10,22.7,72.9,----,----,0000.0000 N,00000.0000 W,0,0,T,S,V
2019-03-08 09:21:27,22.0,2254,0.18,22.6,72.8,----,----,0000.0000 N,00000.0000 W,0,0,T,S,V
2019-03-08 09:21:33,23.2,2273,0.15,22.6,72.8,----,----,0000.0000 N,00000.0000 W,0,0,T,S,V
2019-03-08 09:21:38,21.5,2247,0.15,22.6,72.7,----,----,0000.0000 N,00000.0000 W,0,0,T,S,V
2019-03-08 09:21:43,21.5,2246,0.09,22.6,72.7,----,----,0000.0000 N,00000.0000 W,0,0,T,S,V
2019-03-08 09:21:49,19.7,2218,0.14,22.6,72.6,----,----,0000.0000 N,00000.0000 W,0,0,T,S,V
2019-03-08 09:21:54,22.6,2263,0.14,22.6,72.6,----,----,0000.0000 N,00000.0000 W,0,0,T,S,V
2019-03-08 09:21:59,24.3,2293,0.15,22.6,72.6,----,----,0000.0000 N,00000.0000 W,0,0,T,S,V
2019-03-08 09:22:04,18.6,2196,0.09,22.6,72.6,----,----,0000.0000 N,00000.0000 W,0,0,T,S,V
2019-03-08 09:22:10,23.2,2272,0.12,22.5,72.6,----,----,0000.0000 N,00000.0000 W,0,0,T,S,V
2019-03-08 09:22:15,22.0,2258,0.15,22.5,72.6,----,----,0000.0000 N,00000.0000 W,0,0,T,S,V
2019-03-08 09:22:20,27.2,2346,0.16,22.5,72.6,----,----,0000.0000 N,00000.0000 W,0,0,T,S,V
2019-03-08 09:22:26,27.2,2349,0.17,22.5,72.5,----,----,3356.6234 S,15113.2379 E,5,1,T,S,V
2019-03-08 09:22:32,19.2,2209,0.09,22.4,72.4,----,----,3356.6220 S,15113.2356 E,5,1,T,S,V
2019-03-08 09:22:37,19.2,2201,0.14,22.4,72.4,----,----,3356.6219 S,15113.2348 E,5,1,T,S,V
2019-03-08 09:22:47,24.9,2306,0.13,22.4,72.4,----,----,3356.6188 S,15113.2364 E,5,1,T,S,V
2019-03-08 09:22:50,24.9,2304,0.19,22.4,72.3,----,----,3356.6191 S,15113.2364 E,5,1,T,S,V
2019-03-08 09:32:53,23.7,2289,0.08,23.0,73.5,----,----,0000.0000 N,00000.0000 W,0,0,T,S,V
2019-03-08 09:33:00,20.3,2229,0.09,23.0,73.5,----,----,0000.0000 N,00000.0000 W,0,0,T,S,V
2019-03-08 09:33:05,18.6,2191,0.08,23.0,73.5,----,----,0000.0000 N,00000.0000 W,0,0,T,S,V
2019-03-08 09:33:09,14.8,2123,0.04,23.0,73.5,----,----,0000.0000 N,00000.0000 W,0,0,T,S,V
2019-03-08 09:33:16,17.5,2174,0.08,23.0,73.5,----,----,0000.0000 N,00000.0000 W,0,0,T,S,V
2019-03-08 09:33:21,16.3,2151,0.05,23.0,73.5,----,----,0000.0000 N,00000.0000 W,0,0,T,S,V
2019-03-08 09:33:27,20.9,2232,0.13,23.1,73.6,----,----,0000.0000 N,00000.0000 W,0,0,T,S,V
2019-03-08 09:33:34,23.7,2280,0.15,23.1,73.6,----,----,0000.0000 N,00000.0000 W,0,0,T,S,V
2019-03-08 09:33:39,20.9,2231,0.07,23.1,73.6,----,----,0000.0000 N,00000.0000 W,0,0,T,S,V
2019-03-08 09:33:44,23.7,2280,0.15,23.1,73.6,----,----,0000.0000 N,00000.0000 W,0,0,T,S,V
2019-03-08 09:33:50,20.9,2238,0.11,23.1,73.6,----,----,0000.0000 N,00000.0000 W,0,0,T,S,V
2019-03-08 09:33:55,22.0,2253,0.12,23.1,73.6,----,----,0000.0000 N,00000.0000 W,0,0,T,S,V
2019-03-08 09:34:00,19.7,2215,0.11,23.1,73.7,----,----,0000.0000 N,00000.0000 W,0,0,T,S,V
2019-03-08 09:34:06,23.7,2285,0.13,23.2,73.7,----,----,0000.0000 N,00000.0000 W,0,0,T,S,V
2019-03-08 09:34:11,24.3,2293,0.12,23.2,73.8,----,----,0000.0000 N,00000.0000 W,0,0,T,S,V
2019-03-08 09:34:17,20.3,2226,0.10,23.2,73.8,----,----,0000.0000 N,00000.0000 W,0,0,T,S,V
2019-03-08 09:34:22,18.0,2189,0.07,23.2,73.8,----,----,0000.0000 N,00000.0000 W,0,0,T,S,V
2019-03-08 09:34:28,16.3,2158,0.04,23.2,73.8,----,----,0000.0000 N,00000.0000 W,0,0,T,S,V
2019-03-08 09:34:33,17.5,2172,0.06,23.2,73.9,----,----,0000.0000 N,00000.0000 W,0,0,T,S,V
2019-03-08 09:34:37,18.0,2184,0.09,23.3,73.9,----,----,3356.3757 S,15113.3081 E,4,1,T,S,V
2019-03-08 09:34:42,19.2,2203,0.10,23.3,73.9,----,----,3356.3730 S,15113.3106 E,4,1,T,S,V
2019-03-08 09:34:48,17.5,2175,0.09,23.3,74.0,----,----,3356.3722 S,15113.3121 E,4,1,T,S,V
2019-03-08 09:34:53,20.9,2235,0.13,23.3,74.0,----,----,3356.3713 S,15113.3154 E,4,1,T,S,V
2019-03-08 09:34:59,20.9,2230,0.12,23.4,74.1,----,----,3356.3727 S,15113.3190 E,4,1,T,S,V
2019-03-08 09:35:05,21.5,2242,0.16,23.4,74.2,----,----,3356.3732 S,15113.3213 E,5,1,T,S,V
2019-03-08 09:35:10,23.7,2286,0.10,23.4,74.2,----,----,3356.3743 S,15113.3228 E,5,1,T,S,V
2019-03-08 09:35:15,22.0,2255,0.14,23.4,74.2,----,----,3356.3719 S,15113.3252 E,5,1,T,S,V
2019-03-08 09:35:20,24.3,2290,0.14,23.5,74.3,----,----,3356.3758 S,15113.3249 E,6,1,T,S,V
2019-03-08 09:35:26,20.3,2229,0.08,23.5,74.3,----,----,3356.3744 S,15113.3228 E,6,1,T,S,V
2019-03-08 09:35:32,24.3,2299,0.09,23.5,74.3,----,----,3356.3736 S,15113.3254 E,6,1,T,S,V
2019-03-08 09:35:38,20.3,2225,0.11,23.5,74.4,----,----,3356.3744 S,15113.3276 E,6,1,T,S,V
2019-03-08 09:35:44,22.0,2257,0.10,23.5,74.4,----,----,3356.3746 S,15113.3290 E,6,1,T,S,V
2019-03-08 09:35:49,23.2,2274,0.12,23.6,74.5,----,----,3356.3757 S,15113.3300 E,6,1,T,S,V
2019-03-08 09:35:55,26.6,2333,0.12,23.6,74.5,----,----,3356.3773 S,15113.3287 E,6,1,T,S,V
2019-03-08 09:36:00,23.7,2285,0.07,23.6,74.5,----,----,3356.3793 S,15113.3266 E,6,1,T,S,V
2019-03-08 09:36:05,23.2,2270,0.09,23.6,74.6,----,----,3356.3810 S,15113.3268 E,6,1,T,S,V
2019-03-08 09:49:20,22.0,2258,0.07,26.3,79.4,----,----,0000.0000 N,00000.0000 W,0,0,T,S,V
2019-03-08 09:49:25,18.0,2181,0.06,26.3,79.3,----,----,0000.0000 N,00000.0000 W,0,0,T,S,V
2019-03-08 09:49:31,28.3,2369,0.12,26.2,79.3,----,----,0000.0000 N,00000.0000 W,0,0,T,S,V
2019-03-08 09:49:37,32.3,2433,0.13,26.2,79.2,----,----,0000.0000 N,00000.0000 W,0,0,T,S,V
2019-03-08 09:49:42,32.9,2446,0.20,26.2,79.2,----,----,0000.0000 N,00000.0000 W,0,0,T,S,V
2019-03-08 09:49:48,35.1,2488,0.04,26.2,79.2,----,----,0000.0000 N,00000.0000 W,0,0,T,S,V
2019-03-08 09:49:53,32.9,2442,0.32,26.2,79.2,----,----,0000.0000 N,00000.0000 W,0,0,T,S,V
2019-03-08 09:49:59,38.0,2532,0.21,26.2,79.2,----,----,0000.0000 N,00000.0000 W,0,0,T,S,V
2019-03-08 09:50:05,28.3,2369,0.06,26.2,79.1,----,----,0000.0000 N,00000.0000 W,0,0,T,S,V
2019-03-08 09:50:15,27.7,2357,0.17,26.1,79.1,----,----,0000.0000 N,00000.0000 W,0,0,T,S,V
2019-03-08 09:50:28,27.2,2342,0.10,26.1,79.1,----,----,0000.0000 N,00000.0000 W,0,0,T,S,V
2019-03-08 09:50:33,28.3,2369,0.10,26.1,79.1,----,----,0000.0000 N,00000.0000 W,0,0,T,S,V
2019-03-08 09:50:41,26.0,2322,0.06,26.1,79.0,----,----,0000.0000 N,00000.0000 W,0,0,T,S,V
2019-03-08 09:50:47,27.7,2355,0.11,26.1,79.0,----,----,0000.0000 N,00000.0000 W,0,0,T,S,V
2019-03-08 09:50:52,32.9,2445,0.13,26.1,79.0,----,----,0000.0000 N,00000.0000 W,0,0,T,S,V
2019-03-08 09:51:15,22.6,2264,0.14,26.1,79.0,----,----,3356.2041 S,15113.3165 E,5,1,T,S,V
2019-03-08 09:51:21,24.3,2290,0.11,26.1,79.0,----,----,3356.2040 S,15113.3184 E,6,1,T,S,V
2019-03-08 09:51:37,35.7,2496,0.23,26.1,79.0,----,----,3356.2034 S,15113.3200 E,6,1,T,S,V
2019-03-08 09:51:43,29.4,2386,0.16,26.1,79.0,----,----,3356.2030 S,15113.3204 E,6,1,T,S,V
2019-03-08 09:51:48,28.9,2375,0.14,26.1,79.0,----,----,3356.2025 S,15113.3221 E,6,1,T,S,V
2019-03-08 09:51:53,27.2,2343,0.09,26.1,79.0,----,----,3356.2026 S,15113.3233 E,6,1,T,S,V
2019-03-08 09:51:58,36.3,2503,0.09,26.1,79.0,----,----,3356.2021 S,15113.3253 E,6,1,T,S,V
2019-03-08 09:52:48,26.0,2323,0.07,26.2,79.1,----,----,3356.2029 S,15113.3240 E,7,1,T,S,V
2019-03-08 09:52:54,28.9,2375,0.15,26.2,79.1,----,----,3356.2027 S,15113.3216 E,7,1,T,S,V
2019-03-08 09:52:59,28.9,2376,0.11,26.2,79.1,----,----,3356.2028 S,15113.3201 E,7,1,T,S,V
2019-03-08 09:53:04,26.6,2334,0.15,26.2,79.1,----,----,3356.2027 S,15113.3189 E,7,1,T,S,V
2019-03-08 09:53:10,27.2,2343,0.16,26.1,79.1,----,----,3356.2049 S,15113.3173 E,7,1,T,S,V
2019-03-08 09:53:15,27.2,2349,0.18,26.2,79.1,----,----,3356.2086 S,15113.3184 E,7,1,T,S,V
2019-03-08 09:53:20,30.6,2408,0.18,26.2,79.1,----,----,3356.2091 S,15113.3207 E,7,1,T,S,V
2019-03-08 09:53:25,30.6,2404,0.06,26.2,79.1,----,----,3356.2084 S,15113.3225 E,7,1,T,S,V
2019-03-08 09:53:30,33.4,2459,0.37,26.2,79.1,----,----,3356.2072 S,15113.3233 E,7,1,T,S,V
2019-03-08 09:53:34,29.4,2384,0.13,26.2,79.1,----,----,3356.2064 S,15113.3233 E,7,1,T,S,V
2019-03-08 09:53:40,39.1,2550,0.13,26.2,79.1,----,----,3356.2059 S,15113.3255 E,7,1,T,S,V
2019-03-08 09:53:45,37.4,2528,0.15,26.1,79.1,----,----,3356.2062 S,15113.3265 E,7,1,T,S,V
2019-03-08 09:53:50,36.8,2515,0.11,26.1,79.1,----,----,3356.2070 S,15113.3267 E,7,1,T,S,V
2019-03-08 09:53:55,34.0,2463,0.31,26.1,79.1,----,----,3356.2060 S,15113.3247 E,7,1,T,S,V
2019-03-08 09:54:01,18.0,2184,0.00,26.1,79.1,----,----,3356.2070 S,15113.3226 E,7,1,T,S,V
2019-03-08 09:54:15,20.3,2221,0.07,26.1,79.1,----,----,3356.2106 S,15113.3208 E,7,1,T,S,V
2019-03-08 09:54:21,20.3,2228,0.02,26.1,79.1,----,----,3356.2106 S,15113.3183 E,7,1,T,S,V
2019-03-08 09:54:27,23.2,2273,0.15,26.1,79.1,----,----,3356.2078 S,15113.3153 E,7,1,T,S,V
2019-03-08 10:05:00,30.0,2391,0.00,26.1,79.0,----,----,0000.0000 N,00000.0000 W,0,0,T,S,V
2019-03-08 10:05:06,29.4,2381,0.17,26.0,78.9,----,----,0000.0000 N,00000.0000 W,0,0,T,S,V
2019-03-08 10:05:11,29.4,2381,0.21,26.0,78.9,----,----,0000.0000 N,00000.0000 W,0,0,T,S,V
2019-03-08 10:05:16,25.4,2311,0.14,26.0,78.8,----,----,0000.0000 N,00000.0000 W,0,0,T,S,V
2019-03-08 10:05:22,27.7,2351,0.11,26.0,78.8,----,----,0000.0000 N,00000.0000 W,0,0,T,S,V
2019-03-08 10:05:28,25.4,2310,0.12,25.9,78.7,----,----,0000.0000 N,00000.0000 W,0,0,T,S,V
2019-03-08 10:05:35,29.4,2383,0.11,25.9,78.7,----,----,0000.0000 N,00000.0000 W,0,0,T,S,V
2019-03-08 10:05:40,24.9,2309,0.15,25.9,78.7,----,----,0000.0000 N,00000.0000 W,0,0,T,S,V
2019-03-08 10:05:47,26.0,2328,0.05,25.9,78.6,----,----,0000.0000 N,00000.0000 W,0,0,T,S,V
2019-03-08 10:05:53,32.3,2432,0.07,25.9,78.6,----,----,0000.0000 N,00000.0000 W,0,0,T,S,V
2019-03-08 10:05:58,32.3,2432,0.09,25.9,78.6,----,----,3355.9728 S,15113.4122 E,4,1,T,S,V
2019-03-08 10:06:34,27.7,2350,0.18,25.8,78.6,----,----,3355.9695 S,15113.4105 E,8,1,T,S,V
2019-03-08 10:07:16,30.6,2402,0.21,25.9,78.6,----,----,3355.9690 S,15113.4109 E,9,1,T,S,V
2019-03-08 10:07:26,28.3,2361,0.14,25.9,78.6,----,----,3355.9692 S,15113.4128 E,9,1,T,S,V
2019-03-08 10:07:31,29.4,2387,0.16,25.9,78.6,----,----,3355.9697 S,15113.4139 E,9,1,T,S,V
2019-03-08 10:07:36,27.2,2343,0.15,25.9,78.6,----,----,3355.9714 S,15113.4141 E,9,1,T,S,V
2019-03-08 10:07:41,26.0,2327,0.16,25.9,78.6,----,----,3355.9726 S,15113.4145 E,9,1,T,S,V
2019-03-08 10:07:46,36.3,2507,0.10,25.9,78.6,----,----,3355.9724 S,15113.4162 E,9,1,T,S,V
2019-03-08 10:07:52,28.3,2366,0.13,25.8,78.6,----,----,3355.9713 S,15113.4169 E,9,1,T,S,V
2019-03-08 10:07:57,29.4,2381,0.13,25.8,78.6,----,----,3355.9702 S,15113.4172 E,9,1,T,S,V
2019-03-08 10:08:03,30.0,2394,0.17,25.8,78.6,----,----,3355.9689 S,15113.4189 E,9,1,T,S,V
2019-03-08 10:08:08,27.2,2341,0.04,25.8,78.6,----,----,3355.9680 S,15113.4200 E,9,1,T,S,V
2019-03-08 10:08:11,24.9,2308,0.20,25.9,78.6,----,----,3355.9676 S,15113.4194 E,9,1,T,S,V
2019-03-08 10:08:16,21.5,2241,0.09,25.9,78.6,----,----,3355.9665 S,15113.4199 E,9,1,T,S,V
2019-03-08 10:08:21,23.2,2276,0.10,25.9,78.6,----,----,3355.9660 S,15113.4208 E,9,1,T,S,V
2019-03-08 10:08:25,23.2,2277,0.11,25.9,78.6,----,----,3355.9652 S,15113.4202 E,9,1,T,S,V
2019-03-08 10:08:32,23.2,2279,0.03,25.9,78.6,----,----,3355.9623 S,15113.4204 E,9,1,T,S,V
2019-03-08 10:08:36,22.6,2264,0.11,25.9,78.7,----,----,3355.9618 S,15113.4186 E,9,1,T,S,V
2019-03-08 10:08:41,26.0,2325,0.10,25.9,78.7,----,----,3355.9623 S,15113.4168 E,10,1,T,S,V
2019-03-08 10:08:46,27.2,2340,0.11,25.9,78.7,----,----,3355.9629 S,15113.4157 E,9,1,T,S,V
2019-03-08 10:08:49,25.4,2313,0.08,25.9,78.7,----,----,3355.9632 S,15113.4158 E,10,1,T,S,V
2019-03-08 10:08:54,26.6,2337,0.06,25.9,78.7,----,----,3355.9654 S,15113.4139 E,10,1,T,S,V
2019-03-08 10:08:59,32.9,2446,0.11,25.9,78.7,----,----,3355.9673 S,15113.4124 E,9,1,T,S,V
2019-03-08 12:34:07,32.3,2434,0.34,30.4,86.8,----,----,0000.0000 N,00000.0000 W,0,0,T,S,V
2019-03-08 12:34:13,27.7,2355,0.02,30.4,86.8,----,----,0000.0000 N,00000.0000 W,0,0,T,S,V
2019-03-08 12:34:18,28.9,2370,0.09,30.4,86.7,----,----,0000.0000 N,00000.0000 W,0,0,T,S,V
2019-03-08 12:34:23,28.9,2379,0.05,30.3,86.6,----,----,0000.0000 N,00000.0000 W,0,0,T,S,V
2019-03-08 12:34:28,28.9,2377,0.14,30.2,86.5,----,----,0000.0000 N,00000.0000 W,0,0,T,S,V
2019-03-08 12:34:34,30.6,2406,0.07,30.2,86.3,----,----,0000.0000 N,00000.0000 W,0,0,T,S,V
2019-03-08 12:34:39,31.7,2422,0.05,30.1,86.3,----,----,0000.0000 N,00000.0000 W,0,0,T,S,V
2019-03-08 12:34:44,27.2,2346,0.08,30.1,86.3,----,----,0000.0000 N,00000.0000 W,0,0,T,S,V
2019-03-08 12:34:50,30.0,2394,0.08,30.1,86.3,----,----,0000.0000 N,00000.0000 W,0,0,T,S,V
2019-03-08 12:34:54,31.1,2413,0.20,30.1,86.3,----,----,0000.0000 N,00000.0000 W,0,0,T,S,V
2019-03-08 12:34:59,33.4,2456,0.21,30.1,86.3,----,----,0000.0000 N,00000.0000 W,0,0,T,S,V
2019-03-08 12:35:04,28.9,2377,0.16,30.1,86.3,----,----,0000.0000 N,00000.0000 W,0,0,T,S,V
2019-03-08 12:35:09,30.0,2392,0.18,30.2,86.3,----,----,0000.0000 N,00000.0000 W,0,0,T,S,V
2019-03-08 12:35:14,30.0,2399,0.18,30.2,86.3,----,----,0000.0000 N,00000.0000 W,0,0,T,S,V
2019-03-08 12:35:19,27.2,2343,0.12,30.2,86.3,----,----,0000.0000 N,00000.0000 W,0,0,T,S,V
2019-03-08 12:35:24,23.7,2289,0.11,30.1,86.3,----,----,0000.0000 N,00000.0000 W,0,0,T,S,V
2019-03-08 12:35:29,22.6,2263,0.11,30.1,86.3,----,----,0000.0000 N,00000.0000 W,0,0,T,S,V
2019-03-08 12:35:34,25.4,2319,0.10,30.1,86.3,----,----,0000.0000 N,00000.0000 W,0,0,T,S,V
2019-03-08 12:35:40,22.0,2250,0.07,30.1,86.3,----,----,0000.0000 N,00000.0000 W,0,0,T,S,V
2019-03-08 12:35:45,24.3,2297,0.09,30.1,86.3,----,----,3356.0944 S,15113.4569 E,3,1,T,S,V
2019-03-08 12:35:50,26.0,2320,0.13,30.2,86.3,----,----,3356.0955 S,15113.4577 E,3,1,T,S,V
2019-03-08 12:35:55,26.6,2331,0.16,30.2,86.3,----,----,3356.0014 S,15113.4580 E,4,1,T,S,V
2019-03-08 12:36:01,28.3,2362,0.23,30.1,86.3,----,----,3356.0022 S,15113.4582 E,5,1,T,S,V
2019-03-08 12:36:06,27.2,2344,0.15,30.1,86.3,----,----,3356.0037 S,15113.4577 E,4,1,T,S,V
2019-03-08 12:36:11,27.2,2344,0.16,30.2,86.3,----,----,3356.0034 S,15113.4591 E,4,1,T,S,V
2019-03-08 12:36:17,19.7,2215,0.03,30.2,86.3,----,----,3356.0027 S,15113.4613 E,4,1,T,S,V
2019-03-08 12:36:20,21.5,2240,0.11,30.2,86.3,----,----,3356.0009 S,15113.4621 E,4,1,T,S,V
2019-03-08 12:36:25,27.2,2342,0.14,30.2,86.4,----,----,3355.9981 S,15113.4634 E,4,1,T,S,V
2019-03-08 12:36:30,27.7,2353,0.19,30.2,86.4,----,----,3355.9950 S,15113.4647 E,4,1,T,S,V
2019-03-08 12:36:35,23.2,2277,0.07,30.2,86.5,----,----,3356.0058 S,15113.4633 E,5,1,T,S,V
2019-03-08 12:36:39,23.7,2288,0.05,30.2,86.5,----,----,3356.0074 S,15113.4628 E,5,1,T,S,V
2019-03-08 12:36:44,27.7,2358,0.10,30.3,86.5,----,----,3356.0093 S,15113.4611 E,5,1,T,S,V
2019-03-08 12:36:49,32.9,2449,0.16,30.3,86.5,----,----,3356.0113 S,15113.4614 E,5,1,T,S,V
2019-03-08 12:36:54,34.0,2468,0.14,30.3,86.5,----,----,3356.0123 S,15113.4630 E,5,1,T,S,V
2019-03-08 12:36:59,23.2,2270,0.08,30.3,86.5,----,----,3356.0102 S,15113.4645 E,5,1,T,S,V
2019-03-08 12:37:04,27.2,2344,0.17,30.3,86.6,----,----,3356.0087 S,15113.4638 E,5,1,T,S,V
2019-03-08 12:37:10,27.7,2353,0.14,30.3,86.6,----,----,3356.0070 S,15113.4646 E,5,1,T,S,V
2019-03-08 12:37:15,28.3,2363,0.13,30.3,86.6,----,----,3356.0064 S,15113.4665 E,5,1,T,S,V
2019-03-08 12:37:21,23.7,2286,0.14,30.3,86.6,----,----,3356.0056 S,15113.4637 E,6,1,T,S,V
2019-03-08 12:40:10,26.6,2337,0.10,30.5,86.9,----,----,0000.0000 N,00000.0000 W,0,0,T,S,V
2019-03-08 12:40:23,28.3,2366,0.07,30.4,86.8,----,----,0000.0000 N,00000.0000 W,0,0,T,S,V
2019-03-08 12:40:32,32.9,2445,0.08,30.4,86.8,----,----,0000.0000 N,00000.0000 W,0,0,T,S,V
2019-03-08 12:40:38,34.0,2463,0.07,30.4,86.7,----,----,0000.0000 N,00000.0000 W,0,0,T,S,V
2019-03-08 12:40:53,36.8,2512,0.24,30.3,86.6,----,----,0000.0000 N,00000.0000 W,0,0,T,S,V
2019-03-08 12:40:59,28.3,2361,0.21,30.3,86.6,----,----,0000.0000 N,00000.0000 W,0,0,T,S,V
2019-03-08 12:41:04,29.4,2382,0.10,30.3,86.5,----,----,0000.0000 N,00000.0000 W,0,0,T,S,V
2019-03-08 12:41:10,28.9,2375,0.12,30.2,86.4,----,----,0000.0000 N,00000.0000 W,0,0,T,S,V
2019-03-08 12:41:20,37.4,2520,0.27,30.1,86.3,----,----,3356.1476 S,15113.2964 E,4,1,T,S,V
2019-03-08 12:41:25,36.8,2516,0.20,30.1,86.2,----,----,3356.1537 S,15113.3047 E,5,1,T,S,V
2019-03-08 12:41:30,31.1,2417,0.18,30.1,86.2,----,----,3356.1589 S,15113.3105 E,5,1,T,S,V
2019-03-08 12:41:35,30.0,2399,0.15,30.0,86.1,----,----,3356.1626 S,15113.3154 E,6,1,T,S,V
2019-03-08 12:41:40,29.4,2384,0.19,30.0,86.1,----,----,3356.1635 S,15113.3165 E,6,1,T,S,V
2019-03-08 12:41:46,27.7,2359,0.17,30.0,86.0,----,----,3356.1637 S,15113.3152 E,7,1,T,S,V
2019-03-08 12:41:52,23.2,2278,0.09,30.0,86.0,----,----,3356.1644 S,15113.3136 E,7,1,T,S,V
2019-03-08 12:41:57,26.6,2337,0.13,30.0,86.0,----,----,3356.1654 S,15113.3134 E,7,1,T,S,V
2019-03-08 12:42:02,26.6,2334,0.11,29.9,85.9,----,----,3356.1667 S,15113.3134 E,7,1,T,S,V
2019-03-08 12:42:05,29.4,2386,0.21,29.9,85.9,----,----,3356.1674 S,15113.3138 E,7,1,T,S,V
2019-03-08 12:42:09,30.0,2393,0.25,29.9,85.9,----,----,3356.1689 S,15113.3140 E,7,1,T,S,V
2019-03-08 12:42:13,27.7,2359,0.15,29.9,85.8,----,----,3356.1682 S,15113.3159 E,8,1,T,S,V
2019-03-08 12:42:19,28.9,2378,0.18,29.8,85.7,----,----,3356.1674 S,15113.3192 E,8,1,T,S,V
2019-03-08 12:42:25,24.3,2296,0.08,29.8,85.7,----,----,3356.1684 S,15113.3196 E,9,1,T,S,V
2019-03-08 12:42:30,27.7,2352,0.16,29.8,85.6,----,----,3356.1697 S,15113.3159 E,9,1,T,S,V
2019-03-08 12:42:35,30.6,2402,0.23,29.7,85.5,----,----,3356.1709 S,15113.3159 E,9,1,T,S,V
2019-03-08 12:42:41,27.2,2341,0.18,29.7,85.4,----,----,3356.1710 S,15113.3181 E,8,1,T,S,V
2019-03-08 12:42:46,25.4,2316,0.15,29.6,85.3,----,----,3356.1699 S,15113.3192 E,9,1,T,S,V
2019-03-08 12:42:51,28.9,2379,0.18,29.6,85.3,----,----,3356.1688 S,15113.3209 E,9,1,T,S,V
2019-03-08 12:42:56,28.3,2367,0.16,29.6,85.2,----,----,3356.1682 S,15113.3217 E,9,1,T,S,V
2019-03-08 12:43:01,30.0,2392,0.18,29.5,85.2,----,----,3356.1655 S,15113.3227 E,10,1,T,S,V
2019-03-08 12:43:05,25.4,2310,0.11,29.5,85.1,----,----,3356.1645 S,15113.3219 E,10,1,T,S,V
2019-03-08 12:43:09,26.0,2320,0.15,29.4,85.0,----,----,3356.1638 S,15113.3201 E,10,1,T,S,V
2019-03-08 12:43:19,30.6,2400,0.31,29.4,84.9,----,----,3356.1663 S,15113.3210 E,11,1,T,S,V
2019-03-08 12:47:15,32.9,2445,0.16,28.7,83.7,----,----,0000.0000 N,00000.0000 W,0,0,T,S,V
2019-03-08 12:47:21,33.4,2459,0.13,28.7,83.7,----,----,0000.0000 N,00000.0000 W,0,0,T,S,V
2019-03-08 12:47:26,34.0,2460,0.14,28.7,83.7,----,----,0000.0000 N,00000.0000 W,0,0,T,S,V
2019-03-08 12:47:31,40.8,2586,0.20,28.7,83.7,----,----,0000.0000 N,00000.0000 W,0,0,T,S,V
2019-03-08 12:47:36,31.7,2427,0.20,28.7,83.7,----,----,0000.0000 N,00000.0000 W,0,0,T,S,V
2019-03-08 12:47:41,34.6,2479,0.09,28.7,83.7,----,----,0000.0000 N,00000.0000 W,0,0,T,S,V
2019-03-08 12:47:44,30.6,2408,0.13,28.7,83.6,----,----,0000.0000 N,00000.0000 W,0,0,T,S,V
2019-03-08 12:47:50,35.1,2481,0.28,28.7,83.6,----,----,0000.0000 N,00000.0000 W,0,0,T,S,V
2019-03-08 12:47:55,31.7,2427,0.04,28.7,83.6,----,----,0000.0000 N,00000.0000 W,0,0,T,S,V
2019-03-08 12:48:01,30.6,2400,0.21,28.7,83.6,----,----,0000.0000 N,00000.0000 W,0,0,T,S,V
2019-03-08 12:48:06,30.0,2395,0.18,28.7,83.6,----,----,0000.0000 N,00000.0000 W,0,0,T,S,V
2019-03-08 12:48:12,30.6,2408,0.22,28.7,83.6,----,----,0000.0000 N,00000.0000 W,0,0,T,S,V
2019-03-08 12:48:17,31.7,2421,0.21,28.7,83.7,----,----,0000.0000 N,00000.0000 W,0,0,T,S,V
2019-03-08 12:48:22,28.9,2374,0.21,28.7,83.7,----,----,0000.0000 N,00000.0000 W,0,0,T,S,V
2019-03-08 12:48:28,32.9,2446,0.25,28.7,83.7,----,----,0000.0000 N,00000.0000 W,0,0,T,S,V
2019-03-08 12:48:34,32.3,2439,0.11,28.7,83.7,----,----,0000.0000 N,00000.0000 W,0,0,T,S,V
2019-03-08 12:48:39,29.4,2382,0.22,28.7,83.7,----,----,0000.0000 N,00000.0000 W,0,0,T,S,V
2019-03-08 12:48:44,25.4,2312,0.09,28.7,83.7,----,----,0000.0000 N,00000.0000 W,0,0,T,S,V
2019-03-08 12:48:50,32.9,2442,0.21,28.7,83.7,----,----,0000.0000 N,00000.0000 W,0,0,T,S,V
2019-03-08 12:48:54,23.7,2284,0.13,28.7,83.7,----,----,0000.0000 N,00000.0000 W,0,0,T,S,V
2019-03-08 12:48:58,26.0,2322,0.14,28.7,83.6,----,----,0000.0000 N,00000.0000 W,0,0,T,S,V
2019-03-08 12:49:04,30.0,2392,0.16,28.7,83.6,----,----,3356.2189 S,15113.2243 E,6,1,T,S,V
2019-03-08 12:49:09,24.3,2297,0.18,28.6,83.6,----,----,3356.2202 S,15113.2247 E,6,1,T,S,V
2019-03-08 12:49:15,26.6,2338,0.15,28.6,83.6,----,----,3356.2222 S,15113.2248 E,7,1,T,S,V
2019-03-08 12:49:20,30.0,2397,0.18,28.6,83.5,----,----,3356.2227 S,15113.2253 E,7,1,T,S,V
2019-03-08 12:49:31,34.0,2464,0.09,28.6,83.5,----,----,3356.2244 S,15113.2245 E,7,1,T,S,V
2019-03-08 12:49:36,20.3,2226,0.05,28.5,83.4,----,----,3356.2240 S,15113.2225 E,7,1,T,S,V
2019-03-08 12:49:40,26.6,2338,0.10,28.5,83.4,----,----,3356.2241 S,15113.2220 E,7,1,T,S,V
2019-03-08 12:49:44,25.4,2316,0.15,28.5,83.4,----,----,3356.2250 S,15113.2225 E,7,1,T,S,V
2019-03-08 12:49:48,23.7,2287,0.14,28.5,83.4,----,----,3356.2253 S,15113.2218 E,6,1,T,S,V
2019-03-08 12:49:54,30.0,2391,0.10,28.5,83.3,----,----,3356.2257 S,15113.2202 E,7,1,T,S,V
2019-03-08 12:49:58,22.6,2263,0.08,28.5,83.3,----,----,3356.2263 S,15113.2198 E,6,1,T,S,V
2019-03-08 12:50:02,30.0,2395,0.19,28.5,83.3,----,----,3356.2260 S,15113.2191 E,7,1,T,S,V
2019-03-08 12:50:08,32.9,2445,0.08,28.4,83.2,----,----,3356.2279 S,15113.2164 E,7,1,T,S,V
2019-03-08 12:50:13,26.0,2323,0.06,28.4,83.2,----,----,3356.2265 S,15113.2166 E,7,1,T,S,V
2019-03-08 12:50:18,28.9,2373,0.17,28.5,83.3,----,----,3356.2238 S,15113.2173 E,7,1,T,S,V
2019-03-08 12:50:24,29.4,2389,0.15,28.5,83.3,----,----,3356.2222 S,15113.2179 E,7,1,T,S,V
2019-03-08 12:50:28,26.0,2326,0.12,28.5,83.3,----,----,3356.2215 S,15113.2166 E,7,1,T,S,V
2019-03-08 12:50:35,28.9,2374,0.16,28.5,83.3,----,----,3356.2233 S,15113.2203 E,8,1,T,S,V
2019-03-08 12:50:40,28.3,2362,0.15,28.5,83.4,----,----,3356.2244 S,15113.2224 E,8,1,T,S,V
2019-03-08 12:50:46,27.7,2354,0.15,28.5,83.4,----,----,3356.2235 S,15113.2232 E,8,1,T,S,V
2019-03-08 12:50:51,27.2,2342,0.15,28.5,83.4,----,----,3356.2215 S,15113.2231 E,9,1,T,S,V
2019-03-08 12:50:57,28.3,2368,0.18,28.5,83.4,----,----,3356.2208 S,15113.2215 E,9,1,T,S,V
2019-03-08 12:51:02,25.4,2312,0.14,28.5,83.4,----,----,3356.2204 S,15113.2198 E,9,1,T,S,V
2019-03-08 12:51:08,27.2,2340,0.16,28.5,83.4,----,----,3356.2199 S,15113.2187 E,9,1,T,S,V
2019-03-08 12:51:13,31.7,2426,0.16,28.5,83.3,----,----,3356.2187 S,15113.2167 E,9,1,T,S,V
2019-03-08 12:51:19,32.9,2445,0.14,28.5,83.3,----,----,3356.2173 S,15113.2165 E,10,1,T,S,V
2019-03-08 12:51:25,35.1,2480,0.30,28.5,83.3,----,----,3356.2169 S,15113.2191 E,10,1,T,S,V
2019-03-08 13:02:31,24.9,2304,0.12,28.6,83.6,----,----,0000.0000 N,00000.0000 W,0,0,T,S,V
2019-03-08 13:02:36,23.7,2285,0.12,28.6,83.6,----,----,0000.0000 N,00000.0000 W,0,0,T,S,V
2019-03-08 13:02:42,31.7,2428,0.11,28.6,83.6,----,----,0000.0000 N,00000.0000 W,0,0,T,S,V
2019-03-08 13:02:47,22.0,2252,0.09,28.7,83.6,----,----,0000.0000 N,00000.0000 W,0,0,T,S,V
2019-03-08 13:02:52,26.0,2321,0.19,28.7,83.6,----,----,0000.0000 N,00000.0000 W,0,0,T,S,V
2019-03-08 13:02:57,27.7,2350,0.24,28.7,83.6,----,----,0000.0000 N,00000.0000 W,0,0,T,S,V
2019-03-08 13:03:02,24.3,2299,0.12,28.7,83.6,----,----,0000.0000 N,00000.0000 W,0,0,T,S,V
2019-03-08 13:03:08,24.9,2304,0.24,28.7,83.6,----,----,0000.0000 N,00000.0000 W,0,0,T,S,V
2019-03-08 13:03:13,34.0,2462,0.21,28.7,83.6,----,----,0000.0000 N,00000.0000 W,0,0,T,S,V
2019-03-08 13:03:18,30.0,2395,0.22,28.7,83.6,----,----,0000.0000 N,00000.0000 W,0,0,T,S,V
2019-03-08 13:03:23,25.4,2314,0.06,28.6,83.6,----,----,0000.0000 N,00000.0000 W,0,0,T,S,V
2019-03-08 13:03:28,28.3,2365,0.10,28.7,83.6,----,----,0000.0000 N,00000.0000 W,0,0,T,S,V
2019-03-08 13:03:33,29.4,2386,0.15,28.7,83.6,----,----,0000.0000 N,00000.0000 W,0,0,T,S,V
2019-03-08 13:04:03,23.7,2280,0.11,28.7,83.7,----,----,0000.0000 N,00000.0000 W,0,0,T,S,V
2019-03-08 13:04:08,24.9,2308,0.05,28.7,83.7,----,----,0000.0000 N,00000.0000 W,0,0,T,S,V
2019-03-08 13:04:15,24.9,2301,0.10,28.7,83.7,----,----,0000.0000 N,00000.0000 W,0,0,T,S,V
2019-03-08 13:04:19,27.7,2352,0.14,28.7,83.7,----,----,0000.0000 N,00000.0000 W,0,0,T,S,V
2019-03-08 13:04:24,24.9,2308,0.09,28.7,83.8,----,----,0000.0000 N,00000.0000 W,0,0,T,S,V
2019-03-08 13:04:33,29.4,2382,0.14,28.8,83.8,----,----,0000.0000 N,00000.0000 W,0,0,T,S,V
2019-03-08 13:04:38,30.0,2391,0.16,28.8,83.9,----,----,3356.0455 S,15113.3032 E,6,1,T,S,V
2019-03-08 13:04:43,22.6,2269,0.08,28.8,83.9,----,----,3356.0441 S,15113.3037 E,5,1,T,S,V
2019-03-08 13:04:48,21.5,2244,0.13,28.8,83.9,----,----,3356.0432 S,15113.3037 E,5,1,T,S,V
2019-03-08 13:04:53,31.7,2425,0.17,28.8,84.0,----,----,3356.0415 S,15113.3083 E,5,1,T,S,V
2019-03-08 13:04:59,20.9,2231,0.05,28.9,84.0,----,----,3356.0426 S,15113.3112 E,5,1,T,S,V
2019-03-08 13:05:00,20.3,2226,0.06,28.9,84.0,----,----,3356.0425 S,15113.3121 E,5,1,T,S,V
2019-03-08 13:05:04,20.3,2226,0.09,28.9,84.0,----,----,3356.0434 S,15113.3134 E,5,1,T,S,V
2019-03-08 13:05:16,30.6,2400,0.16,29.0,84.2,----,----,3356.0442 S,15113.3124 E,5,1,T,S,V
2019-03-08 13:05:21,36.8,2519,0.24,29.0,84.2,----,----,3356.0455 S,15113.3191 E,6,1,T,S,V
2019-03-08 13:05:26,30.0,2397,0.21,29.0,84.2,----,----,3356.0453 S,15113.3205 E,7,1,T,S,V
2019-03-08 13:05:31,23.2,2277,0.09,29.0,84.2,----,----,3356.0435 S,15113.3194 E,8,1,T,S,V
2019-03-08 13:05:36,24.3,2294,0.10,29.0,84.2,----,----,3356.0434 S,15113.3202 E,8,1,T,S,V
2019-03-08 13:05:41,22.6,2264,0.07,29.0,84.3,----,----,3356.0425 S,15113.3200 E,9,1,T,S,V
2019-03-08 13:05:46,28.9,2375,0.18,29.0,84.3,----,----,3356.0413 S,15113.3194 E,9,1,T,S,V
2019-03-08 13:05:52,21.5,2240,0.04,29.0,84.3,----,----,3356.0411 S,15113.3204 E,9,1,T,S,V
2019-03-08 13:05:57,24.3,2293,0.16,29.0,84.3,----,----,3356.0419 S,15113.3223 E,9,1,T,S,V
2019-03-08 13:06:02,23.2,2273,0.06,29.0,84.3,----,----,3356.0424 S,15113.3232 E,9,1,T,S,V
2019-03-08 13:06:07,28.9,2370,0.07,29.0,84.3,----,----,3356.0435 S,15113.3246 E,9,1,T,S,V
2019-03-08 13:06:13,32.9,2445,0.14,29.0,84.3,----,----,3356.0431 S,15113.3263 E,10,1,T,S,V
2019-03-08 13:06:18,31.1,2415,0.05,29.1,84.4,----,----,3356.0419 S,15113.3263 E,10,1,T,S,V
2019-03-08 13:06:23,36.8,2510,0.26,29.1,84.4,----,----,3356.0411 S,15113.3252 E,10,1,T,S,V
2019-03-08 13:09:26,30.0,2390,0.20,29.4,85.0,----,----,0000.0000 N,00000.0000 W,0,0,T,S,V
2019-03-08 13:09:32,24.9,2303,0.11,29.4,85.0,----,----,0000.0000 N,00000.0000 W,0,0,T,S,V
2019-03-08 13:09:37,23.2,2272,0.06,29.4,85.0,----,----,0000.0000 N,00000.0000 W,0,0,T,S,V
2019-03-08 13:09:42,22.6,2266,0.05,29.4,85.0,----,----,0000.0000 N,00000.0000 W,0,0,T,S,V
2019-03-08 13:09:47,20.3,2228,0.10,29.4,85.0,----,----,0000.0000 N,00000.0000 W,0,0,T,S,V
2019-03-08 13:09:51,30.6,2408,0.21,29.4,84.9,----,----,0000.0000 N,00000.0000 W,0,0,T,S,V
2019-03-08 13:09:56,28.9,2370,0.19,29.4,84.9,----,----,0000.0000 N,00000.0000 W,0,0,T,S,V
2019-03-08 13:10:01,28.3,2360,0.13,29.4,84.9,----,----,0000.0000 N,00000.0000 W,0,0,T,S,V
2019-03-08 13:10:05,24.9,2303,0.15,29.3,84.9,----,----,0000.0000 N,00000.0000 W,0,0,T,S,V
2019-03-08 13:10:09,28.3,2367,0.19,29.3,84.8,----,----,0000.0000 N,00000.0000 W,0,0,T,S,V
2019-03-08 13:10:13,28.9,2379,0.16,29.3,84.8,----,----,0000.0000 N,00000.0000 W,0,0,T,S,V
2019-03-08 13:10:18,22.0,2250,0.12,29.3,84.8,----,----,0000.0000 N,00000.0000 W,0,0,T,S,V
2019-03-08 13:10:23,25.4,2319,0.12,29.3,84.7,----,----,0000.0000 N,00000.0000 W,0,0,T,S,V
2019-03-08 13:10:28,22.0,2256,0.12,29.3,84.7,----,----,0000.0000 N,00000.0000 W,0,0,T,S,V
2019-03-08 13:10:33,30.0,2392,0.21,29.3,84.7,----,----,0000.0000 N,00000.0000 W,0,0,T,S,V
2019-03-08 13:10:36,27.7,2357,0.18,29.2,84.7,----,----,0000.0000 N,00000.0000 W,0,0,T,S,V
2019-03-08 13:10:41,20.9,2232,0.07,29.2,84.7,----,----,0000.0000 N,00000.0000 W,0,0,T,S,V
2019-03-08 13:10:45,16.9,2168,0.00,29.2,84.7,----,----,0000.0000 N,00000.0000 W,0,0,T,S,V
2019-03-08 13:10:48,15.8,2144,0.00,29.2,84.7,----,----,0000.0000 N,00000.0000 W,0,0,T,S,V
2019-03-08 13:10:52,24.3,2297,0.11,29.2,84.7,----,----,0000.0000 N,00000.0000 W,0,0,T,S,V
2019-03-08 13:10:55,18.6,2191,0.00,29.2,84.6,----,----,0000.0000 N,00000.0000 W,0,0,T,S,V
2019-03-08 13:10:59,16.3,2155,0.02,29.2,84.6,----,----,3355.9565 S,15113.3798 E,6,1,T,S,V
2019-03-08 13:11:03,16.3,2151,0.08,29.2,84.6,----,----,3355.9566 S,15113.3806 E,6,1,T,S,V
2019-03-08 13:11:06,18.0,2180,0.04,29.2,84.6,----,----,3355.9582 S,15113.3798 E,5,1,T,S,V
2019-03-08 13:11:12,20.3,2225,0.06,29.2,84.6,----,----,3355.9561 S,15113.3826 E,6,1,T,S,V
2019-03-08 13:11:16,20.3,2224,0.04,29.2,84.6,----,----,3355.9556 S,15113.3825 E,7,1,T,S,V
2019-03-08 13:11:19,23.2,2277,0.07,29.2,84.6,----,----,3355.9549 S,15113.3836 E,7,1,T,S,V
2019-03-08 13:11:23,15.8,2145,0.00,29.2,84.5,----,----,3355.9544 S,15113.3844 E,7,1,T,S,V
2019-03-08 13:11:27,23.7,2288,0.12,29.2,84.5,----,----,3355.9540 S,15113.3842 E,8,1,T,S,V
2019-03-08 13:11:33,24.9,2306,0.17,29.2,84.6,----,----,3355.9536 S,15113.3847 E,9,1,T,S,V
2019-03-08 13:11:38,31.1,2415,0.25,29.2,84.5,----,----,3355.9528 S,15113.3863 E,9,1,T,S,V
2019-03-08 13:11:43,26.6,2330,0.13,29.2,84.6,----,----,3355.9542 S,15113.3876 E,9,1,T,S,V
2019-03-08 13:11:48,22.0,2254,0.11,29.2,84.6,----,----,3355.9546 S,15113.3871 E,9,1,T,S,V
2019-03-08 13:11:52,19.7,2217,0.08,29.2,84.6,----,----,3355.9546 S,15113.3868 E,9,1,T,S,V
2019-03-08 13:11:56,19.2,2205,0.03,29.2,84.6,----,----,3355.9553 S,15113.3867 E,9,1,T,S,V
2019-03-08 13:12:00,19.2,2208,0.09,29.2,84.6,----,----,3355.9566 S,15113.3863 E,9,1,T,S,V
2019-03-08 13:12:08,23.2,2276,0.10,29.2,84.6,----,----,3355.9592 S,15113.3867 E,9,1,T,S,V
2019-03-08 13:12:13,22.6,2260,0.09,29.2,84.7,----,----,3355.9606 S,15113.3873 E,10,1,T,S,V
2019-03-08 13:12:22,24.3,2290,0.11,29.2,84.7,----,----,3355.9607 S,15113.3910 E,10,1,T,S,V
2019-03-08 13:12:27,32.3,2431,0.21,29.2,84.7,----,----,3355.9595 S,15113.3913 E,10,1,T,S,V
2019-03-08 13:12:32,26.6,2336,0.14,29.3,84.7,----,----,3355.9586 S,15113.3906 E,10,1,T,S,V
2019-03-08 13:12:37,28.3,2367,0.16,29.3,84.7,----,----,3355.9569 S,15113.3902 E,10,1,T,S,V
2019-03-08 13:12:42,20.9,2238,0.11,29.3,84.7,----,----,3355.9551 S,15113.3900 E,10,1,T,S,V
2019-03-08 13:12:47,23.7,2284,0.17,29.3,84.7,----,----,3355.9534 S,15113.3916 E,10,1,T,S,V
2019-03-08 13:12:52,24.3,2299,0.20,29.2,84.7,----,----,3355.9528 S,15113.3912 E,11,1,T,S,V
2019-03-08 13:12:56,23.2,2274,0.03,29.3,84.7,----,----,3355.9526 S,15113.3913 E,11,1,T,S,V
2019-03-08 13:13:01,23.2,2278,0.09,29.2,84.7,----,----,3355.9511 S,15113.3923 E,12,1,T,S,V
2019-03-08 13:25:31,25.4,2313,0.05,29.8,85.6,----,----,0000.0000 N,00000.0000 W,0,0,T,S,V
2019-03-08 13:25:37,32.9,2442,0.10,29.8,85.6,----,----,0000.0000 N,00000.0000 W,0,0,T,S,V
2019-03-08 13:25:42,31.1,2413,0.04,29.8,85.6,----,----,0000.0000 N,00000.0000 W,0,0,T,S,V
2019-03-08 13:25:47,38.6,2543,0.12,29.8,85.6,----,----,0000.0000 N,00000.0000 W,0,0,T,S,V
2019-03-08 13:25:52,34.0,2462,0.22,29.8,85.6,----,----,0000.0000 N,00000.0000 W,0,0,T,S,V
2019-03-08 13:25:59,31.7,2426,0.18,29.8,85.6,----,----,0000.0000 N,00000.0000 W,0,0,T,S,V
2019-03-08 13:26:04,35.1,2487,0.19,29.8,85.6,----,----,0000.0000 N,00000.0000 W,0,0,T,S,V
2019-03-08 13:26:10,33.4,2455,0.08,29.7,85.6,----,----,0000.0000 N,00000.0000 W,0,0,T,S,V
2019-03-08 13:26:16,31.1,2418,0.14,29.8,85.6,----,----,0000.0000 N,00000.0000 W,0,0,T,S,V
2019-03-08 13:26:21,31.1,2418,0.19,29.7,85.6,----,----,0000.0000 N,00000.0000 W,0,0,T,S,V
2019-03-08 13:26:27,27.2,2340,0.24,29.8,85.6,----,----,0000.0000 N,00000.0000 W,0,0,T,S,V
2019-03-08 13:26:32,22.6,2260,0.03,29.8,85.6,----,----,0000.0000 N,00000.0000 W,0,0,T,S,V
2019-03-08 13:26:37,19.2,2207,0.05,29.8,85.7,----,----,0000.0000 N,00000.0000 W,0,0,T,S,V
2019-03-08 13:26:41,23.7,2287,0.00,29.8,85.7,----,----,3356.1531 S,15113.2836 E,4,1,T,S,V
2019-03-08 13:26:47,28.9,2377,0.16,29.8,85.7,----,----,3356.1524 S,15113.2859 E,4,1,T,S,V
2019-03-08 13:26:52,31.1,2415,0.12,29.8,85.7,----,----,3356.1326 S,15113.2312 E,4,1,T,S,V
2019-03-08 13:26:58,39.1,2555,0.12,29.8,85.7,----,----,3356.1336 S,15113.2328 E,4,1,T,S,V
2019-03-08 13:27:03,39.1,2550,0.00,29.8,85.7,----,----,3356.1343 S,15113.2340 E,4,1,T,S,V
2019-03-08 13:27:08,33.4,2457,0.00,29.8,85.7,----,----,3356.1346 S,15113.2332 E,4,1,T,S,V
2019-03-08 13:27:13,38.0,2536,0.25,29.8,85.7,----,----,3356.1345 S,15113.2324 E,4,1,T,S,V
2019-03-08 13:27:18,27.7,2355,0.12,29.8,85.7,----,----,3356.1350 S,15113.2294 E,4,1,T,S,V
2019-03-08 13:27:24,26.0,2322,0.06,29.9,85.8,----,----,3356.1354 S,15113.2272 E,4,1,T,S,V
2019-03-08 13:27:29,23.7,2288,0.08,29.9,85.8,----,----,3356.1362 S,15113.2248 E,6,1,T,S,V
2019-03-08 13:27:35,28.3,2368,0.17,29.9,85.8,----,----,3356.1359 S,15113.2243 E,6,1,T,S,V
2019-03-08 13:27:40,29.4,2386,0.12,29.9,85.8,----,----,3356.1360 S,15113.2234 E,8,1,T,S,V
2019-03-08 13:27:45,35.1,2480,0.13,29.9,85.8,----,----,3356.1360 S,15113.2240 E,8,1,T,S,V
2019-03-08 13:27:50,26.0,2329,0.12,29.9,85.9,----,----,3356.1371 S,15113.2253 E,8,1,T,S,V
2019-03-08 13:27:56,24.3,2296,0.06,29.9,85.8,----,----,3356.1379 S,15113.2280 E,9,1,T,S,V
2019-03-08 13:28:01,26.0,2326,0.15,29.9,85.9,----,----,3356.1380 S,15113.2297 E,9,1,T,S,V
2019-03-08 13:28:06,33.4,2452,0.14,29.9,85.9,----,----,3356.1385 S,15113.2308 E,9,1,T,S,V
2019-03-08 13:28:10,38.6,2548,0.18,29.9,85.9,----,----,3356.1386 S,15113.2311 E,9,1,T,S,V
2019-03-08 13:28:13,36.3,2506,0.16,29.9,85.9,----,----,3356.1392 S,15113.2314 E,9,1,T,S,V
2019-03-08 13:28:19,26.6,2333,0.14,29.9,85.9,----,----,3356.1398 S,15113.2281 E,9,1,T,S,V
2019-03-08 13:28:24,22.6,2269,0.07,29.9,85.9,----,----,3356.1405 S,15113.2253 E,10,1,T,S,V
2019-03-08 13:28:30,21.5,2240,0.05,29.9,85.9,----,----,3356.1404 S,15113.2238 E,10,1,T,S,V
2019-03-08 13:28:35,26.6,2338,0.12,29.9,85.9,----,----,3356.1404 S,15113.2231 E,10,1,T,S,V
2019-03-08 13:28:40,25.4,2317,0.14,29.9,85.9,----,----,3356.1405 S,15113.2224 E,10,1,T,S,V
2019-03-08 13:28:45,31.1,2411,0.18,29.9,85.9,----,----,3356.1416 S,15113.2221 E,10,1,T,S,V
2019-03-08 13:28:51,24.3,2294,0.13,30.0,86.0,----,----,3356.1432 S,15113.2224 E,10,1,T,S,V
2019-03-08 13:28:57,24.9,2304,0.08,30.0,86.0,----,----,3356.1430 S,15113.2216 E,10,1,T,S,V
2019-03-08 13:29:02,25.4,2316,0.11,30.0,86.0,----,----,3356.1429 S,15113.2209 E,10,1,T,S,V
2019-03-08 13:29:07,24.3,2290,0.08,30.0,86.0,----,----,3356.1426 S,15113.2206 E,10,1,T,S,V
2019-03-08 13:29:13,24.3,2294,0.09,30.0,86.0,----,----,3356.1429 S,15113.2210 E,9,1,T,S,V
2019-03-08 13:29:18,22.0,2256,0.15,30.0,86.0,----,----,3356.1406 S,15113.2205 E,9,1,T,S,V
2019-03-08 13:29:24,21.5,2241,0.07,30.0,86.0,----,----,3356.1405 S,15113.2214 E,9,1,T,S,V
2019-03-08 13:29:29,28.3,2362,0.12,30.0,86.0,----,----,3356.1388 S,15113.2220 E,9,1,T,S,V
2019-03-08 13:29:34,23.7,2280,0.08,30.0,86.0,----,----,3356.1380 S,15113.2209 E,9,1,T,S,V
2019-03-08 13:29:39,34.0,2467,0.14,30.0,86.0,----,----,3356.1384 S,15113.2187 E,9,1,T,S,V
2019-03-08 13:29:44,36.3,2508,0.20,30.0,86.0,----,----,3356.1385 S,15113.2160 E,9,1,T,S,V
2019-03-08 13:29:50,25.4,2316,0.11,30.0,86.0,----,----,3356.1371 S,15113.2158 E,9,1,T,S,V
2019-03-08 13:29:55,23.7,2285,0.10,30.0,86.0,----,----,3356.1360 S,15113.2171 E,9,1,T,S,V
2019-03-08 13:30:00,26.0,2327,0.11,30.0,86.0,----,----,3356.1356 S,15113.2184 E,9,1,T,S,V
2019-03-08 13:30:05,30.6,2400,0.12,30.0,86.0,----,----,3356.1350 S,15113.2204 E,9,1,T,S,V
2019-03-08 13:30:11,30.0,2397,0.10,30.0,86.0,----,----,3356.1342 S,15113.2196 E,9,1,T,S,V
2019-03-08 13:30:16,27.7,2352,0.08,30.0,86.0,----,----,3356.1343 S,15113.2173 E,9,1,T,S,V
2019-03-08 13:30:20,23.7,2287,0.10,30.0,86.0,----,----,3356.1339 S,15113.2163 E,10,1,T,S,V
2019-03-08 13:48:30,30.6,2404,0.08,33.0,91.5,----,----,0000.0000 N,00000.0000 W,0,0,T,S,V
2019-03-08 13:48:35,29.4,2383,0.19,33.0,91.4,----,----,0000.0000 N,00000.0000 W,0,0,T,S,V
2019-03-08 13:48:40,26.6,2336,0.07,33.0,91.4,----,----,0000.0000 N,00000.0000 W,0,0,T,S,V
2019-03-08 13:48:45,24.9,2306,0.13,32.9,91.3,----,----,0000.0000 N,00000.0000 W,0,0,T,S,V
2019-03-08 13:48:50,22.6,2264,0.07,32.9,91.3,----,----,0000.0000 N,00000.0000 W,0,0,T,S,V
2019-03-08 13:48:55,22.0,2256,0.00,32.9,91.3,----,----,0000.0000 N,00000.0000 W,0,0,T,S,V
2019-03-08 13:48:59,26.0,2320,0.11,32.9,91.3,----,----,0000.0000 N,00000.0000 W,0,0,T,S,V
2019-03-08 13:49:03,16.3,2157,0.00,32.9,91.2,----,----,0000.0000 N,00000.0000 W,0,0,T,S,V
2019-03-08 13:49:06,22.6,2263,0.07,32.9,91.2,----,----,0000.0000 N,00000.0000 W,0,0,T,S,V
2019-03-08 13:49:11,27.2,2342,0.12,32.8,91.1,----,----,0000.0000 N,00000.0000 W,0,0,T,S,V
2019-03-08 13:49:16,24.9,2309,0.17,32.8,91.1,----,----,0000.0000 N,00000.0000 W,0,0,T,S,V
2019-03-08 13:49:20,26.6,2336,0.18,32.8,91.0,----,----,0000.0000 N,00000.0000 W,0,0,T,S,V
2019-03-08 13:49:26,27.7,2351,0.07,32.8,91.0,----,----,0000.0000 N,00000.0000 W,0,0,T,S,V
2019-03-08 13:49:30,22.6,2266,0.04,32.7,90.9,----,----,0000.0000 N,00000.0000 W,0,0,T,S,V
2019-03-08 13:49:35,23.2,2270,0.18,32.7,90.8,----,----,0000.0000 N,00000.0000 W,0,0,T,S,V
2019-03-08 13:49:40,25.4,2319,0.12,32.6,90.7,----,----,0000.0000 N,00000.0000 W,0,0,T,S,V
2019-03-08 13:49:44,24.9,2305,0.09,32.6,90.7,----,----,0000.0000 N,00000.0000 W,0,0,T,S,V
2019-03-08 13:49:48,24.3,2290,0.09,32.5,90.6,----,----,0000.0000 N,00000.0000 W,0,0,T,S,V
2019-03-08 13:49:53,28.3,2360,0.12,32.5,90.6,----,----,0000.0000 N,00000.0000 W,0,0,T,S,V
2019-03-08 13:49:58,27.7,2350,0.14,32.5,90.5,----,----,3356.3276 S,15113.2848 E,3,1,T,S,V
2019-03-08 13:50:04,27.7,2358,0.16,32.4,90.4,----,----,3356.3283 S,15113.2853 E,2,6,T,S,V
2019-03-08 13:50:09,24.9,2303,0.04,32.4,90.4,----,----,0000.0000 N,00000.0000 W,0,0,T,S,V
2019-03-08 13:50:14,26.0,2328,0.06,32.4,90.4,----,----,3356.3277 S,15113.2884 E,3,1,T,S,V
2019-03-08 13:50:19,23.2,2272,0.05,32.3,90.3,----,----,3356.3229 S,15113.2874 E,3,1,T,S,V
2019-03-08 13:50:25,29.4,2386,0.20,32.3,90.2,----,----,3356.2937 S,15113.2625 E,5,1,T,S,V
2019-03-08 13:50:30,21.5,2245,0.11,32.2,90.1,----,----,3356.2924 S,15113.2631 E,6,1,T,S,V
2019-03-08 13:50:34,28.9,2378,0.15,32.2,90.0,----,----,3356.2922 S,15113.2631 E,7,1,T,S,V
2019-03-08 13:50:38,27.2,2349,0.07,32.2,89.9,----,----,3356.2912 S,15113.2637 E,7,1,T,S,V
2019-03-08 13:50:43,29.4,2382,0.06,32.1,89.8,----,----,3356.2892 S,15113.2638 E,7,1,T,S,V
2019-03-08 14:00:25,21.5,2242,0.11,30.5,86.9,----,----,0000.0000 N,00000.0000 W,0,0,T,S,V
2019-03-08 14:00:30,24.3,2297,0.19,30.5,87.0,----,----,0000.0000 N,00000.0000 W,0,0,T,S,V
2019-03-08 14:00:35,28.3,2361,0.15,30.5,87.0,----,----,0000.0000 N,00000.0000 W,0,0,T,S,V
2019-03-08 14:00:39,22.6,2262,0.02,30.5,87.0,----,----,0000.0000 N,00000.0000 W,0,0,T,S,V
2019-03-08 14:00:43,20.3,2224,0.12,30.5,87.0,----,----,0000.0000 N,00000.0000 W,0,0,T,S,V
2019-03-08 14:00:47,21.5,2248,0.10,30.6,87.0,----,----,0000.0000 N,00000.0000 W,0,0,T,S,V
2019-03-08 14:00:52,19.7,2217,0.06,30.6,87.1,----,----,0000.0000 N,00000.0000 W,0,0,T,S,V
2019-03-08 14:00:56,20.3,2228,0.06,30.6,87.1,----,----,0000.0000 N,00000.0000 W,0,0,T,S,V
2019-03-08 14:01:01,25.4,2313,0.16,30.6,87.1,----,----,0000.0000 N,00000.0000 W,0,0,T,S,V
2019-03-08 14:01:06,22.6,2261,0.15,30.6,87.2,----,----,0000.0000 N,00000.0000 W,0,0,T,S,V
2019-03-08 14:01:11,21.5,2249,0.14,30.6,87.2,----,----,0000.0000 N,00000.0000 W,0,0,T,S,V
2019-03-08 14:01:16,21.5,2242,0.09,30.7,87.2,----,----,0000.0000 N,00000.0000 W,0,0,T,S,V
2019-03-08 14:01:21,23.2,2276,0.07,30.7,87.3,----,----,0000.0000 N,00000.0000 W,0,0,T,S,V
2019-03-08 14:01:27,27.2,2347,0.15,30.7,87.3,----,----,0000.0000 N,00000.0000 W,0,0,T,S,V
2019-03-08 14:01:31,23.7,2282,0.09,30.7,87.3,----,----,0000.0000 N,00000.0000 W,0,0,T,S,V
2019-03-08 14:01:37,20.9,2235,0.12,30.7,87.3,----,----,0000.0000 N,00000.0000 W,0,0,T,S,V
2019-03-08 14:01:42,22.0,2253,0.09,30.7,87.4,----,----,0000.0000 N,00000.0000 W,0,0,T,S,V
2019-03-08 14:01:47,20.3,2222,0.06,30.7,87.4,----,----,0000.0000 N,00000.0000 W,0,0,T,S,V
2019-03-08 14:01:53,26.6,2331,0.21,30.7,87.3,----,----,0000.0000 N,00000.0000 W,0,0,T,S,V
2019-03-08 14:01:58,26.0,2323,0.12,30.7,87.4,----,----,0000.0000 N,00000.0000 W,0,0,T,S,V
2019-03-08 14:02:03,23.7,2289,0.13,30.7,87.4,----,----,0000.0000 N,00000.0000 W,0,0,T,S,V
2019-03-08 14:11:38,24.9,2306,0.12,31.4,88.6,----,----,0000.0000 N,00000.0000 W,0,0,T,S,V
2019-03-08 14:11:44,24.9,2306,0.10,31.4,88.6,----,----,0000.0000 N,00000.0000 W,0,0,T,S,V
2019-03-08 14:11:49,24.9,2302,0.09,31.4,88.6,----,----,0000.0000 N,00000.0000 W,0,0,T,S,V
2019-03-08 14:11:54,21.5,2246,0.12,31.4,88.5,----,----,0000.0000 N,00000.0000 W,0,0,T,S,V
2019-03-08 14:11:57,21.5,2246,0.09,31.4,88.5,----,----,0000.0000 N,00000.0000 W,0,0,T,S,V
2019-03-08 14:12:02,23.2,2271,0.08,31.4,88.5,----,----,0000.0000 N,00000.0000 W,0,0,T,S,V
2019-03-08 14:12:06,22.0,2252,0.06,31.3,88.4,----,----,0000.0000 N,00000.0000 W,0,0,T,S,V
2019-03-08 14:12:11,16.9,2160,0.00,31.3,88.4,----,----,0000.0000 N,00000.0000 W,0,0,T,S,V
2019-03-08 14:12:15,15.8,2145,0.00,31.3,88.4,----,----,0000.0000 N,00000.0000 W,0,0,T,S,V
2019-03-08 14:12:19,19.2,2204,0.04,31.3,88.3,----,----,0000.0000 N,00000.0000 W,0,0,T,S,V
2019-03-08 14:12:25,24.3,2293,0.12,31.3,88.3,----,----,0000.0000 N,00000.0000 W,0,0,T,S,V
2019-03-08 14:12:30,24.3,2299,0.09,31.3,88.3,----,----,0000.0000 N,00000.0000 W,0,0,T,S,V
2019-03-08 14:12:36,18.6,2197,0.07,31.3,88.3,----,----,0000.0000 N,00000.0000 W,0,0,T,S,V
2019-03-08 14:12:41,19.2,2206,0.09,31.3,88.3,----,----,0000.0000 N,00000.0000 W,0,0,T,S,V
2019-03-08 14:12:46,27.7,2350,0.11,31.2,88.3,----,----,0000.0000 N,00000.0000 W,0,0,T,S,V
2019-03-08 14:12:51,21.5,2242,0.04,31.2,88.2,----,----,0000.0000 N,00000.0000 W,0,0,T,S,V
2019-03-08 14:12:56,27.2,2344,0.14,31.2,88.2,----,----,3356.5951 S,15113.2557 E,3,1,T,S,V
2019-03-08 14:13:07,28.9,2375,0.13,31.1,88.1,----,----,3356.5928 S,15113.2605 E,3,1,T,S,V
2019-03-08 14:13:12,30.0,2391,0.15,31.1,88.0,----,----,3356.5922 S,15113.2620 E,3,1,T,S,V
2019-03-08 14:13:18,27.2,2342,0.06,31.1,88.0,----,----,3356.5926 S,15113.2636 E,3,1,T,S,V
2019-03-08 14:13:23,28.3,2367,0.19,31.1,88.0,----,----,3356.5925 S,15113.2628 E,3,1,T,S,V
2019-03-08 14:13:28,29.4,2385,0.14,31.0,87.9,----,----,3356.5961 S,15113.2697 E,3,1,T,S,V
2019-03-08 14:13:33,31.1,2414,0.16,31.0,87.9,----,----,3356.6011 S,15113.2763 E,5,1,T,S,V
2019-03-08 14:13:39,19.7,2213,0.06,31.0,87.8,----,----,3356.6042 S,15113.2785 E,5,1,T,S,V
2019-03-08 14:13:44,28.3,2361,0.15,31.0,87.8,----,----,3356.6061 S,15113.2776 E,5,1,T,S,V
2019-03-08 14:23:20,32.3,2432,0.15,29.6,85.4,----,----,0000.0000 N,00000.0000 W,0,0,T,S,V
2019-03-08 14:23:28,28.3,2362,0.16,29.7,85.4,----,----,0000.0000 N,00000.0000 W,0,0,T,S,V
2019-03-08 14:23:33,21.5,2246,0.08,29.6,85.4,----,----,0000.0000 N,00000.0000 W,0,0,T,S,V
2019-03-08 14:23:39,24.3,2298,0.09,29.6,85.4,----,----,0000.0000 N,00000.0000 W,0,0,T,S,V
2019-03-08 14:23:44,24.9,2303,0.16,29.7,85.4,----,----,0000.0000 N,00000.0000 W,0,0,T,S,V
2019-03-08 14:23:48,23.2,2271,0.11,29.7,85.4,----,----,0000.0000 N,00000.0000 W,0,0,T,S,V
2019-03-08 14:23:52,24.9,2302,0.17,29.6,85.4,----,----,0000.0000 N,00000.0000 W,0,0,T,S,V
2019-03-08 14:23:58,28.3,2362,0.15,29.6,85.4,----,----,0000.0000 N,00000.0000 W,0,0,T,S,V
2019-03-08 14:24:03,29.4,2385,0.34,29.6,85.4,----,----,0000.0000 N,00000.0000 W,0,0,T,S,V
2019-03-08 14:24:13,21.5,2240,0.15,29.6,85.4,----,----,0000.0000 N,00000.0000 W,0,0,T,S,V
2019-03-08 14:24:17,26.0,2327,0.14,29.6,85.4,----,----,0000.0000 N,00000.0000 W,0,0,T,S,V
2019-03-08 14:24:23,24.3,2293,0.14,29.6,85.4,----,----,0000.0000 N,00000.0000 W,0,0,T,S,V
2019-03-08 14:24:28,24.9,2303,0.12,29.6,85.4,----,----,0000.0000 N,00000.0000 W,0,0,T,S,V
2019-03-08 14:24:35,17.5,2172,0.00,29.6,85.3,----,----,3356.4474 S,15113.3564 E,6,1,T,S,V
2019-03-08 14:24:39,20.9,2233,0.11,29.6,85.4,----,----,3356.4471 S,15113.3564 E,6,1,T,S,V
2019-03-08 14:24:44,20.9,2231,0.05,29.6,85.4,----,----,3356.4461 S,15113.3554 E,6,1,T,S,V
2019-03-08 14:24:50,22.0,2255,0.08,29.7,85.4,----,----,3356.4452 S,15113.3557 E,6,1,T,S,V
2019-03-08 14:24:55,20.3,2222,0.07,29.7,85.5,----,----,3356.4445 S,15113.3571 E,7,1,T,S,V
2019-03-08 14:25:01,19.7,2218,0.04,29.7,85.5,----,----,3356.4430 S,15113.3589 E,7,1,T,S,V
2019-03-08 14:25:07,20.3,2226,0.06,29.7,85.6,----,----,3356.4427 S,15113.3599 E,7,1,T,S,V
2019-03-08 14:25:11,20.9,2235,0.06,29.7,85.6,----,----,3356.4441 S,15113.3614 E,8,1,T,S,V
2019-03-08 14:25:17,22.0,2252,0.11,29.7,85.6,----,----,3356.4439 S,15113.3624 E,8,1,T,S,V
2019-03-08 14:25:22,23.2,2278,0.13,29.7,85.6,----,----,3356.4442 S,15113.3626 E,8,1,T,S,V
2019-03-08 14:25:28,20.3,2229,0.11,29.8,85.6,----,----,3356.4447 S,15113.3653 E,8,1,T,S,V
2019-03-08 14:25:33,24.3,2293,0.12,29.8,85.6,----,----,3356.4436 S,15113.3673 E,8,1,T,S,V
2019-03-08 14:25:38,24.9,2308,0.13,29.8,85.6,----,----,3356.4415 S,15113.3698 E,8,1,T,S,V
2019-03-08 14:25:44,22.0,2252,0.04,29.8,85.7,----,----,3356.4395 S,15113.3696 E,9,1,T,S,V
2019-03-08 14:25:49,18.6,2196,0.06,29.8,85.7,----,----,3356.4382 S,15113.3697 E,9,1,T,S,V
2019-03-08 14:25:53,19.2,2208,0.09,29.8,85.7,----,----,3356.4376 S,15113.3699 E,9,1,T,S,V
2019-03-08 14:25:59,23.2,2270,0.14,29.8,85.7,----,----,3356.4398 S,15113.3716 E,9,1,T,S,V
2019-03-08 14:26:04,25.4,2313,0.12,29.9,85.8,----,----,3356.4411 S,15113.3720 E,9,1,T,S,V
2019-03-08 14:26:09,22.0,2254,0.09,29.9,85.8,----,----,3356.4435 S,15113.3706 E,9,1,T,S,V
2019-03-08 14:26:14,23.7,2281,0.13,29.9,85.9,----,----,3356.4447 S,15113.3695 E,9,1,T,S,V
2019-03-08 14:35:35,15.8,2142,0.00,30.6,87.2,----,----,0000.0000 N,00000.0000 W,0,0,T,S,V
2019-03-08 14:35:39,18.0,2181,0.06,30.6,87.2,----,----,0000.0000 N,00000.0000 W,0,0,T,S,V
2019-03-08 14:35:44,25.4,2313,0.10,30.6,87.2,----,----,0000.0000 N,00000.0000 W,0,0,T,S,V
2019-03-08 14:35:49,19.7,2213,0.06,30.7,87.2,----,----,0000.0000 N,00000.0000 W,0,0,T,S,V
2019-03-08 14:35:54,19.7,2213,0.09,30.7,87.3,----,----,0000.0000 N,00000.0000 W,0,0,T,S,V
2019-03-08 14:35:59,21.5,2244,0.09,30.7,87.3,----,----,0000.0000 N,00000.0000 W,0,0,T,S,V
2019-03-08 14:36:04,23.2,2271,0.10,30.7,87.3,----,----,0000.0000 N,00000.0000 W,0,0,T,S,V
2019-03-08 14:36:09,22.6,2261,0.04,30.7,87.4,----,----,0000.0000 N,00000.0000 W,0,0,T,S,V
2019-03-08 14:36:15,20.9,2232,0.06,30.7,87.4,----,----,0000.0000 N,00000.0000 W,0,0,T,S,V
2019-03-08 14:36:21,22.6,2261,0.09,30.7,87.4,----,----,0000.0000 N,00000.0000 W,0,0,T,S,V
2019-03-08 14:36:25,25.4,2311,0.17,30.7,87.4,----,----,0000.0000 N,00000.0000 W,0,0,T,S,V
2019-03-08 14:36:30,20.9,2237,0.07,30.7,87.4,----,----,0000.0000 N,00000.0000 W,0,0,T,S,V
2019-03-08 14:36:34,25.4,2319,0.12,30.7,87.4,----,----,0000.0000 N,00000.0000 W,0,0,T,S,V
2019-03-08 14:36:39,18.6,2190,0.07,30.8,87.4,----,----,0000.0000 N,00000.0000 W,0,0,T,S,V
2019-03-08 14:36:45,27.2,2344,0.14,30.8,87.4,----,----,0000.0000 N,00000.0000 W,0,0,T,S,V
2019-03-08 14:36:50,25.4,2312,0.16,30.8,87.5,----,----,0000.0000 N,00000.0000 W,0,0,T,S,V
2019-03-08 14:36:55,18.6,2193,0.07,30.8,87.5,----,----,0000.0000 N,00000.0000 W,0,0,T,S,V
2019-03-08 14:37:00,20.3,2220,0.00,30.8,87.5,----,----,0000.0000 N,00000.0000 W,0,0,T,S,V
2019-03-08 14:37:05,18.0,2185,0.07,30.8,87.5,----,----,0000.0000 N,00000.0000 W,0,0,T,S,V
2019-03-08 14:37:11,20.9,2236,0.10,30.8,87.5,----,----,3356.6731 S,15113.1931 E,4,1,T,S,V
2019-03-08 14:37:16,23.7,2288,0.13,30.8,87.5,----,----,3356.6752 S,15113.1938 E,4,1,T,S,V
2019-03-08 14:37:21,25.4,2311,0.14,30.8,87.5,----,----,3356.6762 S,15113.1935 E,4,1,T,S,V
2019-03-08 14:37:25,25.4,2317,0.15,30.8,87.5,----,----,3356.6712 S,15113.2808 E,5,1,T,S,V
2019-03-08 14:37:30,28.9,2376,0.25,30.8,87.5,----,----,3356.6724 S,15113.2798 E,5,1,T,S,V
2019-03-08 14:37:35,29.4,2385,0.24,30.8,87.5,----,----,3356.6714 S,15113.2743 E,7,1,T,S,V
2019-03-08 14:37:40,15.8,2142,0.02,30.8,87.5,----,----,3356.6719 S,15113.2743 E,7,1,T,S,V
2019-03-08 14:37:44,17.5,2172,0.07,30.8,87.5,----,----,3356.6718 S,15113.2752 E,7,1,T,S,V
2019-03-08 14:37:48,16.3,2152,0.07,30.8,87.4,----,----,3356.6717 S,15113.2758 E,7,1,T,S,V
2019-03-08 14:37:53,21.5,2247,0.13,30.8,87.4,----,----,3356.6720 S,15113.2793 E,8,1,T,S,V
2019-03-08 14:37:58,19.2,2206,0.03,30.8,87.4,----,----,3356.6725 S,15113.2813 E,9,1,T,S,V
2019-03-08 14:38:03,17.5,2179,0.04,30.8,87.4,----,----,3356.6733 S,15113.2822 E,9,1,T,S,V
2019-03-08 14:38:08,21.5,2244,0.13,30.8,87.4,----,----,3356.6748 S,15113.2837 E,9,1,T,S,V
2019-03-08 14:38:13,21.5,2240,0.11,30.7,87.4,----,----,3356.6757 S,15113.2857 E,9,1,T,S,V
2019-03-08 14:47:55,24.3,2296,0.13,30.6,87.2,----,----,0000.0000 N,00000.0000 W,0,0,T,S,V
2019-03-08 14:48:00,24.9,2303,0.17,30.7,87.2,----,----,0000.0000 N,00000.0000 W,0,0,T,S,V
2019-03-08 14:48:09,21.5,2240,0.09,30.7,87.3,----,----,0000.0000 N,00000.0000 W,0,0,T,S,V
2019-03-08 14:48:14,22.6,2264,0.13,30.7,87.4,----,----,0000.0000 N,00000.0000 W,0,0,T,S,V
2019-03-08 14:48:20,23.2,2274,0.15,30.8,87.4,----,----,0000.0000 N,00000.0000 W,0,0,T,S,V
2019-03-08 14:48:25,20.3,2226,0.08,30.8,87.5,----,----,0000.0000 N,00000.0000 W,0,0,T,S,V
2019-03-08 14:48:30,21.5,2240,0.11,30.8,87.5,----,----,0000.0000 N,00000.0000 W,0,0,T,S,V
2019-03-08 14:48:36,21.5,2246,0.08,30.8,87.5,----,----,0000.0000 N,00000.0000 W,0,0,T,S,V
2019-03-08 14:48:41,20.3,2229,0.00,30.8,87.5,----,----,0000.0000 N,00000.0000 W,0,0,T,S,V
2019-03-08 14:48:47,19.2,2205,0.08,30.8,87.5,----,----,0000.0000 N,00000.0000 W,0,0,T,S,V
2019-03-08 14:48:53,26.0,2320,0.13,30.8,87.5,----,----,0000.0000 N,00000.0000 W,0,0,T,S,V
2019-03-08 14:48:58,27.7,2357,0.14,30.9,87.6,----,----,0000.0000 N,00000.0000 W,0,0,T,S,V
2019-03-08 14:49:03,24.9,2304,0.10,30.9,87.6,----,----,3356.6267 S,15113.2318 E,4,1,T,S,V
2019-03-08 14:49:08,23.7,2286,0.13,30.9,87.6,----,----,3356.6271 S,15113.2331 E,4,1,T,S,V
2019-03-08 14:49:14,19.2,2205,0.05,30.9,87.6,----,----,3356.6265 S,15113.2332 E,4,1,T,S,V
2019-03-08 14:49:19,17.5,2173,0.00,30.9,87.6,----,----,3356.6277 S,15113.2348 E,4,1,T,S,V
2019-03-08 14:49:24,23.7,2281,0.08,30.9,87.6,----,----,3356.6286 S,15113.2375 E,4,1,T,S,V
2019-03-08 14:49:30,26.6,2330,0.17,30.9,87.7,----,----,3356.6282 S,15113.2420 E,3,1,T,S,V
2019-03-08 14:49:35,22.6,2260,0.11,31.0,87.8,----,----,3356.6285 S,15113.2439 E,4,1,T,S,V
2019-03-08 14:49:40,27.2,2340,0.11,31.0,87.8,----,----,3356.6214 S,15113.2387 E,4,1,T,S,V
2019-03-08 14:49:45,22.6,2261,0.08,31.0,87.9,----,----,3356.6178 S,15113.2357 E,4,1,T,S,V
2019-03-08 14:49:51,24.3,2294,0.18,31.1,88.0,----,----,3356.6154 S,15113.2342 E,4,1,T,S,V
2019-03-08 14:49:56,22.0,2255,0.12,31.1,88.0,----,----,3356.6230 S,15113.2346 E,4,1,T,S,V
2019-03-08 14:50:02,26.6,2337,0.13,31.1,88.0,----,----,3356.6225 S,15113.2361 E,4,1,T,S,V
2019-03-08 14:50:07,20.3,2226,0.09,31.1,88.1,----,----,3356.6215 S,15113.2386 E,4,1,T,S,V
2019-03-08 14:50:12,24.3,2290,0.07,31.1,88.1,----,----,3356.6220 S,15113.2413 E,4,1,T,S,V
2019-03-08 14:50:17,33.4,2456,0.20,31.2,88.2,----,----,3356.6196 S,15113.2403 E,4,1,T,S,V
2019-03-08 14:58:24,28.3,2365,0.17,31.4,88.5,----,----,0000.0000 N,00000.0000 W,0,0,T,S,V
2019-03-08 14:58:29,22.6,2263,0.09,31.4,88.6,----,----,0000.0000 N,00000.0000 W,0,0,T,S,V
2019-03-08 14:58:34,23.2,2278,0.12,31.4,88.6,----,----,0000.0000 N,00000.0000 W,0,0,T,S,V
2019-03-08 14:58:40,15.8,2143,0.00,31.4,88.6,----,----,0000.0000 N,00000.0000 W,0,0,T,S,V
2019-03-08 14:58:44,16.3,2153,0.06,31.4,88.6,----,----,0000.0000 N,00000.0000 W,0,0,T,S,V
2019-03-08 14:58:47,17.5,2175,0.06,31.4,88.6,----,----,0000.0000 N,00000.0000 W,0,0,T,S,V
2019-03-08 14:58:50,16.9,2169,0.07,31.5,88.7,----,----,0000.0000 N,00000.0000 W,0,0,T,S,V
2019-03-08 14:58:54,19.7,2216,0.09,31.5,88.7,----,----,0000.0000 N,00000.0000 W,0,0,T,S,V
2019-03-08 14:59:01,22.0,2257,0.14,31.5,88.7,----,----,0000.0000 N,00000.0000 W,0,0,T,S,V
2019-03-08 14:59:05,22.0,2258,0.14,31.5,88.7,----,----,3356.3788 S,15113.3172 E,2,6,T,S,V
2019-03-08 14:59:10,23.7,2285,0.03,31.5,88.8,----,----,3356.3803 S,15113.3162 E,3,1,T,S,V
2019-03-08 14:59:15,20.9,2235,0.07,31.5,88.8,----,----,3356.3825 S,15113.3159 E,3,1,T,S,V
2019-03-08 14:59:20,22.0,2256,0.03,31.5,88.8,----,----,3356.3855 S,15113.3148 E,3,1,T,S,V
2019-03-08 14:59:25,22.6,2262,0.10,31.5,88.8,----,----,3356.3891 S,15113.3145 E,3,1,T,S,V
2019-03-08 14:59:30,23.2,2272,0.04,31.5,88.8,----,----,3356.3932 S,15113.3147 E,2,6,T,S,V
2019-03-08 14:59:35,23.7,2286,0.15,31.5,88.8,----,----,3356.3884 S,15113.3178 E,4,1,T,S,V
2019-03-08 14:59:41,15.8,2147,0.02,31.5,88.8,----,----,3356.3909 S,15113.3198 E,5,1,T,S,V
2019-03-08 14:59:45,16.9,2166,0.00,31.5,88.8,----,----,3356.3909 S,15113.3198 E,5,1,T,S,V
2019-03-08 14:59:51,23.2,2278,0.13,31.5,88.8,----,----,3356.3891 S,15113.3206 E,5,1,T,S,V
2019-03-08 14:59:56,23.2,2272,0.06,31.5,88.8,----,----,3356.3883 S,15113.3224 E,5,1,T,S,V
2019-03-08 15:00:01,23.7,2288,0.16,31.5,88.8,----,----,3356.3877 S,15113.3235 E,5,1,T,S,V
2019-03-08 15:00:06,22.0,2255,0.07,31.5,88.8,----,----,3356.3863 S,15113.3257 E,5,1,T,S,V
2019-03-08 15:00:11,22.6,2268,0.08,31.5,88.8,----,----,3356.3862 S,15113.3239 E,5,1,T,S,V
2019-03-08 15:00:17,23.7,2285,0.11,31.6,88.9,----,----,3356.3859 S,15113.3229 E,5,1,T,S,V
2019-03-08 15:00:23,21.5,2242,0.12,31.6,88.9,----,----,3356.3834 S,15113.3224 E,5,1,T,S,V
2019-03-08 15:00:29,26.0,2320,0.17,31.6,88.9,----,----,3356.3791 S,15113.3237 E,6,1,T,S,V
2019-03-08 15:00:34,23.2,2273,0.13,31.6,88.9,----,----,3356.3776 S,15113.3263 E,7,1,T,S,V
2019-03-08 15:00:42,22.0,2257,0.13,31.6,88.9,----,----,3356.3790 S,15113.3292 E,7,1,T,S,V
2019-03-08 15:00:54,23.7,2288,0.18,31.6,88.9,----,----,3356.3777 S,15113.3303 E,7,1,T,S,V
2019-03-08 15:01:03,20.3,2220,0.10,31.6,88.9,----,----,3356.3774 S,15113.3303 E,9,1,T,S,V
2019-03-08 15:01:08,23.2,2279,0.15,31.6,88.9,----,----,3356.3763 S,15113.3294 E,9,1,T,S,V
2019-03-08 15:01:13,20.9,2236,0.05,31.6,88.9,----,----,3356.3746 S,15113.3270 E,9,1,T,S,V
2019-03-08 15:01:18,20.9,2236,0.10,31.6,88.9,----,----,3356.3739 S,15113.3255 E,9,1,T,S,V
2019-03-08 15:01:24,20.3,2222,0.09,31.6,88.9,----,----,3356.3731 S,15113.3239 E,9,1,T,S,V
2019-03-08 15:01:29,23.2,2272,0.00,31.6,88.9,----,----,3356.3717 S,15113.3233 E,10,1,T,S,V
2019-03-08 15:01:35,22.6,2264,0.09,31.6,88.9,----,----,3356.3703 S,15113.3219 E,10,1,T,S,V
2019-03-08 15:13:25,18.6,2191,0.03,32.0,89.7,----,----,0000.0000 N,00000.0000 W,0,0,T,S,V
2019-03-08 15:13:30,23.7,2287,0.04,32.0,89.7,----,----,0000.0000 N,00000.0000 W,0,0,T,S,V
2019-03-08 15:13:35,36.3,2500,0.28,32.0,89.7,----,----,0000.0000 N,00000.0000 W,0,0,T,S,V
2019-03-08 15:13:40,32.3,2434,0.13,32.1,89.8,----,----,0000.0000 N,00000.0000 W,0,0,T,S,V
2019-03-08 15:13:46,32.3,2435,0.07,32.1,89.8,----,----,0000.0000 N,00000.0000 W,0,0,T,S,V
2019-03-08 15:13:51,36.8,2518,0.25,32.1,89.8,----,----,0000.0000 N,00000.0000 W,0,0,T,S,V
2019-03-08 15:13:56,32.9,2445,0.16,32.1,89.8,----,----,0000.0000 N,00000.0000 W,0,0,T,S,V
2019-03-08 15:14:01,30.0,2397,0.08,32.1,89.8,----,----,0000.0000 N,00000.0000 W,0,0,T,S,V
2019-03-08 15:14:07,35.7,2494,0.06,32.1,89.8,----,----,0000.0000 N,00000.0000 W,0,0,T,S,V
2019-03-08 15:14:13,36.3,2500,0.07,32.1,89.8,----,----,0000.0000 N,00000.0000 W,0,0,T,S,V
2019-03-08 15:14:33,31.1,2415,0.08,32.1,89.9,----,----,3356.2035 S,15113.3265 E,4,1,T,S,V
2019-03-08 15:14:38,30.6,2406,0.09,32.1,89.9,----,----,3356.2037 S,15113.3265 E,4,1,T,S,V
2019-03-08 15:14:43,27.2,2349,0.09,32.1,89.9,----,----,3356.2059 S,15113.3236 E,4,1,T,S,V
2019-03-08 15:14:48,35.1,2483,0.10,32.1,89.8,----,----,3356.2061 S,15113.3251 E,5,1,T,S,V
2019-03-08 15:14:53,36.3,2506,0.13,32.1,89.8,----,----,3356.2075 S,15113.3268 E,5,1,T,S,V
2019-03-08 15:14:58,32.9,2441,0.17,32.1,89.8,----,----,3356.2090 S,15113.3271 E,5,1,T,S,V
2019-03-08 15:15:04,32.3,2430,0.12,32.1,89.8,----,----,3356.2107 S,15113.3252 E,8,1,T,S,V
2019-03-08 15:15:09,25.4,2314,0.12,32.1,89.8,----,----,3356.2125 S,15113.3232 E,8,1,T,S,V
2019-03-08 15:15:14,25.4,2311,0.14,32.1,89.8,----,----,3356.2125 S,15113.3217 E,8,1,T,S,V
2019-03-08 15:15:34,20.9,2232,0.00,32.0,89.7,----,----,3356.2108 S,15113.3185 E,8,1,T,S,V
2019-03-08 15:15:39,25.4,2311,0.13,32.0,89.6,----,----,3356.2098 S,15113.3189 E,8,1,T,S,V
2019-03-08 15:15:43,27.7,2352,0.16,32.0,89.6,----,----,3356.2098 S,15113.3200 E,9,1,T,S,V
2019-03-08 15:15:49,26.6,2333,0.10,32.0,89.6,----,----,3356.2086 S,15113.3199 E,10,1,T,S,V
2019-03-08 15:15:54,23.7,2280,0.07,32.0,89.6,----,----,3356.2073 S,15113.3197 E,9,1,T,S,V
2019-03-08 15:15:59,25.4,2316,0.16,31.9,89.5,----,----,3356.2071 S,15113.3184 E,9,1,T,S,V
2019-03-08 15:16:04,31.1,2418,0.14,31.9,89.5,----,----,3356.2079 S,15113.3174 E,10,1,T,S,V
2019-03-08 15:16:09,23.7,2280,0.03,31.9,89.5,----,----,3356.2077 S,15113.3146 E,10,1,T,S,V
2019-03-08 15:16:14,18.6,2191,0.02,31.9,89.5,----,----,3356.2057 S,15113.3144 E,10,1,T,S,V
2019-03-08 15:16:45,25.4,2319,0.08,31.9,89.5,----,----,3356.2033 S,15113.3168 E,9,1,T,S,V
2019-03-08 15:16:56,27.2,2342,0.16,31.9,89.5,----,----,3356.2029 S,15113.3206 E,10,1,T,S,V
2019-03-08 15:17:01,21.5,2245,0.09,31.9,89.4,----,----,3356.2013 S,15113.3223 E,10,1,T,S,V
2019-03-08 15:17:06,26.0,2323,0.12,31.9,89.5,----,----,3356.2003 S,15113.3214 E,10,1,T,S,V
2019-03-08 15:17:11,24.9,2308,0.11,31.9,89.5,----,----,3356.2004 S,15113.3197 E,10,1,T,S,V
2019-03-08 15:17:16,21.5,2240,0.04,31.9,89.5,----,----,3356.2006 S,15113.3174 E,10,1,T,S,V
2019-03-08 15:17:20,20.9,2230,0.06,31.9,89.5,----,----,3356.2014 S,15113.3157 E,10,1,T,S,V
2019-03-08 15:30:08,23.7,2285,0.13,30.6,87.1,----,----,0000.0000 N,00000.0000 W,0,0,T,S,V
2019-03-08 15:30:13,26.6,2337,0.04,30.6,87.1,----,----,0000.0000 N,00000.0000 W,0,0,T,S,V
2019-03-08 15:30:19,22.6,2268,0.06,30.6,87.1,----,----,0000.0000 N,00000.0000 W,0,0,T,S,V
2019-03-08 15:30:24,22.0,2254,0.00,30.6,87.1,----,----,0000.0000 N,00000.0000 W,0,0,T,S,V
2019-03-08 15:30:29,20.3,2229,0.09,30.6,87.1,----,----,0000.0000 N,00000.0000 W,0,0,T,S,V
2019-03-08 15:30:35,22.0,2257,0.06,30.6,87.1,----,----,0000.0000 N,00000.0000 W,0,0,T,S,V
2019-03-08 15:30:42,25.4,2313,0.04,30.6,87.1,----,----,0000.0000 N,00000.0000 W,0,0,T,S,V
2019-03-08 15:30:57,30.0,2392,0.11,30.6,87.1,----,----,0000.0000 N,00000.0000 W,0,0,T,S,V
2019-03-08 15:31:02,28.3,2366,0.11,30.6,87.1,----,----,3355.9758 S,15113.4079 E,5,1,T,S,V
2019-03-08 15:31:12,27.2,2340,0.08,30.6,87.1,----,----,3355.9725 S,15113.4074 E,3,1,T,S,V
2019-03-08 15:31:18,24.3,2297,0.11,30.6,87.1,----,----,3355.9690 S,15113.4082 E,3,1,T,S,V
2019-03-08 15:31:34,20.3,2221,0.16,30.5,87.0,----,----,3355.9705 S,15113.4063 E,4,1,T,S,V
2019-03-08 15:31:40,30.6,2406,0.16,30.5,87.0,----,----,3355.9692 S,15113.4085 E,4,1,T,S,V
2019-03-08 15:31:45,23.2,2272,0.14,30.6,87.1,----,----,3355.9682 S,15113.4109 E,4,1,T,S,V
2019-03-08 15:31:50,19.7,2214,0.08,30.6,87.1,----,----,3355.9672 S,15113.4119 E,4,1,T,S,V
2019-03-08 15:31:55,22.0,2252,0.10,30.6,87.1,----,----,3355.9667 S,15113.4123 E,4,1,T,S,V
2019-03-08 15:32:00,24.9,2309,0.04,30.6,87.2,----,----,3355.9669 S,15113.4132 E,3,1,T,S,V
2019-03-08 15:32:05,26.6,2337,0.15,30.7,87.2,----,----,3355.9671 S,15113.4148 E,4,1,T,S,V
2019-03-08 15:32:28,27.2,2346,0.16,30.8,87.4,----,----,3355.9667 S,15113.4177 E,4,1,T,S,V
2019-03-08 15:32:34,24.9,2303,0.00,30.8,87.5,----,----,3355.9665 S,15113.4200 E,4,1,T,S,V
2019-03-08 15:32:39,22.0,2258,0.00,30.8,87.5,----,----,3355.9669 S,15113.4210 E,4,1,T,S,V
2019-03-08 15:32:45,30.6,2401,0.18,30.8,87.5,----,----,3355.9679 S,15113.4240 E,4,1,T,S,V
2019-03-08 15:32:50,23.7,2287,0.04,30.9,87.6,----,----,3355.9691 S,15113.4245 E,4,1,T,S,V
2019-03-08 15:32:55,28.3,2369,0.14,30.9,87.6,----,----,3355.9695 S,15113.4235 E,5,1,T,S,V
2019-03-08 15:33:01,26.6,2330,0.13,30.9,87.7,----,----,3355.9694 S,15113.4224 E,6,1,T,S,V
2019-03-08 15:33:06,17.5,2177,0.04,30.9,87.7,----,----,3355.9681 S,15113.4212 E,6,1,T,S,V
2019-03-08 15:33:10,20.3,2221,0.00,31.0,87.8,----,----,3355.9677 S,15113.4185 E,6,1,T,S,V
2019-03-08 15:33:15,18.6,2197,0.05,31.0,87.8,----,----,3355.9670 S,15113.4182 E,5,1,T,S,V
2019-03-08 15:33:20,22.6,2260,0.04,31.0,87.8,----,----,3355.9669 S,15113.4169 E,6,1,T,S,V
2019-03-08 15:33:26,24.3,2295,0.13,31.0,87.9,----,----,3355.9686 S,15113.4178 E,6,1,T,S,V
2019-03-08 15:33:31,27.7,2355,0.19,31.0,87.9,----,----,3355.9706 S,15113.4191 E,7,1,T,S,V
2019-03-08 15:33:37,30.0,2390,0.19,31.0,87.9,----,----,3355.9729 S,15113.4199 E,7,1,T,S,V
2019-03-08 15:33:42,30.6,2409,0.19,31.1,88.0,----,----,3355.9718 S,15113.4178 E,7,1,T,S,V
2019-03-08 15:33:56,27.2,2342,0.02,31.1,88.1,----,----,3355.9726 S,15113.4171 E,8,1,T,S,V
2019-03-08 15:34:04,28.3,2363,0.23,31.2,88.2,----,----,3355.9738 S,15113.4174 E,8,1,T,S,V
2019-03-08 15:34:10,29.4,2383,0.14,31.2,88.2,----,----,3355.9761 S,15113.4169 E,8,1,T,S,V
2019-03-08 15:34:15,24.9,2302,0.07,31.2,88.3,----,----,3355.9772 S,15113.4163 E,8,1,T,S,V
2019-03-08 15:34:21,25.4,2319,0.19,31.3,88.3,----,----,3355.9768 S,15113.4151 E,9,1,T,S,V
2019-03-08 15:34:27,24.3,2294,0.08,31.3,88.3,----,----,3355.9752 S,15113.4142 E,9,1,T,S,V
2019-03-08 15:34:32,24.9,2306,0.00,31.3,88.3,----,----,3355.9741 S,15113.4136 E,9,1,T,S,V
2019-03-08 15:34:37,24.9,2302,0.20,31.3,88.4,----,----,3355.9736 S,15113.4125 E,9,1,T,S,V
2019-03-08 15:34:42,32.9,2443,0.25,31.3,88.4,----,----,3355.9748 S,15113.4112 E,10,1,T,S,V
2019-03-08 15:50:45,23.7,2285,0.08,33.5,92.4,----,----,0000.0000 N,00000.0000 W,0,0,T,S,V
2019-03-08 15:50:51,21.5,2245,0.05,33.5,92.3,----,----,0000.0000 N,00000.0000 W,0,0,T,S,V
2019-03-08 15:50:55,22.0,2254,0.04,33.5,92.3,----,----,0000.0000 N,00000.0000 W,0,0,T,S,V
2019-03-08 15:51:00,23.2,2276,0.04,33.5,92.3,----,----,0000.0000 N,00000.0000 W,0,0,T,S,V
2019-03-08 15:51:17,23.2,2278,0.05,33.5,92.3,----,----,0000.0000 N,00000.0000 W,0,0,T,S,V
2019-03-08 15:51:22,24.3,2290,0.11,33.5,92.3,----,----,0000.0000 N,00000.0000 W,0,0,T,S,V
2019-03-08 15:51:30,22.6,2264,0.13,33.5,92.3,----,----,0000.0000 N,00000.0000 W,0,0,T,S,V
2019-03-08 15:51:35,24.9,2305,0.03,33.5,92.3,----,----,0000.0000 N,00000.0000 W,0,0,T,S,V
2019-03-08 15:51:41,24.3,2295,0.07,33.5,92.3,----,----,0000.0000 N,00000.0000 W,0,0,T,S,V
2019-03-08 15:51:47,24.9,2301,0.05,33.4,92.2,----,----,0000.0000 N,00000.0000 W,0,0,T,S,V
2019-03-08 15:51:52,27.2,2346,0.03,33.4,92.2,----,----,0000.0000 N,00000.0000 W,0,0,T,S,V
2019-03-08 15:51:58,23.7,2288,0.02,33.4,92.1,----,----,0000.0000 N,00000.0000 W,0,0,T,S,V
2019-03-08 15:52:03,20.3,2228,0.00,33.4,92.1,----,----,0000.0000 N,00000.0000 W,0,0,T,S,V
2019-03-08 15:52:07,23.2,2271,0.09,33.4,92.1,----,----,0000.0000 N,00000.0000 W,0,0,T,S,V
2019-03-08 15:52:13,20.3,2221,0.08,33.4,92.1,----,----,0000.0000 N,00000.0000 W,0,0,T,S,V
2019-03-08 15:52:18,23.2,2277,0.08,33.3,92.0,----,----,0000.0000 N,00000.0000 W,0,0,T,S,V
2019-03-08 15:52:24,24.9,2306,0.13,33.3,92.0,----,----,3355.9445 S,15113.4465 E,3,1,T,S,V
2019-03-08 15:52:28,21.5,2246,0.00,33.3,92.0,----,----,3355.9428 S,15113.4400 E,3,1,T,S,V
2019-03-08 15:52:32,22.6,2260,0.05,33.3,92.0,----,----,3355.9447 S,15113.4343 E,4,1,T,S,V
2019-03-08 15:52:37,22.0,2254,0.02,33.3,92.0,----,----,3355.9766 S,15113.4530 E,4,1,T,S,V
2019-03-08 15:52:43,24.3,2296,0.11,33.3,92.0,----,----,3355.9778 S,15113.4534 E,5,1,T,S,V
2019-03-08 15:52:48,24.9,2304,0.05,33.3,92.0,----,----,3355.9786 S,15113.4526 E,5,1,T,S,V
2019-03-08 15:52:54,23.2,2273,0.02,33.3,92.0,----,----,3355.9777 S,15113.4513 E,5,1,T,S,V
2019-03-08 15:52:59,30.0,2395,0.02,33.3,92.0,----,----,3355.9771 S,15113.4491 E,5,1,T,S,V
2019-03-08 15:53:04,30.6,2403,0.05,33.3,92.0,----,----,3355.9776 S,15113.4462 E,5,1,T,S,V
2019-03-08 15:53:10,23.2,2272,0.00,33.3,91.9,----,----,3355.9784 S,15113.4471 E,5,1,T,S,V
2019-03-08 15:57:58,24.3,2294,0.05,32.8,91.0,----,----,0000.0000 N,00000.0000 W,0,0,T,S,V
2019-03-08 15:58:03,19.2,2207,0.06,32.7,91.0,----,----,0000.0000 N,00000.0000 W,0,0,T,S,V
2019-03-08 15:58:09,22.6,2266,0.02,32.7,90.9,----,----,0000.0000 N,00000.0000 W,0,0,T,S,V
2019-03-08 15:58:14,28.3,2366,0.13,32.7,90.9,----,----,0000.0000 N,00000.0000 W,0,0,T,S,V
2019-03-08 15:58:20,29.4,2385,0.04,32.7,90.8,----,----,0000.0000 N,00000.0000 W,0,0,T,S,V
2019-03-08 15:58:26,33.4,2450,0.11,32.6,90.8,----,----,0000.0000 N,00000.0000 W,0,0,T,S,V
2019-03-08 15:58:31,23.2,2272,0.06,32.6,90.7,----,----,0000.0000 N,00000.0000 W,0,0,T,S,V
2019-03-08 15:58:36,29.4,2385,0.12,32.6,90.7,----,----,0000.0000 N,00000.0000 W,0,0,T,S,V
2019-03-08 15:58:41,30.0,2391,0.12,32.5,90.6,----,----,0000.0000 N,00000.0000 W,0,0,T,S,V
2019-03-08 15:58:47,31.1,2419,0.11,32.5,90.6,----,----,0000.0000 N,00000.0000 W,0,0,T,S,V
2019-03-08 15:58:52,37.4,2529,0.14,32.5,90.5,----,----,3355.9549 S,15113.2648 E,3,1,T,S,V
2019-03-08 15:58:58,20.3,2228,0.00,32.4,90.4,----,----,3355.9568 S,15113.2663 E,2,6,T,S,V
2019-03-08 15:59:03,24.9,2304,0.08,32.4,90.4,----,----,3355.8935 S,15113.2707 E,3,1,T,S,V
2019-03-08 15:59:09,27.2,2340,0.16,32.4,90.4,----,----,3355.8942 S,15113.2682 E,3,1,T,S,V
2019-03-08 15:59:14,27.7,2353,0.09,32.4,90.3,----,----,3355.8860 S,15113.2699 E,3,1,T,S,V
2019-03-08 15:59:19,26.0,2323,0.02,32.3,90.2,----,----,3355.8348 S,15113.3025 E,3,1,T,S,V
2019-03-08 15:59:25,32.9,2447,0.07,32.3,90.1,----,----,3355.9112 S,15113.2651 E,4,1,T,S,V
2019-03-08 15:59:30,36.3,2502,0.15,32.2,90.1,----,----,3355.9197 S,15113.2617 E,4,1,T,S,V
2019-03-08 15:59:35,32.9,2442,0.04,32.2,90.0,----,----,3355.9241 S,15113.2622 E,4,1,T,S,V
2019-03-08 15:59:41,36.3,2500,0.16,32.2,89.9,----,----,3355.9333 S,15113.2621 E,4,1,T,S,V
2019-03-08 15:59:46,33.4,2459,0.08,32.1,89.9,----,----,3355.9383 S,15113.2626 E,4,1,T,S,V
2019-03-08 15:59:51,37.4,2524,0.15,32.1,89.8,----,----,3355.9341 S,15113.2641 E,4,1,T,S,V
2019-03-08 15:59:58,29.4,2383,0.03,32.0,89.7,----,----,3355.9249 S,15113.2678 E,4,1,T,S,V
2019-03-08 16:00:03,30.6,2404,0.11,32.0,89.7,----,----,3355.9261 S,15113.2674 E,4,1,T,S,V
2019-03-08 16:00:08,33.4,2452,0.07,32.0,89.6,----,----,3355.9242 S,15113.2668 E,4,1,T,S,V
2019-03-08 16:00:13,34.6,2479,0.15,32.0,89.6,----,----,3355.8984 S,15113.2711 E,5,1,T,S,V
2019-03-08 16:00:19,34.0,2460,0.09,31.9,89.5,----,----,3355.9003 S,15113.2706 E,5,1,T,S,V
2019-03-08 16:00:25,30.6,2408,0.11,31.9,89.5,----,----,3355.9041 S,15113.2674 E,5,1,T,S,V
2019-03-08 16:00:30,26.6,2336,0.07,31.9,89.4,----,----,3355.9057 S,15113.2659 E,5,1,T,S,V
2019-03-08 16:00:35,35.1,2483,0.16,31.8,89.4,----,----,3355.9071 S,15113.2632 E,5,1,T,S,V
2019-03-08 16:00:41,32.3,2435,0.16,31.8,89.4,----,----,3355.9071 S,15113.2633 E,5,1,T,S,V
2019-03-08 16:00:46,33.4,2455,0.14,31.8,89.3,----,----,3355.9046 S,15113.2626 E,5,1,T,S,V
2019-03-08 16:00:52,31.1,2413,0.05,31.8,89.3,----,----,3355.9009 S,15113.2617 E,6,1,T,S,V
2019-03-08 16:00:57,35.7,2499,0.16,31.8,89.2,----,----,3355.8993 S,15113.2630 E,6,1,T,S,V
2019-03-08 16:01:02,31.7,2422,0.13,31.8,89.2,----,----,3355.8980 S,15113.2638 E,7,1,T,S,V
2019-03-08 16:01:08,28.9,2375,0.11,31.7,89.1,----,----,3355.8968 S,15113.2646 E,7,1,T,S,V
2019-03-08 16:01:15,22.0,2250,0.03,31.7,89.1,----,----,3355.8947 S,15113.2650 E,7,1,T,S,V
2019-03-08 16:01:18,22.6,2266,0.07,31.7,89.0,----,----,3355.8946 S,15113.2635 E,7,1,T,S,V
2019-03-08 16:01:27,29.4,2381,0.07,31.6,89.0,----,----,3355.8917 S,15113.2646 E,6,1,T,S,V
2019-03-08 16:01:33,30.6,2403,0.08,31.6,88.9,----,----,3355.8910 S,15113.2644 E,7,1,T,S,V
2019-03-08 16:01:39,30.0,2393,0.12,31.6,88.9,----,----,3355.8902 S,15113.2655 E,6,1,T,S,V
2019-03-08 16:01:44,27.7,2354,0.11,31.5,88.8,----,----,3355.8892 S,15113.2669 E,7,1,T,S,V
2019-03-08 16:01:49,24.9,2303,0.08,31.5,88.7,----,----,3355.8888 S,15113.2693 E,7,1,T,S,V
2019-03-08 16:01:54,28.9,2377,0.13,31.5,88.7,----,----,3355.8877 S,15113.2731 E,7,1,T,S,V
2019-03-08 16:02:00,33.4,2452,0.14,31.4,88.6,----,----,3355.8868 S,15113.2749 E,7,1,T,S,V
2019-03-08 16:02:05,27.2,2347,0.07,31.4,88.6,----,----,3355.8863 S,15113.2759 E,8,1,T,S,V
2019-03-08 16:02:11,28.3,2363,0.07,31.4,88.6,----,----,3355.8876 S,15113.2765 E,9,1,T,S,V
2019-03-08 16:02:16,38.0,2533,0.12,31.4,88.6,----,----,3355.8887 S,15113.2776 E,9,1,T,S,V
2019-03-08 16:02:22,35.1,2483,0.12,31.4,88.5,----,----,3355.8913 S,15113.2766 E,9,1,T,S,V
2019-03-08 16:02:28,31.7,2422,0.13,31.4,88.5,----,----,3355.8910 S,15113.2777 E,9,1,T,S,V
2019-03-08 16:02:33,27.2,2347,0.05,31.3,88.4,----,----,3355.8897 S,15113.2774 E,9,1,T,S,V
2019-03-08 16:02:40,32.3,2436,0.09,31.3,88.3,----,----,3355.8878 S,15113.2784 E,9,1,T,S,V
2019-03-08 16:02:47,32.9,2445,0.09,31.2,88.3,----,----,3355.8856 S,15113.2776 E,9,1,T,S,V
2019-03-08 16:02:52,36.8,2510,0.18,31.2,88.2,----,----,3355.8843 S,15113.2783 E,9,1,T,S,V
2019-03-08 16:02:58,34.6,2472,0.08,31.2,88.2,----,----,3355.8830 S,15113.2777 E,9,1,T,S,V
2019-03-08 16:03:04,36.8,2518,0.08,31.2,88.1,----,----,3355.8833 S,15113.2763 E,9,1,T,S,V
2019-03-08 16:03:09,31.7,2423,0.09,31.2,88.1,----,----,3355.8833 S,15113.2744 E,9,1,T,S,V
2019-03-08 16:03:15,36.8,2511,0.13,31.1,88.1,----,----,3355.8816 S,15113.2739 E,9,1,T,S,V
2019-03-08 16:03:19,39.7,2563,0.16,31.1,88.0,----,----,3355.8807 S,15113.2734 E,9,1,T,S,V
2019-03-08 16:03:25,31.7,2426,0.11,31.1,88.0,----,----,3355.8794 S,15113.2735 E,10,1,T,S,V
2019-03-08 16:03:30,18.0,2180,0.00,31.1,88.0,----,----,3355.8780 S,15113.2739 E,10,1,T,S,V
2019-03-08 16:03:36,21.5,2249,0.02,31.0,87.9,----,----,3355.8765 S,15113.2735 E,10,1,T,S,V
2019-03-08 16:03:42,25.4,2313,0.08,31.0,87.9,----,----,3355.8767 S,15113.2750 E,10,1,T,S,V
2019-03-08 16:03:46,28.3,2368,0.13,31.0,87.8,----,----,3355.8770 S,15113.2759 E,10,1,T,S,V
2019-03-08 16:03:50,26.0,2323,0.08,31.0,87.8,----,----,3355.8771 S,15113.2773 E,10,1,T,S,V
2019-03-08 16:04:05,34.0,2466,0.11,31.0,87.8,----,----,3355.8804 S,15113.2784 E,10,1,T,S,V
2019-03-08 16:04:09,32.9,2441,0.10,30.9,87.7,----,----,3355.8814 S,15113.2790 E,10,1,T,S,V
2019-03-08 16:04:13,36.3,2507,0.12,30.9,87.7,----,----,3355.8820 S,15113.2783 E,10,1,T,S,V
2019-03-08 16:10:44,29.4,2387,0.11,31.1,88.1,----,----,0000.0000 N,00000.0000 W,0,0,T,S,V
2019-03-08 16:10:51,28.9,2379,0.14,31.1,88.1,----,----,0000.0000 N,00000.0000 W,0,0,T,S,V
2019-03-08 16:10:56,25.4,2314,0.12,31.1,88.1,----,----,0000.0000 N,00000.0000 W,0,0,T,S,V
2019-03-08 16:11:02,28.3,2362,0.10,31.1,88.0,----,----,0000.0000 N,00000.0000 W,0,0,T,S,V
2019-03-08 16:11:05,28.3,2363,0.19,31.1,88.0,----,----,0000.0000 N,00000.0000 W,0,0,T,S,V
2019-03-08 16:11:10,28.3,2363,0.09,31.1,88.0,----,----,0000.0000 N,00000.0000 W,0,0,T,S,V
2019-03-08 16:11:16,27.2,2342,0.14,31.1,88.0,----,----,0000.0000 N,00000.0000 W,0,0,T,S,V
2019-03-08 16:11:21,30.0,2392,0.14,31.1,88.0,----,----,0000.0000 N,00000.0000 W,0,0,T,S,V
2019-03-08 16:11:27,24.9,2306,0.18,31.1,88.0,----,----,0000.0000 N,00000.0000 W,0,0,T,S,V
2019-03-08 16:11:33,26.0,2328,0.00,31.1,88.0,----,----,0000.0000 N,00000.0000 W,0,0,T,S,V
2019-03-08 16:11:37,24.9,2309,0.09,31.1,88.1,----,----,3356.0020 S,15113.4690 E,2,6,T,S,V
2019-03-08 16:11:41,23.7,2288,0.08,31.1,88.1,----,----,3355.9991 S,15113.4692 E,2,6,T,S,V
2019-03-08 16:11:46,24.9,2302,0.15,31.1,88.1,----,----,3355.9945 S,15113.4681 E,3,1,T,S,V
2019-03-08 16:11:51,26.0,2329,0.20,31.1,88.1,----,----,3355.9966 S,15113.4686 E,3,1,T,S,V
2019-03-08 16:11:56,23.7,2287,0.09,31.1,88.0,----,----,3356.0060 S,15113.4671 E,4,1,T,S,V
2019-03-08 16:12:00,21.5,2244,0.13,31.1,88.0,----,----,3356.0046 S,15113.4668 E,5,1,T,S,V
2019-03-08 16:12:05,24.9,2302,0.08,31.1,88.0,----,----,3356.0042 S,15113.4661 E,4,1,T,S,V
2019-03-08 16:12:11,21.5,2246,0.10,31.1,88.0,----,----,3356.0042 S,15113.4645 E,4,1,T,S,V
2019-03-08 16:12:16,18.0,2183,0.00,31.1,88.0,----,----,3356.0046 S,15113.4626 E,4,1,T,S,V
2019-03-08 16:12:20,15.8,2140,0.00,31.1,88.0,----,----,3356.0076 S,15113.4628 E,4,1,T,S,V
2019-03-08 16:12:24,16.9,2161,0.00,31.0,87.9,----,----,3356.0066 S,15113.4615 E,6,1,T,S,V
2019-03-08 16:12:29,19.7,2211,0.00,31.1,88.0,----,----,3356.0053 S,15113.4608 E,5,1,T,S,V
2019-03-08 16:12:33,18.0,2184,0.00,31.1,88.0,----,----,3356.0052 S,15113.4604 E,5,1,T,S,V
2019-03-08 16:12:40,16.9,2165,0.00,31.1,88.0,----,----,3356.0052 S,15113.4589 E,5,1,T,S,V
2019-03-08 16:12:44,20.9,2238,0.14,31.1,88.0,----,----,3356.0064 S,15113.4571 E,5,1,T,S,V
2019-03-08 16:12:49,20.9,2235,0.11,31.1,88.0,----,----,3356.0085 S,15113.4572 E,5,1,T,S,V
2019-03-08 16:12:54,19.7,2214,0.03,31.1,88.0,----,----,3356.0088 S,15113.4591 E,5,1,T,S,V
2019-03-08 16:13:00,23.2,2279,0.12,31.1,88.0,----,----,3356.0087 S,15113.4604 E,5,1,T,S,V
2019-03-08 16:13:05,19.2,2208,0.04,31.1,88.0,----,----,3356.0098 S,15113.4618 E,6,1,T,S,V
2019-03-08 16:13:10,23.7,2288,0.12,31.1,88.0,----,----,3356.0093 S,15113.4630 E,6,1,T,S,V
2019-03-08 16:13:15,31.1,2419,0.15,31.1,88.0,----,----,3356.0097 S,15113.4640 E,6,1,T,S,V
2019-03-08 16:13:20,29.4,2385,0.17,31.1,88.0,----,----,3356.0096 S,15113.4658 E,6,1,T,S,V
2019-03-08 16:13:25,21.5,2248,0.14,31.0,87.9,----,----,3356.0079 S,15113.4640 E,6,1,T,S,V
2019-03-08 16:13:29,18.6,2191,0.04,31.0,87.9,----,----,3356.0075 S,15113.4642 E,6,1,T,S,V
2019-03-08 16:13:34,18.6,2193,0.06,31.0,87.9,----,----,3356.0073 S,15113.4655 E,7,1,T,S,V
2019-03-08 16:13:40,21.5,2246,0.08,31.1,88.0,----,----,3356.0066 S,15113.4655 E,7,1,T,S,V
2019-03-08 16:13:46,19.2,2208,0.07,31.1,88.0,----,----,3356.0056 S,15113.4648 E,7,1,T,S,V
2019-03-08 16:13:59,18.6,2199,0.04,31.1,88.0,----,----,3355.9995 S,15113.4610 E,8,1,T,S,V
2019-03-08 16:14:03,19.2,2201,0.07,31.1,88.0,----,----,3355.9989 S,15113.4598 E,9,1,T,S,V
2019-03-08 16:14:09,23.7,2286,0.09,31.1,88.0,----,----,3355.9971 S,15113.4586 E,9,1,T,S,V
2019-03-08 17:52:05,15.8,2140,0.08,30.0,86.1,----,----,0000.0000 N,00000.0000 W,0,0,T,S,V
2019-03-08 17:52:09,16.3,2155,0.09,30.0,86.1,----,----,0000.0000 N,00000.0000 W,0,0,T,S,V
2019-03-08 17:52:13,18.6,2193,0.00,30.1,86.2,----,----,0000.0000 N,00000.0000 W,0,0,T,S,V
2019-03-08 17:52:16,20.3,2226,0.10,30.1,86.2,----,----,0000.0000 N,00000.0000 W,0,0,T,S,V
2019-03-08 17:52:20,16.9,2164,0.08,30.1,86.2,----,----,0000.0000 N,00000.0000 W,0,0,T,S,V
2019-03-08 17:52:28,20.9,2238,0.03,30.1,86.2,----,----,0000.0000 N,00000.0000 W,0,0,T,S,V
2019-03-08 17:52:32,24.9,2303,0.08,30.1,86.2,----,----,0000.0000 N,00000.0000 W,0,0,T,S,V
2019-03-08 17:52:36,22.0,2252,0.06,30.1,86.2,----,----,0000.0000 N,00000.0000 W,0,0,T,S,V
2019-03-08 17:52:46,28.9,2376,0.15,30.1,86.3,----,----,0000.0000 N,00000.0000 W,0,0,T,S,V
2019-03-08 17:52:52,15.2,2134,0.06,30.1,86.3,----,----,0000.0000 N,00000.0000 W,0,0,T,S,V
2019-03-08 17:52:55,18.0,2185,0.13,30.1,86.3,----,----,0000.0000 N,00000.0000 W,0,0,T,S,V
2019-03-08 17:52:59,19.7,2216,0.00,30.1,86.3,----,----,0000.0000 N,00000.0000 W,0,0,T,S,V
2019-03-08 17:56:41,17.5,2179,0.04,30.5,87.0,----,----,0000.0000 N,00000.0000 W,0,0,T,S,V
2019-03-08 17:57:02,19.7,2218,0.12,30.6,87.1,----,----,0000.0000 N,00000.0000 W,0,0,T,S,V
2019-03-08 17:57:07,17.5,2171,0.00,30.6,87.2,----,----,0000.0000 N,00000.0000 W,0,0,T,S,V
2019-03-08 17:57:10,18.6,2198,0.03,30.6,87.2,----,----,0000.0000 N,00000.0000 W,0,0,T,S,V
2019-03-08 17:57:14,18.6,2197,0.06,30.6,87.2,----,----,0000.0000 N,00000.0000 W,0,0,T,S,V
2019-03-08 17:57:17,26.6,2330,0.15,30.6,87.2,----,----,0000.0000 N,00000.0000 W,0,0,T,S,V
2019-03-08 17:57:22,25.4,2310,0.09,30.7,87.2,----,----,0000.0000 N,00000.0000 W,0,0,T,S,V
2019-03-08 17:57:27,20.9,2231,0.04,30.7,87.2,----,----,0000.0000 N,00000.0000 W,0,0,T,S,V
2019-03-08 17:57:31,23.7,2284,0.04,30.7,87.3,----,----,0000.0000 N,00000.0000 W,0,0,T,S,V
2019-03-08 17:57:37,25.4,2316,0.06,30.7,87.3,----,----,3355.9887 S,15113.3943 E,3,1,T,S,V
2019-03-08 17:57:40,30.6,2401,0.21,30.7,87.3,----,----,3355.9858 S,15113.3942 E,3,1,T,S,V
2019-03-08 17:57:47,28.9,2376,0.15,30.7,87.3,----,----,3355.9857 S,15113.3921 E,3,1,T,S,V
2019-03-08 17:57:57,20.9,2235,0.06,30.7,87.3,----,----,3355.9671 S,15113.4131 E,5,1,T,S,V
2019-03-08 17:58:06,18.6,2198,0.03,30.7,87.3,----,----,3355.9642 S,15113.4147 E,5,1,T,S,V
2019-03-08 17:58:09,19.7,2215,0.05,30.7,87.3,----,----,3355.9647 S,15113.4152 E,5,1,T,S,V
2019-03-08 17:58:13,18.6,2199,0.00,30.7,87.3,----,----,3355.9645 S,15113.4175 E,5,1,T,S,V
2019-03-08 17:58:19,25.4,2319,0.07,30.7,87.3,----,----,3355.9629 S,15113.4169 E,7,1,T,S,V
2019-03-08 17:58:23,25.4,2310,0.19,30.7,87.4,----,----,3355.9626 S,15113.4173 E,6,1,T,S,V
2019-03-08 17:58:26,19.7,2215,0.18,30.7,87.4,----,----,3355.9621 S,15113.4182 E,6,1,T,S,V
2019-03-08 17:58:33,22.0,2258,0.19,30.7,87.4,----,----,3355.9638 S,15113.4214 E,6,1,T,S,V
2019-03-08 18:10:34,08.9,2068,0.04,30.1,86.2,----,----,0000.0000 N,00000.0000 W,0,0,T,S,V
2019-03-08 18:10:37,07.9,2059,0.00,30.1,86.2,----,----,0000.0000 N,00000.0000 W,0,0,T,S,V
2019-03-09 05:12:06,35.7,2498,0.16,22.2,72.0,----,----,0000.0000 N,00000.0000 W,0,0,T,S,V
2019-03-09 05:12:12,24.3,2298,0.06,22.2,72.0,----,----,0000.0000 N,00000.0000 W,0,0,T,S,V
2019-03-09 05:12:17,20.3,2226,0.09,22.2,72.0,----,----,0000.0000 N,00000.0000 W,0,0,T,S,V
2019-03-09 05:12:23,22.6,2263,0.20,22.2,71.9,----,----,0000.0000 N,00000.0000 W,0,0,T,S,V
2019-03-09 05:12:28,26.6,2338,0.15,22.1,71.9,----,----,0000.0000 N,00000.0000 W,0,0,T,S,V
2019-03-09 05:12:34,26.6,2338,0.19,22.1,71.8,----,----,0000.0000 N,00000.0000 W,0,0,T,S,V
2019-03-09 05:12:39,23.7,2281,0.09,22.1,71.8,----,----,0000.0000 N,00000.0000 W,0,0,T,S,V
2019-03-09 05:12:56,20.9,2231,0.00,22.0,71.7,----,----,0000.0000 N,00000.0000 W,0,0,T,S,V
2019-03-09 05:13:02,17.5,2179,0.08,22.0,71.7,----,----,0000.0000 N,00000.0000 W,0,0,T,S,V
2019-03-09 05:13:06,19.7,2213,0.00,22.0,71.7,----,----,0000.0000 N,00000.0000 W,0,0,T,S,V
2019-03-09 05:13:12,21.5,2246,0.02,22.0,71.7,----,----,0000.0000 N,00000.0000 W,0,0,T,S,V
2019-03-09 05:13:17,22.0,2257,0.13,22.0,71.6,----,----,0000.0000 N,00000.0000 W,0,0,T,S,V
2019-03-09 05:13:23,21.5,2247,0.17,22.0,71.6,----,----,3356.0082 S,15113.4579 E,4,1,T,S,V
2019-03-09 05:13:29,22.6,2262,0.13,22.0,71.6,----,----,3356.0091 S,15113.4570 E,5,1,T,S,V
2019-03-09 05:13:35,19.2,2203,0.11,21.9,71.5,----,----,3356.0096 S,15113.4560 E,5,1,T,S,V
2019-03-09 05:13:41,22.6,2263,0.10,21.9,71.5,----,----,3356.0116 S,15113.4550 E,5,1,T,S,V
2019-03-09 05:13:52,23.2,2270,0.15,21.9,71.5,----,----,3356.0100 S,15113.4553 E,6,1,T,S,V
2019-03-09 05:13:57,22.0,2256,0.15,21.9,71.4,----,----,3356.0110 S,15113.4555 E,6,1,T,S,V
2019-03-09 05:14:02,22.6,2261,0.10,21.9,71.4,----,----,3356.0118 S,15113.4565 E,7,1,T,S,V
2019-03-09 05:14:07,19.7,2218,0.04,21.9,71.4,----,----,3356.0103 S,15113.4568 E,7,1,T,S,V
2019-03-09 05:14:13,21.5,2242,0.03,21.9,71.4,----,----,3356.0081 S,15113.4570 E,6,1,T,S,V
2019-03-09 05:14:18,24.9,2303,0.16,21.8,71.3,----,----,3356.0070 S,15113.4572 E,7,1,T,S,V
2019-03-09 05:14:24,23.7,2284,0.16,21.8,71.3,----,----,3356.0054 S,15113.4595 E,8,1,T,S,V
2019-03-09 05:14:29,24.3,2295,0.12,21.8,71.3,----,----,3356.0037 S,15113.4602 E,9,1,T,S,V
2019-03-09 05:14:33,23.2,2272,0.09,21.8,71.3,----,----,3356.0034 S,15113.4610 E,9,1,T,S,V
2019-03-09 05:14:39,23.7,2282,0.14,21.8,71.3,----,----,3356.0015 S,15113.4602 E,9,1,T,S,V
2019-03-09 05:14:44,24.9,2308,0.14,21.8,71.2,----,----,3356.0007 S,15113.4590 E,8,1,T,S,V
2019-03-09 05:14:50,24.3,2296,0.08,21.8,71.2,----,----,3356.0010 S,15113.4596 E,9,1,T,S,V
2019-03-09 05:14:55,23.7,2288,0.12,21.7,71.2,----,----,3356.0022 S,15113.4611 E,9,1,T,S,V
2019-03-09 05:15:00,28.3,2366,0.15,21.7,71.2,----,----,3356.0013 S,15113.4624 E,9,1,T,S,V
2019-03-09 05:15:05,26.0,2320,0.14,21.7,71.1,----,----,3356.0013 S,15113.4629 E,9,1,T,S,V
2019-03-09 05:15:27,24.9,2304,0.16,21.7,71.1,----,----,3356.0026 S,15113.4653 E,9,1,T,S,V
2019-03-09 05:15:33,22.6,2261,0.12,21.7,71.1,----,----,3356.0043 S,15113.4649 E,9,1,T,S,V
2019-03-09 05:15:38,23.2,2278,0.15,21.7,71.1,----,----,3356.0064 S,15113.4658 E,9,1,T,S,V
2019-03-09 05:15:50,23.2,2276,0.13,21.7,71.0,----,----,3356.0079 S,15113.4643 E,9,1,T,S,V
2019-03-09 05:15:55,22.0,2258,0.16,21.6,71.0,----,----,3356.0091 S,15113.4634 E,9,1,T,S,V
2019-03-09 05:16:24,19.7,2213,0.06,21.6,70.9,----,----,3356.0088 S,15113.4623 E,9,1,T,S,V
2019-03-09 05:16:28,20.3,2225,0.06,21.6,70.9,----,----,3356.0085 S,15113.4616 E,9,1,T,S,V
2019-03-09 05:16:34,23.2,2279,0.00,21.6,70.9,----,----,3356.0098 S,15113.4606 E,9,1,T,S,V
2019-03-09 05:16:39,26.0,2320,0.18,21.6,70.9,----,----,3356.0115 S,15113.4596 E,9,1,T,S,V
2019-03-09 05:29:17,22.6,2261,0.18,21.5,70.8,----,----,0000.0000 N,00000.0000 W,0,0,T,S,V
2019-03-09 05:29:38,21.5,2240,0.14,21.5,70.7,----,----,3355.9757 S,15113.4767 E,4,1,T,S,V
2019-03-09 05:29:43,22.6,2269,0.09,21.5,70.7,----,----,3355.9772 S,15113.4746 E,4,1,T,S,V
2019-03-09 05:29:49,19.2,2206,0.04,21.5,70.7,----,----,3355.9789 S,15113.4750 E,4,1,T,S,V
2019-03-09 05:29:56,24.3,2299,0.09,21.5,70.7,----,----,3355.9793 S,15113.4751 E,5,1,T,S,V
2019-03-09 05:30:03,37.4,2526,0.28,21.5,70.7,----,----,3355.9826 S,15113.4763 E,6,1,T,S,V
2019-03-09 05:30:09,42.0,2603,0.31,21.4,70.6,----,----,3355.9856 S,15113.4743 E,6,1,T,S,V
2019-03-09 05:30:16,46.0,2677,0.43,21.4,70.6,----,----,3355.9879 S,15113.4673 E,7,1,T,S,V
2019-03-09 05:30:22,32.9,2447,0.20,21.4,70.6,----,----,3355.9882 S,15113.4641 E,7,1,T,S,V
2019-03-09 05:30:28,26.0,2326,0.21,21.4,70.6,----,----,3355.9864 S,15113.4637 E,8,1,T,S,V
2019-03-09 05:30:33,23.2,2277,0.07,21.4,70.6,----,----,3355.9862 S,15113.4622 E,8,1,T,S,V
2019-03-09 05:31:34,32.3,2430,0.17,21.4,70.5,----,----,3355.9843 S,15113.4662 E,11,1,T,S,V
2019-03-09 05:53:48,29.4,2382,0.20,21.4,70.5,----,----,0000.0000 N,00000.0000 W,0,0,T,S,V
2019-03-09 05:53:53,28.3,2362,0.11,21.4,70.5,----,----,0000.0000 N,00000.0000 W,0,0,T,S,V
2019-03-09 05:53:59,24.9,2304,0.16,21.3,70.5,----,----,0000.0000 N,00000.0000 W,0,0,T,S,V
2019-03-09 05:54:03,25.4,2317,0.14,21.3,70.5,----,----,0000.0000 N,00000.0000 W,0,0,T,S,V
2019-03-09 05:54:08,20.9,2238,0.00,21.3,70.4,----,----,0000.0000 N,00000.0000 W,0,0,T,S,V
2019-03-09 05:54:13,22.6,2266,0.11,21.3,70.4,----,----,0000.0000 N,00000.0000 W,0,0,T,S,V
2019-03-09 05:54:18,20.3,2221,0.09,21.3,70.4,----,----,0000.0000 N,00000.0000 W,0,0,T,S,V
2019-03-09 05:54:23,24.9,2309,0.08,21.3,70.4,----,----,0000.0000 N,00000.0000 W,0,0,T,S,V
2019-03-09 05:54:43,24.3,2296,0.15,21.3,70.3,----,----,0000.0000 N,00000.0000 W,0,0,T,S,V
2019-03-09 05:54:48,21.5,2246,0.17,21.2,70.3,----,----,0000.0000 N,00000.0000 W,0,0,T,S,V
2019-03-09 05:54:53,23.7,2287,0.21,21.2,70.3,----,----,0000.0000 N,00000.0000 W,0,0,T,S,V
2019-03-09 05:55:02,24.3,2298,0.11,21.2,70.2,----,----,0000.0000 N,00000.0000 W,0,0,T,S,V
2019-03-09 05:55:07,27.7,2357,0.18,21.2,70.2,----,----,0000.0000 N,00000.0000 W,0,0,T,S,V
2019-03-09 05:55:11,27.2,2349,0.19,21.2,70.2,----,----,0000.0000 N,00000.0000 W,0,0,T,S,V
2019-03-09 05:55:17,19.7,2217,0.09,21.2,70.2,----,----,0000.0000 N,00000.0000 W,0,0,T,S,V
2019-03-09 05:55:21,21.5,2247,0.09,21.2,70.1,----,----,0000.0000 N,00000.0000 W,0,0,T,S,V
2019-03-09 05:55:26,26.0,2328,0.16,21.2,70.1,----,----,0000.0000 N,00000.0000 W,0,0,T,S,V
2019-03-09 05:55:31,28.9,2377,0.17,21.2,70.1,----,----,0000.0000 N,00000.0000 W,0,0,T,S,V
2019-03-09 05:55:36,33.4,2452,0.25,21.1,70.1,----,----,3356.1571 S,15113.3332 E,4,1,T,S,V
2019-03-09 05:55:41,27.2,2340,0.16,21.1,70.1,----,----,3356.1558 S,15113.3319 E,4,1,T,S,V
2019-03-09 05:55:46,37.4,2528,0.27,21.1,70.1,----,----,3356.1570 S,15113.3254 E,3,1,T,S,V
2019-03-09 05:55:51,30.0,2397,0.19,21.1,70.1,----,----,3356.1596 S,15113.3235 E,4,1,T,S,V
2019-03-09 05:55:56,27.2,2346,0.18,21.1,70.1,----,----,3356.1610 S,15113.3226 E,4,1,T,S,V
2019-03-09 05:56:01,30.0,2397,0.23,21.1,70.0,----,----,3356.1590 S,15113.3217 E,4,1,T,S,V
2019-03-09 05:56:06,31.1,2410,0.12,21.1,70.0,----,----,3356.1583 S,15113.3217 E,4,1,T,S,V
2019-03-09 05:56:11,35.1,2481,0.28,21.1,70.0,----,----,3356.1586 S,15113.3222 E,4,1,T,S,V
2019-03-09 05:56:17,27.7,2355,0.13,21.1,70.0,----,----,3356.1602 S,15113.3226 E,4,1,T,S,V
2019-03-09 05:56:22,24.3,2297,0.13,21.1,69.9,----,----,3356.1606 S,15113.3232 E,5,1,T,S,V
2019-03-09 06:12:42,35.1,2489,0.22,20.5,69.0,----,----,0000.0000 N,00000.0000 W,0,0,T,S,V
2019-03-09 06:12:50,28.9,2370,0.20,20.5,69.0,----,----,0000.0000 N,00000.0000 W,0,0,T,S,V
2019-03-09 06:12:58,31.7,2428,0.25,20.5,69.0,----,----,0000.0000 N,00000.0000 W,0,0,T,S,V
2019-03-09 06:13:03,34.0,2463,0.24,20.5,69.0,----,----,0000.0000 N,00000.0000 W,0,0,T,S,V
2019-03-09 06:13:09,27.7,2355,0.20,20.5,69.0,----,----,0000.0000 N,00000.0000 W,0,0,T,S,V
2019-03-09 06:13:15,25.4,2319,0.14,20.5,68.9,----,----,0000.0000 N,00000.0000 W,0,0,T,S,V
2019-03-09 06:13:19,22.6,2268,0.16,20.5,69.0,----,----,0000.0000 N,00000.0000 W,0,0,T,S,V
2019-03-09 06:13:23,23.7,2286,0.17,20.5,68.9,----,----,0000.0000 N,00000.0000 W,0,0,T,S,V
2019-03-09 06:13:28,28.9,2375,0.21,20.5,69.0,----,----,0000.0000 N,00000.0000 W,0,0,T,S,V
2019-03-09 06:13:33,34.6,2473,0.15,20.5,69.0,----,----,0000.0000 N,00000.0000 W,0,0,T,S,V
2019-03-09 06:13:39,29.4,2385,0.15,20.5,68.9,----,----,0000.0000 N,00000.0000 W,0,0,T,S,V
2019-03-09 06:13:44,23.2,2279,0.14,20.5,68.9,----,----,0000.0000 N,00000.0000 W,0,0,T,S,V
2019-03-09 06:13:49,27.7,2359,0.18,20.5,68.9,----,----,0000.0000 N,00000.0000 W,0,0,T,S,V
2019-03-09 06:13:55,22.6,2264,0.16,20.5,68.9,----,----,0000.0000 N,00000.0000 W,0,0,T,S,V
2019-03-09 06:14:00,23.7,2285,0.07,20.5,68.9,----,----,0000.0000 N,00000.0000 W,0,0,T,S,V
2019-03-09 06:14:05,20.3,2226,0.11,20.5,68.9,----,----,0000.0000 N,00000.0000 W,0,0,T,S,V
2019-03-09 06:14:10,24.9,2306,0.19,20.5,68.9,----,----,0000.0000 N,00000.0000 W,0,0,T,S,V
2019-03-09 06:14:15,25.4,2311,0.09,20.5,68.9,----,----,0000.0000 N,00000.0000 W,0,0,T,S,V
2019-03-09 06:14:20,34.6,2479,0.17,20.5,68.9,----,----,3356.2182 S,15113.2564 E,3,1,T,S,V
2019-03-09 06:14:26,30.6,2408,0.16,20.5,68.9,----,----,3356.2146 S,15113.2557 E,3,1,T,S,V
2019-03-09 06:14:32,30.6,2403,0.19,20.5,68.9,----,----,3356.2233 S,15113.2149 E,4,1,T,S,V
2019-03-09 06:14:37,28.9,2378,0.21,20.5,68.9,----,----,3356.2217 S,15113.2155 E,4,1,T,S,V
2019-03-09 06:14:42,30.6,2400,0.17,20.5,68.9,----,----,3356.2215 S,15113.2164 E,4,1,T,S,V
2019-03-09 06:14:48,34.6,2479,0.25,20.5,68.9,----,----,3356.2209 S,15113.2165 E,4,1,T,S,V
2019-03-09 06:14:53,32.9,2448,0.17,20.5,68.9,----,----,3356.2188 S,15113.2166 E,4,1,T,S,V
2019-03-09 06:14:59,31.1,2414,0.21,20.5,68.9,----,----,3356.2194 S,15113.2186 E,4,1,T,S,V
2019-03-09 06:15:04,27.2,2343,0.15,20.5,68.9,----,----,3356.2188 S,15113.2186 E,5,1,T,S,V
2019-03-09 06:15:10,22.6,2262,0.13,20.5,68.9,----,----,3356.2193 S,15113.2191 E,5,1,T,S,V
2019-03-09 06:15:15,24.3,2297,0.16,20.5,68.9,----,----,3356.2192 S,15113.2209 E,5,1,T,S,V
2019-03-09 06:15:20,24.9,2306,0.17,20.5,68.9,----,----,3356.2186 S,15113.2215 E,5,1,T,S,V
2019-03-09 06:15:25,24.3,2295,0.13,20.5,68.9,----,----,3356.2177 S,15113.2207 E,6,1,T,S,V
2019-03-09 06:15:31,28.9,2379,0.17,20.5,68.9,----,----,3356.2169 S,15113.2217 E,6,1,T,S,V
2019-03-09 06:15:37,32.3,2435,0.21,20.5,68.9,----,----,3356.2160 S,15113.2215 E,6,1,T,S,V
2019-03-09 06:15:42,35.1,2484,0.03,20.5,68.9,----,----,3356.2167 S,15113.2222 E,6,1,T,S,V
2019-03-09 06:28:23,24.3,2296,0.14,20.5,68.9,----,----,0000.0000 N,00000.0000 W,0,0,T,S,V
2019-03-09 06:28:29,20.3,2221,0.00,20.5,68.9,----,----,0000.0000 N,00000.0000 W,0,0,T,S,V
2019-03-09 06:28:35,27.2,2344,0.13,20.4,68.8,----,----,0000.0000 N,00000.0000 W,0,0,T,S,V
2019-03-09 06:28:40,26.6,2337,0.24,20.5,68.9,----,----,0000.0000 N,00000.0000 W,0,0,T,S,V
2019-03-09 06:28:45,22.6,2261,0.15,20.4,68.8,----,----,0000.0000 N,00000.0000 W,0,0,T,S,V
2019-03-09 06:28:51,26.0,2322,0.27,20.5,68.9,----,----,0000.0000 N,00000.0000 W,0,0,T,S,V
2019-03-09 06:28:56,28.9,2377,0.18,20.5,68.9,----,----,0000.0000 N,00000.0000 W,0,0,T,S,V
2019-03-09 06:29:01,25.4,2317,0.21,20.5,68.9,----,----,0000.0000 N,00000.0000 W,0,0,T,S,V
2019-03-09 06:29:07,28.9,2378,0.19,20.5,68.9,----,----,0000.0000 N,00000.0000 W,0,0,T,S,V
2019-03-09 06:29:12,35.7,2491,0.30,20.5,68.9,----,----,0000.0000 N,00000.0000 W,0,0,T,S,V
2019-03-09 06:29:17,33.4,2455,0.25,20.4,68.8,----,----,0000.0000 N,00000.0000 W,0,0,T,S,V
2019-03-09 06:29:22,27.7,2357,0.17,20.4,68.8,----,----,0000.0000 N,00000.0000 W,0,0,T,S,V
2019-03-09 06:29:27,27.2,2343,0.19,20.4,68.8,----,----,0000.0000 N,00000.0000 W,0,0,T,S,V
2019-03-09 06:29:32,30.6,2402,0.19,20.4,68.8,----,----,0000.0000 N,00000.0000 W,0,0,T,S,V
2019-03-09 06:29:37,27.2,2340,0.19,20.4,68.8,----,----,0000.0000 N,00000.0000 W,0,0,T,S,V
2019-03-09 06:29:43,27.7,2359,0.11,20.4,68.8,----,----,0000.0000 N,00000.0000 W,0,0,T,S,V
2019-03-09 06:29:48,27.2,2340,0.17,20.4,68.8,----,----,0000.0000 N,00000.0000 W,0,0,T,S,V
2019-03-09 06:29:53,21.5,2247,0.14,20.4,68.8,----,----,0000.0000 N,00000.0000 W,0,0,T,S,V
2019-03-09 06:29:59,20.9,2233,0.13,20.4,68.8,----,----,0000.0000 N,00000.0000 W,0,0,T,S,V
2019-03-09 06:30:04,25.4,2310,0.15,20.4,68.8,----,----,0000.0000 N,00000.0000 W,0,0,T,S,V
2019-03-09 06:30:09,22.6,2264,0.12,20.4,68.8,----,----,0000.0000 N,00000.0000 W,0,0,T,S,V
2019-03-09 06:30:13,23.2,2279,0.10,20.4,68.8,----,----,0000.0000 N,00000.0000 W,0,0,T,S,V
2019-03-09 06:30:19,28.9,2374,0.24,20.4,68.8,----,----,0000.0000 N,00000.0000 W,0,0,T,S,V
2019-03-09 06:30:24,24.9,2303,0.09,20.4,68.8,----,----,0000.0000 N,00000.0000 W,0,0,T,S,V
2019-03-09 06:30:30,21.5,2240,0.13,20.4,68.8,----,----,0000.0000 N,00000.0000 W,0,0,T,S,V
2019-03-09 06:30:36,21.5,2244,0.20,20.4,68.8,----,----,3356.0427 S,15113.3157 E,5,1,T,S,V
2019-03-09 06:30:42,22.6,2268,0.07,20.4,68.8,----,----,3356.0401 S,15113.3210 E,6,1,T,S,V
2019-03-09 06:30:47,20.9,2237,0.09,20.4,68.8,----,----,3356.0415 S,15113.3211 E,6,1,T,S,V
2019-03-09 06:30:53,28.3,2366,0.27,20.4,68.8,----,----,3356.0419 S,15113.3207 E,7,1,T,S,V
2019-03-09 06:30:58,22.0,2253,0.18,20.4,68.8,----,----,3356.0408 S,15113.3199 E,7,1,T,S,V
2019-03-09 06:31:05,24.9,2308,0.14,20.4,68.8,----,----,3356.0411 S,15113.3198 E,8,1,T,S,V
2019-03-09 06:31:12,28.9,2373,0.24,20.4,68.8,----,----,3356.0390 S,15113.3184 E,8,1,T,S,V
2019-03-09 06:31:17,22.0,2258,0.16,20.4,68.8,----,----,3356.0381 S,15113.3183 E,8,1,T,S,V
2019-03-09 06:31:23,25.4,2319,0.20,20.4,68.8,----,----,3356.0389 S,15113.3205 E,8,1,T,S,V
2019-03-09 06:31:28,26.0,2321,0.10,20.4,68.8,----,----,3356.0408 S,15113.3238 E,9,1,T,S,V
2019-03-09 06:31:34,26.6,2337,0.21,20.4,68.8,----,----,3356.0432 S,15113.3255 E,9,1,T,S,V
2019-03-09 06:31:39,25.4,2313,0.18,20.4,68.8,----,----,3356.0438 S,15113.3252 E,9,1,T,S,V
2019-03-09 06:31:44,35.1,2488,0.20,20.4,68.8,----,----,3356.0448 S,15113.3260 E,9,1,T,S,V
2019-03-09 06:31:51,38.6,2546,0.22,20.4,68.8,----,----,3356.0447 S,15113.3248 E,9,1,T,S,V
2019-03-09 06:31:56,35.7,2491,0.25,20.4,68.8,----,----,3356.0434 S,15113.3258 E,9,1,T,S,V
2019-03-09 06:32:02,31.1,2410,0.11,20.4,68.8,----,----,3356.0413 S,15113.3235 E,9,1,T,S,V
2019-03-09 06:32:08,35.1,2480,0.20,20.4,68.8,----,----,3356.0396 S,15113.3224 E,9,1,T,S,V
2019-03-09 06:40:39,28.3,2366,0.21,20.4,68.8,----,----,0000.0000 N,00000.0000 W,0,0,T,S,V
2019-03-09 06:40:45,32.3,2433,0.17,20.4,68.8,----,----,0000.0000 N,00000.0000 W,0,0,T,S,V
2019-03-09 06:40:50,34.0,2464,0.16,20.4,68.8,----,----,0000.0000 N,00000.0000 W,0,0,T,S,V
2019-03-09 06:40:55,26.6,2333,0.17,20.4,68.8,----,----,0000.0000 N,00000.0000 W,0,0,T,S,V
2019-03-09 06:41:00,25.4,2313,0.13,20.4,68.8,----,----,0000.0000 N,00000.0000 W,0,0,T,S,V
2019-03-09 06:41:05,29.4,2386,0.25,20.4,68.8,----,----,0000.0000 N,00000.0000 W,0,0,T,S,V
2019-03-09 06:41:11,24.9,2306,0.11,20.4,68.8,----,----,0000.0000 N,00000.0000 W,0,0,T,S,V
2019-03-09 06:41:16,30.6,2406,0.19,20.4,68.8,----,----,0000.0000 N,00000.0000 W,0,0,T,S,V
2019-03-09 06:41:21,28.3,2362,0.13,20.4,68.8,----,----,0000.0000 N,00000.0000 W,0,0,T,S,V
2019-03-09 06:41:27,24.9,2306,0.18,20.4,68.8,----,----,0000.0000 N,00000.0000 W,0,0,T,S,V
2019-03-09 06:41:32,26.6,2337,0.11,20.4,68.8,----,----,0000.0000 N,00000.0000 W,0,0,T,S,V
2019-03-09 06:41:37,28.3,2365,0.19,20.4,68.8,----,----,0000.0000 N,00000.0000 W,0,0,T,S,V
2019-03-09 06:41:42,28.3,2365,0.24,20.4,68.8,----,----,0000.0000 N,00000.0000 W,0,0,T,S,V
2019-03-09 06:41:47,26.0,2323,0.24,20.4,68.8,----,----,0000.0000 N,00000.0000 W,0,0,T,S,V
2019-03-09 06:41:52,28.9,2378,0.20,20.4,68.8,----,----,0000.0000 N,00000.0000 W,0,0,T,S,V
2019-03-09 06:41:58,28.9,2375,0.20,20.4,68.8,----,----,0000.0000 N,00000.0000 W,0,0,T,S,V
2019-03-09 06:42:04,26.0,2320,0.13,20.4,68.8,----,----,0000.0000 N,00000.0000 W,0,0,T,S,V
2019-03-09 06:42:09,27.7,2352,0.21,20.4,68.8,----,----,3355.9670 S,15113.4193 E,5,1,T,S,V
2019-03-09 06:42:14,24.9,2302,0.08,20.4,68.8,----,----,3355.9675 S,15113.4194 E,5,1,T,S,V
2019-03-09 06:42:19,28.3,2369,0.17,20.4,68.8,----,----,3355.9675 S,15113.4201 E,5,1,T,S,V
2019-03-09 06:42:24,28.9,2378,0.15,20.4,68.8,----,----,3355.9663 S,15113.4193 E,5,1,T,S,V
2019-03-09 06:42:28,31.1,2411,0.15,20.4,68.8,----,----,3355.9648 S,15113.4194 E,6,1,T,S,V
2019-03-09 06:42:33,30.6,2401,0.17,20.4,68.8,----,----,3355.9646 S,15113.4176 E,7,1,T,S,V
2019-03-09 06:42:38,24.3,2299,0.16,20.4,68.8,----,----,3355.9653 S,15113.4157 E,7,1,T,S,V
2019-03-09 06:42:44,32.3,2430,0.22,20.4,68.8,----,----,3355.9650 S,15113.4143 E,7,1,T,S,V
2019-03-09 06:42:49,21.5,2246,0.11,20.4,68.8,----,----,3355.9649 S,15113.4134 E,7,1,T,S,V
2019-03-09 06:42:53,21.5,2249,0.16,20.4,68.8,----,----,3355.9646 S,15113.4136 E,7,1,T,S,V
2019-03-09 06:42:58,23.7,2289,0.13,20.4,68.8,----,----,3355.9657 S,15113.4125 E,7,1,T,S,V
2019-03-09 06:43:03,26.6,2336,0.07,20.4,68.8,----,----,3355.9651 S,15113.4134 E,6,1,T,S,V
2019-03-09 06:43:08,26.0,2327,0.11,20.4,68.8,----,----,3355.9678 S,15113.4140 E,7,1,T,S,V
2019-03-09 06:43:13,26.0,2327,0.09,20.4,68.8,----,----,3355.9682 S,15113.4167 E,7,1,T,S,V
2019-03-09 06:43:18,20.3,2225,0.00,20.4,68.8,----,----,3355.9686 S,15113.4179 E,7,1,T,S,V
2019-03-09 06:43:23,22.0,2258,0.09,20.4,68.8,----,----,3355.9688 S,15113.4189 E,7,1,T,S,V
2019-03-09 06:43:27,20.9,2235,0.08,20.4,68.8,----,----,3355.9694 S,15113.4188 E,7,1,T,S,V
2019-03-09 06:43:32,23.2,2272,0.14,20.4,68.8,----,----,3355.9702 S,15113.4152 E,7,1,T,S,V
2019-03-09 06:43:38,26.0,2325,0.15,20.4,68.8,----,----,3355.9709 S,15113.4134 E,7,1,T,S,V
2019-03-09 06:43:43,25.4,2313,0.16,20.4,68.8,----,----,3355.9706 S,15113.4127 E,7,1,T,S,V
2019-03-09 06:43:48,30.6,2404,0.17,20.4,68.8,----,----,3355.9699 S,15113.4120 E,7,1,T,S,V
2019-03-09 06:43:53,24.9,2302,0.15,20.4,68.8,----,----,3355.9709 S,15113.4098 E,7,1,T,S,V
2019-03-09 06:43:58,29.4,2384,0.12,20.4,68.8,----,----,3355.9706 S,15113.4084 E,7,1,T,S,V
2019-03-09 06:44:04,34.6,2479,0.17,20.4,68.8,----,----,3355.9707 S,15113.4083 E,7,1,T,S,V
2019-03-09 06:44:09,32.3,2439,0.25,20.4,68.8,----,----,3355.9724 S,15113.4074 E,7,1,T,S,V
2019-03-09 06:44:14,26.0,2323,0.11,20.4,68.8,----,----,3355.9749 S,15113.4091 E,7,1,T,S,V
2019-03-09 06:44:19,26.6,2336,0.19,20.4,68.8,----,----,3355.9749 S,15113.4103 E,7,1,T,S,V
2019-03-09 06:44:25,27.7,2357,0.23,20.4,68.8,----,----,3355.9750 S,15113.4120 E,7,1,T,S,V
2019-03-09 06:44:30,32.3,2430,0.26,20.4,68.8,----,----,3355.9770 S,15113.4110 E,7,1,T,S,V
2019-03-09 06:44:38,24.9,2303,0.18,20.4,68.8,----,----,3355.9758 S,15113.4099 E,7,1,T,S,V
2019-03-09 06:44:47,27.7,2351,0.19,20.4,68.8,----,----,3355.9756 S,15113.4077 E,7,1,T,S,V
2019-03-09 06:44:53,24.3,2293,0.19,20.4,68.8,----,----,3355.9757 S,15113.4065 E,7,1,T,S,V
2019-03-09 06:44:58,28.3,2369,0.20,20.4,68.8,----,----,3355.9771 S,15113.4072 E,8,1,T,S,V
2019-03-09 06:58:34,33.4,2452,0.21,20.2,68.4,----,----,0000.0000 N,00000.0000 W,0,0,T,S,V
2019-03-09 06:58:39,27.7,2352,0.15,20.2,68.4,----,----,0000.0000 N,00000.0000 W,0,0,T,S,V
2019-03-09 06:58:45,28.3,2362,0.15,20.2,68.4,----,----,0000.0000 N,00000.0000 W,0,0,T,S,V
2019-03-09 06:58:49,22.0,2257,0.15,20.2,68.4,----,----,0000.0000 N,00000.0000 W,0,0,T,S,V
2019-03-09 06:58:54,23.7,2285,0.09,20.2,68.4,----,----,0000.0000 N,00000.0000 W,0,0,T,S,V
2019-03-09 06:58:58,28.3,2360,0.20,20.2,68.4,----,----,0000.0000 N,00000.0000 W,0,0,T,S,V
2019-03-09 06:59:03,28.3,2369,0.15,20.2,68.4,----,----,0000.0000 N,00000.0000 W,0,0,T,S,V
2019-03-09 06:59:08,20.3,2228,0.16,20.2,68.4,----,----,0000.0000 N,00000.0000 W,0,0,T,S,V
2019-03-09 06:59:13,30.6,2400,0.25,20.2,68.4,----,----,0000.0000 N,00000.0000 W,0,0,T,S,V
2019-03-09 06:59:18,27.7,2355,0.21,20.2,68.4,----,----,0000.0000 N,00000.0000 W,0,0,T,S,V
2019-03-09 06:59:23,32.3,2431,0.24,20.2,68.4,----,----,0000.0000 N,00000.0000 W,0,0,T,S,V
2019-03-09 06:59:28,29.4,2381,0.12,20.2,68.4,----,----,0000.0000 N,00000.0000 W,0,0,T,S,V
2019-03-09 06:59:33,30.0,2395,0.19,20.2,68.4,----,----,0000.0000 N,00000.0000 W,0,0,T,S,V
2019-03-09 06:59:39,21.5,2244,0.07,20.2,68.4,----,----,0000.0000 N,00000.0000 W,0,0,T,S,V
2019-03-09 06:59:43,24.9,2304,0.10,20.2,68.4,----,----,0000.0000 N,00000.0000 W,0,0,T,S,V
2019-03-09 06:59:47,24.3,2290,0.12,20.2,68.4,----,----,0000.0000 N,00000.0000 W,0,0,T,S,V
2019-03-09 06:59:52,23.2,2274,0.11,20.2,68.4,----,----,0000.0000 N,00000.0000 W,0,0,T,S,V
2019-03-09 06:59:57,23.7,2287,0.10,20.2,68.4,----,----,0000.0000 N,00000.0000 W,0,0,T,S,V
2019-03-09 07:00:02,23.2,2274,0.12,20.2,68.4,----,----,0000.0000 N,00000.0000 W,0,0,T,S,V
2019-03-09 07:00:07,22.6,2263,0.07,20.2,68.4,----,----,0000.0000 N,00000.0000 W,0,0,T,S,V
2019-03-09 07:00:13,23.7,2284,0.17,20.2,68.4,----,----,0000.0000 N,00000.0000 W,0,0,T,S,V
2019-03-09 07:00:19,19.7,2218,0.07,20.2,68.4,----,----,0000.0000 N,00000.0000 W,0,0,T,S,V
2019-03-09 07:00:22,18.6,2198,0.11,20.2,68.4,----,----,0000.0000 N,00000.0000 W,0,0,T,S,V
2019-03-09 07:00:25,20.3,2228,0.21,20.2,68.4,----,----,0000.0000 N,00000.0000 W,0,0,T,S,V
2019-03-09 07:00:30,21.5,2240,0.12,20.2,68.4,----,----,0000.0000 N,00000.0000 W,0,0,T,S,V
2019-03-09 07:00:34,19.7,2214,0.04,20.2,68.4,----,----,0000.0000 N,00000.0000 W,0,0,T,S,V
2019-03-09 07:00:38,19.7,2216,0.03,20.2,68.4,----,----,0000.0000 N,00000.0000 W,0,0,T,S,V
2019-03-09 07:00:42,23.7,2287,0.19,20.2,68.4,----,----,0000.0000 N,00000.0000 W,0,0,T,S,V
2019-03-09 07:00:58,27.7,2355,0.23,20.2,68.4,----,----,3355.9551 S,15113.3874 E,4,1,T,S,V
2019-03-09 07:01:03,23.7,2286,0.18,20.2,68.4,----,----,3355.9570 S,15113.3865 E,4,1,T,S,V
2019-03-09 07:01:08,26.6,2334,0.04,20.2,68.4,----,----,3355.9624 S,15113.3846 E,4,1,T,S,V
2019-03-09 07:01:12,36.8,2515,0.30,20.2,68.4,----,----,3355.9629 S,15113.3832 E,4,1,T,S,V
2019-03-09 07:01:17,26.6,2334,0.08,20.2,68.4,----,----,3355.9645 S,15113.3823 E,4,1,T,S,V
2019-03-09 07:01:22,26.6,2331,0.22,20.2,68.4,----,----,3355.9630 S,15113.3828 E,4,1,T,S,V
2019-03-09 07:01:27,28.9,2376,0.16,20.2,68.4,----,----,3355.9639 S,15113.3846 E,4,1,T,S,V
2019-03-09 07:01:32,27.7,2352,0.30,20.2,68.4,----,----,3355.9614 S,15113.3861 E,4,1,T,S,V
2019-03-09 07:01:38,25.4,2314,0.19,20.2,68.4,----,----,3355.9617 S,15113.3878 E,3,1,T,S,V
2019-03-09 07:01:43,25.4,2311,0.17,20.2,68.4,----,----,3355.9602 S,15113.3886 E,4,1,T,S,V
2019-03-09 07:01:48,26.0,2327,0.19,20.2,68.4,----,----,3355.9590 S,15113.3907 E,4,1,T,S,V
2019-03-09 07:01:53,23.2,2276,0.03,20.2,68.4,----,----,3355.9628 S,15113.3927 E,5,1,T,S,V
2019-03-09 07:01:58,24.3,2294,0.15,20.2,68.4,----,----,3355.9614 S,15113.3915 E,6,1,T,S,V
2019-03-09 07:02:03,27.7,2354,0.18,20.2,68.4,----,----,3355.9612 S,15113.3910 E,7,1,T,S,V
2019-03-09 07:02:08,25.4,2311,0.14,20.2,68.4,----,----,3355.9610 S,15113.3913 E,7,1,T,S,V
2019-03-09 07:02:12,23.7,2284,0.10,20.2,68.4,----,----,3355.9600 S,15113.3911 E,7,1,T,S,V
2019-03-09 07:02:17,35.1,2486,0.25,20.2,68.4,----,----,3355.9585 S,15113.3912 E,7,1,T,S,V
2019-03-09 07:02:22,18.0,2189,0.18,20.2,68.4,----,----,3355.9573 S,15113.3913 E,8,1,T,S,V
2019-03-09 07:02:26,18.6,2199,0.10,20.2,68.4,----,----,3355.9564 S,15113.3914 E,8,1,T,S,V
2019-03-09 07:02:29,17.5,2175,0.04,20.2,68.4,----,----,3355.9563 S,15113.3910 E,8,1,T,S,V
2019-03-09 07:02:45,20.3,2223,0.03,20.2,68.5,----,----,3355.9552 S,15113.3907 E,8,1,T,S,V
2019-03-09 07:02:49,25.4,2311,0.21,20.2,68.5,----,----,3355.9547 S,15113.3900 E,8,1,T,S,V
2019-03-09 07:02:54,21.5,2241,0.11,20.2,68.5,----,----,3355.9532 S,15113.3895 E,8,1,T,S,V
2019-03-09 07:02:58,25.4,2314,0.16,20.2,68.5,----,----,3355.9523 S,15113.3899 E,8,1,T,S,V
2019-03-09 07:03:04,27.2,2343,0.16,20.2,68.5,----,----,3355.9521 S,15113.3922 E,8,1,T,S,V
2019-03-09 07:03:08,22.6,2262,0.11,20.2,68.5,----,----,3355.9528 S,15113.3930 E,8,1,T,S,V
2019-03-09 07:03:12,25.4,2313,0.15,20.2,68.5,----,----,3355.9538 S,15113.3934 E,8,1,T,S,V
2019-03-09 07:03:16,19.2,2207,0.13,20.2,68.5,----,----,3355.9552 S,15113.3931 E,8,1,T,S,V
2019-03-09 07:03:19,21.5,2247,0.13,20.2,68.5,----,----,3355.9556 S,15113.3934 E,8,1,T,S,V
2019-03-09 07:03:25,23.7,2285,0.20,20.2,68.5,----,----,3355.9552 S,15113.3951 E,8,1,T,S,V
2019-03-09 07:03:30,29.4,2389,0.09,20.2,68.5,----,----,3355.9544 S,15113.3963 E,8,1,T,S,V
2019-03-09 07:03:35,31.1,2410,0.23,20.2,68.5,----,----,3355.9531 S,15113.3976 E,8,1,T,S,V
2019-03-09 07:03:40,28.9,2373,0.21,20.2,68.5,----,----,3355.9519 S,15113.3979 E,8,1,T,S,V
2019-03-09 07:03:45,27.2,2340,0.17,20.3,68.5,----,----,3355.9500 S,15113.3985 E,8,1,T,S,V
2019-03-09 07:03:50,26.6,2335,0.25,20.3,68.5,----,----,3355.9489 S,15113.3974 E,8,1,T,S,V
2019-03-09 07:03:55,23.7,2288,0.05,20.3,68.5,----,----,3355.9477 S,15113.3962 E,8,1,T,S,V
2019-03-09 07:04:00,27.7,2353,0.22,20.3,68.5,----,----,3355.9474 S,15113.3945 E,8,1,T,S,V
2019-03-09 07:04:06,23.2,2274,0.15,20.3,68.5,----,----,3355.9479 S,15113.3937 E,8,1,T,S,V
2019-03-09 07:04:11,23.7,2281,0.20,20.3,68.5,----,----,3355.9485 S,15113.3926 E,8,1,T,S,V
2019-03-09 07:04:16,22.0,2256,0.19,20.3,68.5,----,----,3355.9493 S,15113.3910 E,8,1,T,S,V
2019-03-09 07:04:20,24.3,2294,0.17,20.3,68.5,----,----,3355.9496 S,15113.3894 E,8,1,T,S,V
2019-03-09 07:04:25,24.9,2308,0.12,20.3,68.5,----,----,3355.9483 S,15113.3884 E,8,1,T,S,V
2019-03-09 07:04:31,25.4,2316,0.13,20.3,68.5,----,----,3355.9462 S,15113.3883 E,8,1,T,S,V
2019-03-09 07:04:36,32.3,2433,0.25,20.3,68.5,----,----,3355.9446 S,15113.3892 E,8,1,T,S,V
2019-03-09 07:04:41,25.4,2316,0.13,20.3,68.5,----,----,3355.9437 S,15113.3878 E,8,1,T,S,V
2019-03-09 07:20:54,30.0,2399,0.24,20.4,68.7,----,----,0000.0000 N,00000.0000 W,0,0,T,S,V
2019-03-09 07:21:00,39.1,2555,0.18,20.4,68.7,----,----,0000.0000 N,00000.0000 W,0,0,T,S,V
2019-03-09 07:21:05,38.0,2533,0.19,20.4,68.7,----,----,0000.0000 N,00000.0000 W,0,0,T,S,V
2019-03-09 07:21:09,44.8,2653,0.30,20.4,68.7,----,----,0000.0000 N,00000.0000 W,0,0,T,S,V
2019-03-09 07:21:48,32.3,2433,0.12,20.4,68.8,----,----,0000.0000 N,00000.0000 W,0,0,T,S,V
2019-03-09 07:21:53,37.4,2524,0.23,20.4,68.8,----,----,0000.0000 N,00000.0000 W,0,0,T,S,V
2019-03-09 07:21:59,24.3,2299,0.09,20.4,68.8,----,----,0000.0000 N,00000.0000 W,0,0,T,S,V
2019-03-09 07:22:04,20.3,2222,0.00,20.4,68.8,----,----,0000.0000 N,00000.0000 W,0,0,T,S,V
2019-03-09 07:22:09,17.5,2172,0.08,20.4,68.8,----,----,0000.0000 N,00000.0000 W,0,0,T,S,V
2019-03-09 07:22:13,19.2,2206,0.08,20.4,68.8,----,----,0000.0000 N,00000.0000 W,0,0,T,S,V
2019-03-09 07:22:52,30.6,2409,0.19,20.4,68.8,----,----,3356.1391 S,15113.2122 E,5,1,T,S,V
2019-03-09 07:22:58,25.4,2319,0.05,20.4,68.8,----,----,3356.1398 S,15113.2116 E,5,1,T,S,V
2019-03-09 07:23:05,25.4,2316,0.12,20.4,68.8,----,----,3356.1411 S,15113.2130 E,4,1,T,S,V
2019-03-09 07:23:18,27.2,2349,0.16,20.4,68.8,----,----,3356.1410 S,15113.2140 E,4,1,T,S,V
2019-03-09 07:23:24,23.2,2270,0.12,20.5,68.9,----,----,3356.1405 S,15113.2170 E,6,1,T,S,V
2019-03-09 07:23:33,22.0,2252,0.09,20.5,68.9,----,----,3356.1425 S,15113.2196 E,6,1,T,S,V
2019-03-09 07:23:42,15.2,2136,0.03,20.5,68.9,----,----,3356.1446 S,15113.2192 E,6,1,T,S,V
2019-03-09 07:23:55,26.6,2338,0.25,20.5,68.9,----,----,3356.1447 S,15113.2220 E,6,1,T,S,V
2019-03-09 07:24:00,20.3,2220,0.10,20.5,68.9,----,----,3356.1457 S,15113.2235 E,6,1,T,S,V
2019-03-09 07:24:05,26.0,2320,0.14,20.5,68.9,----,----,3356.1453 S,15113.2244 E,7,1,T,S,V
2019-03-09 07:24:14,20.3,2223,0.06,20.5,68.9,----,----,3356.1455 S,15113.2265 E,7,1,T,S,V
2019-03-09 07:24:19,24.9,2303,0.16,20.5,68.9,----,----,3356.1450 S,15113.2278 E,7,1,T,S,V
2019-03-09 07:24:25,23.7,2287,0.15,20.5,69.0,----,----,3356.1428 S,15113.2276 E,7,1,T,S,V
2019-03-09 07:24:31,24.9,2305,0.10,20.5,69.0,----,----,3356.1403 S,15113.2261 E,8,1,T,S,V
2019-03-09 07:24:36,28.9,2375,0.07,20.5,69.0,----,----,3356.1392 S,15113.2272 E,7,1,T,S,V
2019-03-09 07:24:41,30.0,2395,0.20,20.5,69.0,----,----,3356.1397 S,15113.2294 E,7,1,T,S,V
2019-03-09 07:24:47,35.7,2491,0.15,20.5,69.0,----,----,3356.1391 S,15113.2295 E,7,1,T,S,V
2019-03-09 07:24:53,24.9,2308,0.16,20.5,69.0,----,----,3356.1391 S,15113.2273 E,7,1,T,S,V
2019-03-09 07:24:58,28.3,2365,0.18,20.6,69.0,----,----,3356.1372 S,15113.2266 E,7,1,T,S,V
2019-03-09 07:25:04,25.4,2316,0.23,20.6,69.0,----,----,3356.1373 S,15113.2253 E,7,1,T,S,V
2019-03-09 07:25:09,28.9,2373,0.21,20.6,69.0,----,----,3356.1362 S,15113.2265 E,7,1,T,S,V
2019-03-09 07:25:14,23.2,2278,0.12,20.6,69.0,----,----,3356.1356 S,15113.2291 E,6,1,T,S,V
2019-03-09 07:25:19,23.2,2270,0.10,20.6,69.0,----,----,3356.1355 S,15113.2299 E,7,1,T,S,V
2019-03-09 07:25:24,29.4,2387,0.18,20.6,69.0,----,----,3356.1353 S,15113.2314 E,7,1,T,S,V
2019-03-09 07:25:29,39.1,2556,0.28,20.6,69.0,----,----,3356.1356 S,15113.2334 E,7,1,T,S,V
2019-03-09 07:25:34,38.6,2545,0.30,20.6,69.1,----,----,3356.1338 S,15113.2338 E,8,1,T,S,V
2019-03-09 07:25:40,38.6,2547,0.22,20.6,69.1,----,----,3356.1321 S,15113.2340 E,8,1,T,S,V
2019-03-09 07:25:45,37.7,2538,0.54,20.6,69.1,----,----,3356.1327 S,15113.2345 E,8,1,T,S,V
2019-03-09 07:25:49,36.3,2507,0.24,20.6,69.1,----,----,3356.1317 S,15113.2338 E,8,1,T,S,V
2019-03-09 07:25:54,28.3,2365,0.16,20.6,69.1,----,----,3356.1310 S,15113.2319 E,8,1,T,S,V
2019-03-09 07:25:59,27.7,2351,0.18,20.6,69.1,----,----,3356.1309 S,15113.2307 E,8,1,T,S,V
2019-03-09 07:26:05,26.6,2331,0.11,20.6,69.1,----,----,3356.1326 S,15113.2307 E,8,1,T,S,V
2019-03-09 07:26:13,25.4,2319,0.16,20.6,69.1,----,----,3356.1336 S,15113.2294 E,8,1,T,S,V
2019-03-09 07:26:19,22.0,2255,0.08,20.6,69.1,----,----,3356.1354 S,15113.2278 E,8,1,T,S,V
2019-03-09 07:26:24,22.6,2263,0.08,20.6,69.1,----,----,3356.1356 S,15113.2264 E,8,1,T,S,V
2019-03-09 07:26:29,22.6,2262,0.04,20.6,69.1,----,----,3356.1354 S,15113.2240 E,8,1,T,S,V
2019-03-09 07:26:34,35.1,2481,0.24,20.6,69.1,----,----,3356.1347 S,15113.2236 E,8,1,T,S,V
2019-03-09 07:38:02,27.7,2351,0.27,20.8,69.5,----,----,0000.0000 N,00000.0000 W,0,0,T,S,V
2019-03-09 07:38:07,26.0,2325,0.20,20.8,69.5,----,----,0000.0000 N,00000.0000 W,0,0,T,S,V
2019-03-09 07:38:15,28.3,2365,0.23,20.8,69.5,----,----,0000.0000 N,00000.0000 W,0,0,T,S,V
2019-03-09 07:38:20,20.3,2224,0.14,20.8,69.5,----,----,0000.0000 N,00000.0000 W,0,0,T,S,V
2019-03-09 07:38:24,23.7,2287,0.20,20.8,69.5,----,----,0000.0000 N,00000.0000 W,0,0,T,S,V
2019-03-09 07:38:28,19.2,2207,0.13,20.8,69.5,----,----,0000.0000 N,00000.0000 W,0,0,T,S,V
2019-03-09 07:38:32,20.3,2228,0.13,20.8,69.5,----,----,0000.0000 N,00000.0000 W,0,0,T,S,V
2019-03-09 07:38:36,19.2,2209,0.09,20.8,69.5,----,----,0000.0000 N,00000.0000 W,0,0,T,S,V
2019-03-09 07:38:42,17.5,2175,0.11,20.8,69.5,----,----,0000.0000 N,00000.0000 W,0,0,T,S,V
2019-03-09 07:38:46,18.0,2181,0.09,20.8,69.5,----,----,0000.0000 N,00000.0000 W,0,0,T,S,V
2019-03-09 07:38:51,20.9,2233,0.14,20.8,69.5,----,----,0000.0000 N,00000.0000 W,0,0,T,S,V
2019-03-09 07:38:56,20.3,2222,0.08,20.8,69.5,----,----,0000.0000 N,00000.0000 W,0,0,T,S,V
2019-03-09 07:39:01,20.3,2225,0.09,20.8,69.5,----,----,0000.0000 N,00000.0000 W,0,0,T,S,V
2019-03-09 07:39:06,18.6,2198,0.06,20.8,69.5,----,----,0000.0000 N,00000.0000 W,0,0,T,S,V
2019-03-09 07:39:10,21.5,2240,0.08,20.8,69.5,----,----,0000.0000 N,00000.0000 W,0,0,T,S,V
2019-03-09 07:39:15,16.9,2166,0.05,20.8,69.5,----,----,0000.0000 N,00000.0000 W,0,0,T,S,V
2019-03-09 07:39:18,18.0,2183,0.03,20.8,69.5,----,----,0000.0000 N,00000.0000 W,0,0,T,S,V
2019-03-09 07:39:23,22.0,2253,0.07,20.8,69.5,----,----,0000.0000 N,00000.0000 W,0,0,T,S,V
2019-03-09 07:39:29,22.6,2263,0.11,20.8,69.5,----,----,0000.0000 N,00000.0000 W,0,0,T,S,V
2019-03-09 07:39:34,22.6,2266,0.18,20.8,69.5,----,----,0000.0000 N,00000.0000 W,0,0,T,S,V
2019-03-09 07:39:39,20.9,2233,0.10,20.8,69.5,----,----,0000.0000 N,00000.0000 W,0,0,T,S,V
2019-03-09 07:39:44,23.2,2278,0.14,20.8,69.5,----,----,0000.0000 N,00000.0000 W,0,0,T,S,V
2019-03-09 07:39:49,23.7,2280,0.17,20.8,69.5,----,----,0000.0000 N,00000.0000 W,0,0,T,S,V
2019-03-09 07:39:55,19.7,2216,0.12,20.8,69.5,----,----,3356.1828 S,15113.2094 E,4,1,T,S,V
2019-03-09 07:40:02,24.9,2302,0.17,20.8,69.5,----,----,3356.1844 S,15113.2071 E,4,1,T,S,V
2019-03-09 07:40:07,23.2,2279,0.17,20.8,69.5,----,----,3356.1863 S,15113.2060 E,4,1,T,S,V
2019-03-09 07:40:13,18.6,2197,0.05,20.8,69.5,----,----,3356.1882 S,15113.2086 E,5,1,T,S,V
2019-03-09 07:40:18,18.6,2196,0.03,20.8,69.5,----,----,3356.1906 S,15113.2103 E,5,1,T,S,V
2019-03-09 07:40:22,22.6,2268,0.12,20.8,69.5,----,----,3356.1912 S,15113.2113 E,5,1,T,S,V
2019-03-09 07:40:26,23.2,2273,0.21,20.8,69.5,----,----,3356.1907 S,15113.2116 E,7,1,T,S,V
2019-03-09 07:40:31,22.0,2256,0.15,20.8,69.5,----,----,3356.1913 S,15113.2135 E,7,1,T,S,V
2019-03-09 07:40:36,19.2,2208,0.12,20.8,69.5,----,----,3356.1909 S,15113.2156 E,7,1,T,S,V
2019-03-09 07:40:40,22.6,2262,0.06,20.8,69.5,----,----,3356.1907 S,15113.2158 E,7,1,T,S,V
2019-03-09 07:40:45,21.5,2240,0.12,20.8,69.5,----,----,3356.1902 S,15113.2174 E,7,1,T,S,V
2019-03-09 07:40:50,22.6,2269,0.19,20.8,69.5,----,----,3356.1892 S,15113.2178 E,8,1,T,S,V
2019-03-09 07:40:55,20.9,2231,0.13,20.8,69.5,----,----,3356.1882 S,15113.2169 E,8,1,T,S,V
2019-03-09 07:41:00,21.5,2241,0.14,20.8,69.5,----,----,3356.1866 S,15113.2163 E,8,1,T,S,V
2019-03-09 07:41:06,20.9,2230,0.17,20.8,69.5,----,----,3356.1856 S,15113.2173 E,8,1,T,S,V
2019-03-09 07:41:10,17.5,2179,0.12,20.8,69.5,----,----,3356.1861 S,15113.2177 E,8,1,T,S,V
2019-03-09 07:41:14,18.6,2198,0.12,20.8,69.5,----,----,3356.1856 S,15113.2184 E,8,1,T,S,V
2019-03-09 07:41:18,19.7,2215,0.15,20.8,69.5,----,----,3356.1849 S,15113.2179 E,8,1,T,S,V
2019-03-09 07:41:23,19.7,2213,0.12,20.8,69.5,----,----,3356.1829 S,15113.2173 E,8,1,T,S,V
2019-03-09 07:41:28,17.5,2175,0.08,20.8,69.5,----,----,3356.1813 S,15113.2171 E,8,1,T,S,V
2019-03-09 07:41:32,16.9,2169,0.11,20.8,69.5,----,----,3356.1805 S,15113.2169 E,8,1,T,S,V
2019-03-09 07:41:35,18.6,2194,0.08,20.8,69.5,----,----,3356.1803 S,15113.2163 E,8,1,T,S,V
2019-03-09 07:41:40,17.5,2174,0.06,20.8,69.5,----,----,3356.1813 S,15113.2152 E,8,1,T,S,V
2019-03-09 07:41:44,17.5,2174,0.12,20.8,69.5,----,----,3356.1821 S,15113.2151 E,8,1,T,S,V
2019-03-09 07:41:49,19.2,2204,0.12,20.8,69.5,----,----,3356.1837 S,15113.2142 E,8,1,T,S,V
2019-03-09 07:54:34,35.1,2481,0.22,20.9,69.7,----,----,0000.0000 N,00000.0000 W,0,0,T,S,V
2019-03-09 07:54:39,36.3,2505,0.19,20.9,69.6,----,----,0000.0000 N,00000.0000 W,0,0,T,S,V
2019-03-09 07:54:45,32.3,2438,0.16,20.9,69.7,----,----,0000.0000 N,00000.0000 W,0,0,T,S,V
2019-03-09 07:54:50,26.0,2327,0.21,20.9,69.7,----,----,0000.0000 N,00000.0000 W,0,0,T,S,V
2019-03-09 07:54:54,28.3,2362,0.09,20.9,69.7,----,----,0000.0000 N,00000.0000 W,0,0,T,S,V
2019-03-09 07:54:58,27.7,2359,0.24,20.9,69.7,----,----,0000.0000 N,00000.0000 W,0,0,T,S,V
2019-03-09 07:55:03,27.2,2349,0.19,20.9,69.7,----,----,0000.0000 N,00000.0000 W,0,0,T,S,V
2019-03-09 07:55:08,26.0,2321,0.16,20.9,69.7,----,----,0000.0000 N,00000.0000 W,0,0,T,S,V
2019-03-09 07:55:13,25.4,2313,0.11,20.9,69.7,----,----,0000.0000 N,00000.0000 W,0,0,T,S,V
2019-03-09 07:55:18,25.4,2313,0.20,20.9,69.7,----,----,0000.0000 N,00000.0000 W,0,0,T,S,V
2019-03-09 07:55:23,26.6,2330,0.11,20.9,69.7,----,----,0000.0000 N,00000.0000 W,0,0,T,S,V
2019-03-09 07:55:28,18.0,2184,0.03,20.9,69.7,----,----,0000.0000 N,00000.0000 W,0,0,T,S,V
2019-03-09 07:55:32,20.9,2232,0.05,20.9,69.7,----,----,0000.0000 N,00000.0000 W,0,0,T,S,V
2019-03-09 07:55:36,21.5,2248,0.06,20.9,69.7,----,----,0000.0000 N,00000.0000 W,0,0,T,S,V
2019-03-09 07:55:41,20.9,2233,0.09,20.9,69.7,----,----,0000.0000 N,00000.0000 W,0,0,T,S,V
2019-03-09 07:55:47,26.0,2325,0.15,20.9,69.7,----,----,0000.0000 N,00000.0000 W,0,0,T,S,V
2019-03-09 07:55:54,26.6,2330,0.12,20.9,69.7,----,----,0000.0000 N,00000.0000 W,0,0,T,S,V
2019-03-09 07:55:59,21.5,2248,0.12,20.9,69.7,----,----,3356.3233 S,15113.2637 E,3,1,T,S,V
2019-03-09 07:56:04,24.3,2298,0.09,20.9,69.7,----,----,3356.2964 S,15113.2612 E,3,1,T,S,V
2019-03-09 07:56:09,22.6,2269,0.08,20.9,69.7,----,----,3356.2969 S,15113.2598 E,3,1,T,S,V
2019-03-09 07:56:14,30.0,2399,0.07,20.9,69.7,----,----,3356.2961 S,15113.2601 E,3,6,T,S,V
2019-03-09 07:56:20,35.7,2490,0.12,20.9,69.7,----,----,3356.2946 S,15113.2605 E,3,6,T,S,V
2019-03-09 07:56:25,32.3,2439,0.14,20.9,69.7,----,----,3356.2926 S,15113.2629 E,3,1,T,S,V
2019-03-09 07:56:30,24.3,2298,0.20,20.9,69.7,----,----,3356.2907 S,15113.2625 E,3,1,T,S,V
2019-03-09 07:56:35,22.0,2250,0.16,20.9,69.7,----,----,3356.2923 S,15113.2611 E,3,1,T,S,V
2019-03-09 07:56:41,26.6,2336,0.14,20.9,69.7,----,----,3356.2896 S,15113.2607 E,4,1,T,S,V
2019-03-09 07:56:46,27.2,2343,0.16,20.9,69.7,----,----,3356.2888 S,15113.2602 E,4,1,T,S,V
2019-03-09 07:56:51,30.6,2403,0.19,20.9,69.7,----,----,3356.2897 S,15113.2603 E,4,1,T,S,V
2019-03-09 08:03:09,24.9,2304,0.19,21.1,70.0,----,----,0000.0000 N,00000.0000 W,0,0,T,S,V
2019-03-09 08:03:14,24.9,2306,0.19,21.1,70.0,----,----,0000.0000 N,00000.0000 W,0,0,T,S,V
2019-03-09 08:03:19,22.6,2268,0.13,21.1,70.0,----,----,0000.0000 N,00000.0000 W,0,0,T,S,V
2019-03-09 08:03:25,21.5,2240,0.16,21.1,70.0,----,----,0000.0000 N,00000.0000 W,0,0,T,S,V
2019-03-09 08:03:30,21.5,2244,0.19,21.1,70.0,----,----,0000.0000 N,00000.0000 W,0,0,T,S,V
2019-03-09 08:03:35,19.2,2207,0.11,21.1,70.0,----,----,0000.0000 N,00000.0000 W,0,0,T,S,V
2019-03-09 08:03:41,21.5,2240,0.13,21.1,70.0,----,----,0000.0000 N,00000.0000 W,0,0,T,S,V
2019-03-09 08:03:46,19.7,2214,0.14,21.1,70.1,----,----,0000.0000 N,00000.0000 W,0,0,T,S,V
2019-03-09 08:03:52,25.4,2316,0.19,21.1,70.1,----,----,0000.0000 N,00000.0000 W,0,0,T,S,V
2019-03-09 08:03:57,28.3,2369,0.15,21.1,70.1,----,----,0000.0000 N,00000.0000 W,0,0,T,S,V
2019-03-09 08:04:02,28.3,2362,0.15,21.1,70.1,----,----,0000.0000 N,00000.0000 W,0,0,T,S,V
2019-03-09 08:04:08,27.7,2350,0.21,21.1,70.1,----,----,0000.0000 N,00000.0000 W,0,0,T,S,V
2019-03-09 08:04:13,30.0,2393,0.26,21.1,70.1,----,----,0000.0000 N,00000.0000 W,0,0,T,S,V
2019-03-09 08:04:18,23.2,2276,0.20,21.1,70.1,----,----,0000.0000 N,00000.0000 W,0,0,T,S,V
2019-03-09 08:04:23,20.3,2221,0.13,21.1,70.1,----,----,0000.0000 N,00000.0000 W,0,0,T,S,V
2019-03-09 08:04:28,22.6,2263,0.17,21.1,70.1,----,----,0000.0000 N,00000.0000 W,0,0,T,S,V
2019-03-09 08:04:33,22.0,2257,0.11,21.1,70.1,----,----,0000.0000 N,00000.0000 W,0,0,T,S,V
2019-03-09 08:04:39,21.5,2246,0.13,21.1,70.1,----,----,0000.0000 N,00000.0000 W,0,0,T,S,V
2019-03-09 08:04:44,22.6,2263,0.13,21.1,70.1,----,----,0000.0000 N,00000.0000 W,0,0,T,S,V
2019-03-09 08:04:50,21.5,2248,0.12,21.2,70.1,----,----,0000.0000 N,00000.0000 W,0,0,T,S,V
2019-03-09 08:04:55,22.0,2252,0.13,21.2,70.1,----,----,0000.0000 N,00000.0000 W,0,0,T,S,V
2019-03-09 08:12:44,31.1,2419,0.24,21.2,70.1,----,----,0000.0000 N,00000.0000 W,0,0,T,S,V
2019-03-09 08:12:51,23.2,2271,0.25,21.2,70.1,----,----,0000.0000 N,00000.0000 W,0,0,T,S,V
2019-03-09 08:12:57,26.0,2329,0.20,21.1,70.1,----,----,0000.0000 N,00000.0000 W,0,0,T,S,V
2019-03-09 08:13:02,24.3,2294,0.18,21.1,70.1,----,----,0000.0000 N,00000.0000 W,0,0,T,S,V
2019-03-09 08:13:08,19.7,2214,0.08,21.1,70.1,----,----,0000.0000 N,00000.0000 W,0,0,T,S,V
2019-03-09 08:13:13,21.5,2241,0.12,21.1,70.1,----,----,0000.0000 N,00000.0000 W,0,0,T,S,V
2019-03-09 08:13:18,17.5,2175,0.07,21.1,70.1,----,----,0000.0000 N,00000.0000 W,0,0,T,S,V
2019-03-09 08:13:25,16.3,2158,0.00,21.1,70.1,----,----,0000.0000 N,00000.0000 W,0,0,T,S,V
2019-03-09 08:13:29,15.8,2145,0.03,21.1,70.0,----,----,0000.0000 N,00000.0000 W,0,0,T,S,V
2019-03-09 08:13:34,23.2,2272,0.16,21.1,70.0,----,----,0000.0000 N,00000.0000 W,0,0,T,S,V
2019-03-09 08:13:40,20.9,2235,0.16,21.1,70.0,----,----,0000.0000 N,00000.0000 W,0,0,T,S,V
2019-03-09 08:13:45,23.2,2274,0.14,21.1,70.0,----,----,0000.0000 N,00000.0000 W,0,0,T,S,V
2019-03-09 08:13:50,26.0,2328,0.18,21.1,70.0,----,----,0000.0000 N,00000.0000 W,0,0,T,S,V
2019-03-09 08:13:56,22.6,2262,0.19,21.1,69.9,----,----,0000.0000 N,00000.0000 W,0,0,T,S,V
2019-03-09 08:14:01,29.4,2385,0.20,21.1,70.0,----,----,0000.0000 N,00000.0000 W,0,0,T,S,V
2019-03-09 08:14:06,31.1,2418,0.21,21.1,69.9,----,----,0000.0000 N,00000.0000 W,0,0,T,S,V
2019-03-09 08:14:12,28.9,2378,0.21,21.0,69.9,----,----,0000.0000 N,00000.0000 W,0,0,T,S,V
2019-03-09 08:14:17,24.3,2299,0.14,21.0,69.9,----,----,0000.0000 N,00000.0000 W,0,0,T,S,V
2019-03-09 08:14:23,21.5,2249,0.10,21.0,69.9,----,----,0000.0000 N,00000.0000 W,0,0,T,S,V
2019-03-09 08:14:28,21.5,2245,0.18,21.0,69.9,----,----,3356.4648 S,15113.3998 E,3,1,T,S,V
2019-03-09 08:14:33,21.5,2242,0.16,21.0,69.9,----,----,3356.4672 S,15113.4094 E,3,1,T,S,V
2019-03-09 08:14:38,19.2,2206,0.08,21.0,69.8,----,----,3356.4673 S,15113.4090 E,3,1,T,S,V
2019-03-09 08:14:44,18.0,2188,0.10,21.0,69.9,----,----,0000.0000 N,00000.0000 W,0,0,T,S,V
2019-03-09 08:14:49,23.7,2282,0.16,21.0,69.8,----,----,0000.0000 N,00000.0000 W,0,0,T,S,V
2019-03-09 08:14:55,19.7,2214,0.13,21.0,69.8,----,----,0000.0000 N,00000.0000 W,0,0,T,S,V
2019-03-09 08:15:00,16.9,2162,0.08,21.0,69.8,----,----,0000.0000 N,00000.0000 W,0,0,T,S,V
2019-03-09 08:15:04,12.8,2102,0.00,21.0,69.8,----,----,0000.0000 N,00000.0000 W,0,0,T,S,V
2019-03-09 08:15:08,13.8,2119,0.12,21.0,69.8,----,----,0000.0000 N,00000.0000 W,0,0,T,S,V
2019-03-09 08:15:12,18.0,2188,0.05,21.0,69.8,----,----,0000.0000 N,00000.0000 W,0,0,T,S,V
2019-03-09 08:15:17,18.6,2199,0.09,21.0,69.8,----,----,0000.0000 N,00000.0000 W,0,0,T,S,V
2019-03-09 08:15:23,20.3,2226,0.13,20.9,69.7,----,----,0000.0000 N,00000.0000 W,0,0,T,S,V
2019-03-09 08:15:29,21.5,2242,0.09,20.9,69.7,----,----,3356.4338 S,15113.3463 E,4,1,T,S,V
2019-03-09 08:15:35,24.3,2296,0.17,20.9,69.7,----,----,3356.4409 S,15113.3489 E,5,1,T,S,V
2019-03-09 08:15:40,27.2,2341,0.15,20.9,69.7,----,----,3356.4453 S,15113.3484 E,5,1,T,S,V
2019-03-09 08:15:46,24.9,2309,0.18,20.9,69.7,----,----,3356.4495 S,15113.3481 E,5,1,T,S,V
2019-03-09 08:15:50,24.3,2294,0.20,20.9,69.7,----,----,3356.4498 S,15113.3484 E,5,1,T,S,V
2019-03-09 08:15:55,25.4,2314,0.16,20.9,69.7,----,----,3356.4476 S,15113.3498 E,4,1,T,S,V
2019-03-09 08:16:00,23.2,2272,0.15,20.9,69.7,----,----,3356.4457 S,15113.3525 E,5,1,T,S,V
2019-03-09 08:16:06,22.6,2266,0.06,20.9,69.7,----,----,3356.4465 S,15113.3535 E,5,1,T,S,V
2019-03-09 08:16:10,24.3,2293,0.14,20.9,69.7,----,----,3356.4475 S,15113.3542 E,5,1,T,S,V
2019-03-09 08:28:57,28.9,2375,0.23,20.8,69.5,----,----,0000.0000 N,00000.0000 W,0,0,T,S,V
2019-03-09 08:29:03,25.4,2312,0.19,20.8,69.5,----,----,0000.0000 N,00000.0000 W,0,0,T,S,V
2019-03-09 08:29:08,25.4,2317,0.16,20.8,69.5,----,----,0000.0000 N,00000.0000 W,0,0,T,S,V
2019-03-09 08:29:17,30.0,2397,0.14,20.8,69.5,----,----,0000.0000 N,00000.0000 W,0,0,T,S,V
2019-03-09 08:29:22,31.1,2413,0.23,20.8,69.5,----,----,0000.0000 N,00000.0000 W,0,0,T,S,V
2019-03-09 08:29:27,27.2,2340,0.15,20.8,69.5,----,----,0000.0000 N,00000.0000 W,0,0,T,S,V
2019-03-09 08:29:33,39.7,2561,0.28,20.8,69.5,----,----,0000.0000 N,00000.0000 W,0,0,T,S,V
2019-03-09 08:29:37,34.6,2474,0.17,20.8,69.4,----,----,0000.0000 N,00000.0000 W,0,0,T,S,V
2019-03-09 08:29:43,29.4,2385,0.27,20.8,69.4,----,----,0000.0000 N,00000.0000 W,0,0,T,S,V
2019-03-09 08:29:49,21.5,2242,0.11,20.8,69.4,----,----,0000.0000 N,00000.0000 W,0,0,T,S,V
2019-03-09 08:29:54,22.6,2266,0.11,20.8,69.4,----,----,0000.0000 N,00000.0000 W,0,0,T,S,V
2019-03-09 08:29:58,28.3,2363,0.17,20.7,69.4,----,----,0000.0000 N,00000.0000 W,0,0,T,S,V
2019-03-09 08:30:04,28.9,2377,0.18,20.7,69.4,----,----,3356.5742 S,15113.2967 E,3,1,T,S,V
2019-03-09 08:30:10,27.7,2353,0.10,20.7,69.4,----,----,3356.5727 S,15113.2967 E,2,6,T,S,V
2019-03-09 08:30:15,20.9,2232,0.06,20.7,69.4,----,----,0000.0000 N,00000.0000 W,0,0,T,S,V
2019-03-09 08:30:20,24.9,2309,0.14,20.7,69.3,----,----,0000.0000 N,00000.0000 W,0,0,T,S,V
2019-03-09 08:30:26,37.4,2529,0.25,20.7,69.3,----,----,3356.5919 S,15113.2704 E,3,1,T,S,V
2019-03-09 08:30:32,32.9,2445,0.25,20.7,69.3,----,----,3356.6005 S,15113.2724 E,3,1,T,S,V
2019-03-09 08:30:37,35.7,2497,0.24,20.7,69.3,----,----,3356.6023 S,15113.2708 E,3,1,T,S,V
2019-03-09 08:30:43,30.0,2392,0.27,20.7,69.3,----,----,3356.6062 S,15113.2669 E,3,1,T,S,V
2019-03-09 08:30:49,32.3,2434,0.20,20.7,69.3,----,----,3356.6069 S,15113.2644 E,3,1,T,S,V
2019-03-09 08:30:54,31.1,2410,0.14,20.7,69.3,----,----,3356.6055 S,15113.2619 E,4,1,T,S,V
2019-03-09 08:31:00,40.3,2571,0.16,20.7,69.3,----,----,3356.6025 S,15113.2610 E,4,1,T,S,V
2019-03-09 08:31:05,35.7,2498,0.20,20.7,69.2,----,----,3356.6015 S,15113.2610 E,4,1,T,S,V
2019-03-09 08:31:10,20.3,2222,0.08,20.7,69.2,----,----,3356.6037 S,15113.2618 E,4,1,T,S,V
2019-03-09 08:31:16,18.0,2182,0.07,20.7,69.2,----,----,3356.6053 S,15113.2627 E,4,1,T,S,V
2019-03-09 08:31:21,24.9,2308,0.20,20.7,69.2,----,----,3356.6053 S,15113.2638 E,4,1,T,S,V
2019-03-09 08:31:27,19.2,2203,0.08,20.6,69.2,----,----,3356.6105 S,15113.2600 E,5,1,T,S,V
2019-03-09 08:31:32,24.9,2308,0.17,20.6,69.2,----,----,3356.6117 S,15113.2578 E,5,1,T,S,V
2019-03-09 08:31:38,25.4,2312,0.16,20.6,69.2,----,----,3356.6119 S,15113.2576 E,5,1,T,S,V
2019-03-09 08:31:43,23.2,2273,0.18,20.6,69.2,----,----,3356.6113 S,15113.2566 E,5,1,T,S,V
2019-03-09 08:31:48,24.9,2308,0.13,20.6,69.2,----,----,3356.6125 S,15113.2569 E,5,1,T,S,V
2019-03-09 08:31:54,19.7,2218,0.05,20.6,69.2,----,----,3356.6120 S,15113.2568 E,5,1,T,S,V
2019-03-09 08:31:59,19.7,2213,0.08,20.6,69.2,----,----,3356.6085 S,15113.2575 E,5,1,T,S,V
2019-03-09 08:32:04,23.2,2270,0.08,20.6,69.2,----,----,3356.6069 S,15113.2574 E,5,1,T,S,V
2019-03-09 08:32:10,26.0,2326,0.14,20.6,69.2,----,----,3356.6051 S,15113.2578 E,5,1,T,S,V
2019-03-09 08:32:15,23.2,2279,0.19,20.6,69.2,----,----,3356.6031 S,15113.2600 E,5,1,T,S,V
2019-03-09 08:32:21,21.5,2244,0.13,20.6,69.2,----,----,3356.6040 S,15113.2611 E,6,1,T,S,V
2019-03-09 08:32:27,23.7,2280,0.15,20.6,69.2,----,----,3356.6057 S,15113.2611 E,6,1,T,S,V
2019-03-09 08:32:32,27.2,2341,0.16,20.6,69.2,----,----,3356.6047 S,15113.2620 E,6,1,T,S,V
2019-03-09 08:42:40,18.0,2189,0.21,20.8,69.5,----,----,0000.0000 N,00000.0000 W,0,0,T,S,V
2019-03-09 08:42:45,26.0,2320,0.22,20.8,69.5,----,----,0000.0000 N,00000.0000 W,0,0,T,S,V
2019-03-09 08:42:51,10.9,2084,0.00,20.8,69.5,----,----,0000.0000 N,00000.0000 W,0,0,T,S,V
2019-03-09 08:42:54,12.8,2100,0.02,20.8,69.5,----,----,0000.0000 N,00000.0000 W,0,0,T,S,V
2019-03-09 08:42:57,15.8,2145,0.13,20.8,69.5,----,----,0000.0000 N,00000.0000 W,0,0,T,S,V
2019-03-09 08:43:01,18.6,2193,0.09,20.8,69.5,----,----,0000.0000 N,00000.0000 W,0,0,T,S,V
2019-03-09 08:43:05,18.0,2185,0.07,20.8,69.5,----,----,0000.0000 N,00000.0000 W,0,0,T,S,V
2019-03-09 08:43:10,13.8,2117,0.06,20.8,69.5,----,----,0000.0000 N,00000.0000 W,0,0,T,S,V
2019-03-09 08:43:15,22.0,2258,0.20,20.8,69.5,----,----,0000.0000 N,00000.0000 W,0,0,T,S,V
2019-03-09 08:43:19,14.8,2127,0.07,20.8,69.5,----,----,0000.0000 N,00000.0000 W,0,0,T,S,V
2019-03-09 08:43:24,14.8,2127,0.03,20.8,69.5,----,----,0000.0000 N,00000.0000 W,0,0,T,S,V
2019-03-09 08:43:28,12.8,2108,0.00,20.8,69.5,----,----,0000.0000 N,00000.0000 W,0,0,T,S,V
2019-03-09 08:43:33,08.9,2068,0.00,20.8,69.5,----,----,0000.0000 N,00000.0000 W,0,0,T,S,V
2019-03-09 08:43:37,08.9,2060,0.04,20.8,69.5,----,----,0000.0000 N,00000.0000 W,0,0,T,S,V
2019-03-09 08:43:41,08.9,2066,0.00,20.8,69.5,----,----,0000.0000 N,00000.0000 W,0,0,T,S,V
2019-03-09 08:43:45,15.8,2148,0.05,20.8,69.5,----,----,0000.0000 N,00000.0000 W,0,0,T,S,V
2019-03-09 08:43:51,19.7,2216,0.18,20.8,69.5,----,----,0000.0000 N,00000.0000 W,0,0,T,S,V
2019-03-09 08:43:56,16.9,2160,0.08,20.8,69.5,----,----,0000.0000 N,00000.0000 W,0,0,T,S,V
2019-03-09 08:44:02,22.6,2262,0.12,20.8,69.5,----,----,0000.0000 N,00000.0000 W,0,0,T,S,V
2019-03-09 08:44:08,19.2,2203,0.07,20.8,69.4,----,----,0000.0000 N,00000.0000 W,0,0,T,S,V
2019-03-09 08:44:13,24.9,2306,0.16,20.8,69.4,----,----,0000.0000 N,00000.0000 W,0,0,T,S,V
2019-03-09 08:44:18,23.2,2273,0.14,20.8,69.4,----,----,0000.0000 N,00000.0000 W,0,0,T,S,V
2019-03-09 08:44:26,16.9,2168,0.04,20.8,69.4,----,----,3356.6781 S,15113.2845 E,4,1,T,S,V
2019-03-09 08:44:30,16.9,2162,0.07,20.8,69.4,----,----,3356.6785 S,15113.2852 E,4,1,T,S,V
2019-03-09 08:44:35,12.8,2103,0.13,20.8,69.4,----,----,3356.6777 S,15113.2858 E,4,1,T,S,V
2019-03-09 08:44:39,14.8,2121,0.04,20.8,69.4,----,----,3356.6788 S,15113.2837 E,4,1,T,S,V
2019-03-09 08:44:44,27.2,2342,0.15,20.8,69.4,----,----,3356.6716 S,15113.2868 E,4,1,T,S,V
2019-03-09 08:44:50,20.9,2237,0.14,20.8,69.4,----,----,3356.6711 S,15113.2872 E,4,1,T,S,V
2019-03-09 08:44:55,13.8,2117,0.03,20.8,69.4,----,----,3356.6702 S,15113.2889 E,5,1,T,S,V
2019-03-09 08:45:01,26.6,2331,0.17,20.8,69.4,----,----,3356.6678 S,15113.2881 E,5,1,T,S,V
2019-03-09 08:45:06,20.3,2225,0.14,20.8,69.4,----,----,3356.6652 S,15113.2880 E,5,1,T,S,V
2019-03-09 08:45:11,20.3,2228,0.11,20.8,69.4,----,----,3356.6641 S,15113.2899 E,5,1,T,S,V
2019-03-09 08:45:17,28.9,2377,0.22,20.8,69.4,----,----,3356.6630 S,15113.2894 E,5,1,T,S,V
2019-03-09 08:45:22,20.3,2225,0.12,20.8,69.4,----,----,3356.6618 S,15113.2894 E,5,1,T,S,V
2019-03-09 08:45:26,24.9,2309,0.18,20.8,69.4,----,----,3356.6604 S,15113.2888 E,5,1,T,S,V
2019-03-09 08:45:32,20.9,2238,0.10,20.8,69.4,----,----,3356.6629 S,15113.2884 E,6,1,T,S,V
2019-03-09 08:45:37,22.6,2266,0.18,20.8,69.4,----,----,3356.6634 S,15113.2871 E,6,1,T,S,V
2019-03-09 08:45:43,22.0,2252,0.13,20.8,69.4,----,----,3356.6626 S,15113.2862 E,6,1,T,S,V
2019-03-09 08:45:47,21.5,2242,0.07,20.8,69.4,----,----,3356.6610 S,15113.2856 E,6,1,T,S,V
2019-03-09 08:45:53,30.0,2391,0.25,20.7,69.4,----,----,3356.6603 S,15113.2851 E,6,1,T,S,V
2019-03-09 08:45:59,22.6,2269,0.17,20.7,69.3,----,----,3356.6623 S,15113.2820 E,6,1,T,S,V
2019-03-09 08:46:04,24.9,2308,0.18,20.7,69.3,----,----,3356.6641 S,15113.2813 E,6,1,T,S,V
2019-03-09 08:46:10,23.7,2281,0.18,20.7,69.3,----,----,3356.6660 S,15113.2823 E,6,1,T,S,V
2019-03-09 08:46:15,21.5,2249,0.12,20.7,69.3,----,----,3356.6685 S,15113.2821 E,6,1,T,S,V
2019-03-09 09:02:20,24.3,2298,0.27,21.1,70.1,----,----,0000.0000 N,00000.0000 W,0,0,T,S,V
2019-03-09 09:02:25,25.4,2310,0.23,21.1,70.1,----,----,0000.0000 N,00000.0000 W,0,0,T,S,V
2019-03-09 09:02:31,27.2,2341,0.16,21.1,70.1,----,----,0000.0000 N,00000.0000 W,0,0,T,S,V
2019-03-09 09:02:36,26.0,2327,0.14,21.1,70.1,----,----,0000.0000 N,00000.0000 W,0,0,T,S,V
2019-03-09 09:02:42,24.9,2306,0.16,21.1,70.1,----,----,0000.0000 N,00000.0000 W,0,0,T,S,V
2019-03-09 09:02:49,22.0,2255,0.10,21.1,70.0,----,----,0000.0000 N,00000.0000 W,0,0,T,S,V
2019-03-09 09:02:54,20.3,2220,0.14,21.1,70.0,----,----,0000.0000 N,00000.0000 W,0,0,T,S,V
2019-03-09 09:03:00,19.2,2208,0.14,21.1,70.0,----,----,0000.0000 N,00000.0000 W,0,0,T,S,V
2019-03-09 09:03:05,15.2,2130,0.07,21.1,70.0,----,----,0000.0000 N,00000.0000 W,0,0,T,S,V
2019-03-09 09:03:09,13.8,2117,0.00,21.1,70.0,----,----,0000.0000 N,00000.0000 W,0,0,T,S,V
2019-03-09 09:03:13,13.8,2117,0.03,21.1,70.0,----,----,0000.0000 N,00000.0000 W,0,0,T,S,V
2019-03-09 09:03:16,15.8,2142,0.03,21.1,69.9,----,----,0000.0000 N,00000.0000 W,0,0,T,S,V
2019-03-09 09:03:22,20.9,2232,0.12,21.0,69.9,----,----,0000.0000 N,00000.0000 W,0,0,T,S,V
2019-03-09 09:03:26,18.6,2199,0.20,21.0,69.9,----,----,0000.0000 N,00000.0000 W,0,0,T,S,V
2019-03-09 09:03:31,22.6,2269,0.20,21.0,69.9,----,----,0000.0000 N,00000.0000 W,0,0,T,S,V
2019-03-09 09:03:36,22.0,2255,0.15,21.0,69.9,----,----,0000.0000 N,00000.0000 W,0,0,T,S,V
2019-03-09 09:03:43,19.2,2207,0.14,21.0,69.9,----,----,0000.0000 N,00000.0000 W,0,0,T,S,V
2019-03-09 09:03:48,13.8,2110,0.00,21.0,69.8,----,----,0000.0000 N,00000.0000 W,0,0,T,S,V
2019-03-09 09:03:54,07.9,2059,0.00,21.0,69.8,----,----,3356.6341 S,15113.2327 E,6,1,T,S,V
2019-03-09 09:03:57,07.9,2059,0.00,21.0,69.8,----,----,3356.6323 S,15113.2336 E,3,1,T,S,V
2019-03-09 09:04:02,11.8,2096,0.03,21.0,69.8,----,----,3356.6293 S,15113.2354 E,3,1,T,S,V
2019-03-09 09:04:07,13.8,2118,0.00,21.0,69.8,----,----,3356.6281 S,15113.2365 E,3,1,T,S,V
2019-03-09 09:04:12,18.0,2185,0.00,21.0,69.8,----,----,3356.6255 S,15113.2370 E,4,1,T,S,V
2019-03-09 09:04:18,18.6,2196,0.11,21.0,69.8,----,----,3356.6248 S,15113.2395 E,4,1,T,S,V
2019-03-09 09:04:22,22.6,2261,0.11,21.0,69.8,----,----,3356.6236 S,15113.2405 E,4,1,T,S,V
2019-03-09 09:04:26,28.3,2365,0.23,21.0,69.8,----,----,3356.6229 S,15113.2420 E,4,1,T,S,V
2019-03-09 09:04:32,26.0,2323,0.33,21.0,69.8,----,----,3356.6236 S,15113.2451 E,5,1,T,S,V
2019-03-09 09:04:36,24.3,2295,0.14,21.0,69.8,----,----,3356.6258 S,15113.2430 E,5,1,T,S,V
2019-03-09 09:04:43,20.9,2237,0.11,21.0,69.8,----,----,3356.6261 S,15113.2394 E,5,1,T,S,V
2019-03-09 09:04:48,20.9,2233,0.13,21.0,69.8,----,----,3356.6257 S,15113.2379 E,5,1,T,S,V
2019-03-09 09:04:53,22.6,2269,0.12,21.0,69.8,----,----,3356.6252 S,15113.2372 E,5,1,T,S,V
2019-03-09 09:04:59,22.0,2254,0.11,20.9,69.7,----,----,3356.6242 S,15113.2371 E,5,1,T,S,V
2019-03-09 09:05:03,18.0,2183,0.09,20.9,69.7,----,----,3356.6230 S,15113.2374 E,5,1,T,S,V
2019-03-09 09:05:07,16.3,2156,0.09,20.9,69.7,----,----,3356.6231 S,15113.2369 E,5,1,T,S,V
2019-03-09 09:16:52,24.3,2290,0.22,20.9,69.7,----,----,0000.0000 N,00000.0000 W,0,0,T,S,V
2019-03-09 09:16:58,23.7,2289,0.17,20.9,69.7,----,----,0000.0000 N,00000.0000 W,0,0,T,S,V
2019-03-09 09:17:03,21.5,2242,0.09,20.9,69.7,----,----,0000.0000 N,00000.0000 W,0,0,T,S,V
2019-03-09 09:17:10,18.0,2188,0.10,20.9,69.7,----,----,0000.0000 N,00000.0000 W,0,0,T,S,V
2019-03-09 09:17:15,18.0,2188,0.06,20.9,69.7,----,----,0000.0000 N,00000.0000 W,0,0,T,S,V
2019-03-09 09:17:21,16.3,2158,0.08,20.9,69.7,----,----,0000.0000 N,00000.0000 W,0,0,T,S,V
2019-03-09 09:17:26,15.2,2135,0.06,20.9,69.6,----,----,0000.0000 N,00000.0000 W,0,0,T,S,V
2019-03-09 09:17:32,09.9,2071,0.05,20.9,69.6,----,----,0000.0000 N,00000.0000 W,0,0,T,S,V
2019-03-09 09:17:36,10.9,2085,0.03,20.9,69.6,----,----,0000.0000 N,00000.0000 W,0,0,T,S,V
2019-03-09 09:17:41,12.8,2108,0.04,20.8,69.5,----,----,0000.0000 N,00000.0000 W,0,0,T,S,V
2019-03-09 09:17:45,15.2,2130,0.00,20.8,69.5,----,----,0000.0000 N,00000.0000 W,0,0,T,S,V
2019-03-09 09:17:50,19.7,2213,0.14,20.8,69.5,----,----,0000.0000 N,00000.0000 W,0,0,T,S,V
2019-03-09 09:17:56,21.5,2241,0.07,20.8,69.5,----,----,0000.0000 N,00000.0000 W,0,0,T,S,V
2019-03-09 09:18:01,20.9,2235,0.14,20.8,69.5,----,----,0000.0000 N,00000.0000 W,0,0,T,S,V
2019-03-09 09:18:06,19.7,2211,0.06,20.8,69.5,----,----,0000.0000 N,00000.0000 W,0,0,T,S,V
2019-03-09 09:18:11,09.9,2070,0.02,20.8,69.5,----,----,0000.0000 N,00000.0000 W,0,0,T,S,V
2019-03-09 09:18:16,16.9,2165,0.08,20.8,69.5,----,----,0000.0000 N,00000.0000 W,0,0,T,S,V
2019-03-09 09:18:22,22.6,2269,0.14,20.8,69.4,----,----,0000.0000 N,00000.0000 W,0,0,T,S,V
2019-03-09 09:18:27,17.5,2179,0.08,20.8,69.4,----,----,0000.0000 N,00000.0000 W,0,0,T,S,V
2019-03-09 09:18:32,19.7,2215,0.12,20.8,69.4,----,----,0000.0000 N,00000.0000 W,0,0,T,S,V
2019-03-09 09:18:37,22.6,2263,0.20,20.8,69.4,----,----,0000.0000 N,00000.0000 W,0,0,T,S,V
2019-03-09 09:18:43,23.7,2282,0.21,20.8,69.4,----,----,0000.0000 N,00000.0000 W,0,0,T,S,V
2019-03-09 09:18:49,21.5,2241,0.05,20.8,69.4,----,----,0000.0000 N,00000.0000 W,0,0,T,S,V
2019-03-09 09:18:54,23.2,2274,0.27,20.7,69.4,----,----,3356.3781 S,15113.3209 E,5,1,T,S,V
2019-03-09 09:18:59,23.7,2289,0.20,20.8,69.4,----,----,3356.3742 S,15113.3166 E,6,1,T,S,V
2019-03-09 09:19:05,20.9,2238,0.10,20.7,69.4,----,----,3356.3763 S,15113.3175 E,7,1,T,S,V
2019-03-09 09:19:10,22.0,2254,0.17,20.7,69.4,----,----,3356.3766 S,15113.3158 E,8,1,T,S,V
2019-03-09 09:19:15,17.5,2177,0.11,20.7,69.4,----,----,3356.3766 S,15113.3145 E,8,1,T,S,V
2019-03-09 09:19:19,18.6,2190,0.10,20.7,69.4,----,----,3356.3762 S,15113.3146 E,8,1,T,S,V
2019-03-09 09:19:24,17.5,2172,0.07,20.7,69.3,----,----,3356.3754 S,15113.3157 E,8,1,T,S,V
2019-03-09 09:19:30,24.9,2302,0.15,20.7,69.3,----,----,3356.3749 S,15113.3184 E,8,1,T,S,V
2019-03-09 09:19:35,22.0,2255,0.07,20.7,69.3,----,----,3356.3739 S,15113.3209 E,8,1,T,S,V
2019-03-09 09:19:40,24.9,2309,0.17,20.7,69.2,----,----,3356.3735 S,15113.3230 E,8,1,T,S,V
2019-03-09 09:19:44,20.3,2221,0.15,20.7,69.2,----,----,3356.3730 S,15113.3238 E,8,1,T,S,V
2019-03-09 09:19:48,23.2,2278,0.15,20.7,69.2,----,----,3356.3728 S,15113.3243 E,8,1,T,S,V
2019-03-09 09:19:52,24.3,2296,0.16,20.7,69.2,----,----,3356.3722 S,15113.3226 E,8,1,T,S,V
2019-03-09 09:19:58,28.9,2376,0.19,20.6,69.2,----,----,3356.3712 S,15113.3218 E,8,1,T,S,V
2019-03-09 09:20:03,30.6,2403,0.18,20.6,69.2,----,----,3356.3710 S,15113.3226 E,8,1,T,S,V
2019-03-09 09:20:08,28.9,2375,0.20,20.6,69.2,----,----,3356.3707 S,15113.3243 E,8,1,T,S,V
2019-03-09 09:20:14,27.2,2346,0.19,20.6,69.2,----,----,3356.3708 S,15113.3259 E,9,1,T,S,V
2019-03-09 09:20:19,16.9,2167,0.07,20.6,69.2,----,----,3356.3705 S,15113.3265 E,10,1,T,S,V
2019-03-09 09:20:23,26.0,2328,0.17,20.6,69.2,----,----,3356.3709 S,15113.3274 E,9,1,T,S,V
2019-03-09 09:20:28,21.5,2241,0.13,20.6,69.2,----,----,3356.3706 S,15113.3257 E,10,1,T,S,V
2019-03-09 09:20:33,25.4,2312,0.21,20.6,69.1,----,----,3356.3710 S,15113.3248 E,10,1,T,S,V
2019-03-09 09:20:38,28.9,2373,0.18,20.6,69.1,----,----,3356.3714 S,15113.3251 E,10,1,T,S,V
2019-03-09 09:20:43,24.9,2309,0.17,20.6,69.1,----,----,3356.3726 S,15113.3260 E,10,1,T,S,V
2019-03-09 09:20:49,23.2,2279,0.08,20.6,69.0,----,----,3356.3747 S,15113.3259 E,10,1,T,S,V
2019-03-09 09:20:53,23.7,2287,0.18,20.6,69.0,----,----,3356.3758 S,15113.3249 E,10,1,T,S,V
2019-03-09 09:20:57,25.4,2312,0.13,20.6,69.0,----,----,3356.3755 S,15113.3248 E,10,1,T,S,V
2019-03-09 09:21:01,20.3,2222,0.12,20.6,69.0,----,----,3356.3754 S,15113.3243 E,10,1,T,S,V
2019-03-09 09:21:05,20.9,2233,0.13,20.5,69.0,----,----,3356.3753 S,15113.3234 E,10,1,T,S,V
2019-03-09 09:21:09,19.7,2215,0.13,20.5,69.0,----,----,3356.3757 S,15113.3219 E,10,1,T,S,V
2019-03-09 09:21:13,20.9,2231,0.18,20.5,69.0,----,----,3356.3762 S,15113.3215 E,10,1,T,S,V
2019-03-09 09:35:40,38.6,2547,0.24,21.0,69.8,----,----,0000.0000 N,00000.0000 W,0,0,T,S,V
2019-03-09 09:35:46,36.3,2505,0.15,21.0,69.8,----,----,0000.0000 N,00000.0000 W,0,0,T,S,V
2019-03-09 09:35:51,35.7,2494,0.27,21.0,69.8,----,----,0000.0000 N,00000.0000 W,0,0,T,S,V
2019-03-09 09:35:56,32.3,2438,0.18,21.0,69.8,----,----,0000.0000 N,00000.0000 W,0,0,T,S,V
2019-03-09 09:36:02,28.3,2361,0.42,21.0,69.8,----,----,0000.0000 N,00000.0000 W,0,0,T,S,V
2019-03-09 09:36:06,28.9,2377,0.24,20.9,69.7,----,----,0000.0000 N,00000.0000 W,0,0,T,S,V
2019-03-09 09:36:10,28.3,2365,0.21,20.9,69.7,----,----,0000.0000 N,00000.0000 W,0,0,T,S,V
2019-03-09 09:36:15,26.0,2322,0.16,20.9,69.7,----,----,0000.0000 N,00000.0000 W,0,0,T,S,V
2019-03-09 09:36:21,30.0,2391,0.23,20.9,69.7,----,----,0000.0000 N,00000.0000 W,0,0,T,S,V
2019-03-09 09:36:26,26.6,2335,0.16,20.9,69.7,----,----,0000.0000 N,00000.0000 W,0,0,T,S,V
2019-03-09 09:36:31,32.3,2435,0.18,20.9,69.7,----,----,0000.0000 N,00000.0000 W,0,0,T,S,V
2019-03-09 09:36:36,28.9,2373,0.20,20.9,69.7,----,----,0000.0000 N,00000.0000 W,0,0,T,S,V
2019-03-09 09:36:41,26.0,2326,0.21,20.9,69.7,----,----,0000.0000 N,00000.0000 W,0,0,T,S,V
2019-03-09 09:36:46,22.6,2264,0.08,20.9,69.7,----,----,0000.0000 N,00000.0000 W,0,0,T,S,V
2019-03-09 09:36:51,25.4,2314,0.13,20.9,69.7,----,----,0000.0000 N,00000.0000 W,0,0,T,S,V
2019-03-09 09:36:55,22.0,2253,0.14,20.9,69.7,----,----,0000.0000 N,00000.0000 W,0,0,T,S,V
2019-03-09 09:36:58,21.5,2241,0.09,20.9,69.6,----,----,0000.0000 N,00000.0000 W,0,0,T,S,V
2019-03-09 09:37:04,26.6,2336,0.15,20.9,69.6,----,----,0000.0000 N,00000.0000 W,0,0,T,S,V
2019-03-09 09:37:09,24.3,2296,0.13,20.9,69.6,----,----,3356.1995 S,15113.2862 E,5,1,T,S,V
2019-03-09 09:37:14,33.4,2452,0.20,20.9,69.6,----,----,3356.1972 S,15113.2845 E,5,1,T,S,V
2019-03-09 09:37:19,32.3,2436,0.20,20.9,69.6,----,----,3356.1946 S,15113.2697 E,5,1,T,S,V
2019-03-09 09:37:24,31.1,2419,0.22,20.9,69.6,----,----,3356.1936 S,15113.2649 E,5,1,T,S,V
2019-03-09 09:37:29,27.2,2342,0.13,20.9,69.6,----,----,3356.1958 S,15113.2881 E,6,1,T,S,V
2019-03-09 09:37:35,18.6,2192,0.14,20.9,69.6,----,----,3356.1967 S,15113.2916 E,6,1,T,S,V
2019-03-09 09:37:38,15.8,2141,0.05,20.8,69.5,----,----,3356.1972 S,15113.2927 E,6,1,T,S,V
2019-03-09 09:37:42,19.2,2204,0.04,20.8,69.5,----,----,3356.1980 S,15113.2926 E,6,1,T,S,V
2019-03-09 09:37:46,20.3,2225,0.08,20.8,69.5,----,----,3356.1982 S,15113.2932 E,6,1,T,S,V
2019-03-09 09:37:49,19.7,2218,0.12,20.8,69.5,----,----,3356.1987 S,15113.2945 E,6,1,T,S,V
2019-03-09 09:37:56,28.3,2367,0.18,20.8,69.5,----,----,3356.2007 S,15113.2992 E,6,1,T,S,V
2019-03-09 09:38:01,25.4,2319,0.18,20.8,69.5,----,----,3356.2018 S,15113.3122 E,8,1,T,S,V
2019-03-09 09:38:07,20.9,2238,0.13,20.8,69.5,----,----,3356.2023 S,15113.3134 E,8,1,T,S,V
2019-03-09 09:38:13,19.7,2218,0.07,20.8,69.5,----,----,3356.2042 S,15113.3144 E,8,1,T,S,V
2019-03-09 09:38:20,27.7,2352,0.23,20.8,69.5,----,----,3356.2056 S,15113.3163 E,8,1,T,S,V
2019-03-09 09:38:24,26.0,2325,0.12,20.8,69.5,----,----,3356.2070 S,15113.3174 E,9,1,T,S,V
2019-03-09 09:38:28,24.9,2301,0.13,20.8,69.5,----,----,3356.2074 S,15113.3175 E,9,1,T,S,V
2019-03-09 09:38:34,23.2,2276,0.10,20.8,69.5,----,----,3356.2068 S,15113.3191 E,9,1,T,S,V
2019-03-09 13:37:03,35.7,2490,0.16,24.9,76.8,----,----,0000.0000 N,00000.0000 W,0,0,T,S,V
2019-03-09 13:37:09,39.7,2568,0.08,24.9,76.8,----,----,0000.0000 N,00000.0000 W,0,0,T,S,V
2019-03-09 13:37:15,33.4,2455,0.10,24.8,76.7,----,----,0000.0000 N,00000.0000 W,0,0,T,S,V
2019-03-09 13:37:21,39.1,2551,0.25,24.8,76.7,----,----,0000.0000 N,00000.0000 W,0,0,T,S,V
2019-03-09 13:37:27,38.6,2543,0.18,24.8,76.7,----,----,3355.9050 S,15113.2708 E,3,1,T,S,V
2019-03-09 13:37:33,40.3,2575,0.17,24.8,76.7,----,----,3355.9024 S,15113.2678 E,3,1,T,S,V
2019-03-09 13:37:38,35.1,2480,0.10,24.8,76.7,----,----,3355.9011 S,15113.2666 E,4,1,T,S,V
2019-03-09 13:37:44,33.4,2457,0.15,24.8,76.6,----,----,3355.9004 S,15113.2631 E,3,1,T,S,V
2019-03-09 13:37:49,31.7,2425,0.17,24.7,76.6,----,----,3355.8999 S,15113.2611 E,4,1,T,S,V
2019-03-09 13:37:56,32.9,2449,0.18,24.7,76.6,----,----,3355.8964 S,15113.2616 E,5,1,T,S,V
2019-03-09 13:38:02,32.3,2433,0.14,24.7,76.5,----,----,3355.8948 S,15113.2622 E,6,1,T,S,V
2019-03-09 13:38:07,36.8,2510,0.17,24.7,76.5,----,----,3355.8931 S,15113.2639 E,6,1,T,S,V
2019-03-09 13:38:12,34.6,2474,0.11,24.7,76.5,----,----,3355.8917 S,15113.2637 E,6,1,T,S,V
2019-03-09 13:38:18,36.8,2513,0.18,24.7,76.5,----,----,3355.8900 S,15113.2633 E,6,1,T,S,V
2019-03-09 13:38:24,24.3,2293,0.05,24.7,76.5,----,----,3355.8878 S,15113.2650 E,6,1,T,S,V
2019-03-09 13:38:29,26.6,2338,0.15,24.7,76.5,----,----,3355.8871 S,15113.2660 E,6,1,T,S,V
2019-03-09 13:38:33,24.9,2303,0.10,24.7,76.5,----,----,3355.8871 S,15113.2661 E,6,1,T,S,V
2019-03-09 13:38:39,37.4,2524,0.16,24.7,76.5,----,----,3355.8860 S,15113.2669 E,6,1,T,S,V
2019-03-09 13:38:45,43.1,2629,0.33,24.7,76.5,----,----,3355.8846 S,15113.2691 E,6,1,T,S,V
2019-03-09 13:38:52,39.7,2563,0.16,24.7,76.5,----,----,3355.8820 S,15113.2706 E,6,1,T,S,V
2019-03-09 13:38:58,42.0,2604,0.17,24.7,76.5,----,----,3355.8801 S,15113.2715 E,6,1,T,S,V
2019-03-09 13:39:10,31.1,2410,0.08,24.7,76.5,----,----,3355.8774 S,15113.2744 E,7,1,T,S,V
2019-03-09 13:39:16,30.6,2407,0.06,24.7,76.4,----,----,3355.8778 S,15113.2763 E,6,1,T,S,V
2019-03-09 13:39:21,22.0,2255,0.02,24.7,76.4,----,----,3355.8797 S,15113.2772 E,6,1,T,S,V
2019-03-09 13:39:27,34.0,2462,0.13,24.7,76.4,----,----,3355.8811 S,15113.2776 E,8,1,T,S,V
2019-03-09 13:39:32,39.1,2555,0.18,24.6,76.4,----,----,3355.8826 S,15113.2773 E,8,1,T,S,V
2019-03-09 13:39:37,43.1,2629,0.16,24.6,76.4,----,----,3355.8835 S,15113.2764 E,8,1,T,S,V
2019-03-09 13:39:43,36.8,2514,0.07,24.6,76.3,----,----,3355.8847 S,15113.2755 E,8,1,T,S,V
2019-03-09 13:39:48,42.0,2602,0.19,24.6,76.3,----,----,3355.8861 S,15113.2743 E,8,1,T,S,V
2019-03-09 13:39:53,35.1,2487,0.12,24.6,76.3,----,----,3355.8873 S,15113.2756 E,7,1,T,S,V
2019-03-09 13:40:00,33.4,2454,0.10,24.5,76.2,----,----,3355.8900 S,15113.2777 E,7,1,T,S,V
2019-03-09 13:40:12,38.0,2535,0.16,24.5,76.2,----,----,3355.8904 S,15113.2730 E,8,1,T,S,V
2019-03-09 13:40:16,40.3,2578,0.19,24.5,76.1,----,----,3355.8901 S,15113.2722 E,8,1,T,S,V
2019-03-09 13:40:25,33.4,2457,0.16,24.5,76.1,----,----,3355.8929 S,15113.2695 E,9,1,T,S,V
2019-03-09 13:40:32,16.3,2157,0.03,24.5,76.1,----,----,3355.8951 S,15113.2693 E,9,1,T,S,V
2019-03-09 13:40:36,18.6,2196,0.07,24.5,76.1,----,----,3355.8961 S,15113.2692 E,8,1,T,S,V
2019-03-09 13:40:40,23.7,2282,0.07,24.5,76.1,----,----,3355.8962 S,15113.2695 E,9,1,T,S,V
2019-03-09 13:46:04,31.7,2426,0.15,24.2,75.7,----,----,0000.0000 N,00000.0000 W,0,0,T,S,V
2019-03-09 13:46:09,28.9,2375,0.24,24.2,75.7,----,----,0000.0000 N,00000.0000 W,0,0,T,S,V
2019-03-09 13:46:14,32.9,2440,0.21,24.2,75.6,----,----,0000.0000 N,00000.0000 W,0,0,T,S,V
2019-03-09 13:46:19,26.6,2331,0.14,24.2,75.6,----,----,0000.0000 N,00000.0000 W,0,0,T,S,V
2019-03-09 13:46:23,27.7,2359,0.05,24.2,75.6,----,----,0000.0000 N,00000.0000 W,0,0,T,S,V
2019-03-09 13:46:27,26.6,2330,0.12,24.2,75.6,----,----,0000.0000 N,00000.0000 W,0,0,T,S,V
2019-03-09 13:46:32,27.2,2341,0.16,24.2,75.6,----,----,0000.0000 N,00000.0000 W,0,0,T,S,V
2019-03-09 13:46:35,25.4,2319,0.16,24.2,75.6,----,----,0000.0000 N,00000.0000 W,0,0,T,S,V
2019-03-09 13:46:39,27.2,2346,0.19,24.2,75.6,----,----,0000.0000 N,00000.0000 W,0,0,T,S,V
2019-03-09 13:46:43,23.2,2273,0.10,24.2,75.6,----,----,0000.0000 N,00000.0000 W,0,0,T,S,V
2019-03-09 13:46:49,23.7,2280,0.14,24.2,75.5,----,----,0000.0000 N,00000.0000 W,0,0,T,S,V
2019-03-09 13:46:52,27.7,2353,0.22,24.2,75.5,----,----,0000.0000 N,00000.0000 W,0,0,T,S,V
2019-03-09 13:46:56,26.0,2321,0.18,24.2,75.5,----,----,0000.0000 N,00000.0000 W,0,0,T,S,V
2019-03-09 13:47:02,25.4,2317,0.14,24.2,75.5,----,----,0000.0000 N,00000.0000 W,0,0,T,S,V
2019-03-09 13:47:07,30.0,2392,0.17,24.2,75.5,----,----,0000.0000 N,00000.0000 W,0,0,T,S,V
2019-03-09 13:47:12,28.9,2370,0.14,24.2,75.5,----,----,0000.0000 N,00000.0000 W,0,0,T,S,V
2019-03-09 13:47:17,19.2,2200,0.09,24.2,75.5,----,----,0000.0000 N,00000.0000 W,0,0,T,S,V
2019-03-09 13:47:21,24.9,2301,0.24,24.2,75.5,----,----,0000.0000 N,00000.0000 W,0,0,T,S,V
2019-03-09 13:47:25,28.3,2360,0.25,24.2,75.5,----,----,0000.0000 N,00000.0000 W,0,0,T,S,V
2019-03-09 13:47:32,28.9,2379,0.09,24.2,75.5,----,----,3355.9528 S,15113.3808 E,5,1,T,S,V
2019-03-09 13:47:36,33.4,2455,0.11,24.2,75.6,----,----,3355.9529 S,15113.3814 E,5,1,T,S,V
2019-03-09 13:47:41,28.3,2362,0.15,24.2,75.5,----,----,3355.9536 S,15113.3811 E,5,1,T,S,V
2019-03-09 13:47:45,22.0,2252,0.09,24.2,75.5,----,----,3355.9539 S,15113.3838 E,5,1,T,S,V
2019-03-09 13:47:49,24.3,2290,0.16,24.2,75.6,----,----,3355.9534 S,15113.3870 E,4,1,T,S,V
2019-03-09 13:47:53,24.9,2302,0.21,24.2,75.6,----,----,3355.9539 S,15113.3890 E,4,1,T,S,V
2019-03-09 13:47:57,23.7,2289,0.15,24.2,75.6,----,----,3355.9552 S,15113.3906 E,5,1,T,S,V
2019-03-09 13:48:09,28.9,2370,0.23,24.2,75.6,----,----,3355.9553 S,15113.3818 E,7,1,T,S,V
2019-03-09 13:48:18,23.7,2281,0.20,24.2,75.6,----,----,3355.9576 S,15113.3844 E,8,1,T,S,V
2019-03-09 13:48:24,23.7,2286,0.13,24.2,75.6,----,----,3355.9606 S,15113.3863 E,9,1,T,S,V
2019-03-09 13:48:29,25.4,2316,0.15,24.2,75.6,----,----,3355.9610 S,15113.3848 E,9,1,T,S,V
2019-03-09 13:48:34,23.7,2288,0.12,24.2,75.6,----,----,3355.9621 S,15113.3850 E,9,1,T,S,V
2019-03-09 13:48:39,24.9,2309,0.15,24.2,75.7,----,----,3355.9632 S,15113.3859 E,8,1,T,S,V
2019-03-09 13:48:43,26.0,2329,0.14,24.2,75.7,----,----,3355.9628 S,15113.3864 E,9,1,T,S,V
2019-03-09 13:48:48,21.5,2242,0.09,24.2,75.7,----,----,3355.9617 S,15113.3874 E,9,1,T,S,V
2019-03-09 13:48:57,25.4,2314,0.15,24.3,75.7,----,----,3355.9600 S,15113.3863 E,9,1,T,S,V
2019-03-09 13:49:29,22.0,2257,0.11,24.3,75.7,----,----,3355.9589 S,15113.3871 E,10,1,T,S,V
2019-03-09 13:49:34,21.5,2244,0.07,24.3,75.7,----,----,3355.9584 S,15113.3869 E,10,1,T,S,V
2019-03-09 13:49:39,26.6,2336,0.13,24.3,75.7,----,----,3355.9580 S,15113.3866 E,10,1,T,S,V
2019-03-09 13:49:43,29.4,2383,0.21,24.3,75.8,----,----,3355.9576 S,15113.3871 E,10,1,T,S,V
2019-03-09 13:49:46,22.6,2269,0.18,24.3,75.8,----,----,3355.9568 S,15113.3875 E,10,1,T,S,V
2019-03-09 13:49:50,23.7,2281,0.15,24.3,75.8,----,----,3355.9554 S,15113.3878 E,10,1,T,S,V
2019-03-09 13:49:54,24.3,2299,0.13,24.3,75.8,----,----,3355.9549 S,15113.3882 E,10,1,T,S,V
2019-03-09 13:50:01,23.7,2280,0.14,24.3,75.8,----,----,3355.9560 S,15113.3896 E,10,1,T,S,V
2019-03-09 13:50:07,26.0,2325,0.14,24.3,75.8,----,----,3355.9572 S,15113.3900 E,10,1,T,S,V
2019-03-09 13:50:12,33.4,2455,0.24,24.3,75.9,----,----,3355.9585 S,15113.3901 E,10,1,T,S,V
2019-03-09 13:50:15,30.0,2392,0.15,24.3,75.9,----,----,3355.9590 S,15113.3906 E,10,1,T,S,V
2019-03-09 13:50:21,27.2,2340,0.13,24.3,75.9,----,----,3355.9579 S,15113.3928 E,10,1,T,S,V
2019-03-09 13:50:27,31.1,2413,0.17,24.4,75.9,----,----,3355.9577 S,15113.3931 E,10,1,T,S,V
2019-03-09 13:50:34,23.2,2271,0.16,24.4,75.9,----,----,3355.9566 S,15113.3946 E,10,1,T,S,V
2019-03-09 13:50:38,28.3,2360,0.21,24.4,75.9,----,----,3355.9560 S,15113.3955 E,10,1,T,S,V
2019-03-09 13:50:44,33.4,2455,0.23,24.4,76.0,----,----,3355.9554 S,15113.3963 E,10,1,T,S,V
2019-03-09 13:50:55,25.4,2311,0.20,24.4,76.0,----,----,3355.9523 S,15113.3955 E,10,1,T,S,V
2019-03-09 13:51:00,24.3,2299,0.15,24.5,76.1,----,----,3355.9505 S,15113.3944 E,10,1,T,S,V
2019-03-09 13:51:07,22.0,2257,0.15,24.5,76.1,----,----,3355.9487 S,15113.3956 E,10,1,T,S,V
2019-03-09 13:51:12,22.6,2262,0.12,24.5,76.1,----,----,3355.9494 S,15113.3969 E,10,1,T,S,V
2019-03-09 13:51:18,27.7,2358,0.07,24.5,76.2,----,----,3355.9475 S,15113.3979 E,10,1,T,S,V
2019-03-09 13:51:23,24.9,2309,0.11,24.5,76.2,----,----,3355.9463 S,15113.3968 E,10,1,T,S,V
2019-03-09 13:51:30,25.4,2312,0.16,24.5,76.2,----,----,3355.9467 S,15113.3945 E,10,1,T,S,V
2019-03-09 13:54:33,31.1,2416,0.18,24.9,76.9,----,----,0000.0000 N,00000.0000 W,0,0,T,S,V
2019-03-09 13:54:38,27.2,2344,0.14,24.9,76.9,----,----,0000.0000 N,00000.0000 W,0,0,T,S,V
2019-03-09 13:54:43,24.3,2299,0.10,24.9,76.9,----,----,0000.0000 N,00000.0000 W,0,0,T,S,V
2019-03-09 13:54:48,27.2,2347,0.10,24.9,76.9,----,----,0000.0000 N,00000.0000 W,0,0,T,S,V
2019-03-09 13:54:52,23.7,2281,0.12,24.9,76.9,----,----,0000.0000 N,00000.0000 W,0,0,T,S,V
2019-03-09 13:54:57,28.3,2361,0.27,24.9,76.9,----,----,0000.0000 N,00000.0000 W,0,0,T,S,V
2019-03-09 13:55:02,21.5,2245,0.08,24.9,76.9,----,----,0000.0000 N,00000.0000 W,0,0,T,S,V
2019-03-09 13:55:07,20.9,2237,0.19,24.9,76.9,----,----,0000.0000 N,00000.0000 W,0,0,T,S,V
2019-03-09 13:55:13,22.6,2264,0.14,24.9,76.9,----,----,0000.0000 N,00000.0000 W,0,0,T,S,V
2019-03-09 13:55:18,27.7,2359,0.24,24.9,76.9,----,----,0000.0000 N,00000.0000 W,0,0,T,S,V
2019-03-09 13:55:23,34.0,2464,0.12,24.9,76.9,----,----,0000.0000 N,00000.0000 W,0,0,T,S,V
2019-03-09 13:55:41,32.9,2448,0.27,24.9,76.9,----,----,0000.0000 N,00000.0000 W,0,0,T,S,V
2019-03-09 13:55:45,31.7,2422,0.24,24.9,76.9,----,----,0000.0000 N,00000.0000 W,0,0,T,S,V
2019-03-09 13:55:51,24.9,2308,0.15,24.9,76.9,----,----,0000.0000 N,00000.0000 W,0,0,T,S,V
2019-03-09 13:55:56,21.5,2247,0.09,24.9,76.8,----,----,0000.0000 N,00000.0000 W,0,0,T,S,V
2019-03-09 13:55:59,26.0,2320,0.16,24.9,76.9,----,----,0000.0000 N,00000.0000 W,0,0,T,S,V
2019-03-09 13:56:04,30.6,2401,0.20,24.9,76.8,----,----,3355.9712 S,15113.4150 E,7,1,T,S,V
2019-03-09 13:56:09,24.9,2305,0.20,24.9,76.8,----,----,3355.9704 S,15113.4134 E,6,1,T,S,V
2019-03-09 13:56:15,27.2,2342,0.17,24.9,76.8,----,----,3355.9701 S,15113.4119 E,7,1,T,S,V
2019-03-09 13:56:21,36.8,2515,0.04,24.9,76.8,----,----,3355.9708 S,15113.4102 E,6,1,T,S,V
2019-03-09 13:56:25,22.0,2253,0.00,24.9,76.8,----,----,3355.9717 S,15113.4120 E,6,1,T,S,V
2019-03-09 13:56:29,30.0,2395,0.13,24.9,76.8,----,----,3355.9749 S,15113.4145 E,7,1,T,S,V
2019-03-09 13:56:35,24.3,2299,0.20,24.9,76.8,----,----,3355.9748 S,15113.4129 E,8,1,T,S,V
2019-03-09 13:56:40,26.6,2335,0.15,24.9,76.8,----,----,3355.9758 S,15113.4125 E,8,1,T,S,V
2019-03-09 13:56:45,26.0,2326,0.13,24.9,76.8,----,----,3355.9775 S,15113.4126 E,7,1,T,S,V
2019-03-09 13:56:50,27.2,2342,0.12,24.9,76.8,----,----,3355.9788 S,15113.4125 E,9,1,T,S,V
2019-03-09 13:56:56,24.9,2306,0.11,24.9,76.8,----,----,3355.9799 S,15113.4110 E,9,1,T,S,V
2019-03-09 13:57:10,30.0,2391,0.27,24.8,76.7,----,----,3355.9806 S,15113.4108 E,9,1,T,S,V
2019-03-09 13:57:15,26.6,2337,0.15,24.8,76.7,----,----,3355.9799 S,15113.4101 E,9,1,T,S,V
2019-03-09 13:57:30,25.4,2319,0.18,24.8,76.7,----,----,3355.9783 S,15113.4094 E,9,1,T,S,V
2019-03-09 13:57:36,18.0,2184,0.11,24.8,76.7,----,----,3355.9767 S,15113.4081 E,9,1,T,S,V
2019-03-09 13:57:40,19.7,2215,0.00,24.8,76.7,----,----,3355.9759 S,15113.4079 E,9,1,T,S,V
2019-03-09 13:57:43,27.2,2341,0.14,24.8,76.7,----,----,3355.9758 S,15113.4080 E,9,1,T,S,V
2019-03-09 14:02:08,22.6,2260,0.17,24.6,76.3,----,----,0000.0000 N,00000.0000 W,0,0,T,S,V
2019-03-09 14:02:12,23.2,2278,0.09,24.6,76.3,----,----,0000.0000 N,00000.0000 W,0,0,T,S,V
2019-03-09 14:02:19,23.7,2281,0.11,24.5,76.2,----,----,0000.0000 N,00000.0000 W,0,0,T,S,V
2019-03-09 14:02:22,17.5,2172,0.03,24.5,76.2,----,----,0000.0000 N,00000.0000 W,0,0,T,S,V
2019-03-09 14:02:26,20.3,2229,0.07,24.5,76.2,----,----,0000.0000 N,00000.0000 W,0,0,T,S,V
2019-03-09 14:02:30,28.3,2363,0.18,24.5,76.1,----,----,0000.0000 N,00000.0000 W,0,0,T,S,V
2019-03-09 14:02:34,27.2,2341,0.13,24.5,76.1,----,----,0000.0000 N,00000.0000 W,0,0,T,S,V
2019-03-09 14:02:40,18.6,2194,0.13,24.5,76.1,----,----,0000.0000 N,00000.0000 W,0,0,T,S,V
2019-03-09 14:02:44,27.2,2341,0.16,24.5,76.1,----,----,0000.0000 N,00000.0000 W,0,0,T,S,V
2019-03-09 14:02:48,28.3,2362,0.14,24.5,76.1,----,----,0000.0000 N,00000.0000 W,0,0,T,S,V
2019-03-09 14:02:53,23.7,2287,0.13,24.5,76.1,----,----,0000.0000 N,00000.0000 W,0,0,T,S,V
2019-03-09 14:02:58,23.2,2278,0.12,24.4,76.0,----,----,0000.0000 N,00000.0000 W,0,0,T,S,V
2019-03-09 14:03:04,24.3,2297,0.14,24.4,76.0,----,----,0000.0000 N,00000.0000 W,0,0,T,S,V
2019-03-09 14:03:10,23.7,2288,0.19,24.4,76.0,----,----,0000.0000 N,00000.0000 W,0,0,T,S,V
2019-03-09 14:03:14,24.3,2294,0.14,24.4,75.9,----,----,0000.0000 N,00000.0000 W,0,0,T,S,V
2019-03-09 14:03:20,30.6,2408,0.19,24.4,75.9,----,----,0000.0000 N,00000.0000 W,0,0,T,S,V
2019-03-09 14:03:26,28.3,2363,0.19,24.4,75.9,----,----,0000.0000 N,00000.0000 W,0,0,T,S,V
2019-03-09 14:03:32,20.9,2230,0.09,24.4,75.9,----,----,0000.0000 N,00000.0000 W,0,0,T,S,V
2019-03-09 14:04:02,22.6,2263,0.16,24.3,75.8,----,----,3356.0011 S,15113.4603 E,5,1,T,S,V
2019-03-09 14:04:07,25.4,2312,0.16,24.3,75.8,----,----,3355.9997 S,15113.4616 E,5,1,T,S,V
2019-03-09 14:04:12,27.2,2347,0.14,24.3,75.8,----,----,3355.9977 S,15113.4631 E,5,1,T,S,V
2019-03-09 14:04:18,31.7,2423,0.17,24.3,75.7,----,----,3355.9972 S,15113.4650 E,5,1,T,S,V
2019-03-09 14:05:26,26.6,2337,0.19,24.2,75.6,----,----,3355.9993 S,15113.4640 E,10,1,T,S,V
2019-03-09 14:05:33,26.0,2328,0.14,24.2,75.5,----,----,3356.0021 S,15113.4624 E,10,1,T,S,V
2019-03-09 14:07:22,28.9,2377,0.15,24.1,75.4,----,----,3356.0032 S,15113.4624 E,11,2,T,S,V
2019-03-09 14:07:27,29.4,2381,0.17,24.1,75.4,----,----,3356.0040 S,15113.4637 E,11,2,T,S,V
2019-03-09 14:07:31,29.4,2384,0.24,24.1,75.4,----,----,3356.0042 S,15113.4643 E,11,2,T,S,V
2019-03-09 14:07:35,27.7,2359,0.17,24.1,75.3,----,----,3356.0044 S,15113.4652 E,11,2,T,S,V
2019-03-09 14:07:38,32.3,2431,0.20,24.1,75.3,----,----,3356.0042 S,15113.4658 E,11,2,T,S,V
2019-03-09 14:07:42,30.0,2392,0.13,24.1,75.3,----,----,3356.0033 S,15113.4668 E,11,2,T,S,V
2019-03-09 14:07:47,28.9,2370,0.18,24.1,75.3,----,----,3356.0025 S,15113.4685 E,11,2,T,S,V
2019-03-09 14:07:52,29.4,2385,0.20,24.1,75.3,----,----,3356.0033 S,15113.4689 E,11,2,T,S,V
2019-03-09 14:08:06,29.4,2385,0.11,24.0,75.3,----,----,3356.0094 S,15113.4661 E,11,2,T,S,V
2019-03-09 14:08:10,23.7,2288,0.15,24.0,75.3,----,----,3356.0089 S,15113.4660 E,11,2,T,S,V
2019-03-09 14:08:15,22.6,2264,0.15,24.0,75.3,----,----,3356.0095 S,15113.4651 E,11,2,T,S,V
2019-03-09 14:08:20,30.6,2401,0.15,24.0,75.3,----,----,3356.0110 S,15113.4649 E,11,2,T,S,V
2019-03-09 14:08:24,31.1,2415,0.18,24.0,75.3,----,----,3356.0111 S,15113.4634 E,11,2,T,S,V
2019-03-09 14:08:30,27.2,2341,0.12,24.0,75.3,----,----,3356.0126 S,15113.4617 E,11,2,T,S,V
2019-03-09 14:08:35,23.7,2285,0.14,24.0,75.3,----,----,3356.0128 S,15113.4614 E,12,2,T,S,V
2019-03-09 14:12:35,36.8,2510,0.30,24.1,75.4,----,----,0000.0000 N,00000.0000 W,0,0,T,S,V
2019-03-09 14:12:41,28.9,2374,0.15,24.1,75.4,----,----,0000.0000 N,00000.0000 W,0,0,T,S,V
2019-03-09 14:12:45,26.0,2329,0.17,24.1,75.4,----,----,0000.0000 N,00000.0000 W,0,0,T,S,V
2019-03-09 14:12:49,22.6,2263,0.13,24.1,75.4,----,----,0000.0000 N,00000.0000 W,0,0,T,S,V
2019-03-09 14:12:55,24.9,2309,0.09,24.1,75.4,----,----,0000.0000 N,00000.0000 W,0,0,T,S,V
2019-03-09 14:13:00,19.2,2203,0.00,24.1,75.4,----,----,0000.0000 N,00000.0000 W,0,0,T,S,V
2019-03-09 14:13:04,22.6,2261,0.11,24.1,75.4,----,----,0000.0000 N,00000.0000 W,0,0,T,S,V
2019-03-09 14:13:08,21.5,2244,0.11,24.1,75.4,----,----,0000.0000 N,00000.0000 W,0,0,T,S,V
2019-03-09 14:13:12,22.0,2254,0.19,24.1,75.3,----,----,0000.0000 N,00000.0000 W,0,0,T,S,V
2019-03-09 14:13:15,18.6,2192,0.08,24.1,75.3,----,----,0000.0000 N,00000.0000 W,0,0,T,S,V
2019-03-09 14:13:19,22.0,2253,0.09,24.1,75.4,----,----,0000.0000 N,00000.0000 W,0,0,T,S,V
2019-03-09 14:13:23,24.9,2301,0.10,24.1,75.4,----,----,0000.0000 N,00000.0000 W,0,0,T,S,V
2019-03-09 14:13:29,30.6,2409,0.21,24.1,75.4,----,----,0000.0000 N,00000.0000 W,0,0,T,S,V
2019-03-09 14:13:33,17.5,2173,0.06,24.1,75.4,----,----,0000.0000 N,00000.0000 W,0,0,T,S,V
2019-03-09 14:13:37,23.7,2281,0.12,24.1,75.4,----,----,0000.0000 N,00000.0000 W,0,0,T,S,V
2019-03-09 14:13:41,29.4,2382,0.18,24.1,75.4,----,----,0000.0000 N,00000.0000 W,0,0,T,S,V
2019-03-09 14:13:46,39.7,2568,0.25,24.1,75.4,----,----,0000.0000 N,00000.0000 W,0,0,T,S,V
2019-03-09 14:13:53,29.4,2382,0.16,24.1,75.4,----,----,0000.0000 N,00000.0000 W,0,0,T,S,V
2019-03-09 14:13:57,27.2,2344,0.17,24.1,75.3,----,----,0000.0000 N,00000.0000 W,0,0,T,S,V
2019-03-09 14:14:00,23.7,2284,0.15,24.1,75.3,----,----,0000.0000 N,00000.0000 W,0,0,T,S,V
2019-03-09 14:14:04,26.0,2325,0.14,24.1,75.3,----,----,0000.0000 N,00000.0000 W,0,0,T,S,V
2019-03-09 14:14:09,19.7,2215,0.07,24.1,75.3,----,----,0000.0000 N,00000.0000 W,0,0,T,S,V
2019-03-09 14:14:15,31.1,2413,0.15,24.1,75.3,----,----,0000.0000 N,00000.0000 W,0,0,T,S,V
2019-03-09 14:14:20,26.6,2333,0.16,24.1,75.3,----,----,0000.0000 N,00000.0000 W,0,0,T,S,V
2019-03-09 14:14:25,32.9,2447,0.30,24.0,75.3,----,----,0000.0000 N,00000.0000 W,0,0,T,S,V
2019-03-09 14:14:30,31.7,2426,0.14,24.0,75.3,----,----,0000.0000 N,00000.0000 W,0,0,T,S,V
2019-03-09 14:14:35,21.5,2240,0.08,24.0,75.3,----,----,0000.0000 N,00000.0000 W,0,0,T,S,V
2019-03-09 14:14:40,30.6,2407,0.20,24.1,75.3,----,----,0000.0000 N,00000.0000 W,0,0,T,S,V
2019-03-09 14:14:44,24.3,2294,0.15,24.0,75.3,----,----,0000.0000 N,00000.0000 W,0,0,T,S,V
2019-03-09 14:14:50,38.6,2541,0.30,24.1,75.3,----,----,3924.9236 S,14805.3145 E,3,1,T,S,V
2019-03-09 14:15:32,23.2,2279,0.12,24.1,75.4,----,----,0000.0000 N,00000.0000 W,0,0,T,S,V
2019-03-09 14:15:37,26.6,2331,0.08,24.1,75.4,----,----,0000.0000 N,00000.0000 W,0,0,T,S,V
2019-03-09 14:15:43,24.9,2303,0.13,24.1,75.4,----,----,0000.0000 N,00000.0000 W,0,0,T,S,V
2019-03-09 14:16:26,19.2,2206,0.02,24.1,75.5,----,----,3356.0394 S,15113.3165 E,5,1,T,S,V
2019-03-09 14:16:30,22.6,2262,0.07,24.1,75.5,----,----,3356.0400 S,15113.3166 E,5,1,T,S,V
2019-03-09 14:16:34,26.0,2325,0.13,24.1,75.5,----,----,3356.0403 S,15113.3183 E,6,1,T,S,V
2019-03-09 14:16:38,26.0,2321,0.15,24.1,75.5,----,----,3356.0405 S,15113.3200 E,6,1,T,S,V
2019-03-09 14:16:43,24.3,2290,0.14,24.1,75.5,----,----,3356.0403 S,15113.3209 E,6,1,T,S,V
2019-03-09 14:16:58,24.3,2294,0.17,24.1,75.5,----,----,3356.0400 S,15113.3220 E,6,1,T,S,V
2019-03-09 14:17:03,23.7,2282,0.10,24.1,75.5,----,----,3356.0382 S,15113.3248 E,6,1,T,S,V
2019-03-09 14:24:12,26.0,2325,0.25,24.6,76.4,----,----,0000.0000 N,00000.0000 W,0,0,T,S,V
2019-03-09 14:24:18,26.6,2330,0.08,24.6,76.4,----,----,0000.0000 N,00000.0000 W,0,0,T,S,V
2019-03-09 14:24:23,21.5,2246,0.05,24.6,76.3,----,----,0000.0000 N,00000.0000 W,0,0,T,S,V
2019-03-09 14:24:28,20.3,2224,0.07,24.6,76.3,----,----,0000.0000 N,00000.0000 W,0,0,T,S,V
2019-03-09 14:24:32,20.9,2233,0.18,24.6,76.3,----,----,0000.0000 N,00000.0000 W,0,0,T,S,V
2019-03-09 14:24:36,18.6,2198,0.05,24.6,76.3,----,----,0000.0000 N,00000.0000 W,0,0,T,S,V
2019-03-09 14:24:40,20.3,2226,0.04,24.6,76.4,----,----,0000.0000 N,00000.0000 W,0,0,T,S,V
2019-03-09 14:24:45,30.6,2409,0.30,24.6,76.4,----,----,0000.0000 N,00000.0000 W,0,0,T,S,V
2019-03-09 14:24:51,17.5,2179,0.07,24.6,76.4,----,----,0000.0000 N,00000.0000 W,0,0,T,S,V
2019-03-09 14:24:54,16.9,2160,0.03,24.6,76.4,----,----,0000.0000 N,00000.0000 W,0,0,T,S,V
2019-03-09 14:24:58,23.7,2289,0.08,24.6,76.4,----,----,0000.0000 N,00000.0000 W,0,0,T,S,V
2019-03-09 14:25:04,18.6,2199,0.00,24.6,76.4,----,----,0000.0000 N,00000.0000 W,0,0,T,S,V
2019-03-09 14:25:08,21.5,2247,0.12,24.6,76.4,----,----,0000.0000 N,00000.0000 W,0,0,T,S,V
2019-03-09 14:25:12,23.7,2284,0.13,24.6,76.4,----,----,0000.0000 N,00000.0000 W,0,0,T,S,V
2019-03-09 14:25:19,22.6,2266,0.11,24.6,76.4,----,----,0000.0000 N,00000.0000 W,0,0,T,S,V
2019-03-09 14:25:24,22.0,2254,0.20,24.6,76.4,----,----,0000.0000 N,00000.0000 W,0,0,T,S,V
2019-03-09 14:25:28,26.0,2328,0.19,24.6,76.4,----,----,0000.0000 N,00000.0000 W,0,0,T,S,V
2019-03-09 14:25:32,25.4,2312,0.16,24.7,76.4,----,----,0000.0000 N,00000.0000 W,0,0,T,S,V
2019-03-09 14:25:38,17.5,2172,0.00,24.7,76.4,----,----,3356.1699 S,15113.3165 E,5,1,T,S,V
2019-03-09 14:25:44,23.7,2288,0.16,24.7,76.5,----,----,3356.1699 S,15113.3232 E,5,1,T,S,V
2019-03-09 14:25:48,28.9,2374,0.20,24.7,76.5,----,----,3356.1693 S,15113.3255 E,4,1,T,S,V
2019-03-09 14:25:53,28.9,2374,0.17,24.7,76.5,----,----,3356.1683 S,15113.3227 E,5,1,T,S,V
2019-03-09 14:25:59,28.3,2361,0.11,24.7,76.5,----,----,3356.1669 S,15113.3208 E,5,1,T,S,V
2019-03-09 14:26:04,27.7,2353,0.12,24.7,76.5,----,----,3356.1661 S,15113.3210 E,5,1,T,S,V
2019-03-09 14:26:09,28.9,2370,0.20,24.7,76.5,----,----,3356.1652 S,15113.3173 E,5,1,T,S,V
2019-03-09 14:26:14,34.0,2460,0.29,24.7,76.5,----,----,3356.1643 S,15113.3163 E,5,1,T,S,V
2019-03-09 14:26:20,26.6,2334,0.15,24.7,76.5,----,----,3356.1638 S,15113.3178 E,5,1,T,S,V
2019-03-09 14:26:25,23.2,2276,0.05,24.7,76.6,----,----,3356.1648 S,15113.3178 E,5,1,T,S,V
2019-03-09 14:26:33,24.3,2295,0.11,24.7,76.6,----,----,3356.1640 S,15113.3172 E,5,1,T,S,V
2019-03-09 14:26:38,23.7,2287,0.09,24.7,76.6,----,----,3356.1630 S,15113.3165 E,5,1,T,S,V
2019-03-09 14:26:42,25.4,2311,0.16,24.7,76.6,----,----,3356.1645 S,15113.3174 E,6,1,T,S,V
2019-03-09 14:26:47,23.2,2279,0.09,24.8,76.6,----,----,3356.1639 S,15113.3176 E,6,1,T,S,V
2019-03-09 14:26:53,28.3,2361,0.17,24.8,76.6,----,----,3356.1599 S,15113.3137 E,8,1,T,S,V
2019-03-09 14:26:58,28.9,2375,0.20,24.8,76.6,----,----,3356.1585 S,15113.3142 E,9,1,T,S,V
2019-03-09 14:32:13,16.3,2151,0.00,25.4,77.7,----,----,0000.0000 N,00000.0000 W,0,0,T,S,V
2019-03-09 14:32:18,24.3,2297,0.13,25.4,77.7,----,----,0000.0000 N,00000.0000 W,0,0,T,S,V
2019-03-09 14:32:24,32.3,2432,0.18,25.4,77.7,----,----,0000.0000 N,00000.0000 W,0,0,T,S,V
2019-03-09 14:32:29,21.5,2245,0.10,25.4,77.7,----,----,0000.0000 N,00000.0000 W,0,0,T,S,V
2019-03-09 14:32:35,14.8,2128,0.02,25.4,77.7,----,----,0000.0000 N,00000.0000 W,0,0,T,S,V
2019-03-09 14:32:39,22.6,2264,0.12,25.4,77.7,----,----,0000.0000 N,00000.0000 W,0,0,T,S,V
2019-03-09 14:32:42,20.3,2222,0.07,25.4,77.7,----,----,0000.0000 N,00000.0000 W,0,0,T,S,V
2019-03-09 14:32:46,18.0,2189,0.07,25.4,77.7,----,----,0000.0000 N,00000.0000 W,0,0,T,S,V
2019-03-09 14:32:50,19.2,2204,0.03,25.4,77.7,----,----,0000.0000 N,00000.0000 W,0,0,T,S,V
2019-03-09 14:32:56,35.7,2491,0.26,25.4,77.7,----,----,0000.0000 N,00000.0000 W,0,0,T,S,V
2019-03-09 14:33:02,20.9,2231,0.12,25.4,77.8,----,----,3356.1525 S,15113.2188 E,5,1,T,S,V
2019-03-09 14:33:06,16.9,2166,0.07,25.4,77.7,----,----,3356.1502 S,15113.2186 E,5,1,T,S,V
2019-03-09 14:33:28,24.9,2306,0.16,25.4,77.7,----,----,3356.1433 S,15113.2167 E,6,1,T,S,V
2019-03-09 14:33:33,28.9,2376,0.13,25.4,77.7,----,----,3356.1427 S,15113.2185 E,6,1,T,S,V
2019-03-09 14:33:38,23.2,2278,0.09,25.4,77.7,----,----,3356.1417 S,15113.2204 E,6,1,T,S,V
2019-03-09 14:33:44,29.4,2381,0.16,25.4,77.7,----,----,3356.1398 S,15113.2204 E,6,1,T,S,V
2019-03-09 14:33:50,28.9,2376,0.12,25.4,77.7,----,----,3356.1384 S,15113.2183 E,6,1,T,S,V
2019-03-09 14:33:54,31.1,2418,0.19,25.4,77.7,----,----,3356.1386 S,15113.2174 E,6,1,T,S,V
2019-03-09 14:34:01,23.7,2280,0.06,25.4,77.7,----,----,3356.1378 S,15113.2160 E,7,1,T,S,V
2019-03-09 14:34:08,25.4,2310,0.19,25.4,77.7,----,----,3356.1343 S,15113.2149 E,7,1,T,S,V
2019-03-09 14:34:14,28.3,2366,0.17,25.4,77.7,----,----,3356.1319 S,15113.2163 E,7,1,T,S,V
2019-03-09 14:34:31,22.6,2263,0.07,25.4,77.7,----,----,3356.1307 S,15113.2167 E,8,1,T,S,V
2019-03-09 14:34:37,23.2,2279,0.08,25.4,77.7,----,----,3356.1302 S,15113.2178 E,8,1,T,S,V
2019-03-09 14:34:42,33.4,2456,0.15,25.4,77.8,----,----,3356.1277 S,15113.2175 E,8,1,T,S,V
2019-03-09 14:34:48,29.4,2383,0.19,25.4,77.7,----,----,3356.1274 S,15113.2195 E,8,1,T,S,V
2019-03-09 14:34:53,36.8,2511,0.28,25.4,77.8,----,----,3356.1284 S,15113.2179 E,9,1,T,S,V
2019-03-09 14:37:02,30.6,2409,0.18,25.4,77.7,----,----,3356.1334 S,15113.2209 E,12,1,T,S,V
2019-03-09 14:37:22,36.3,2500,0.28,25.4,77.7,----,----,3356.1357 S,15113.2213 E,12,1,T,S,V
2019-03-09 14:37:28,36.8,2516,0.24,25.4,77.7,----,----,3356.1365 S,15113.2227 E,12,1,T,S,V
2019-03-09 14:37:33,31.1,2418,0.11,25.3,77.6,----,----,3356.1368 S,15113.2242 E,12,1,T,S,V
2019-03-09 14:37:37,39.1,2559,0.25,25.3,77.6,----,----,3356.1360 S,15113.2249 E,12,1,T,S,V
2019-03-09 14:37:43,20.9,2238,0.06,25.3,77.6,----,----,3356.1349 S,15113.2261 E,12,1,T,S,V
2019-03-09 14:37:48,21.5,2248,0.09,25.3,77.6,----,----,3356.1335 S,15113.2273 E,12,1,T,S,V
2019-03-09 14:37:53,22.6,2268,0.08,25.3,77.6,----,----,3356.1327 S,15113.2285 E,12,1,T,S,V
2019-03-09 14:37:58,21.5,2245,0.09,25.3,77.6,----,----,3356.1321 S,15113.2299 E,12,1,T,S,V
2019-03-09 14:38:03,28.3,2369,0.20,25.3,77.6,----,----,3356.1316 S,15113.2302 E,12,1,T,S,V
2019-03-09 14:38:08,25.4,2313,0.11,25.3,77.6,----,----,3356.1309 S,15113.2315 E,12,1,T,S,V
2019-03-09 14:38:14,29.4,2387,0.14,25.3,77.6,----,----,3356.1312 S,15113.2323 E,12,1,T,S,V
2019-03-09 14:38:20,35.7,2496,0.13,25.3,77.6,----,----,3356.1327 S,15113.2332 E,12,1,T,S,V
2019-03-09 14:38:27,36.8,2510,0.07,25.3,77.5,----,----,3356.1349 S,15113.2336 E,12,1,T,S,V
2019-03-09 14:38:32,38.0,2535,0.16,25.3,77.5,----,----,3356.1355 S,15113.2329 E,12,1,T,S,V
2019-03-09 14:38:41,32.3,2432,0.14,25.3,77.5,----,----,3356.1352 S,15113.2305 E,12,1,T,S,V
2019-03-09 14:38:47,34.6,2471,0.23,25.3,77.5,----,----,3356.1359 S,15113.2275 E,12,1,T,S,V
2019-03-09 14:38:52,34.6,2478,0.21,25.2,77.5,----,----,3356.1373 S,15113.2283 E,12,1,T,S,V
2019-03-09 14:38:58,28.3,2363,0.12,25.2,77.5,----,----,3356.1388 S,15113.2281 E,12,1,T,S,V
2019-03-09 14:39:03,23.2,2273,0.12,25.2,77.5,----,----,3356.1386 S,15113.2271 E,12,1,T,S,V
2019-03-09 14:39:08,21.5,2241,0.16,25.2,77.5,----,----,3356.1385 S,15113.2260 E,12,1,T,S,V
2019-03-09 14:39:16,27.2,2340,0.18,25.2,77.5,----,----,3356.1412 S,15113.2260 E,12,1,T,S,V
2019-03-09 14:39:20,27.7,2359,0.12,25.2,77.4,----,----,3356.1415 S,15113.2265 E,12,1,T,S,V
2019-03-09 14:39:26,16.3,2152,0.07,25.2,77.4,----,----,3356.1434 S,15113.2265 E,12,1,T,S,V
2019-03-09 14:39:30,14.8,2121,0.02,25.2,77.4,----,----,3356.1440 S,15113.2260 E,12,1,T,S,V
2019-03-09 14:39:34,10.9,2083,0.00,25.2,77.4,----,----,3356.1448 S,15113.2253 E,12,1,T,S,V
2019-03-09 14:39:37,10.9,2087,0.03,25.2,77.4,----,----,3356.1452 S,15113.2248 E,12,1,T,S,V
2019-03-09 14:45:12,28.9,2370,0.16,25.1,77.2,----,----,0000.0000 N,00000.0000 W,0,0,T,S,V
2019-03-09 14:45:18,25.4,2316,0.19,25.1,77.2,----,----,0000.0000 N,00000.0000 W,0,0,T,S,V
2019-03-09 14:45:23,26.6,2331,0.11,25.0,77.1,----,----,0000.0000 N,00000.0000 W,0,0,T,S,V
2019-03-09 14:45:28,26.6,2337,0.15,25.0,77.1,----,----,0000.0000 N,00000.0000 W,0,0,T,S,V
2019-03-09 14:45:32,28.3,2366,0.13,25.0,77.0,----,----,0000.0000 N,00000.0000 W,0,0,T,S,V
2019-03-09 14:45:38,25.4,2311,0.15,25.0,77.0,----,----,0000.0000 N,00000.0000 W,0,0,T,S,V
2019-03-09 14:45:44,20.9,2238,0.12,25.0,77.0,----,----,0000.0000 N,00000.0000 W,0,0,T,S,V
2019-03-09 14:45:49,14.8,2128,0.00,25.0,77.0,----,----,0000.0000 N,00000.0000 W,0,0,T,S,V
2019-03-09 14:45:53,16.3,2153,0.02,24.9,76.9,----,----,0000.0000 N,00000.0000 W,0,0,T,S,V
2019-03-09 14:45:57,15.2,2137,0.00,24.9,76.9,----,----,0000.0000 N,00000.0000 W,0,0,T,S,V
2019-03-09 14:46:05,28.3,2362,0.11,24.9,76.9,----,----,0000.0000 N,00000.0000 W,0,0,T,S,V
2019-03-09 14:46:12,39.7,2561,0.34,24.9,76.8,----,----,0000.0000 N,00000.0000 W,0,0,T,S,V
2019-03-09 14:46:17,30.6,2404,0.15,24.9,76.8,----,----,0000.0000 N,00000.0000 W,0,0,T,S,V
2019-03-09 14:46:24,36.3,2507,0.16,24.9,76.8,----,----,0000.0000 N,00000.0000 W,0,0,T,S,V
2019-03-09 14:46:30,29.4,2387,0.12,24.9,76.8,----,----,0000.0000 N,00000.0000 W,0,0,T,S,V
2019-03-09 14:46:36,27.7,2359,0.18,24.8,76.7,----,----,0000.0000 N,00000.0000 W,0,0,T,S,V
2019-03-09 14:46:42,27.2,2344,0.16,24.8,76.7,----,----,0000.0000 N,00000.0000 W,0,0,T,S,V
2019-03-09 14:46:47,26.0,2321,0.13,24.8,76.7,----,----,0000.0000 N,00000.0000 W,0,0,T,S,V
2019-03-09 14:46:50,26.6,2331,0.16,24.8,76.7,----,----,0000.0000 N,00000.0000 W,0,0,T,S,V
2019-03-09 14:46:55,26.0,2327,0.16,24.8,76.7,----,----,0000.0000 N,00000.0000 W,0,0,T,S,V
2019-03-09 14:46:59,26.0,2325,0.13,24.8,76.7,----,----,0000.0000 N,00000.0000 W,0,0,T,S,V
2019-03-09 14:47:07,33.4,2457,0.00,24.8,76.6,----,----,0000.0000 N,00000.0000 W,0,0,T,S,V
2019-03-09 14:47:11,35.1,2484,0.31,24.7,76.6,----,----,0000.0000 N,00000.0000 W,0,0,T,S,V
2019-03-09 14:47:17,24.9,2305,0.10,24.7,76.6,----,----,0000.0000 N,00000.0000 W,0,0,T,S,V
2019-03-09 14:47:20,23.2,2272,0.13,24.7,76.5,----,----,0000.0000 N,00000.0000 W,0,0,T,S,V
2019-03-09 14:51:59,27.7,2357,0.24,24.5,76.2,----,----,0000.0000 N,00000.0000 W,0,0,T,S,V
2019-03-09 14:52:05,35.7,2495,0.12,24.5,76.2,----,----,0000.0000 N,00000.0000 W,0,0,T,S,V
2019-03-09 14:52:12,25.4,2316,0.22,24.5,76.2,----,----,0000.0000 N,00000.0000 W,0,0,T,S,V
2019-03-09 14:52:17,27.2,2341,0.14,24.5,76.2,----,----,0000.0000 N,00000.0000 W,0,0,T,S,V
2019-03-09 14:52:22,26.6,2338,0.14,24.5,76.2,----,----,0000.0000 N,00000.0000 W,0,0,T,S,V
2019-03-09 14:52:27,30.0,2399,0.17,24.5,76.2,----,----,0000.0000 N,00000.0000 W,0,0,T,S,V
2019-03-09 14:52:32,34.0,2463,0.04,24.5,76.2,----,----,0000.0000 N,00000.0000 W,0,0,T,S,V
2019-03-09 14:52:38,32.3,2436,0.29,24.5,76.2,----,----,0000.0000 N,00000.0000 W,0,0,T,S,V
2019-03-09 14:52:43,35.7,2496,0.28,24.5,76.2,----,----,0000.0000 N,00000.0000 W,0,0,T,S,V
2019-03-09 14:52:49,34.6,2471,0.31,24.5,76.2,----,----,0000.0000 N,00000.0000 W,0,0,T,S,V
2019-03-09 14:52:54,24.9,2308,0.13,24.5,76.1,----,----,0000.0000 N,00000.0000 W,0,0,T,S,V
2019-03-09 14:53:00,32.9,2443,0.25,24.5,76.1,----,----,0000.0000 N,00000.0000 W,0,0,T,S,V
2019-03-09 14:53:05,27.2,2349,0.18,24.5,76.1,----,----,3356.2207 S,15113.2203 E,3,1,T,S,V
2019-03-09 14:53:10,28.3,2365,0.18,24.5,76.1,----,----,3356.2212 S,15113.2213 E,4,1,T,S,V
2019-03-09 14:53:15,22.0,2252,0.10,24.5,76.1,----,----,3356.2225 S,15113.2223 E,3,1,T,S,V
2019-03-09 14:53:20,23.2,2273,0.12,24.5,76.1,----,----,3356.2215 S,15113.2221 E,4,1,T,S,V
2019-03-09 14:53:24,25.4,2319,0.18,24.5,76.1,----,----,3356.2211 S,15113.2211 E,4,1,T,S,V
2019-03-09 14:53:31,26.0,2329,0.19,24.5,76.1,----,----,3356.2222 S,15113.2198 E,2,6,T,S,V
2019-03-09 14:53:37,24.9,2302,0.15,24.5,76.1,----,----,3356.2234 S,15113.2184 E,4,1,T,S,V
2019-03-09 14:53:42,30.6,2408,0.17,24.5,76.1,----,----,3356.2241 S,15113.2166 E,4,1,T,S,V
2019-03-09 14:53:47,26.6,2331,0.16,24.5,76.1,----,----,3356.2261 S,15113.2160 E,4,1,T,S,V
2019-03-09 14:53:53,32.3,2438,0.21,24.4,76.0,----,----,3356.2254 S,15113.2169 E,4,1,T,S,V
2019-03-09 14:53:58,26.6,2338,0.11,24.4,76.0,----,----,3356.2250 S,15113.2182 E,5,1,T,S,V
2019-03-09 14:59:46,24.9,2305,0.13,24.3,75.7,----,----,0000.0000 N,00000.0000 W,0,0,T,S,V
2019-03-09 14:59:51,23.2,2278,0.07,24.3,75.7,----,----,0000.0000 N,00000.0000 W,0,0,T,S,V
2019-03-09 14:59:56,22.0,2252,0.11,24.3,75.7,----,----,0000.0000 N,00000.0000 W,0,0,T,S,V
2019-03-09 15:00:01,21.5,2248,0.14,24.3,75.7,----,----,0000.0000 N,00000.0000 W,0,0,T,S,V
2019-03-09 15:00:06,18.0,2185,0.07,24.3,75.7,----,----,0000.0000 N,00000.0000 W,0,0,T,S,V
2019-03-09 15:00:11,16.9,2161,0.05,24.3,75.7,----,----,0000.0000 N,00000.0000 W,0,0,T,S,V
2019-03-09 15:00:16,18.0,2182,0.09,24.3,75.7,----,----,0000.0000 N,00000.0000 W,0,0,T,S,V
2019-03-09 15:00:21,19.7,2217,0.09,24.3,75.7,----,----,0000.0000 N,00000.0000 W,0,0,T,S,V
2019-03-09 15:00:25,19.2,2205,0.08,24.3,75.7,----,----,0000.0000 N,00000.0000 W,0,0,T,S,V
2019-03-09 15:00:30,15.8,2143,0.08,24.3,75.7,----,----,0000.0000 N,00000.0000 W,0,0,T,S,V
2019-03-09 15:00:34,17.5,2175,0.08,24.3,75.7,----,----,0000.0000 N,00000.0000 W,0,0,T,S,V
2019-03-09 15:00:41,18.6,2199,0.06,24.3,75.7,----,----,0000.0000 N,00000.0000 W,0,0,T,S,V
2019-03-09 15:00:48,19.7,2216,0.10,24.3,75.7,----,----,0000.0000 N,00000.0000 W,0,0,T,S,V
2019-03-09 15:00:54,18.0,2185,0.08,24.2,75.7,----,----,0000.0000 N,00000.0000 W,0,0,T,S,V
2019-03-09 15:01:04,22.0,2253,0.15,24.2,75.7,----,----,0000.0000 N,00000.0000 W,0,0,T,S,V
2019-03-09 15:01:09,19.2,2203,0.09,24.2,75.7,----,----,0000.0000 N,00000.0000 W,0,0,T,S,V
2019-03-09 15:01:15,22.0,2250,0.12,24.2,75.7,----,----,0000.0000 N,00000.0000 W,0,0,T,S,V
2019-03-09 15:01:20,18.0,2189,0.08,24.2,75.7,----,----,0000.0000 N,00000.0000 W,0,0,T,S,V
2019-03-09 15:01:26,18.0,2188,0.10,24.2,75.7,----,----,0000.0000 N,00000.0000 W,0,0,T,S,V
2019-03-09 15:01:31,25.4,2310,0.25,24.2,75.6,----,----,0000.0000 N,00000.0000 W,0,0,T,S,V
2019-03-09 15:01:37,21.5,2247,0.16,24.2,75.6,----,----,0000.0000 N,00000.0000 W,0,0,T,S,V
2019-03-09 15:01:42,19.7,2213,0.05,24.2,75.6,----,----,0000.0000 N,00000.0000 W,0,0,T,S,V
2019-03-09 15:01:55,22.0,2250,0.13,24.2,75.6,----,----,3356.1909 S,15113.2104 E,5,1,T,S,V
2019-03-09 15:04:30,18.6,2194,0.09,24.2,75.6,----,----,3356.1901 S,15113.2133 E,12,1,T,S,V
2019-03-09 15:04:35,18.0,2183,0.04,24.2,75.5,----,----,3356.1899 S,15113.2150 E,12,1,T,S,V
2019-03-09 15:04:40,18.6,2192,0.08,24.2,75.6,----,----,3356.1890 S,15113.2169 E,12,1,T,S,V
2019-03-09 15:04:46,18.6,2199,0.11,24.2,75.6,----,----,3356.1876 S,15113.2175 E,12,1,T,S,V
2019-03-09 15:04:51,18.6,2196,0.08,24.2,75.5,----,----,3356.1868 S,15113.2180 E,12,1,T,S,V
2019-03-09 15:04:55,21.5,2241,0.11,24.2,75.6,----,----,3356.1863 S,15113.2182 E,12,1,T,S,V
2019-03-09 15:04:59,18.6,2198,0.11,24.2,75.5,----,----,3356.1867 S,15113.2186 E,11,1,T,S,V
2019-03-09 15:05:04,17.5,2175,0.08,24.2,75.5,----,----,3356.1856 S,15113.2185 E,11,1,T,S,V
2019-03-09 15:05:07,15.8,2140,0.06,24.2,75.5,----,----,3356.1853 S,15113.2188 E,11,1,T,S,V
2019-03-09 15:05:12,17.5,2173,0.12,24.2,75.5,----,----,3356.1838 S,15113.2183 E,11,1,T,S,V
2019-03-09 15:05:18,20.3,2226,0.14,24.2,75.5,----,----,3356.1842 S,15113.2145 E,11,1,T,S,V
2019-03-10 05:55:12,30.6,2408,0.27,19.1,66.4,----,----,0000.0000 N,00000.0000 W,0,0,T,S,V
2019-03-10 05:55:17,30.0,2395,0.25,19.1,66.4,----,----,0000.0000 N,00000.0000 W,0,0,T,S,V
2019-03-10 05:55:22,32.9,2440,0.27,19.1,66.4,----,----,0000.0000 N,00000.0000 W,0,0,T,S,V
2019-03-10 05:55:30,32.3,2438,0.28,19.0,66.3,----,----,0000.0000 N,00000.0000 W,0,0,T,S,V
2019-03-10 05:55:35,26.0,2325,0.13,19.0,66.3,----,----,0000.0000 N,00000.0000 W,0,0,T,S,V
2019-03-10 05:55:41,28.3,2367,0.17,19.0,66.2,----,----,0000.0000 N,00000.0000 W,0,0,T,S,V
2019-03-10 05:57:59,30.0,2397,0.19,18.8,66.0,----,----,3356.0086 S,15113.4582 E,9,1,T,S,V
2019-03-10 05:58:04,23.2,2279,0.13,18.8,65.9,----,----,3356.0088 S,15113.4566 E,10,1,T,S,V
2019-03-10 05:58:09,31.1,2416,0.21,18.8,65.9,----,----,3356.0088 S,15113.4557 E,10,1,T,S,V
2019-03-10 05:58:14,27.7,2352,0.17,18.8,65.9,----,----,3356.0079 S,15113.4543 E,10,1,T,S,V
2019-03-10 05:58:20,25.4,2312,0.19,18.8,65.8,----,----,3356.0065 S,15113.4547 E,10,1,T,S,V
2019-03-10 05:58:25,27.7,2359,0.06,18.8,65.8,----,----,3356.0046 S,15113.4531 E,10,1,T,S,V
2019-03-10 05:58:30,28.3,2367,0.20,18.7,65.8,----,----,3356.0030 S,15113.4538 E,10,1,T,S,V
2019-03-10 05:58:35,26.6,2331,0.18,18.7,65.8,----,----,3356.0032 S,15113.4563 E,10,1,T,S,V
2019-03-10 05:58:46,29.4,2384,0.25,18.7,65.7,----,----,3356.0042 S,15113.4578 E,10,1,T,S,V
2019-03-10 05:58:51,30.6,2402,0.22,18.7,65.7,----,----,3356.0053 S,15113.4587 E,10,1,T,S,V
2019-03-10 05:58:56,32.3,2433,0.28,18.7,65.7,----,----,3356.0045 S,15113.4591 E,10,1,T,S,V
2019-03-10 05:59:01,30.6,2402,0.23,18.7,65.7,----,----,3356.0042 S,15113.4595 E,10,1,T,S,V
2019-03-10 05:59:06,31.7,2422,0.23,18.7,65.7,----,----,3356.0033 S,15113.4592 E,10,1,T,S,V
2019-03-10 05:59:11,26.0,2327,0.17,18.7,65.6,----,----,3356.0025 S,15113.4584 E,10,1,T,S,V
2019-03-10 05:59:16,27.2,2343,0.18,18.6,65.6,----,----,3356.0026 S,15113.4571 E,10,1,T,S,V
2019-03-10 05:59:22,27.2,2342,0.17,18.6,65.6,----,----,3356.0012 S,15113.4566 E,10,1,T,S,V
2019-03-10 05:59:27,30.0,2390,0.14,18.6,65.6,----,----,3356.0001 S,15113.4569 E,10,1,T,S,V
2019-03-10 05:59:32,29.4,2381,0.21,18.6,65.6,----,----,3355.9987 S,15113.4582 E,10,1,T,S,V
2019-03-10 05:59:37,32.9,2440,0.13,18.6,65.5,----,----,3355.9978 S,15113.4598 E,10,1,T,S,V
2019-03-10 05:59:42,30.6,2403,0.16,18.6,65.5,----,----,3355.9978 S,15113.4615 E,10,1,T,S,V
2019-03-10 05:59:48,34.6,2479,0.19,18.6,65.5,----,----,3355.9978 S,15113.4631 E,10,1,T,S,V
2019-03-10 05:59:53,30.6,2409,0.16,18.6,65.5,----,----,3355.9985 S,15113.4650 E,10,1,T,S,V
2019-03-10 05:59:58,30.6,2409,0.26,18.6,65.5,----,----,3355.9993 S,15113.4660 E,10,1,T,S,V
2019-03-10 06:00:03,35.7,2490,0.08,18.6,65.4,----,----,3356.0002 S,15113.4661 E,10,1,T,S,V
2019-03-10 06:00:08,34.6,2475,0.19,18.6,65.4,----,----,3356.0012 S,15113.4655 E,10,1,T,S,V
2019-03-10 06:00:12,30.0,2392,0.22,18.5,65.4,----,----,3356.0013 S,15113.4649 E,10,1,T,S,V
2019-03-10 06:00:16,30.6,2402,0.20,18.5,65.4,----,----,3356.0022 S,15113.4651 E,10,1,T,S,V
2019-03-10 06:00:21,31.7,2425,0.24,18.5,65.4,----,----,3356.0035 S,15113.4664 E,10,1,T,S,V
2019-03-10 06:00:27,31.7,2428,0.25,18.5,65.4,----,----,3356.0048 S,15113.4674 E,10,1,T,S,V
2019-03-10 06:00:32,30.6,2408,0.20,18.5,65.4,----,----,3356.0045 S,15113.4656 E,11,1,T,S,V
2019-03-10 06:00:37,33.4,2456,0.26,18.5,65.4,----,----,3356.0045 S,15113.4646 E,11,1,T,S,V
2019-03-10 06:00:42,29.4,2387,0.28,18.5,65.4,----,----,3356.0041 S,15113.4626 E,11,1,T,S,V
2019-03-10 06:00:47,30.0,2399,0.15,18.5,65.3,----,----,3356.0027 S,15113.4622 E,11,1,T,S,V
2019-03-10 06:00:53,29.4,2385,0.19,18.5,65.3,----,----,3356.0031 S,15113.4618 E,11,1,T,S,V
2019-03-10 06:00:58,28.9,2375,0.23,18.5,65.3,----,----,3356.0039 S,15113.4627 E,11,1,T,S,V
2019-03-10 06:01:04,30.0,2393,0.28,18.5,65.3,----,----,3356.0049 S,15113.4635 E,11,1,T,S,V
2019-03-10 06:01:10,27.2,2346,0.13,18.5,65.3,----,----,3356.0056 S,15113.4639 E,11,1,T,S,V
2019-03-10 06:01:15,21.5,2248,0.15,18.4,65.2,----,----,3356.0069 S,15113.4644 E,11,1,T,S,V
2019-03-10 06:01:19,30.0,2392,0.13,18.4,65.2,----,----,3356.0076 S,15113.4644 E,11,1,T,S,V
2019-03-10 06:01:23,28.9,2375,0.22,18.4,65.2,----,----,3356.0078 S,15113.4656 E,11,1,T,S,V
2019-03-10 06:01:27,27.7,2354,0.23,18.4,65.2,----,----,3356.0085 S,15113.4660 E,11,1,T,S,V
2019-03-10 06:01:32,24.3,2296,0.16,18.4,65.2,----,----,3356.0091 S,15113.4648 E,11,1,T,S,V
2019-03-10 06:01:37,26.0,2328,0.18,18.4,65.2,----,----,3356.0092 S,15113.4639 E,11,1,T,S,V
2019-03-10 06:06:20,27.7,2357,0.24,18.0,64.4,----,----,0000.0000 N,00000.0000 W,0,0,T,S,V
2019-03-10 06:06:25,28.3,2360,0.19,18.0,64.4,----,----,0000.0000 N,00000.0000 W,0,0,T,S,V
2019-03-10 06:06:31,28.3,2369,0.18,18.0,64.4,----,----,0000.0000 N,00000.0000 W,0,0,T,S,V
2019-03-10 06:06:36,30.6,2404,0.11,18.0,64.4,----,----,0000.0000 N,00000.0000 W,0,0,T,S,V
2019-03-10 06:06:42,29.4,2386,0.29,18.0,64.4,----,----,0000.0000 N,00000.0000 W,0,0,T,S,V
2019-03-10 06:06:47,28.3,2369,0.18,18.0,64.4,----,----,0000.0000 N,00000.0000 W,0,0,T,S,V
2019-03-10 06:07:02,37.4,2520,0.24,18.0,64.4,----,----,0000.0000 N,00000.0000 W,0,0,T,S,V
2019-03-10 06:10:54,31.1,2413,0.10,17.8,64.1,----,----,0000.0000 N,00000.0000 W,0,0,T,S,V
2019-03-10 06:10:59,32.9,2446,0.30,17.8,64.1,----,----,0000.0000 N,00000.0000 W,0,0,T,S,V
2019-03-10 06:11:04,26.6,2331,0.23,17.8,64.1,----,----,0000.0000 N,00000.0000 W,0,0,T,S,V
2019-03-10 06:11:09,27.7,2354,0.24,17.8,64.1,----,----,0000.0000 N,00000.0000 W,0,0,T,S,V
2019-03-10 06:11:14,29.4,2389,0.31,17.8,64.1,----,----,0000.0000 N,00000.0000 W,0,0,T,S,V
2019-03-10 06:11:18,30.0,2392,0.31,17.8,64.1,----,----,0000.0000 N,00000.0000 W,0,0,T,S,V
2019-03-10 06:11:23,27.2,2340,0.16,17.8,64.1,----,----,0000.0000 N,00000.0000 W,0,0,T,S,V
2019-03-10 06:11:28,26.0,2326,0.23,17.8,64.1,----,----,0000.0000 N,00000.0000 W,0,0,T,S,V
2019-03-10 06:11:32,27.7,2350,0.20,17.8,64.1,----,----,0000.0000 N,00000.0000 W,0,0,T,S,V
2019-03-10 06:11:37,30.6,2401,0.26,17.8,64.1,----,----,0000.0000 N,00000.0000 W,0,0,T,S,V
2019-03-10 06:11:42,32.3,2438,0.19,17.8,64.1,----,----,0000.0000 N,00000.0000 W,0,0,T,S,V
2019-03-10 06:11:46,30.6,2400,0.24,17.8,64.1,----,----,0000.0000 N,00000.0000 W,0,0,T,S,V
2019-03-10 06:11:51,30.6,2407,0.24,17.8,64.1,----,----,0000.0000 N,00000.0000 W,0,0,T,S,V
2019-03-10 06:11:55,27.7,2351,0.15,17.8,64.1,----,----,0000.0000 N,00000.0000 W,0,0,T,S,V
2019-03-10 06:11:59,32.9,2442,0.22,17.8,64.1,----,----,0000.0000 N,00000.0000 W,0,0,T,S,V
2019-03-10 06:12:10,30.0,2393,0.24,17.8,64.1,----,----,0000.0000 N,00000.0000 W,0,0,T,S,V
2019-03-10 06:12:22,28.3,2362,0.23,17.8,64.1,----,----,0000.0000 N,00000.0000 W,0,0,T,S,V
2019-03-10 06:12:26,26.6,2333,0.21,17.8,64.1,----,----,0000.0000 N,00000.0000 W,0,0,T,S,V
2019-03-10 06:12:31,32.3,2432,0.29,17.8,64.1,----,----,3356.1708 S,15113.3184 E,5,1,T,S,V
2019-03-10 06:12:36,24.3,2290,0.05,17.8,64.1,----,----,3356.1719 S,15113.3187 E,5,1,T,S,V
2019-03-10 06:12:41,28.9,2376,0.17,17.8,64.1,----,----,3356.1708 S,15113.3202 E,5,1,T,S,V
2019-03-10 06:12:46,30.6,2400,0.17,17.8,64.1,----,----,3356.1699 S,15113.3204 E,5,1,T,S,V
2019-03-10 06:12:51,28.3,2367,0.16,17.8,64.1,----,----,3356.1680 S,15113.3203 E,5,1,T,S,V
2019-03-10 06:12:56,32.3,2438,0.27,17.8,64.1,----,----,3356.1665 S,15113.3190 E,5,1,T,S,V
2019-03-10 06:13:01,31.1,2416,0.09,17.8,64.1,----,----,3356.1655 S,15113.3177 E,6,1,T,S,V
2019-03-10 06:13:06,22.0,2253,0.15,17.8,64.1,----,----,3356.1645 S,15113.3174 E,6,1,T,S,V
2019-03-10 06:13:09,28.3,2367,0.15,17.8,64.1,----,----,3356.1644 S,15113.3178 E,6,1,T,S,V
2019-03-10 06:13:13,30.0,2399,0.19,17.8,64.1,----,----,3356.1648 S,15113.3184 E,6,1,T,S,V
2019-03-10 06:13:18,29.4,2381,0.22,17.8,64.1,----,----,3356.1636 S,15113.3193 E,6,1,T,S,V
2019-03-10 06:13:23,29.4,2386,0.08,17.8,64.1,----,----,3356.1626 S,15113.3196 E,6,1,T,S,V
2019-03-10 06:13:28,35.7,2494,0.06,17.8,64.1,----,----,3356.1614 S,15113.3188 E,8,1,T,S,V
2019-03-10 06:13:39,33.4,2459,0.23,17.8,64.1,----,----,3356.1628 S,15113.3170 E,8,1,T,S,V
2019-03-10 06:13:44,27.7,2353,0.20,17.8,64.1,----,----,3356.1638 S,15113.3167 E,8,1,T,S,V
2019-03-10 06:13:49,28.9,2374,0.17,17.8,64.1,----,----,3356.1652 S,15113.3154 E,8,1,T,S,V
2019-03-10 06:13:54,32.3,2430,0.26,17.8,64.1,----,----,3356.1656 S,15113.3152 E,8,1,T,S,V
2019-03-10 06:13:59,27.2,2347,0.11,17.8,64.1,----,----,3356.1647 S,15113.3132 E,8,1,T,S,V
2019-03-10 06:14:05,30.6,2401,0.20,17.8,64.1,----,----,3356.1631 S,15113.3127 E,9,1,T,S,V
2019-03-10 06:14:10,30.0,2395,0.27,17.8,64.1,----,----,3356.1613 S,15113.3129 E,9,1,T,S,V
2019-03-10 06:14:15,31.1,2415,0.26,17.8,64.1,----,----,3356.1603 S,15113.3142 E,9,1,T,S,V
2019-03-10 06:14:20,37.4,2520,0.45,17.8,64.1,----,----,3356.1593 S,15113.3148 E,9,1,T,S,V
2019-03-10 06:15:48,37.4,2521,0.19,17.7,64.0,----,----,0000.0000 N,00000.0000 W,0,0,T,S,V
2019-03-10 06:15:53,39.1,2551,0.33,17.8,64.0,----,----,0000.0000 N,00000.0000 W,0,0,T,S,V
2019-03-10 06:15:58,36.3,2502,0.20,17.7,64.0,----,----,0000.0000 N,00000.0000 W,0,0,T,S,V
2019-03-10 06:16:03,39.1,2559,0.17,17.7,64.0,----,----,0000.0000 N,00000.0000 W,0,0,T,S,V
2019-03-10 06:16:09,28.3,2363,0.08,17.7,64.0,----,----,0000.0000 N,00000.0000 W,0,0,T,S,V
2019-03-10 06:16:16,36.8,2511,0.31,17.7,64.0,----,----,0000.0000 N,00000.0000 W,0,0,T,S,V
2019-03-10 06:16:21,32.3,2434,0.26,17.7,64.0,----,----,0000.0000 N,00000.0000 W,0,0,T,S,V
2019-03-10 06:16:26,32.3,2431,0.15,17.7,64.0,----,----,0000.0000 N,00000.0000 W,0,0,T,S,V
2019-03-10 06:16:33,30.6,2402,0.28,17.7,64.0,----,----,0000.0000 N,00000.0000 W,0,0,T,S,V
2019-03-10 06:17:13,29.4,2386,0.22,17.7,64.0,----,----,3356.2175 S,15113.2199 E,7,1,T,S,V
2019-03-10 06:17:18,31.1,2419,0.23,17.7,64.0,----,----,3356.2190 S,15113.2202 E,7,1,T,S,V
2019-03-10 06:17:24,25.4,2311,0.13,17.7,64.0,----,----,3356.2195 S,15113.2200 E,7,1,T,S,V
2019-03-10 06:17:35,32.9,2441,0.14,17.7,64.0,----,----,3356.2209 S,15113.2210 E,7,1,T,S,V
2019-03-10 06:17:42,25.4,2311,0.16,17.7,64.0,----,----,3356.2227 S,15113.2220 E,7,1,T,S,V
2019-03-10 06:17:55,28.3,2365,0.23,17.7,64.0,----,----,3356.2237 S,15113.2231 E,7,1,T,S,V
2019-03-10 06:18:09,36.8,2513,0.21,17.7,64.0,----,----,3356.2241 S,15113.2230 E,7,1,T,S,V
2019-03-10 06:18:14,32.9,2447,0.20,17.7,64.0,----,----,3356.2245 S,15113.2232 E,7,1,T,S,V
2019-03-10 06:18:20,38.6,2547,0.28,17.7,64.0,----,----,3356.2254 S,15113.2220 E,6,1,T,S,V
2019-03-10 06:18:31,35.1,2484,0.19,17.7,63.9,----,----,3356.2250 S,15113.2200 E,8,1,T,S,V
2019-03-10 06:18:36,31.1,2410,0.27,17.7,63.9,----,----,3356.2235 S,15113.2189 E,8,1,T,S,V
2019-03-10 06:18:41,28.3,2363,0.18,17.7,63.9,----,----,3356.2224 S,15113.2182 E,8,1,T,S,V
2019-03-10 06:18:46,28.3,2361,0.20,17.7,64.0,----,----,3356.2221 S,15113.2173 E,8,1,T,S,V
2019-03-10 06:18:51,30.6,2407,0.25,17.7,63.9,----,----,3356.2214 S,15113.2164 E,8,1,T,S,V
2019-03-10 06:18:56,30.0,2395,0.19,17.7,63.9,----,----,3356.2200 S,15113.2155 E,8,1,T,S,V
2019-03-10 06:19:01,34.6,2473,0.16,17.7,63.9,----,----,3356.2189 S,15113.2135 E,8,1,T,S,V
2019-03-10 06:19:06,35.1,2481,0.14,17.7,63.9,----,----,3356.2201 S,15113.2121 E,8,1,T,S,V
2019-03-10 06:19:11,35.1,2482,0.13,17.7,63.9,----,----,3356.2215 S,15113.2127 E,8,1,T,S,V
2019-03-10 06:19:16,33.4,2450,0.20,17.7,63.9,----,----,3356.2236 S,15113.2122 E,8,1,T,S,V
2019-03-10 06:19:21,31.7,2422,0.18,17.7,63.9,----,----,3356.2246 S,15113.2125 E,8,1,T,S,V
2019-03-10 06:19:27,40.3,2578,0.30,17.7,63.9,----,----,3356.2258 S,15113.2132 E,8,1,T,S,V
2019-03-10 06:19:33,34.0,2467,0.23,17.7,63.9,----,----,3356.2268 S,15113.2154 E,8,1,T,S,V
2019-03-10 06:19:38,36.3,2503,0.36,17.7,63.9,----,----,3356.2274 S,15113.2173 E,8,1,T,S,V
2019-03-10 06:19:43,31.7,2427,0.33,17.7,63.9,----,----,3356.2261 S,15113.2172 E,7,1,T,S,V
2019-03-10 06:19:48,33.4,2455,0.26,17.7,63.9,----,----,3356.2259 S,15113.2181 E,7,1,T,S,V
2019-03-10 06:19:53,29.4,2385,0.19,17.7,63.9,----,----,3356.2255 S,15113.2194 E,8,1,T,S,V
2019-03-10 06:19:59,30.0,2394,0.27,17.7,63.9,----,----,3356.2240 S,15113.2194 E,8,1,T,S,V
2019-03-10 06:20:04,32.3,2435,0.18,17.7,63.9,----,----,3356.2228 S,15113.2194 E,8,1,T,S,V
2019-03-10 06:20:10,30.6,2409,0.17,17.7,63.9,----,----,3356.2206 S,15113.2198 E,8,1,T,S,V
2019-03-10 06:20:16,31.7,2427,0.26,17.7,63.9,----,----,3356.2188 S,15113.2191 E,8,1,T,S,V
2019-03-10 06:20:22,27.2,2349,0.19,17.7,63.9,----,----,3356.2197 S,15113.2177 E,8,1,T,S,V
2019-03-10 06:23:49,30.6,2408,0.35,17.7,63.8,----,----,0000.0000 N,00000.0000 W,0,0,T,S,V
2019-03-10 06:23:53,28.3,2363,0.23,17.7,63.8,----,----,0000.0000 N,00000.0000 W,0,0,T,S,V
2019-03-10 06:24:03,29.4,2386,0.20,17.7,63.8,----,----,0000.0000 N,00000.0000 W,0,0,T,S,V
2019-03-10 06:24:09,29.4,2386,0.19,17.7,63.8,----,----,0000.0000 N,00000.0000 W,0,0,T,S,V
2019-03-10 06:24:14,27.2,2346,0.22,17.7,63.8,----,----,0000.0000 N,00000.0000 W,0,0,T,S,V
2019-03-10 06:24:19,26.6,2337,0.23,17.7,63.8,----,----,0000.0000 N,00000.0000 W,0,0,T,S,V
2019-03-10 06:24:25,32.9,2448,0.20,17.7,63.8,----,----,0000.0000 N,00000.0000 W,0,0,T,S,V
2019-03-10 06:24:30,31.1,2414,0.24,17.7,63.8,----,----,0000.0000 N,00000.0000 W,0,0,T,S,V
2019-03-10 06:24:35,30.0,2393,0.23,17.7,63.8,----,----,3356.0385 S,15113.2761 E,3,1,T,S,V
2019-03-10 06:24:41,30.0,2391,0.14,17.6,63.8,----,----,3356.0392 S,15113.2753 E,3,1,T,S,V
2019-03-10 06:24:46,30.6,2407,0.26,17.6,63.8,----,----,3356.0401 S,15113.2750 E,3,1,T,S,V
2019-03-10 06:24:52,28.3,2367,0.18,17.7,63.8,----,----,3356.0365 S,15113.3141 E,3,1,T,S,V
2019-03-10 06:24:57,31.7,2422,0.25,17.7,63.8,----,----,3356.0370 S,15113.3146 E,3,1,T,S,V
2019-03-10 06:25:04,32.3,2432,0.25,17.6,63.8,----,----,3356.0421 S,15113.2946 E,3,1,T,S,V
2019-03-10 06:25:14,33.4,2456,0.29,17.6,63.8,----,----,3356.0432 S,15113.2929 E,3,1,T,S,V
2019-03-10 06:25:24,31.7,2426,0.22,17.7,63.8,----,----,3356.0442 S,15113.2920 E,3,1,T,S,V
2019-03-10 06:25:29,34.6,2473,0.24,17.7,63.8,----,----,3356.0446 S,15113.2940 E,3,1,T,S,V
2019-03-10 06:26:52,35.1,2480,0.21,17.7,63.8,----,----,3356.0452 S,15113.3081 E,6,1,T,S,V
2019-03-10 06:26:57,28.9,2375,0.18,17.7,63.8,----,----,3356.0457 S,15113.3092 E,6,1,T,S,V
2019-03-10 06:27:03,28.3,2368,0.20,17.7,63.9,----,----,3356.0446 S,15113.3106 E,6,1,T,S,V
2019-03-10 06:27:08,30.0,2395,0.19,17.7,63.9,----,----,3356.0442 S,15113.3116 E,6,1,T,S,V
2019-03-10 06:27:14,29.4,2386,0.22,17.7,63.8,----,----,3356.0442 S,15113.3124 E,6,1,T,S,V
2019-03-10 06:27:20,26.6,2335,0.19,17.7,63.8,----,----,3356.0451 S,15113.3133 E,6,1,T,S,V
2019-03-10 06:27:25,31.7,2425,0.20,17.7,63.8,----,----,3356.0464 S,15113.3127 E,6,1,T,S,V
2019-03-10 06:27:35,31.1,2410,0.24,17.7,63.8,----,----,3356.0479 S,15113.3126 E,6,1,T,S,V
2019-03-10 06:27:40,36.3,2507,0.31,17.7,63.8,----,----,3356.0492 S,15113.3139 E,6,1,T,S,V
2019-03-10 06:27:45,32.3,2439,0.23,17.7,63.9,----,----,3356.0483 S,15113.3153 E,6,1,T,S,V
2019-03-10 06:27:52,32.3,2431,0.23,17.7,63.8,----,----,3356.0459 S,15113.3150 E,6,1,T,S,V
2019-03-10 06:27:57,26.6,2338,0.19,17.7,63.8,----,----,3356.0439 S,15113.3147 E,6,1,T,S,V
2019-03-10 06:28:03,30.6,2404,0.21,17.7,63.9,----,----,3356.0425 S,15113.3137 E,6,1,T,S,V
2019-03-10 06:28:08,31.1,2413,0.26,17.7,63.8,----,----,3356.0418 S,15113.3148 E,6,1,T,S,V
2019-03-10 06:28:13,27.2,2340,0.17,17.7,63.9,----,----,3356.0422 S,15113.3170 E,6,1,T,S,V
2019-03-10 06:28:19,30.0,2393,0.18,17.7,63.8,----,----,3356.0425 S,15113.3191 E,6,1,T,S,V
2019-03-10 06:28:23,29.4,2389,0.24,17.7,63.8,----,----,3356.0433 S,15113.3191 E,6,1,T,S,V
2019-03-10 06:28:28,35.7,2490,0.28,17.7,63.8,----,----,3356.0443 S,15113.3184 E,6,1,T,S,V
2019-03-10 06:28:36,30.6,2401,0.22,17.7,63.8,----,----,3356.0456 S,15113.3183 E,6,1,T,S,V
2019-03-10 06:29:04,27.7,2359,0.21,17.7,63.9,----,----,3356.0456 S,15113.3190 E,7,1,T,S,V
2019-03-10 06:29:11,38.0,2535,0.24,17.7,63.9,----,----,3356.0455 S,15113.3198 E,7,1,T,S,V
2019-03-10 06:29:27,30.6,2408,0.24,17.7,63.8,----,----,3356.0452 S,15113.3210 E,8,1,T,S,V
2019-03-10 06:29:34,34.0,2463,0.23,17.7,63.9,----,----,3356.0428 S,15113.3216 E,8,1,T,S,V
2019-03-10 06:29:57,32.9,2448,0.22,17.7,63.9,----,----,3356.0429 S,15113.3203 E,8,1,T,S,V
2019-03-10 06:30:20,31.1,2419,0.24,17.7,63.9,----,----,3356.0418 S,15113.3199 E,9,1,T,S,V
2019-03-10 06:30:27,30.0,2399,0.24,17.7,63.9,----,----,3356.0406 S,15113.3184 E,9,1,T,S,V
2019-03-10 06:30:33,30.0,2390,0.21,17.7,63.9,----,----,3356.0399 S,15113.3204 E,9,1,T,S,V
2019-03-10 06:30:39,33.4,2456,0.30,17.7,63.9,----,----,3356.0402 S,15113.3222 E,9,1,T,S,V
2019-03-10 06:30:45,32.3,2433,0.24,17.7,63.9,----,----,3356.0392 S,15113.3207 E,9,1,T,S,V
2019-03-10 06:31:28,27.2,2341,0.16,17.7,63.8,----,----,3356.0412 S,15113.3201 E,9,1,T,S,V
2019-03-10 06:31:53,30.6,2404,0.25,17.7,63.8,----,----,3356.0381 S,15113.3164 E,9,1,T,S,V
2019-03-10 06:38:27,28.3,2361,0.21,17.5,63.6,----,----,0000.0000 N,00000.0000 W,0,0,T,S,V
2019-03-10 06:38:32,24.9,2302,0.06,17.5,63.6,----,----,0000.0000 N,00000.0000 W,0,0,T,S,V
2019-03-10 06:38:38,23.2,2276,0.11,17.5,63.6,----,----,0000.0000 N,00000.0000 W,0,0,T,S,V
2019-03-10 06:38:43,21.5,2246,0.09,17.5,63.6,----,----,0000.0000 N,00000.0000 W,0,0,T,S,V
2019-03-10 06:38:49,22.0,2258,0.11,17.5,63.6,----,----,0000.0000 N,00000.0000 W,0,0,T,S,V
2019-03-10 06:38:55,27.7,2357,0.18,17.5,63.6,----,----,0000.0000 N,00000.0000 W,0,0,T,S,V
2019-03-10 06:39:00,23.7,2286,0.14,17.5,63.6,----,----,0000.0000 N,00000.0000 W,0,0,T,S,V
2019-03-10 06:39:06,26.0,2328,0.19,17.5,63.6,----,----,0000.0000 N,00000.0000 W,0,0,T,S,V
2019-03-10 06:39:11,19.2,2203,0.04,17.5,63.6,----,----,0000.0000 N,00000.0000 W,0,0,T,S,V
2019-03-10 06:39:15,20.9,2235,0.16,17.5,63.6,----,----,0000.0000 N,00000.0000 W,0,0,T,S,V
2019-03-10 06:39:20,22.0,2255,0.13,17.6,63.7,----,----,0000.0000 N,00000.0000 W,0,0,T,S,V
2019-03-10 06:39:25,24.3,2299,0.16,17.5,63.6,----,----,0000.0000 N,00000.0000 W,0,0,T,S,V
2019-03-10 06:39:30,23.2,2272,0.16,17.5,63.6,----,----,0000.0000 N,00000.0000 W,0,0,T,S,V
2019-03-10 06:39:35,22.6,2269,0.12,17.5,63.6,----,----,0000.0000 N,00000.0000 W,0,0,T,S,V
2019-03-10 06:39:40,20.3,2228,0.17,17.5,63.6,----,----,0000.0000 N,00000.0000 W,0,0,T,S,V
2019-03-10 06:39:46,22.0,2250,0.14,17.5,63.6,----,----,0000.0000 N,00000.0000 W,0,0,T,S,V
2019-03-10 06:39:51,24.3,2290,0.19,17.6,63.7,----,----,0000.0000 N,00000.0000 W,0,0,T,S,V
2019-03-10 06:39:56,20.3,2228,0.17,17.6,63.7,----,----,3356.1797 S,15113.2244 E,4,1,T,S,V
2019-03-10 06:40:01,22.0,2258,0.21,17.6,63.7,----,----,3356.1784 S,15113.2203 E,5,1,T,S,V
2019-03-10 06:40:06,22.6,2268,0.16,17.6,63.7,----,----,3356.1770 S,15113.2157 E,5,1,T,S,V
2019-03-10 06:40:11,18.6,2198,0.08,17.6,63.7,----,----,3356.1783 S,15113.2141 E,5,1,T,S,V
2019-03-10 06:40:15,18.6,2190,0.03,17.6,63.7,----,----,3356.1792 S,15113.2125 E,5,1,T,S,V
2019-03-10 06:40:20,23.2,2270,0.11,17.6,63.7,----,----,3356.1805 S,15113.2143 E,5,1,T,S,V
2019-03-10 06:40:25,21.5,2247,0.13,17.6,63.7,----,----,3356.1811 S,15113.2145 E,5,1,T,S,V
2019-03-10 06:40:45,22.0,2253,0.13,17.6,63.7,----,----,3356.1816 S,15113.2126 E,6,1,T,S,V
2019-03-10 06:40:51,23.7,2285,0.18,17.6,63.7,----,----,3356.1806 S,15113.2123 E,7,1,T,S,V
2019-03-10 06:40:56,20.3,2224,0.15,17.6,63.7,----,----,3356.1803 S,15113.2122 E,7,1,T,S,V
2019-03-10 06:41:02,23.7,2280,0.16,17.6,63.7,----,----,3356.1797 S,15113.2132 E,7,1,T,S,V
2019-03-10 06:41:06,21.5,2246,0.16,17.6,63.7,----,----,3356.1786 S,15113.2122 E,7,1,T,S,V
2019-03-10 06:41:11,20.9,2231,0.10,17.6,63.7,----,----,3356.1788 S,15113.2107 E,7,1,T,S,V
2019-03-10 06:41:17,27.7,2357,0.20,17.6,63.7,----,----,3356.1790 S,15113.2103 E,7,1,T,S,V
2019-03-10 06:41:23,20.3,2225,0.14,17.6,63.7,----,----,3356.1788 S,15113.2097 E,7,1,T,S,V
2019-03-10 06:41:28,20.3,2224,0.12,17.6,63.7,----,----,3356.1779 S,15113.2100 E,7,1,T,S,V
2019-03-10 06:41:33,20.3,2224,0.10,17.6,63.7,----,----,3356.1760 S,15113.2108 E,7,1,T,S,V
2019-03-10 06:41:38,20.3,2229,0.11,17.6,63.7,----,----,3356.1742 S,15113.2108 E,7,1,T,S,V
2019-03-10 06:41:43,20.9,2231,0.09,17.6,63.7,----,----,3356.1727 S,15113.2103 E,7,1,T,S,V
2019-03-10 06:41:49,18.6,2197,0.05,17.6,63.7,----,----,3356.1717 S,15113.2092 E,7,1,T,S,V
2019-03-10 06:41:54,22.6,2264,0.14,17.6,63.7,----,----,3356.1738 S,15113.2087 E,7,1,T,S,V
2019-03-10 06:41:59,21.5,2247,0.08,17.6,63.7,----,----,3356.1750 S,15113.2086 E,7,1,T,S,V
2019-03-10 06:42:04,16.9,2168,0.04,17.6,63.7,----,----,3356.1756 S,15113.2082 E,7,1,T,S,V
2019-03-10 06:42:08,18.0,2188,0.11,17.6,63.7,----,----,3356.1758 S,15113.2083 E,7,1,T,S,V
2019-03-10 06:42:13,23.2,2274,0.16,17.6,63.7,----,----,3356.1769 S,15113.2100 E,7,1,T,S,V
2019-03-10 06:42:19,20.9,2238,0.13,17.6,63.7,----,----,3356.1795 S,15113.2087 E,7,1,T,S,V
2019-03-10 06:42:24,22.0,2255,0.08,17.6,63.7,----,----,3356.1801 S,15113.2067 E,7,1,T,S,V
2019-03-10 06:42:29,23.2,2273,0.15,17.6,63.7,----,----,3356.1809 S,15113.2048 E,7,1,T,S,V
2019-03-10 06:42:35,24.3,2299,0.14,17.6,63.7,----,----,3356.1823 S,15113.2034 E,7,1,T,S,V
2019-03-10 06:42:40,26.0,2328,0.23,17.6,63.7,----,----,3356.1827 S,15113.2052 E,6,1,T,S,V
2019-03-10 06:42:45,24.3,2295,0.21,17.6,63.7,----,----,3356.1836 S,15113.2070 E,7,1,T,S,V
2019-03-10 06:42:51,20.9,2232,0.09,17.6,63.7,----,----,3356.1837 S,15113.2086 E,7,1,T,S,V
2019-03-10 06:42:57,23.2,2279,0.16,17.6,63.7,----,----,3356.1853 S,15113.2095 E,7,1,T,S,V
2019-03-10 06:43:02,23.7,2281,0.14,17.6,63.7,----,----,3356.1864 S,15113.2102 E,8,1,T,S,V
2019-03-10 06:43:07,23.2,2276,0.09,17.6,63.7,----,----,3356.1879 S,15113.2116 E,8,1,T,S,V
2019-03-10 06:59:15,30.0,2390,0.16,17.5,63.5,----,----,0000.0000 N,00000.0000 W,0,0,T,S,V
2019-03-10 06:59:21,29.4,2387,0.17,17.5,63.5,----,----,0000.0000 N,00000.0000 W,0,0,T,S,V
2019-03-10 06:59:33,31.1,2411,0.25,17.5,63.5,----,----,0000.0000 N,00000.0000 W,0,0,T,S,V
2019-03-10 06:59:38,26.0,2322,0.21,17.5,63.5,----,----,0000.0000 N,00000.0000 W,0,0,T,S,V
2019-03-10 06:59:44,29.4,2387,0.23,17.5,63.5,----,----,0000.0000 N,00000.0000 W,0,0,T,S,V
2019-03-10 06:59:49,30.6,2404,0.18,17.5,63.5,----,----,0000.0000 N,00000.0000 W,0,0,T,S,V
2019-03-10 06:59:54,31.1,2419,0.21,17.5,63.5,----,----,0000.0000 N,00000.0000 W,0,0,T,S,V
2019-03-10 06:59:58,32.3,2430,0.21,17.5,63.5,----,----,0000.0000 N,00000.0000 W,0,0,T,S,V
2019-03-10 07:00:03,28.9,2373,0.20,17.5,63.5,----,----,0000.0000 N,00000.0000 W,0,0,T,S,V
2019-03-10 07:00:10,28.9,2377,0.23,17.5,63.5,----,----,0000.0000 N,00000.0000 W,0,0,T,S,V
2019-03-10 07:00:16,32.3,2431,0.29,17.5,63.5,----,----,0000.0000 N,00000.0000 W,0,0,T,S,V
2019-03-10 07:00:21,35.1,2480,0.34,17.5,63.5,----,----,0000.0000 N,00000.0000 W,0,0,T,S,V
2019-03-10 07:00:27,29.4,2385,0.13,17.5,63.5,----,----,0000.0000 N,00000.0000 W,0,0,T,S,V
2019-03-10 07:00:40,26.0,2328,0.14,17.5,63.5,----,----,3355.9473 S,15113.3806 E,5,1,T,S,V
2019-03-10 07:00:45,28.3,2361,0.14,17.5,63.5,----,----,3355.9504 S,15113.3824 E,5,1,T,S,V
2019-03-10 07:00:51,28.9,2376,0.24,17.5,63.5,----,----,3355.9515 S,15113.3838 E,5,1,T,S,V
2019-03-10 07:00:56,31.1,2416,0.16,17.5,63.5,----,----,3355.9535 S,15113.3847 E,5,1,T,S,V
2019-03-10 07:01:02,28.3,2365,0.18,17.5,63.5,----,----,3355.9543 S,15113.3832 E,6,1,T,S,V
2019-03-10 07:01:08,25.4,2311,0.27,17.5,63.5,----,----,3355.9528 S,15113.3817 E,6,1,T,S,V
2019-03-10 07:01:13,24.9,2306,0.18,17.5,63.5,----,----,3355.9527 S,15113.3804 E,6,1,T,S,V
2019-03-10 07:01:19,37.4,2521,0.17,17.5,63.5,----,----,3355.9532 S,15113.3787 E,6,1,T,S,V
2019-03-10 07:01:25,31.7,2428,0.23,17.5,63.5,----,----,3355.9535 S,15113.3783 E,6,1,T,S,V
2019-03-10 07:01:30,30.0,2391,0.22,17.5,63.5,----,----,3355.9553 S,15113.3784 E,6,1,T,S,V
2019-03-10 07:01:35,32.3,2431,0.18,17.5,63.5,----,----,3355.9559 S,15113.3791 E,6,1,T,S,V
2019-03-10 07:01:41,28.9,2370,0.20,17.5,63.5,----,----,3355.9551 S,15113.3792 E,6,1,T,S,V
2019-03-10 07:01:46,28.9,2377,0.19,17.5,63.5,----,----,3355.9548 S,15113.3815 E,6,1,T,S,V
2019-03-10 07:01:51,29.4,2386,0.23,17.5,63.5,----,----,3355.9551 S,15113.3829 E,6,1,T,S,V
2019-03-10 07:01:56,30.0,2397,0.23,17.4,63.4,----,----,3355.9550 S,15113.3839 E,6,1,T,S,V
2019-03-10 07:02:02,32.9,2440,0.29,17.5,63.5,----,----,3355.9557 S,15113.3852 E,6,1,T,S,V
2019-03-10 07:02:08,28.9,2379,0.24,17.5,63.5,----,----,3355.9555 S,15113.3852 E,6,1,T,S,V
2019-03-10 07:02:13,27.7,2359,0.17,17.5,63.5,----,----,3355.9560 S,15113.3835 E,6,1,T,S,V
2019-03-10 07:02:19,25.4,2314,0.11,17.5,63.5,----,----,3355.9560 S,15113.3830 E,6,1,T,S,V
2019-03-10 07:02:24,34.0,2462,0.14,17.5,63.5,----,----,3355.9570 S,15113.3824 E,6,1,T,S,V
2019-03-10 07:02:30,44.8,2650,0.35,17.4,63.4,----,----,3355.9581 S,15113.3819 E,6,1,T,S,V
2019-03-10 07:02:35,31.7,2425,0.25,17.4,63.4,----,----,3355.9592 S,15113.3826 E,6,1,T,S,V
2019-03-10 07:02:42,29.4,2389,0.18,17.4,63.4,----,----,3355.9606 S,15113.3835 E,6,1,T,S,V
2019-03-10 07:02:47,32.9,2440,0.23,17.4,63.4,----,----,3355.9625 S,15113.3850 E,6,1,T,S,V
2019-03-10 07:02:53,32.3,2430,0.30,17.4,63.4,----,----,3355.9632 S,15113.3858 E,6,1,T,S,V
2019-03-10 07:03:00,32.9,2443,0.20,17.4,63.4,----,----,3355.9637 S,15113.3872 E,6,1,T,S,V
2019-03-10 07:03:05,30.0,2399,0.24,17.4,63.4,----,----,3355.9626 S,15113.3879 E,7,1,T,S,V
2019-03-10 07:03:11,32.3,2439,0.22,17.4,63.4,----,----,3355.9618 S,15113.3878 E,7,1,T,S,V
2019-03-10 07:03:17,27.7,2350,0.24,17.4,63.4,----,----,3355.9608 S,15113.3861 E,7,1,T,S,V
2019-03-10 07:03:22,27.7,2358,0.19,17.4,63.4,----,----,3355.9593 S,15113.3851 E,7,1,T,S,V
2019-03-10 07:03:28,27.7,2350,0.20,17.4,63.4,----,----,3355.9583 S,15113.3844 E,8,1,T,S,V
2019-03-10 07:03:33,27.7,2350,0.15,17.4,63.4,----,----,3355.9570 S,15113.3839 E,8,1,T,S,V
2019-03-10 07:03:39,28.9,2378,0.16,17.4,63.4,----,----,3355.9557 S,15113.3858 E,8,1,T,S,V
2019-03-10 07:03:45,29.4,2384,0.22,17.4,63.4,----,----,3355.9540 S,15113.3859 E,9,1,T,S,V
2019-03-10 07:03:50,30.6,2400,0.21,17.4,63.4,----,----,3355.9534 S,15113.3867 E,9,1,T,S,V
2019-03-10 07:03:56,28.9,2375,0.19,17.4,63.4,----,----,3355.9549 S,15113.3875 E,9,1,T,S,V
2019-03-10 07:04:02,27.7,2352,0.27,17.4,63.4,----,----,3355.9563 S,15113.3880 E,9,1,T,S,V
2019-03-10 07:06:21,31.1,2415,0.25,17.4,63.3,----,----,0000.0000 N,00000.0000 W,0,0,T,S,V
2019-03-10 07:06:25,24.3,2293,0.02,17.4,63.3,----,----,0000.0000 N,00000.0000 W,0,0,T,S,V
2019-03-10 07:06:30,28.9,2377,0.25,17.3,63.2,----,----,0000.0000 N,00000.0000 W,0,0,T,S,V
2019-03-10 07:06:34,27.2,2349,0.15,17.3,63.2,----,----,0000.0000 N,00000.0000 W,0,0,T,S,V
2019-03-10 07:06:39,27.7,2355,0.18,17.3,63.2,----,----,0000.0000 N,00000.0000 W,0,0,T,S,V
2019-03-10 07:06:45,30.6,2404,0.19,17.3,63.2,----,----,0000.0000 N,00000.0000 W,0,0,T,S,V
2019-03-10 07:06:50,25.4,2311,0.12,17.3,63.2,----,----,0000.0000 N,00000.0000 W,0,0,T,S,V
2019-03-10 07:06:55,28.9,2376,0.23,17.3,63.2,----,----,0000.0000 N,00000.0000 W,0,0,T,S,V
2019-03-10 07:07:00,28.9,2378,0.22,17.3,63.2,----,----,0000.0000 N,00000.0000 W,0,0,T,S,V
2019-03-10 07:07:05,27.7,2354,0.18,17.3,63.2,----,----,0000.0000 N,00000.0000 W,0,0,T,S,V
2019-03-10 07:07:10,28.9,2377,0.19,17.3,63.2,----,----,0000.0000 N,00000.0000 W,0,0,T,S,V
2019-03-10 07:07:16,30.6,2401,0.22,17.3,63.2,----,----,0000.0000 N,00000.0000 W,0,0,T,S,V
2019-03-10 07:07:21,24.9,2301,0.12,17.3,63.2,----,----,3355.9524 S,15113.3971 E,4,1,T,S,V
2019-03-10 07:07:25,29.4,2386,0.17,17.3,63.2,----,----,3355.9527 S,15113.3967 E,3,1,T,S,V
2019-03-10 07:07:32,33.4,2452,0.30,17.3,63.2,----,----,3355.9530 S,15113.3977 E,3,1,T,S,V
2019-03-10 07:07:37,27.2,2349,0.17,17.3,63.2,----,----,3355.9548 S,15113.3992 E,3,1,T,S,V
2019-03-10 07:07:43,30.6,2407,0.19,17.3,63.2,----,----,3355.9551 S,15113.4019 E,3,1,T,S,V
2019-03-10 07:07:49,28.3,2365,0.18,17.3,63.2,----,----,3355.9529 S,15113.4036 E,3,1,T,S,V
2019-03-10 07:07:54,24.9,2309,0.16,17.3,63.2,----,----,3355.9475 S,15113.4012 E,3,1,T,S,V
2019-03-10 07:07:59,26.0,2323,0.14,17.3,63.2,----,----,3355.9462 S,15113.4022 E,3,1,T,S,V
2019-03-10 07:08:05,27.2,2349,0.14,17.3,63.2,----,----,3355.9520 S,15113.4100 E,4,1,T,S,V
2019-03-10 07:08:11,34.0,2460,0.17,17.3,63.2,----,----,3355.9514 S,15113.4094 E,4,1,T,S,V
2019-03-10 07:08:17,34.6,2472,0.21,17.3,63.2,----,----,3355.9506 S,15113.4103 E,4,1,T,S,V
2019-03-10 07:08:22,34.6,2479,0.16,17.3,63.2,----,----,3355.9494 S,15113.4022 E,5,1,T,S,V
2019-03-10 07:08:28,28.9,2377,0.09,17.3,63.2,----,----,3355.9479 S,15113.4002 E,6,1,T,S,V
2019-03-10 07:08:33,30.0,2399,0.24,17.3,63.2,----,----,3355.9477 S,15113.3992 E,6,1,T,S,V
2019-03-10 07:08:39,33.4,2458,0.22,17.3,63.2,----,----,3355.9469 S,15113.3982 E,6,1,T,S,V
2019-03-10 07:08:44,30.6,2402,0.23,17.3,63.2,----,----,3355.9472 S,15113.3969 E,6,1,T,S,V
2019-03-10 07:08:49,26.0,2329,0.14,17.3,63.2,----,----,3355.9481 S,15113.3959 E,6,1,T,S,V
2019-03-10 07:08:59,28.3,2366,0.23,17.3,63.2,----,----,3355.9481 S,15113.3932 E,7,1,T,S,V
2019-03-10 07:09:05,29.4,2385,0.19,17.3,63.2,----,----,3355.9476 S,15113.3920 E,7,1,T,S,V
2019-03-10 07:09:09,28.3,2363,0.21,17.3,63.2,----,----,3355.9477 S,15113.3914 E,7,1,T,S,V
2019-03-10 07:09:13,23.7,2285,0.24,17.3,63.2,----,----,3355.9479 S,15113.3911 E,7,1,T,S,V
2019-03-10 07:09:17,28.9,2370,0.23,17.3,63.2,----,----,3355.9488 S,15113.3912 E,6,1,T,S,V
2019-03-10 07:09:23,28.3,2363,0.19,17.3,63.2,----,----,3355.9480 S,15113.3907 E,7,1,T,S,V
2019-03-10 07:09:29,32.9,2446,0.20,17.3,63.2,----,----,3355.9474 S,15113.3909 E,7,1,T,S,V
2019-03-10 07:09:34,33.4,2456,0.28,17.3,63.2,----,----,3355.9461 S,15113.3903 E,7,1,T,S,V
2019-03-10 07:09:40,30.0,2394,0.26,17.3,63.2,----,----,3355.9445 S,15113.3894 E,7,1,T,S,V
2019-03-10 07:09:45,30.6,2400,0.20,17.3,63.2,----,----,3355.9442 S,15113.3874 E,7,1,T,S,V
2019-03-10 07:11:39,31.7,2426,0.26,17.3,63.2,----,----,0000.0000 N,00000.0000 W,0,0,T,S,V
2019-03-10 07:11:44,35.1,2484,0.26,17.3,63.2,----,----,0000.0000 N,00000.0000 W,0,0,T,S,V
2019-03-10 07:11:50,33.4,2450,0.12,17.3,63.2,----,----,0000.0000 N,00000.0000 W,0,0,T,S,V
2019-03-10 07:11:56,32.3,2436,0.24,17.3,63.2,----,----,0000.0000 N,00000.0000 W,0,0,T,S,V
2019-03-10 07:12:02,32.3,2433,0.23,17.3,63.2,----,----,0000.0000 N,00000.0000 W,0,0,T,S,V
2019-03-10 07:12:07,30.0,2392,0.19,17.3,63.2,----,----,0000.0000 N,00000.0000 W,0,0,T,S,V
2019-03-10 07:12:13,27.7,2351,0.16,17.3,63.2,----,----,0000.0000 N,00000.0000 W,0,0,T,S,V
2019-03-10 07:12:18,33.4,2455,0.29,17.3,63.2,----,----,0000.0000 N,00000.0000 W,0,0,T,S,V
2019-03-10 07:12:24,32.3,2438,0.16,17.3,63.2,----,----,0000.0000 N,00000.0000 W,0,0,T,S,V
2019-03-10 07:12:30,29.4,2384,0.18,17.3,63.2,----,----,0000.0000 N,00000.0000 W,0,0,T,S,V
2019-03-10 07:12:35,32.9,2447,0.24,17.3,63.2,----,----,0000.0000 N,00000.0000 W,0,0,T,S,V
2019-03-10 07:12:41,31.1,2418,0.17,17.3,63.2,----,----,0000.0000 N,00000.0000 W,0,0,T,S,V
2019-03-10 07:12:46,24.9,2305,0.06,17.3,63.2,----,----,0000.0000 N,00000.0000 W,0,0,T,S,V
2019-03-10 07:12:50,26.0,2328,0.11,17.3,63.2,----,----,0000.0000 N,00000.0000 W,0,0,T,S,V
2019-03-10 07:12:55,24.3,2299,0.14,17.3,63.2,----,----,0000.0000 N,00000.0000 W,0,0,T,S,V
2019-03-10 07:13:00,31.1,2414,0.28,17.3,63.2,----,----,0000.0000 N,00000.0000 W,0,0,T,S,V
2019-03-10 07:13:05,31.7,2422,0.19,17.3,63.2,----,----,0000.0000 N,00000.0000 W,0,0,T,S,V
2019-03-10 07:13:11,29.4,2389,0.23,17.3,63.2,----,----,0000.0000 N,00000.0000 W,0,0,T,S,V
2019-03-10 07:13:16,32.9,2442,0.26,17.3,63.2,----,----,0000.0000 N,00000.0000 W,0,0,T,S,V
2019-03-10 07:13:23,28.3,2369,0.19,17.3,63.2,----,----,0000.0000 N,00000.0000 W,0,0,T,S,V
2019-03-10 07:13:28,32.3,2431,0.22,17.3,63.2,----,----,3355.9705 S,15113.4128 E,4,1,T,S,V
2019-03-10 07:13:34,26.6,2334,0.16,17.3,63.2,----,----,3355.9699 S,15113.4128 E,3,1,T,S,V
2019-03-10 07:13:42,31.7,2422,0.23,17.3,63.2,----,----,3355.9733 S,15113.4171 E,3,1,T,S,V
2019-03-10 07:13:47,32.9,2447,0.36,17.3,63.2,----,----,3355.9731 S,15113.4162 E,3,1,T,S,V
2019-03-10 07:13:53,27.7,2355,0.17,17.3,63.2,----,----,3355.9712 S,15113.4152 E,3,1,T,S,V
2019-03-10 07:13:58,26.6,2330,0.15,17.3,63.2,----,----,3355.9729 S,15113.4178 E,3,1,T,S,V
2019-03-10 07:14:03,32.9,2441,0.20,17.3,63.2,----,----,3355.9720 S,15113.4167 E,4,1,T,S,V
2019-03-10 07:14:09,31.1,2417,0.26,17.3,63.2,----,----,3355.9725 S,15113.4182 E,4,1,T,S,V
2019-03-10 07:14:14,31.7,2423,0.31,17.3,63.2,----,----,3355.9715 S,15113.4180 E,4,1,T,S,V
2019-03-10 07:14:19,31.7,2425,0.23,17.3,63.2,----,----,3355.9716 S,15113.4181 E,4,1,T,S,V
2019-03-10 07:14:25,32.3,2438,0.23,17.3,63.2,----,----,3355.9700 S,15113.4191 E,4,1,T,S,V
2019-03-10 07:14:31,38.0,2535,0.44,17.3,63.2,----,----,3355.9690 S,15113.4220 E,4,1,T,S,V
2019-03-10 07:14:36,31.7,2421,0.19,17.3,63.2,----,----,3355.9667 S,15113.4220 E,4,1,T,S,V
2019-03-10 07:14:41,29.4,2389,0.22,17.4,63.3,----,----,3355.9653 S,15113.4222 E,5,1,T,S,V
2019-03-10 07:14:47,31.7,2425,0.16,17.4,63.3,----,----,3355.9646 S,15113.4230 E,5,1,T,S,V
2019-03-10 07:14:52,31.7,2423,0.24,17.4,63.3,----,----,3355.9640 S,15113.4211 E,5,1,T,S,V
2019-03-10 07:14:56,25.4,2312,0.16,17.4,63.3,----,----,3355.9637 S,15113.4215 E,5,1,T,S,V
2019-03-10 07:15:00,26.0,2325,0.18,17.4,63.3,----,----,3355.9633 S,15113.4206 E,5,1,T,S,V
2019-03-10 07:15:05,28.3,2365,0.10,17.4,63.3,----,----,3355.9644 S,15113.4215 E,5,1,T,S,V
2019-03-10 07:15:10,25.4,2319,0.11,17.4,63.3,----,----,3355.9647 S,15113.4204 E,5,1,T,S,V
2019-03-10 07:15:14,27.2,2347,0.04,17.4,63.3,----,----,3355.9649 S,15113.4186 E,5,1,T,S,V
2019-03-10 07:15:20,30.6,2407,0.26,17.4,63.3,----,----,3355.9654 S,15113.4172 E,5,1,T,S,V
2019-03-10 07:15:25,31.1,2417,0.24,17.4,63.3,----,----,3355.9663 S,15113.4177 E,6,1,T,S,V
2019-03-10 07:15:30,28.3,2366,0.24,17.4,63.3,----,----,3355.9673 S,15113.4185 E,6,1,T,S,V
2019-03-10 07:15:35,29.4,2384,0.24,17.4,63.3,----,----,3355.9686 S,15113.4192 E,7,1,T,S,V
2019-03-10 07:15:41,27.2,2342,0.12,17.4,63.3,----,----,3355.9692 S,15113.4190 E,7,1,T,S,V
2019-03-10 07:15:47,26.6,2337,0.11,17.4,63.3,----,----,3355.9688 S,15113.4177 E,7,1,T,S,V
2019-03-10 07:27:06,32.9,2440,0.22,17.6,63.7,----,----,0000.0000 N,00000.0000 W,0,0,T,S,V
2019-03-10 07:27:12,32.9,2446,0.12,17.6,63.7,----,----,0000.0000 N,00000.0000 W,0,0,T,S,V
2019-03-10 07:27:17,34.0,2464,0.25,17.6,63.7,----,----,0000.0000 N,00000.0000 W,0,0,T,S,V
2019-03-10 07:27:22,34.0,2467,0.20,17.6,63.7,----,----,0000.0000 N,00000.0000 W,0,0,T,S,V
2019-03-10 07:27:29,37.4,2521,0.17,17.6,63.7,----,----,0000.0000 N,00000.0000 W,0,0,T,S,V
2019-03-10 07:27:35,35.7,2490,0.22,17.6,63.7,----,----,0000.0000 N,00000.0000 W,0,0,T,S,V
2019-03-10 07:27:41,37.4,2524,0.29,17.6,63.7,----,----,0000.0000 N,00000.0000 W,0,0,T,S,V
2019-03-10 07:27:46,32.3,2430,0.25,17.6,63.7,----,----,0000.0000 N,00000.0000 W,0,0,T,S,V
2019-03-10 07:28:04,30.6,2404,0.15,17.6,63.7,----,----,0000.0000 N,00000.0000 W,0,0,T,S,V
2019-03-10 07:28:12,28.9,2375,0.20,17.6,63.8,----,----,0000.0000 N,00000.0000 W,0,0,T,S,V
2019-03-10 07:28:18,31.7,2422,0.26,17.6,63.8,----,----,0000.0000 N,00000.0000 W,0,0,T,S,V
2019-03-10 07:28:23,29.4,2387,0.22,17.6,63.8,----,----,0000.0000 N,00000.0000 W,0,0,T,S,V
2019-03-10 07:28:28,33.4,2455,0.21,17.6,63.8,----,----,0000.0000 N,00000.0000 W,0,0,T,S,V
2019-03-10 07:28:33,30.6,2409,0.18,17.6,63.8,----,----,0000.0000 N,00000.0000 W,0,0,T,S,V
2019-03-10 07:28:38,31.7,2423,0.16,17.6,63.8,----,----,0000.0000 N,00000.0000 W,0,0,T,S,V
2019-03-10 07:28:43,26.0,2326,0.18,17.6,63.8,----,----,0000.0000 N,00000.0000 W,0,0,T,S,V
2019-03-10 07:28:48,22.6,2263,0.12,17.6,63.8,----,----,0000.0000 N,00000.0000 W,0,0,T,S,V
2019-03-10 07:28:52,22.0,2253,0.13,17.6,63.7,----,----,0000.0000 N,00000.0000 W,0,0,T,S,V
2019-03-10 07:28:57,26.0,2327,0.12,17.6,63.8,----,----,3356.1463 S,15113.2195 E,5,1,T,S,V
2019-03-10 07:29:02,27.2,2346,0.17,17.6,63.8,----,----,3356.1429 S,15113.2252 E,6,1,T,S,V
2019-03-10 07:29:07,26.6,2334,0.14,17.6,63.8,----,----,3356.1424 S,15113.2217 E,6,1,T,S,V
2019-03-10 07:29:12,27.7,2359,0.15,17.6,63.8,----,----,3356.1425 S,15113.2187 E,5,1,T,S,V
2019-03-10 07:29:18,26.6,2338,0.14,17.6,63.8,----,----,3356.1419 S,15113.2194 E,6,1,T,S,V
2019-03-10 07:29:24,30.0,2393,0.12,17.6,63.8,----,----,3356.1418 S,15113.2212 E,5,1,T,S,V
2019-03-10 07:29:29,38.6,2541,0.18,17.7,63.8,----,----,3356.1396 S,15113.2224 E,6,1,T,S,V
2019-03-10 07:29:35,32.3,2439,0.23,17.6,63.8,----,----,3356.1391 S,15113.2209 E,6,1,T,S,V
2019-03-10 07:29:40,34.0,2465,0.21,17.7,63.8,----,----,3356.1385 S,15113.2191 E,6,1,T,S,V
2019-03-10 07:29:45,29.4,2385,0.25,17.7,63.8,----,----,3356.1377 S,15113.2171 E,6,1,T,S,V
2019-03-10 07:29:51,31.7,2421,0.18,17.7,63.8,----,----,3356.1366 S,15113.2171 E,6,1,T,S,V
2019-03-10 07:29:55,28.9,2376,0.15,17.7,63.8,----,----,3356.1363 S,15113.2179 E,6,1,T,S,V
2019-03-10 07:30:01,28.3,2360,0.13,17.7,63.8,----,----,3356.1353 S,15113.2211 E,6,1,T,S,V
2019-03-10 07:30:06,32.3,2433,0.25,17.7,63.8,----,----,3356.1357 S,15113.2228 E,6,1,T,S,V
2019-03-10 07:30:12,31.7,2422,0.16,17.7,63.8,----,----,3356.1362 S,15113.2225 E,6,1,T,S,V
2019-03-10 07:30:17,36.3,2508,0.22,17.7,63.8,----,----,3356.1360 S,15113.2240 E,6,1,T,S,V
2019-03-10 07:30:23,35.7,2492,0.24,17.7,63.8,----,----,3356.1356 S,15113.2250 E,6,1,T,S,V
2019-03-10 07:30:28,37.4,2527,0.19,17.7,63.8,----,----,3356.1350 S,15113.2259 E,6,1,T,S,V
2019-03-10 07:30:34,42.0,2609,0.25,17.7,63.9,----,----,3356.1347 S,15113.2277 E,7,1,T,S,V
2019-03-10 07:30:39,36.3,2507,0.46,17.7,63.9,----,----,3356.1343 S,15113.2270 E,7,1,T,S,V
2019-03-10 07:30:45,32.9,2445,0.16,17.7,63.9,----,----,3356.1349 S,15113.2248 E,7,1,T,S,V
2019-03-10 07:30:56,32.9,2440,0.24,17.7,63.9,----,----,3356.1315 S,15113.2243 E,6,1,T,S,V
2019-03-10 07:31:01,31.1,2419,0.21,17.7,63.9,----,----,3356.1302 S,15113.2282 E,8,1,T,S,V
2019-03-10 07:31:05,28.9,2373,0.16,17.7,63.9,----,----,3356.1306 S,15113.2298 E,8,1,T,S,V
2019-03-10 07:31:10,34.6,2471,0.19,17.7,63.9,----,----,3356.1316 S,15113.2300 E,9,1,T,S,V
2019-03-10 07:31:16,34.0,2462,0.23,17.7,63.9,----,----,3356.1330 S,15113.2286 E,9,1,T,S,V
2019-03-10 07:31:22,28.3,2367,0.18,17.7,63.9,----,----,3356.1330 S,15113.2272 E,9,1,T,S,V
2019-03-10 07:31:28,31.7,2425,0.19,17.7,63.9,----,----,3356.1326 S,15113.2252 E,9,1,T,S,V
2019-03-10 07:31:36,33.4,2455,0.15,17.7,63.9,----,----,3356.1338 S,15113.2228 E,9,1,T,S,V
2019-03-10 07:31:41,35.1,2488,0.21,17.7,63.9,----,----,3356.1345 S,15113.2219 E,9,1,T,S,V
2019-03-10 07:31:46,32.9,2440,0.19,17.7,63.9,----,----,3356.1362 S,15113.2223 E,9,1,T,S,V
2019-03-10 07:31:51,29.4,2386,0.26,17.7,63.9,----,----,3356.1378 S,15113.2219 E,9,1,T,S,V
2019-03-10 07:31:57,32.3,2430,0.12,17.7,63.9,----,----,3356.1387 S,15113.2214 E,9,1,T,S,V
2019-03-10 07:32:03,34.0,2467,0.17,17.7,63.9,----,----,3356.1373 S,15113.2193 E,9,1,T,S,V
2019-03-10 07:32:08,27.7,2355,0.15,17.7,63.9,----,----,3356.1357 S,15113.2186 E,9,1,T,S,V
2019-03-10 07:32:14,26.0,2325,0.14,17.7,63.9,----,----,3356.1345 S,15113.2189 E,9,1,T,S,V
2019-03-10 07:32:19,26.6,2336,0.20,17.7,63.9,----,----,3356.1329 S,15113.2181 E,9,1,T,S,V
2019-03-10 07:32:25,34.6,2472,0.28,17.7,63.9,----,----,3356.1323 S,15113.2182 E,9,1,T,S,V
2019-03-10 07:32:32,35.7,2499,0.26,17.7,63.9,----,----,3356.1311 S,15113.2185 E,9,1,T,S,V
2019-03-10 07:32:38,32.3,2436,0.19,17.7,64.0,----,----,3356.1295 S,15113.2169 E,9,1,T,S,V
2019-03-10 07:32:43,26.6,2334,0.14,17.7,64.0,----,----,3356.1301 S,15113.2155 E,9,1,T,S,V
2019-03-10 07:36:02,31.7,2426,0.34,17.7,63.9,----,----,0000.0000 N,00000.0000 W,0,0,T,S,V
2019-03-10 07:36:11,35.1,2484,0.20,17.7,63.9,----,----,0000.0000 N,00000.0000 W,0,0,T,S,V
2019-03-10 07:36:17,33.4,2455,0.09,17.7,63.9,----,----,0000.0000 N,00000.0000 W,0,0,T,S,V
2019-03-10 07:36:22,34.6,2470,0.25,17.7,63.9,----,----,3356.2861 S,15113.2632 E,4,1,T,S,V
2019-03-10 07:36:27,31.7,2425,0.03,17.7,63.9,----,----,3356.2849 S,15113.2624 E,3,1,T,S,V
2019-03-10 07:36:32,30.0,2394,0.17,17.7,63.9,----,----,3356.2818 S,15113.2594 E,4,1,T,S,V
2019-03-10 07:36:37,34.6,2478,0.13,17.7,63.9,----,----,3356.2816 S,15113.2590 E,4,1,T,S,V
2019-03-10 07:36:43,28.9,2374,0.19,17.7,63.9,----,----,3356.2819 S,15113.2590 E,4,1,T,S,V
2019-03-10 07:36:56,31.7,2425,0.20,17.7,63.9,----,----,3356.2846 S,15113.2571 E,4,1,T,S,V
2019-03-10 07:37:02,30.6,2406,0.13,17.7,63.9,----,----,3356.2837 S,15113.2554 E,4,1,T,S,V
2019-03-10 07:37:15,32.9,2448,0.30,17.7,63.9,----,----,3356.2784 S,15113.2543 E,4,1,T,S,V
2019-03-10 07:41:24,33.4,2457,0.09,17.6,63.8,----,----,3356.2879 S,15113.2542 E,9,1,T,S,V
2019-03-10 07:43:15,30.6,2408,0.16,17.6,63.8,----,----,3356.2900 S,15113.2542 E,9,2,T,S,V
2019-03-10 07:43:20,26.0,2322,0.18,17.6,63.8,----,----,3356.2901 S,15113.2535 E,9,2,T,S,V
2019-03-10 07:43:25,28.9,2376,0.12,17.6,63.8,----,----,3356.2899 S,15113.2528 E,9,2,T,S,V
2019-03-10 07:43:30,29.4,2381,0.19,17.7,63.8,----,----,3356.2902 S,15113.2530 E,9,2,T,S,V
2019-03-10 07:43:33,28.9,2377,0.15,17.7,63.8,----,----,3356.2916 S,15113.2537 E,9,2,T,S,V
2019-03-10 07:43:37,31.1,2413,0.14,17.7,63.8,----,----,3356.2924 S,15113.2537 E,9,2,T,S,V
2019-03-10 07:43:42,27.2,2341,0.15,17.7,63.8,----,----,3356.2936 S,15113.2538 E,9,2,T,S,V
2019-03-10 07:43:47,25.4,2314,0.13,17.7,63.8,----,----,3356.2940 S,15113.2541 E,9,2,T,S,V
2019-03-10 07:43:52,25.4,2311,0.11,17.7,63.8,----,----,3356.2951 S,15113.2552 E,9,2,T,S,V
2019-03-10 07:43:56,26.6,2334,0.20,17.7,63.9,----,----,3356.2946 S,15113.2554 E,9,2,T,S,V
2019-03-10 07:44:01,30.6,2404,0.24,17.7,63.9,----,----,3356.2929 S,15113.2557 E,9,2,T,S,V
2019-03-10 07:44:07,26.0,2320,0.15,17.7,63.9,----,----,3356.2907 S,15113.2562 E,9,2,T,S,V
2019-03-10 07:44:12,30.6,2400,0.24,17.7,63.9,----,----,3356.2891 S,15113.2561 E,9,2,T,S,V
2019-03-10 07:44:17,29.4,2387,0.23,17.7,63.9,----,----,3356.2893 S,15113.2569 E,9,2,T,S,V
2019-03-10 07:44:23,28.3,2367,0.21,17.7,63.9,----,----,3356.2912 S,15113.2588 E,9,2,T,S,V
2019-03-10 07:44:28,28.9,2378,0.13,17.7,63.9,----,----,3356.2930 S,15113.2587 E,9,2,T,S,V
2019-03-10 07:44:33,27.7,2350,0.20,17.7,63.9,----,----,3356.2942 S,15113.2585 E,9,2,T,S,V
2019-03-10 07:44:39,29.4,2383,0.19,17.7,63.9,----,----,3356.2960 S,15113.2590 E,9,2,T,S,V
2019-03-10 07:44:44,27.7,2354,0.17,17.7,63.9,----,----,3356.2970 S,15113.2612 E,9,2,T,S,V
2019-03-10 07:44:49,23.7,2289,0.15,17.7,63.9,----,----,3356.2964 S,15113.2622 E,9,2,T,S,V
2019-03-10 07:44:54,24.9,2309,0.17,17.7,63.9,----,----,3356.2961 S,15113.2618 E,9,2,T,S,V
2019-03-10 07:44:59,28.3,2368,0.14,17.7,63.9,----,----,3356.2952 S,15113.2625 E,9,2,T,S,V
2019-03-10 07:45:04,28.3,2365,0.19,17.7,63.9,----,----,3356.2942 S,15113.2633 E,9,2,T,S,V
2019-03-10 07:45:10,31.7,2423,0.16,17.7,64.0,----,----,3356.2925 S,15113.2624 E,9,2,T,S,V
2019-03-10 07:45:15,28.3,2363,0.19,17.7,64.0,----,----,3356.2898 S,15113.2619 E,9,2,T,S,V
2019-03-10 07:45:21,28.3,2365,0.19,17.7,64.0,----,----,3356.2884 S,15113.2608 E,9,2,T,S,V
2019-03-10 07:45:27,34.0,2460,0.32,17.7,64.0,----,----,3356.2883 S,15113.2598 E,9,2,T,S,V
2019-03-10 07:45:33,26.6,2337,0.18,17.8,64.0,----,----,3356.2879 S,15113.2602 E,9,2,T,S,V
2019-03-10 07:45:39,31.7,2422,0.31,17.8,64.0,----,----,3356.2899 S,15113.2620 E,9,2,T,S,V
2019-03-10 07:45:44,35.1,2484,0.07,17.8,64.0,----,----,3356.2913 S,15113.2640 E,9,2,T,S,V
2019-03-10 07:45:50,34.6,2478,0.09,17.8,64.0,----,----,3356.2922 S,15113.2645 E,9,2,T,S,V
2019-03-10 07:45:56,34.0,2463,0.04,17.8,64.0,----,----,3356.2900 S,15113.2666 E,9,2,T,S,V
2019-03-10 07:46:05,40.3,2570,0.20,17.8,64.0,----,----,3356.2878 S,15113.2656 E,9,2,T,S,V
2019-03-10 07:46:11,33.4,2452,0.02,17.8,64.0,----,----,3356.2868 S,15113.2637 E,9,2,T,S,V
2019-03-10 07:46:16,34.6,2470,0.31,17.8,64.1,----,----,3356.2871 S,15113.2620 E,9,2,T,S,V
2019-03-10 07:46:21,35.7,2497,0.26,17.8,64.1,----,----,3356.2873 S,15113.2615 E,9,2,T,S,V
2019-03-10 07:46:28,34.0,2468,0.28,17.8,64.1,----,----,3356.2866 S,15113.2608 E,9,2,T,S,V
2019-03-10 07:52:26,24.9,2302,0.19,17.9,64.3,----,----,0000.0000 N,00000.0000 W,0,0,T,S,V
2019-03-10 07:52:31,25.4,2310,0.23,18.0,64.4,----,----,0000.0000 N,00000.0000 W,0,0,T,S,V
2019-03-10 07:52:36,27.2,2342,0.26,18.0,64.4,----,----,0000.0000 N,00000.0000 W,0,0,T,S,V
2019-03-10 07:52:41,28.3,2362,0.24,18.0,64.4,----,----,0000.0000 N,00000.0000 W,0,0,T,S,V
2019-03-10 07:52:47,25.4,2319,0.21,18.0,64.4,----,----,0000.0000 N,00000.0000 W,0,0,T,S,V
2019-03-10 07:52:52,26.0,2322,0.18,18.0,64.4,----,----,0000.0000 N,00000.0000 W,0,0,T,S,V
2019-03-10 07:52:58,26.0,2327,0.17,18.0,64.4,----,----,0000.0000 N,00000.0000 W,0,0,T,S,V
2019-03-10 07:53:04,26.6,2333,0.19,18.0,64.4,----,----,0000.0000 N,00000.0000 W,0,0,T,S,V
2019-03-10 07:53:09,28.3,2365,0.25,18.0,64.5,----,----,0000.0000 N,00000.0000 W,0,0,T,S,V
2019-03-10 07:53:14,28.3,2365,0.22,18.0,64.5,----,----,0000.0000 N,00000.0000 W,0,0,T,S,V
2019-03-10 07:53:20,30.0,2395,0.19,18.0,64.5,----,----,0000.0000 N,00000.0000 W,0,0,T,S,V
2019-03-10 07:53:26,31.7,2425,0.15,18.0,64.5,----,----,0000.0000 N,00000.0000 W,0,0,T,S,V
2019-03-10 07:53:31,32.3,2432,0.27,18.0,64.5,----,----,0000.0000 N,00000.0000 W,0,0,T,S,V
2019-03-10 07:53:37,27.2,2347,0.13,18.1,64.5,----,----,0000.0000 N,00000.0000 W,0,0,T,S,V
2019-03-10 07:53:42,27.7,2359,0.28,18.1,64.5,----,----,0000.0000 N,00000.0000 W,0,0,T,S,V
2019-03-10 07:53:48,27.2,2346,0.21,18.1,64.5,----,----,0000.0000 N,00000.0000 W,0,0,T,S,V
2019-03-10 07:53:53,26.0,2326,0.22,18.1,64.5,----,----,0000.0000 N,00000.0000 W,0,0,T,S,V
2019-03-10 07:53:59,24.9,2309,0.23,18.1,64.6,----,----,0000.0000 N,00000.0000 W,0,0,T,S,V
2019-03-10 07:54:04,24.9,2308,0.14,18.1,64.6,----,----,0000.0000 N,00000.0000 W,0,0,T,S,V
2019-03-10 07:54:11,24.3,2294,0.09,18.1,64.6,----,----,0000.0000 N,00000.0000 W,0,0,T,S,V
2019-03-10 07:54:17,27.7,2358,0.12,18.1,64.6,----,----,0000.0000 N,00000.0000 W,0,0,T,S,V
2019-03-10 07:54:23,31.1,2410,0.30,18.1,64.6,----,----,0000.0000 N,00000.0000 W,0,0,T,S,V
2019-03-10 07:54:30,28.9,2379,0.29,18.1,64.7,----,----,3356.3245 S,15113.3516 E,4,1,T,S,V
2019-03-10 07:54:35,24.9,2309,0.22,18.1,64.7,----,----,3356.3250 S,15113.3448 E,2,6,T,S,V
2019-03-10 07:54:41,32.3,2430,0.27,18.1,64.7,----,----,3356.3256 S,15113.3439 E,2,6,T,S,V
2019-03-10 07:54:47,26.6,2334,0.18,18.1,64.7,----,----,3356.3283 S,15113.3458 E,2,6,T,S,V
2019-03-10 07:54:52,24.9,2303,0.19,18.1,64.7,----,----,3356.3300 S,15113.3460 E,1,6,T,S,V
2019-03-10 07:54:57,27.2,2347,0.17,18.1,64.7,----,----,3356.3331 S,15113.3454 E,0,6,T,S,V
2019-03-10 07:55:02,28.9,2375,0.23,18.1,64.7,----,----,3356.3345 S,15113.3480 E,3,1,T,S,V
2019-03-10 07:55:22,26.0,2322,0.19,18.2,64.7,----,----,3356.3345 S,15113.3496 E,3,1,T,S,V
2019-03-10 07:55:29,22.0,2255,0.11,18.2,64.7,----,----,3356.3350 S,15113.3447 E,3,1,T,S,V
2019-03-10 07:55:34,24.9,2304,0.15,18.2,64.7,----,----,3356.3342 S,15113.3442 E,3,1,T,S,V
2019-03-10 07:55:40,27.7,2352,0.27,18.2,64.7,----,----,3356.3327 S,15113.3425 E,3,1,T,S,V
2019-03-10 08:03:30,39.7,2569,0.22,18.2,64.8,----,----,0000.0000 N,00000.0000 W,0,0,T,S,V
2019-03-10 08:03:50,32.3,2439,0.15,18.2,64.8,----,----,0000.0000 N,00000.0000 W,0,0,T,S,V
2019-03-10 08:03:55,32.3,2434,0.19,18.2,64.8,----,----,0000.0000 N,00000.0000 W,0,0,T,S,V
2019-03-10 08:04:00,25.4,2313,0.12,18.2,64.8,----,----,0000.0000 N,00000.0000 W,0,0,T,S,V
2019-03-10 08:04:05,31.7,2427,0.18,18.2,64.8,----,----,0000.0000 N,00000.0000 W,0,0,T,S,V
2019-03-10 08:04:09,24.9,2306,0.19,18.2,64.8,----,----,0000.0000 N,00000.0000 W,0,0,T,S,V
2019-03-10 08:04:16,27.7,2358,0.12,18.2,64.8,----,----,0000.0000 N,00000.0000 W,0,0,T,S,V
2019-03-10 08:04:22,30.0,2392,0.21,18.2,64.8,----,----,0000.0000 N,00000.0000 W,0,0,T,S,V
2019-03-10 08:04:27,33.4,2459,0.25,18.2,64.9,----,----,0000.0000 N,00000.0000 W,0,0,T,S,V
2019-03-10 08:04:32,33.4,2459,0.34,18.2,64.9,----,----,0000.0000 N,00000.0000 W,0,0,T,S,V
2019-03-10 08:04:38,27.2,2349,0.18,18.2,64.9,----,----,0000.0000 N,00000.0000 W,0,0,T,S,V
2019-03-10 08:04:43,35.7,2491,0.14,18.2,64.9,----,----,0000.0000 N,00000.0000 W,0,0,T,S,V
2019-03-10 08:04:48,35.1,2484,0.18,18.2,64.9,----,----,0000.0000 N,00000.0000 W,0,0,T,S,V
2019-03-10 08:04:53,34.0,2460,0.33,18.3,64.9,----,----,0000.0000 N,00000.0000 W,0,0,T,S,V
2019-03-10 08:04:58,26.0,2326,0.20,18.3,64.9,----,----,0000.0000 N,00000.0000 W,0,0,T,S,V
2019-03-10 08:05:04,31.1,2417,0.22,18.3,64.9,----,----,3356.2393 S,15113.3874 E,2,6,T,S,V
2019-03-10 08:05:09,37.4,2529,0.25,18.3,64.9,----,----,3356.2377 S,15113.3809 E,3,1,T,S,V
2019-03-10 08:05:14,28.3,2366,0.21,18.3,64.9,----,----,3356.2369 S,15113.3797 E,2,6,T,S,V
2019-03-10 08:05:20,28.3,2363,0.19,18.3,64.9,----,----,3356.2342 S,15113.3743 E,3,1,T,S,V
2019-03-10 08:05:25,28.3,2369,0.16,18.3,65.0,----,----,3356.2325 S,15113.3735 E,3,1,T,S,V
2019-03-10 08:05:30,30.0,2391,0.13,18.3,65.0,----,----,3356.1915 S,15113.2988 E,4,1,T,S,V
2019-03-10 08:05:35,29.4,2389,0.20,18.3,65.0,----,----,3356.1904 S,15113.2988 E,3,1,T,S,V
2019-03-10 08:05:41,31.1,2410,0.19,18.3,65.0,----,----,3356.1895 S,15113.3010 E,3,1,T,S,V
2019-03-10 08:05:46,34.6,2479,0.20,18.3,65.0,----,----,3356.1897 S,15113.2990 E,3,1,T,S,V
2019-03-10 08:05:51,34.0,2465,0.19,18.3,65.0,----,----,3356.1974 S,15113.3159 E,4,1,T,S,V
2019-03-10 08:05:56,27.2,2342,0.17,18.3,65.0,----,----,3356.1977 S,15113.3179 E,4,1,T,S,V
2019-03-10 08:06:02,30.0,2390,0.19,18.3,65.0,----,----,3356.1960 S,15113.3170 E,4,1,T,S,V
2019-03-10 08:06:07,32.9,2446,0.18,18.3,65.0,----,----,3356.1956 S,15113.3174 E,4,1,T,S,V
2019-03-10 08:06:36,35.1,2484,0.08,18.3,65.0,----,----,3356.1945 S,15113.3179 E,6,1,T,S,V
2019-03-10 08:06:41,38.0,2538,0.29,18.4,65.1,----,----,3356.1961 S,15113.3170 E,6,1,T,S,V
2019-03-10 08:06:50,29.4,2386,0.07,18.4,65.1,----,----,3356.1967 S,15113.3193 E,6,1,T,S,V
2019-03-10 08:06:55,31.7,2427,0.30,18.4,65.1,----,----,3356.1982 S,15113.3195 E,6,1,T,S,V
2019-03-10 08:07:07,34.0,2464,0.23,18.4,65.1,----,----,3356.1997 S,15113.3202 E,6,1,T,S,V
2019-03-10 08:07:12,27.7,2359,0.15,18.4,65.1,----,----,3356.2011 S,15113.3216 E,6,1,T,S,V
2019-03-10 08:07:17,28.9,2377,0.17,18.4,65.1,----,----,3356.2015 S,15113.3211 E,6,1,T,S,V
2019-03-10 08:07:21,34.0,2460,0.26,18.4,65.1,----,----,3356.2021 S,15113.3202 E,6,1,T,S,V
2019-03-10 08:07:26,30.6,2404,0.19,18.4,65.1,----,----,3356.2045 S,15113.3195 E,6,1,T,S,V
2019-03-10 08:07:31,31.7,2422,0.21,18.4,65.2,----,----,3356.2055 S,15113.3203 E,6,1,T,S,V
2019-03-10 08:07:36,34.6,2479,0.11,18.4,65.2,----,----,3356.2038 S,15113.3221 E,6,1,T,S,V
2019-03-10 08:07:41,39.7,2565,0.31,18.4,65.2,----,----,3356.2045 S,15113.3226 E,6,1,T,S,V
2019-03-10 08:35:08,36.3,2505,0.25,19.8,67.6,----,----,0000.0000 N,00000.0000 W,0,0,T,S,V
2019-03-10 08:35:13,35.1,2489,0.27,19.7,67.6,----,----,0000.0000 N,00000.0000 W,0,0,T,S,V
2019-03-10 08:35:19,32.9,2445,0.24,19.7,67.6,----,----,0000.0000 N,00000.0000 W,0,0,T,S,V
2019-03-10 08:35:24,31.1,2413,0.30,19.7,67.6,----,----,0000.0000 N,00000.0000 W,0,0,T,S,V
2019-03-10 08:35:29,30.6,2407,0.21,19.7,67.5,----,----,0000.0000 N,00000.0000 W,0,0,T,S,V
2019-03-10 08:35:34,27.7,2353,0.12,19.7,67.5,----,----,0000.0000 N,00000.0000 W,0,0,T,S,V
2019-03-10 08:35:39,25.4,2316,0.21,19.7,67.5,----,----,0000.0000 N,00000.0000 W,0,0,T,S,V
2019-03-10 08:35:44,30.0,2394,0.17,19.7,67.5,----,----,0000.0000 N,00000.0000 W,0,0,T,S,V
2019-03-10 08:35:50,23.7,2281,0.13,19.7,67.5,----,----,0000.0000 N,00000.0000 W,0,0,T,S,V
2019-03-10 08:35:53,24.9,2308,0.23,19.7,67.5,----,----,0000.0000 N,00000.0000 W,0,0,T,S,V
2019-03-10 08:35:58,25.4,2316,0.20,19.7,67.5,----,----,0000.0000 N,00000.0000 W,0,0,T,S,V
2019-03-10 08:36:03,25.4,2316,0.15,19.7,67.5,----,----,0000.0000 N,00000.0000 W,0,0,T,S,V
2019-03-10 08:36:08,29.4,2389,0.23,19.7,67.5,----,----,0000.0000 N,00000.0000 W,0,0,T,S,V
2019-03-10 08:36:12,25.4,2313,0.10,19.7,67.5,----,----,0000.0000 N,00000.0000 W,0,0,T,S,V
2019-03-10 08:36:17,24.3,2297,0.12,19.7,67.5,----,----,0000.0000 N,00000.0000 W,0,0,T,S,V
2019-03-10 08:36:23,27.2,2349,0.16,19.7,67.4,----,----,0000.0000 N,00000.0000 W,0,0,T,S,V
2019-03-10 08:36:28,31.7,2421,0.30,19.7,67.4,----,----,0000.0000 N,00000.0000 W,0,0,T,S,V
2019-03-10 08:36:33,27.2,2340,0.18,19.7,67.4,----,----,3356.4265 S,15113.3786 E,4,1,T,S,V
2019-03-10 08:36:39,24.9,2309,0.16,19.6,67.4,----,----,3356.4250 S,15113.3744 E,3,1,T,S,V
2019-03-10 08:36:44,24.9,2302,0.17,19.6,67.4,----,----,3356.4273 S,15113.3719 E,3,1,T,S,V
2019-03-10 08:36:49,23.7,2284,0.19,19.6,67.4,----,----,3356.4314 S,15113.3690 E,4,1,T,S,V
2019-03-10 08:37:00,27.2,2342,0.14,19.6,67.4,----,----,3356.4383 S,15113.3626 E,5,1,T,S,V
2019-03-10 08:37:05,24.3,2296,0.17,19.6,67.4,----,----,3356.4383 S,15113.3620 E,6,1,T,S,V
2019-03-10 08:37:10,25.4,2310,0.16,19.6,67.3,----,----,3356.4397 S,15113.3617 E,6,1,T,S,V
2019-03-10 08:37:15,24.3,2293,0.16,19.6,67.3,----,----,3356.4402 S,15113.3609 E,6,1,T,S,V
2019-03-10 08:37:21,24.9,2309,0.16,19.6,67.3,----,----,3356.4412 S,15113.3601 E,6,1,T,S,V
2019-03-10 08:37:26,27.7,2354,0.14,19.6,67.3,----,----,3356.4412 S,15113.3591 E,6,1,T,S,V
2019-03-10 08:37:30,23.7,2285,0.17,19.6,67.3,----,----,3356.4398 S,15113.3585 E,7,1,T,S,V
2019-03-10 08:37:35,27.2,2343,0.18,19.6,67.3,----,----,3356.4384 S,15113.3581 E,6,1,T,S,V
2019-03-10 08:37:39,18.6,2191,0.08,19.6,67.3,----,----,3356.4391 S,15113.3586 E,7,1,T,S,V
2019-03-10 08:37:43,27.7,2357,0.26,19.6,67.3,----,----,3356.4394 S,15113.3587 E,7,1,T,S,V
2019-03-10 08:37:47,22.6,2268,0.19,19.6,67.3,----,----,3356.4396 S,15113.3580 E,7,1,T,S,V
2019-03-10 08:37:53,22.6,2261,0.13,19.6,67.3,----,----,3356.4401 S,15113.3548 E,7,1,T,S,V
2019-03-10 08:37:58,27.7,2352,0.13,19.6,67.3,----,----,3356.4410 S,15113.3524 E,7,1,T,S,V
2019-03-10 08:38:03,24.9,2305,0.14,19.6,67.3,----,----,3356.4417 S,15113.3514 E,7,1,T,S,V
2019-03-10 08:38:08,23.2,2278,0.11,19.6,67.3,----,----,3356.4433 S,15113.3513 E,7,1,T,S,V
2019-03-10 08:38:12,25.4,2312,0.16,19.6,67.3,----,----,3356.4442 S,15113.3517 E,6,1,T,S,V
2019-03-10 08:38:17,24.3,2296,0.08,19.6,67.3,----,----,3356.4429 S,15113.3534 E,7,1,T,S,V
2019-03-10 08:38:22,26.6,2331,0.28,19.6,67.3,----,----,3356.4431 S,15113.3544 E,7,1,T,S,V
2019-03-10 08:38:28,26.0,2323,0.16,19.6,67.3,----,----,3356.4443 S,15113.3549 E,7,1,T,S,V
2019-03-10 08:38:33,25.4,2316,0.16,19.6,67.3,----,----,3356.4472 S,15113.3546 E,7,1,T,S,V
2019-03-10 08:38:38,25.4,2313,0.14,19.6,67.3,----,----,3356.4465 S,15113.3535 E,7,1,T,S,V
2019-03-10 08:38:43,26.6,2330,0.10,19.6,67.3,----,----,3356.4459 S,15113.3521 E,7,1,T,S,V
2019-03-10 08:38:49,23.7,2286,0.10,19.6,67.3,----,----,3356.4454 S,15113.3512 E,7,1,T,S,V
2019-03-10 08:38:55,28.3,2361,0.15,19.6,67.3,----,----,3356.4454 S,15113.3496 E,7,1,T,S,V
2019-03-10 08:39:00,23.7,2280,0.16,19.6,67.3,----,----,3356.4459 S,15113.3479 E,7,1,T,S,V
2019-03-10 08:39:04,26.6,2336,0.17,19.6,67.3,----,----,3356.4475 S,15113.3472 E,7,1,T,S,V
2019-03-10 08:39:09,32.3,2430,0.14,19.6,67.3,----,----,3356.4497 S,15113.3474 E,7,1,T,S,V
2019-03-10 08:39:15,30.0,2394,0.20,19.6,67.3,----,----,3356.4507 S,15113.3479 E,7,1,T,S,V
2019-03-10 08:39:20,29.4,2381,0.16,19.6,67.3,----,----,3356.4499 S,15113.3495 E,7,1,T,S,V
2019-03-10 08:39:25,27.7,2355,0.17,19.6,67.3,----,----,3356.4490 S,15113.3512 E,7,1,T,S,V
2019-03-10 08:39:30,26.0,2326,0.14,19.6,67.3,----,----,3356.4481 S,15113.3519 E,7,1,T,S,V
2019-03-10 08:39:35,30.0,2391,0.14,19.6,67.3,----,----,3356.4468 S,15113.3540 E,7,1,T,S,V
2019-03-10 08:39:41,28.3,2365,0.18,19.6,67.3,----,----,3356.4472 S,15113.3549 E,7,1,T,S,V
2019-03-10 08:39:46,33.4,2456,0.11,19.6,67.3,----,----,3356.4485 S,15113.3547 E,7,1,T,S,V
2019-03-10 08:39:51,32.9,2443,0.11,19.6,67.3,----,----,3356.4513 S,15113.3535 E,7,1,T,S,V
2019-03-10 08:39:56,28.9,2377,0.23,19.6,67.3,----,----,3356.4533 S,15113.3525 E,7,1,T,S,V
2019-03-10 08:40:01,30.0,2394,0.19,19.6,67.3,----,----,3356.4548 S,15113.3530 E,7,1,T,S,V
2019-03-10 08:42:18,36.8,2513,0.16,19.6,67.3,----,----,0000.0000 N,00000.0000 W,0,0,T,S,V
2019-03-10 08:42:24,31.7,2421,0.20,19.6,67.3,----,----,0000.0000 N,00000.0000 W,0,0,T,S,V
2019-03-10 08:42:29,30.6,2403,0.23,19.6,67.3,----,----,0000.0000 N,00000.0000 W,0,0,T,S,V
2019-03-10 08:42:35,28.9,2374,0.16,19.6,67.3,----,----,0000.0000 N,00000.0000 W,0,0,T,S,V
2019-03-10 08:42:40,28.9,2374,0.18,19.6,67.3,----,----,0000.0000 N,00000.0000 W,0,0,T,S,V
2019-03-10 08:42:46,25.4,2314,0.20,19.6,67.3,----,----,0000.0000 N,00000.0000 W,0,0,T,S,V
2019-03-10 08:42:52,33.4,2452,0.26,19.6,67.3,----,----,0000.0000 N,00000.0000 W,0,0,T,S,V
2019-03-10 08:42:58,34.6,2478,0.34,19.6,67.3,----,----,0000.0000 N,00000.0000 W,0,0,T,S,V
2019-03-10 08:43:03,35.7,2499,0.24,19.6,67.3,----,----,0000.0000 N,00000.0000 W,0,0,T,S,V
2019-03-10 08:43:08,30.0,2394,0.14,19.6,67.3,----,----,0000.0000 N,00000.0000 W,0,0,T,S,V
2019-03-10 08:43:14,30.0,2395,0.13,19.6,67.3,----,----,0000.0000 N,00000.0000 W,0,0,T,S,V
2019-03-10 08:43:20,32.3,2439,0.19,19.6,67.3,----,----,0000.0000 N,00000.0000 W,0,0,T,S,V
2019-03-10 08:43:25,34.0,2462,0.25,19.6,67.3,----,----,0000.0000 N,00000.0000 W,0,0,T,S,V
2019-03-10 08:43:31,31.7,2421,0.17,19.6,67.3,----,----,3356.6019 S,15113.2475 E,3,1,T,S,V
2019-03-10 08:43:36,30.0,2397,0.19,19.6,67.3,----,----,3356.5996 S,15113.2521 E,3,1,T,S,V
2019-03-10 08:43:42,32.9,2445,0.29,19.6,67.3,----,----,3356.5986 S,15113.2517 E,3,1,T,S,V
2019-03-10 08:43:47,36.3,2505,0.22,19.6,67.3,----,----,3356.5973 S,15113.2494 E,3,1,T,S,V
2019-03-10 08:43:52,32.3,2431,0.18,19.6,67.3,----,----,3356.5979 S,15113.2466 E,3,1,T,S,V
2019-03-10 08:43:57,30.0,2394,0.18,19.6,67.3,----,----,3356.5990 S,15113.2443 E,3,1,T,S,V
2019-03-10 08:44:03,24.9,2302,0.16,19.6,67.3,----,----,3356.6011 S,15113.2452 E,3,1,T,S,V
2019-03-10 08:44:08,28.9,2373,0.21,19.6,67.3,----,----,3356.6016 S,15113.2485 E,3,1,T,S,V
2019-03-10 08:44:13,29.4,2386,0.17,19.6,67.3,----,----,3356.6011 S,15113.2504 E,3,1,T,S,V
2019-03-10 08:44:17,32.3,2433,0.20,19.6,67.3,----,----,3356.6021 S,15113.2528 E,3,1,T,S,V
2019-03-10 08:44:25,34.0,2464,0.20,19.6,67.3,----,----,3356.6047 S,15113.2512 E,3,1,T,S,V
2019-03-10 08:44:29,32.3,2436,0.32,19.6,67.3,----,----,3356.6058 S,15113.2535 E,3,1,T,S,V
2019-03-10 08:44:34,28.3,2362,0.09,19.6,67.3,----,----,3356.6069 S,15113.2488 E,4,1,T,S,V
2019-03-10 08:44:39,24.3,2296,0.10,19.6,67.3,----,----,3356.6064 S,15113.2496 E,4,1,T,S,V
2019-03-10 08:44:45,26.6,2337,0.17,19.6,67.3,----,----,3356.6063 S,15113.2500 E,4,1,T,S,V
2019-03-10 08:44:50,27.7,2355,0.15,19.6,67.4,----,----,3356.6045 S,15113.2521 E,5,1,T,S,V
2019-03-10 08:44:55,31.1,2411,0.18,19.6,67.4,----,----,3356.6063 S,15113.2554 E,5,1,T,S,V
2019-03-10 08:45:01,30.6,2406,0.18,19.6,67.4,----,----,3356.6064 S,15113.2586 E,5,1,T,S,V
2019-03-10 08:45:06,27.7,2357,0.17,19.6,67.4,----,----,3356.6076 S,15113.2598 E,5,1,T,S,V
2019-03-10 08:45:12,28.9,2377,0.19,19.6,67.4,----,----,3356.6088 S,15113.2589 E,5,1,T,S,V
2019-03-10 08:45:17,26.6,2338,0.18,19.7,67.4,----,----,3356.6093 S,15113.2578 E,5,1,T,S,V
2019-03-10 08:45:22,26.6,2334,0.16,19.7,67.4,----,----,3356.6103 S,15113.2563 E,5,1,T,S,V
2019-03-10 08:45:27,26.0,2327,0.12,19.7,67.4,----,----,3356.6107 S,15113.2555 E,5,1,T,S,V
2019-03-10 08:45:31,22.0,2255,0.11,19.7,67.4,----,----,3356.6104 S,15113.2566 E,5,1,T,S,V
2019-03-10 08:45:35,25.4,2319,0.16,19.7,67.4,----,----,3356.6108 S,15113.2581 E,5,1,T,S,V
2019-03-10 08:45:40,27.7,2355,0.13,19.7,67.5,----,----,3356.6052 S,15113.2578 E,6,1,T,S,V
2019-03-10 09:07:09,29.4,2386,0.21,21.1,70.1,----,----,0000.0000 N,00000.0000 W,0,0,T,S,V
2019-03-10 09:07:14,27.2,2349,0.19,21.1,70.1,----,----,0000.0000 N,00000.0000 W,0,0,T,S,V
2019-03-10 09:07:19,23.7,2282,0.23,21.1,70.1,----,----,0000.0000 N,00000.0000 W,0,0,T,S,V
2019-03-10 09:07:23,24.3,2294,0.18,21.1,70.0,----,----,0000.0000 N,00000.0000 W,0,0,T,S,V
2019-03-10 09:07:26,22.6,2262,0.14,21.1,70.0,----,----,0000.0000 N,00000.0000 W,0,0,T,S,V
2019-03-10 09:07:31,20.9,2238,0.15,21.1,70.0,----,----,0000.0000 N,00000.0000 W,0,0,T,S,V
2019-03-10 09:07:34,20.9,2233,0.14,21.1,70.0,----,----,0000.0000 N,00000.0000 W,0,0,T,S,V
2019-03-10 09:07:38,22.6,2264,0.11,21.1,70.0,----,----,0000.0000 N,00000.0000 W,0,0,T,S,V
2019-03-10 09:07:42,28.3,2369,0.27,21.1,70.0,----,----,0000.0000 N,00000.0000 W,0,0,T,S,V
2019-03-10 09:07:47,26.6,2334,0.24,21.1,70.0,----,----,0000.0000 N,00000.0000 W,0,0,T,S,V
2019-03-10 09:07:53,27.7,2357,0.17,21.1,70.0,----,----,0000.0000 N,00000.0000 W,0,0,T,S,V
2019-03-10 09:08:26,27.7,2352,0.19,21.1,69.9,----,----,0000.0000 N,00000.0000 W,0,0,T,S,V
2019-03-10 09:08:31,28.3,2368,0.24,21.1,69.9,----,----,0000.0000 N,00000.0000 W,0,0,T,S,V
2019-03-10 09:08:35,26.6,2335,0.17,21.0,69.9,----,----,0000.0000 N,00000.0000 W,0,0,T,S,V
2019-03-10 09:08:40,26.6,2333,0.15,21.0,69.9,----,----,0000.0000 N,00000.0000 W,0,0,T,S,V
2019-03-10 09:08:45,28.3,2368,0.21,21.0,69.9,----,----,0000.0000 N,00000.0000 W,0,0,T,S,V
2019-03-10 09:08:50,29.4,2383,0.19,21.0,69.9,----,----,0000.0000 N,00000.0000 W,0,0,T,S,V
2019-03-10 09:08:55,27.7,2357,0.18,21.0,69.9,----,----,0000.0000 N,00000.0000 W,0,0,T,S,V
2019-03-10 09:08:59,26.6,2333,0.17,21.0,69.9,----,----,0000.0000 N,00000.0000 W,0,0,T,S,V
2019-03-10 09:09:04,27.2,2340,0.14,21.0,69.9,----,----,3356.5812 S,15113.2341 E,3,1,T,S,V
2019-03-10 09:09:09,27.7,2353,0.21,21.0,69.9,----,----,3356.5799 S,15113.2340 E,3,1,T,S,V
2019-03-10 09:09:14,25.4,2319,0.18,21.0,69.9,----,----,3356.5777 S,15113.2338 E,3,1,T,S,V
2019-03-10 09:09:19,25.4,2316,0.15,21.0,69.8,----,----,3356.6173 S,15113.2341 E,4,1,T,S,V
2019-03-10 09:09:31,27.7,2355,0.14,21.0,69.8,----,----,3356.6172 S,15113.2364 E,4,1,T,S,V
2019-03-10 09:09:36,28.9,2377,0.21,21.0,69.8,----,----,3356.6174 S,15113.2376 E,4,1,T,S,V
2019-03-10 09:09:41,25.4,2314,0.19,21.0,69.8,----,----,3356.6188 S,15113.2373 E,4,1,T,S,V
2019-03-10 09:09:46,28.3,2368,0.23,21.0,69.8,----,----,3356.6197 S,15113.2364 E,4,1,T,S,V
2019-03-10 09:09:50,28.9,2378,0.30,21.0,69.8,----,----,3356.6209 S,15113.2371 E,4,1,T,S,V
2019-03-10 09:09:57,28.9,2373,0.20,21.0,69.8,----,----,3356.6195 S,15113.2386 E,5,1,T,S,V
2019-03-10 09:10:02,31.1,2419,0.15,21.0,69.8,----,----,3356.6196 S,15113.2388 E,5,1,T,S,V
2019-03-10 09:10:07,24.9,2305,0.15,21.0,69.8,----,----,3356.6184 S,15113.2375 E,5,1,T,S,V
2019-03-10 09:10:12,28.9,2378,0.21,21.0,69.8,----,----,3356.6169 S,15113.2360 E,5,1,T,S,V
2019-03-10 09:10:18,28.3,2362,0.22,21.0,69.8,----,----,3356.6168 S,15113.2384 E,5,1,T,S,V
2019-03-10 09:10:23,27.2,2347,0.19,21.0,69.8,----,----,3356.6175 S,15113.2394 E,5,1,T,S,V
2019-03-10 09:10:28,28.3,2363,0.16,21.0,69.8,----,----,3356.6190 S,15113.2391 E,5,1,T,S,V
2019-03-10 09:10:33,28.3,2368,0.16,21.0,69.8,----,----,3356.6194 S,15113.2386 E,4,1,T,S,V
2019-03-10 09:10:39,32.9,2448,0.16,21.0,69.8,----,----,3356.6207 S,15113.2389 E,5,1,T,S,V
2019-03-10 09:12:27,28.3,2366,0.17,21.0,69.8,----,----,0000.0000 N,00000.0000 W,0,0,T,S,V
2019-03-10 09:12:32,28.9,2370,0.21,21.0,69.8,----,----,0000.0000 N,00000.0000 W,0,0,T,S,V
2019-03-10 09:12:37,27.2,2347,0.19,21.0,69.8,----,----,0000.0000 N,00000.0000 W,0,0,T,S,V
2019-03-10 09:12:43,27.7,2357,0.23,21.0,69.8,----,----,0000.0000 N,00000.0000 W,0,0,T,S,V
2019-03-10 09:12:47,24.9,2303,0.15,21.0,69.8,----,----,0000.0000 N,00000.0000 W,0,0,T,S,V
2019-03-10 09:12:52,26.0,2322,0.16,21.0,69.8,----,----,0000.0000 N,00000.0000 W,0,0,T,S,V
2019-03-10 09:12:57,29.4,2386,0.13,21.0,69.8,----,----,0000.0000 N,00000.0000 W,0,0,T,S,V
2019-03-10 09:13:02,20.9,2235,0.07,21.0,69.8,----,----,0000.0000 N,00000.0000 W,0,0,T,S,V
2019-03-10 09:13:06,30.0,2394,0.22,21.0,69.8,----,----,0000.0000 N,00000.0000 W,0,0,T,S,V
2019-03-10 09:13:10,25.4,2316,0.20,21.0,69.8,----,----,0000.0000 N,00000.0000 W,0,0,T,S,V
2019-03-10 09:13:16,27.7,2354,0.17,21.0,69.8,----,----,0000.0000 N,00000.0000 W,0,0,T,S,V
2019-03-10 09:13:21,25.4,2317,0.16,21.0,69.9,----,----,0000.0000 N,00000.0000 W,0,0,T,S,V
2019-03-10 09:13:26,26.6,2333,0.26,21.0,69.9,----,----,0000.0000 N,00000.0000 W,0,0,T,S,V
2019-03-10 09:13:31,27.7,2358,0.16,21.0,69.9,----,----,3356.6671 S,15113.2759 E,4,1,T,S,V
2019-03-10 09:13:35,26.6,2330,0.14,21.0,69.9,----,----,3356.6665 S,15113.2756 E,4,1,T,S,V
2019-03-10 09:13:39,22.0,2257,0.14,21.0,69.9,----,----,3356.6670 S,15113.2762 E,4,1,T,S,V
2019-03-10 09:13:42,28.3,2367,0.13,21.0,69.9,----,----,3356.6684 S,15113.2763 E,4,1,T,S,V
2019-03-10 09:13:47,23.2,2277,0.13,21.0,69.9,----,----,3356.6683 S,15113.2776 E,4,1,T,S,V
2019-03-10 09:13:51,28.9,2374,0.27,21.0,69.9,----,----,3356.6670 S,15113.2779 E,4,1,T,S,V
2019-03-10 09:13:56,27.2,2347,0.19,21.1,69.9,----,----,3356.6659 S,15113.2788 E,4,1,T,S,V
2019-03-10 09:14:02,26.0,2322,0.13,21.1,69.9,----,----,3356.6700 S,15113.2796 E,5,1,T,S,V
2019-03-10 09:14:07,27.2,2344,0.19,21.1,69.9,----,----,3356.6720 S,15113.2798 E,5,1,T,S,V
2019-03-10 09:14:14,27.2,2349,0.21,21.1,70.0,----,----,3356.6758 S,15113.2767 E,7,1,T,S,V
2019-03-10 09:14:20,27.7,2355,0.17,21.1,70.0,----,----,3356.6764 S,15113.2795 E,7,1,T,S,V
2019-03-10 09:14:25,29.4,2383,0.18,21.1,70.0,----,----,3356.6754 S,15113.2819 E,7,1,T,S,V
2019-03-10 09:14:30,23.7,2287,0.10,21.1,70.0,----,----,3356.6748 S,15113.2835 E,7,1,T,S,V
2019-03-10 09:14:35,23.7,2284,0.13,21.1,70.0,----,----,3356.6730 S,15113.2845 E,7,1,T,S,V
2019-03-10 09:14:40,26.0,2325,0.14,21.1,70.0,----,----,3356.6727 S,15113.2828 E,7,1,T,S,V
2019-03-10 09:14:45,30.0,2394,0.26,21.1,70.0,----,----,3356.6722 S,15113.2823 E,7,1,T,S,V
2019-03-10 09:14:52,30.6,2406,0.16,21.1,70.0,----,----,3356.6724 S,15113.2859 E,7,1,T,S,V
2019-03-10 09:14:57,29.4,2389,0.29,21.1,70.0,----,----,3356.6715 S,15113.2857 E,7,1,T,S,V
2019-03-10 09:15:01,28.9,2370,0.11,21.1,70.0,----,----,3356.6707 S,15113.2850 E,8,1,T,S,V
2019-03-10 09:15:05,30.0,2394,0.23,21.1,70.0,----,----,3356.6710 S,15113.2840 E,8,1,T,S,V
2019-03-10 09:15:11,31.1,2418,0.27,21.1,70.0,----,----,3356.6717 S,15113.2856 E,8,1,T,S,V
2019-03-10 09:15:17,28.9,2379,0.26,21.1,70.1,----,----,3356.6706 S,15113.2861 E,8,1,T,S,V
2019-03-10 09:15:22,27.7,2359,0.19,21.1,70.1,----,----,3356.6707 S,15113.2884 E,8,1,T,S,V
2019-03-10 09:15:27,27.7,2351,0.19,21.1,70.1,----,----,3356.6705 S,15113.2898 E,8,1,T,S,V
2019-03-10 09:15:32,30.6,2400,0.18,21.1,70.0,----,----,3356.6688 S,15113.2909 E,8,1,T,S,V
2019-03-10 09:15:37,26.0,2322,0.12,21.1,70.1,----,----,3356.6671 S,15113.2916 E,7,1,T,S,V
2019-03-10 09:15:42,26.6,2338,0.15,21.1,70.1,----,----,3356.6672 S,15113.2915 E,8,1,T,S,V
2019-03-10 09:15:46,26.6,2336,0.21,21.1,70.1,----,----,3356.6668 S,15113.2909 E,7,1,T,S,V
2019-03-10 09:15:51,30.6,2404,0.23,21.1,70.1,----,----,3356.6649 S,15113.2899 E,8,1,T,S,V
2019-03-10 09:15:56,30.0,2399,0.25,21.1,70.1,----,----,3356.6625 S,15113.2897 E,8,1,T,S,V
2019-03-10 09:16:01,26.6,2336,0.18,21.1,70.1,----,----,3356.6620 S,15113.2886 E,8,1,T,S,V
2019-03-10 09:16:06,27.7,2354,0.21,21.1,70.1,----,----,3356.6617 S,15113.2870 E,9,1,T,S,V
2019-03-10 09:16:11,28.9,2377,0.19,21.1,70.1,----,----,3356.6616 S,15113.2862 E,9,1,T,S,V
2019-03-10 09:16:15,30.6,2400,0.23,21.1,70.1,----,----,3356.6611 S,15113.2857 E,9,1,T,S,V
2019-03-10 09:16:20,30.6,2404,0.12,21.1,70.1,----,----,3356.6607 S,15113.2843 E,9,1,T,S,V
2019-03-10 09:16:26,29.4,2386,0.19,21.1,70.1,----,----,3356.6594 S,15113.2836 E,10,1,T,S,V
2019-03-10 09:16:31,30.0,2392,0.17,21.1,70.1,----,----,3356.6598 S,15113.2822 E,10,1,T,S,V
2019-03-10 09:16:36,30.6,2406,0.27,21.1,70.1,----,----,3356.6617 S,15113.2822 E,10,1,T,S,V
2019-03-10 09:16:41,34.0,2460,0.24,21.2,70.1,----,----,3356.6637 S,15113.2822 E,10,1,T,S,V
2019-03-10 09:16:46,31.1,2411,0.14,21.2,70.1,----,----,3356.6646 S,15113.2826 E,10,1,T,S,V
2019-03-10 09:19:45,28.9,2378,0.12,21.2,70.1,----,----,0000.0000 N,00000.0000 W,0,0,T,S,V
2019-03-10 09:19:50,27.2,2342,0.19,21.2,70.1,----,----,0000.0000 N,00000.0000 W,0,0,T,S,V
2019-03-10 09:19:55,26.0,2326,0.10,21.2,70.1,----,----,0000.0000 N,00000.0000 W,0,0,T,S,V
2019-03-10 09:20:00,25.4,2313,0.15,21.2,70.1,----,----,0000.0000 N,00000.0000 W,0,0,T,S,V
2019-03-10 09:20:06,22.6,2266,0.12,21.1,70.1,----,----,0000.0000 N,00000.0000 W,0,0,T,S,V
2019-03-10 09:20:10,26.0,2320,0.09,21.1,70.1,----,----,0000.0000 N,00000.0000 W,0,0,T,S,V
2019-03-10 09:20:15,26.0,2323,0.21,21.1,70.1,----,----,0000.0000 N,00000.0000 W,0,0,T,S,V
2019-03-10 09:20:20,23.7,2287,0.20,21.1,70.1,----,----,0000.0000 N,00000.0000 W,0,0,T,S,V
2019-03-10 09:20:26,27.2,2343,0.17,21.1,70.1,----,----,0000.0000 N,00000.0000 W,0,0,T,S,V
2019-03-10 09:20:31,28.3,2362,0.17,21.1,70.1,----,----,0000.0000 N,00000.0000 W,0,0,T,S,V
2019-03-10 09:20:36,28.9,2373,0.19,21.1,70.1,----,----,0000.0000 N,00000.0000 W,0,0,T,S,V
2019-03-10 09:20:42,29.4,2383,0.24,21.1,70.1,----,----,0000.0000 N,00000.0000 W,0,0,T,S,V
2019-03-10 09:20:47,26.0,2328,0.16,21.1,70.1,----,----,0000.0000 N,00000.0000 W,0,0,T,S,V
2019-03-10 09:20:52,21.5,2244,0.11,21.1,70.1,----,----,0000.0000 N,00000.0000 W,0,0,T,S,V
2019-03-10 09:20:56,22.6,2264,0.14,21.1,70.1,----,----,0000.0000 N,00000.0000 W,0,0,T,S,V
2019-03-10 09:21:00,24.9,2303,0.18,21.1,70.1,----,----,0000.0000 N,00000.0000 W,0,0,T,S,V
2019-03-10 09:21:05,30.0,2395,0.16,21.2,70.1,----,----,0000.0000 N,00000.0000 W,0,0,T,S,V
2019-03-10 09:21:10,32.9,2445,0.16,21.2,70.1,----,----,0000.0000 N,00000.0000 W,0,0,T,S,V
2019-03-10 09:21:16,29.4,2389,0.18,21.2,70.1,----,----,0000.0000 N,00000.0000 W,0,0,T,S,V
2019-03-10 09:21:21,30.0,2395,0.23,21.2,70.1,----,----,0000.0000 N,00000.0000 W,0,0,T,S,V
2019-03-10 09:21:26,26.6,2331,0.17,21.2,70.1,----,----,3356.3662 S,15113.3148 E,4,1,T,S,V
2019-03-10 09:21:31,24.9,2304,0.20,21.2,70.1,----,----,3356.3702 S,15113.3200 E,5,1,T,S,V
2019-03-10 09:21:37,27.2,2349,0.17,21.1,70.1,----,----,3356.3718 S,15113.3187 E,5,1,T,S,V
2019-03-10 09:21:43,25.4,2317,0.21,21.2,70.1,----,----,3356.3701 S,15113.3169 E,5,1,T,S,V
2019-03-10 09:21:48,30.0,2390,0.16,21.2,70.1,----,----,3356.3699 S,15113.3151 E,5,1,T,S,V
2019-03-10 09:21:52,27.2,2346,0.16,21.2,70.1,----,----,3356.3708 S,15113.3146 E,5,1,T,S,V
2019-03-10 09:21:57,30.0,2391,0.25,21.2,70.1,----,----,3356.3722 S,15113.3145 E,5,1,T,S,V
2019-03-10 09:22:02,27.7,2351,0.11,21.2,70.1,----,----,3356.3739 S,15113.3161 E,5,1,T,S,V
2019-03-10 09:22:08,24.9,2301,0.13,21.2,70.1,----,----,3356.3745 S,15113.3159 E,5,1,T,S,V
2019-03-10 09:22:13,27.2,2344,0.20,21.2,70.1,----,----,3356.3754 S,15113.3174 E,5,1,T,S,V
2019-03-10 09:22:19,28.3,2366,0.16,21.2,70.1,----,----,3356.3774 S,15113.3186 E,5,1,T,S,V
2019-03-10 09:22:23,31.7,2423,0.18,21.2,70.1,----,----,3356.3779 S,15113.3190 E,5,1,T,S,V
2019-03-10 09:22:28,25.4,2317,0.14,21.2,70.1,----,----,3356.3781 S,15113.3186 E,5,1,T,S,V
2019-03-10 09:22:34,28.9,2377,0.12,21.2,70.1,----,----,3356.3779 S,15113.3170 E,5,1,T,S,V
2019-03-10 09:22:37,27.2,2344,0.09,21.2,70.2,----,----,3356.3783 S,15113.3165 E,5,1,T,S,V
2019-03-10 09:22:43,28.3,2365,0.23,21.2,70.1,----,----,3356.3781 S,15113.3177 E,5,1,T,S,V
2019-03-10 09:22:48,27.2,2341,0.16,21.2,70.1,----,----,3356.3789 S,15113.3188 E,5,1,T,S,V
2019-03-10 09:22:53,24.3,2298,0.19,21.2,70.1,----,----,3356.3828 S,15113.3188 E,5,1,T,S,V
2019-03-10 09:22:58,27.7,2355,0.15,21.2,70.2,----,----,3356.3823 S,15113.3205 E,5,1,T,S,V
2019-03-10 13:05:01,30.0,2395,0.26,33.4,92.1,----,----,0000.0000 N,00000.0000 W,0,0,T,S,V
2019-03-10 13:05:06,30.6,2401,0.29,33.4,92.1,----,----,0000.0000 N,00000.0000 W,0,0,T,S,V
2019-03-10 13:05:11,26.6,2330,0.11,33.4,92.1,----,----,0000.0000 N,00000.0000 W,0,0,T,S,V
2019-03-10 13:05:17,27.7,2358,0.16,33.3,92.0,----,----,0000.0000 N,00000.0000 W,0,0,T,S,V
2019-03-10 13:05:22,32.3,2430,0.20,33.3,92.0,----,----,0000.0000 N,00000.0000 W,0,0,T,S,V
2019-03-10 13:05:28,32.9,2445,0.13,33.3,92.0,----,----,0000.0000 N,00000.0000 W,0,0,T,S,V
2019-03-10 13:05:33,37.4,2524,0.27,33.3,91.9,----,----,0000.0000 N,00000.0000 W,0,0,T,S,V
2019-03-10 13:05:39,31.7,2421,0.24,33.2,91.8,----,----,0000.0000 N,00000.0000 W,0,0,T,S,V
2019-03-10 13:05:44,29.4,2382,0.16,33.1,91.7,----,----,0000.0000 N,00000.0000 W,0,0,T,S,V
2019-03-10 13:05:51,32.3,2431,0.15,33.0,91.5,----,----,0000.0000 N,00000.0000 W,0,0,T,S,V
2019-03-10 13:05:58,36.8,2510,0.23,32.9,91.3,----,----,0000.0000 N,00000.0000 W,0,0,T,S,V
2019-03-10 13:06:03,24.3,2295,0.00,32.9,91.3,----,----,0000.0000 N,00000.0000 W,0,0,T,S,V
2019-03-10 13:06:08,26.0,2327,0.12,32.9,91.3,----,----,0000.0000 N,00000.0000 W,0,0,T,S,V
2019-03-10 13:06:14,28.9,2379,0.18,32.9,91.2,----,----,0000.0000 N,00000.0000 W,0,0,T,S,V
2019-03-10 13:06:19,30.6,2401,0.16,32.8,91.1,----,----,0000.0000 N,00000.0000 W,0,0,T,S,V
2019-03-10 13:06:24,29.4,2385,0.19,32.8,91.1,----,----,0000.0000 N,00000.0000 W,0,0,T,S,V
2019-03-10 13:06:29,30.6,2408,0.16,32.8,91.0,----,----,0000.0000 N,00000.0000 W,0,0,T,S,V
2019-03-10 13:06:34,29.4,2387,0.12,32.8,91.0,----,----,0000.0000 N,00000.0000 W,0,0,T,S,V
2019-03-10 13:06:39,31.1,2417,0.16,32.7,91.0,----,----,0000.0000 N,00000.0000 W,0,0,T,S,V
2019-03-10 13:06:44,24.9,2304,0.11,32.7,90.9,----,----,0000.0000 N,00000.0000 W,0,0,T,S,V
2019-03-10 13:06:50,26.0,2327,0.05,32.7,90.9,----,----,0000.0000 N,00000.0000 W,0,0,T,S,V
2019-03-10 13:06:55,31.7,2428,0.17,32.7,90.9,----,----,0000.0000 N,00000.0000 W,0,0,T,S,V
2019-03-10 13:07:01,28.3,2369,0.10,32.7,90.9,----,----,0000.0000 N,00000.0000 W,0,0,T,S,V
2019-03-10 13:07:06,27.2,2343,0.26,32.7,90.9,----,----,0000.0000 N,00000.0000 W,0,0,T,S,V
2019-03-10 13:07:12,23.7,2285,0.12,32.7,90.9,----,----,0000.0000 N,00000.0000 W,0,0,T,S,V
2019-03-10 13:07:17,30.0,2393,0.14,32.7,90.9,----,----,3356.0076 S,15113.4572 E,4,1,T,S,V
2019-03-10 13:07:23,34.0,2465,0.17,32.7,90.8,----,----,3356.0088 S,15113.4566 E,3,1,T,S,V
2019-03-10 13:07:29,37.4,2523,0.09,32.7,90.8,----,----,3356.0111 S,15113.4582 E,4,1,T,S,V
2019-03-10 13:10:45,27.2,2341,0.13,32.6,90.7,----,----,3356.0057 S,15113.4605 E,12,1,T,S,V
2019-03-10 13:10:50,27.2,2349,0.09,32.6,90.7,----,----,3356.0076 S,15113.4615 E,12,1,T,S,V
2019-03-10 13:10:55,24.3,2296,0.13,32.6,90.7,----,----,3356.0097 S,15113.4607 E,12,1,T,S,V
2019-03-10 13:11:01,27.7,2357,0.11,32.6,90.7,----,----,3356.0106 S,15113.4598 E,12,1,T,S,V
2019-03-10 13:11:06,33.4,2455,0.16,32.6,90.8,----,----,3356.0122 S,15113.4603 E,12,1,T,S,V
2019-03-10 13:11:10,31.1,2414,0.07,32.6,90.7,----,----,3356.0133 S,15113.4626 E,12,1,T,S,V
2019-03-10 13:11:17,28.3,2369,0.21,32.7,90.9,----,----,3356.0114 S,15113.4636 E,11,1,T,S,V
2019-03-10 13:11:25,31.7,2423,0.23,32.7,90.9,----,----,3356.0090 S,15113.4648 E,12,1,T,S,V
2019-03-10 13:11:31,26.6,2334,0.10,32.7,91.0,----,----,3356.0084 S,15113.4655 E,12,1,T,S,V
2019-03-10 13:23:54,37.4,2523,0.21,30.3,86.6,----,----,0000.0000 N,00000.0000 W,0,0,T,S,V
2019-03-10 13:23:59,32.3,2432,0.19,30.3,86.6,----,----,0000.0000 N,00000.0000 W,0,0,T,S,V
2019-03-10 13:24:04,30.0,2391,0.11,30.3,86.6,----,----,0000.0000 N,00000.0000 W,0,0,T,S,V
2019-03-10 13:24:09,37.4,2524,0.16,30.3,86.6,----,----,0000.0000 N,00000.0000 W,0,0,T,S,V
2019-03-10 13:24:14,31.7,2423,0.20,30.3,86.6,----,----,0000.0000 N,00000.0000 W,0,0,T,S,V
2019-03-10 13:24:19,28.3,2365,0.16,30.3,86.6,----,----,0000.0000 N,00000.0000 W,0,0,T,S,V
2019-03-10 13:24:24,38.6,2541,0.21,30.3,86.6,----,----,0000.0000 N,00000.0000 W,0,0,T,S,V
2019-03-10 13:24:28,36.3,2507,0.27,30.3,86.6,----,----,0000.0000 N,00000.0000 W,0,0,T,S,V
2019-03-10 13:24:33,34.6,2473,0.16,30.3,86.7,----,----,0000.0000 N,00000.0000 W,0,0,T,S,V
2019-03-10 13:24:38,31.1,2417,0.11,30.3,86.6,----,----,0000.0000 N,00000.0000 W,0,0,T,S,V
2019-03-10 13:24:43,28.3,2368,0.16,30.3,86.7,----,----,0000.0000 N,00000.0000 W,0,0,T,S,V
2019-03-10 13:24:48,25.4,2316,0.07,30.3,86.7,----,----,0000.0000 N,00000.0000 W,0,0,T,S,V
2019-03-10 13:24:53,30.0,2395,0.30,30.3,86.7,----,----,0000.0000 N,00000.0000 W,0,0,T,S,V
2019-03-10 13:24:58,27.7,2358,0.16,30.3,86.7,----,----,0000.0000 N,00000.0000 W,0,0,T,S,V
2019-03-10 13:25:03,30.0,2394,0.24,30.3,86.7,----,----,0000.0000 N,00000.0000 W,0,0,T,S,V
2019-03-10 13:25:08,25.4,2319,0.12,30.3,86.7,----,----,0000.0000 N,00000.0000 W,0,0,T,S,V
2019-03-10 13:25:13,27.7,2355,0.18,30.3,86.7,----,----,0000.0000 N,00000.0000 W,0,0,T,S,V
2019-03-10 13:25:18,28.9,2370,0.23,30.3,86.7,----,----,0000.0000 N,00000.0000 W,0,0,T,S,V
2019-03-10 13:25:22,32.3,2430,0.20,30.4,86.7,----,----,0000.0000 N,00000.0000 W,0,0,T,S,V
2019-03-10 13:25:28,30.6,2406,0.19,30.4,86.7,----,----,0000.0000 N,00000.0000 W,0,0,T,S,V
2019-03-10 13:25:33,30.6,2409,0.22,30.4,86.7,----,----,3356.1633 S,15113.3197 E,5,1,T,S,V
2019-03-10 13:25:38,27.7,2353,0.06,30.4,86.7,----,----,3356.1640 S,15113.3201 E,5,1,T,S,V
2019-03-10 13:25:43,29.4,2385,0.15,30.4,86.7,----,----,3356.1660 S,15113.3202 E,5,1,T,S,V
2019-03-10 13:25:48,28.9,2378,0.21,30.4,86.7,----,----,3356.1689 S,15113.3217 E,6,1,T,S,V
2019-03-10 13:32:47,31.7,2425,0.31,31.1,88.1,----,----,0000.0000 N,00000.0000 W,0,0,T,S,V
2019-03-10 13:32:52,28.9,2378,0.20,31.1,88.1,----,----,0000.0000 N,00000.0000 W,0,0,T,S,V
2019-03-10 13:32:58,31.1,2410,0.21,31.1,88.1,----,----,0000.0000 N,00000.0000 W,0,0,T,S,V
2019-03-10 13:33:03,32.3,2434,0.17,31.1,88.1,----,----,0000.0000 N,00000.0000 W,0,0,T,S,V
2019-03-10 13:33:08,30.6,2401,0.21,31.1,88.1,----,----,0000.0000 N,00000.0000 W,0,0,T,S,V
2019-03-10 13:33:13,32.9,2440,0.00,31.2,88.1,----,----,0000.0000 N,00000.0000 W,0,0,T,S,V
2019-03-10 13:33:18,36.8,2513,0.25,31.2,88.2,----,----,0000.0000 N,00000.0000 W,0,0,T,S,V
2019-03-10 13:33:24,31.7,2425,0.23,31.2,88.2,----,----,0000.0000 N,00000.0000 W,0,0,T,S,V
2019-03-10 13:33:29,37.4,2527,0.27,31.2,88.2,----,----,0000.0000 N,00000.0000 W,0,0,T,S,V
2019-03-10 13:33:34,34.0,2465,0.30,31.2,88.2,----,----,0000.0000 N,00000.0000 W,0,0,T,S,V
2019-03-10 13:33:40,36.8,2519,0.40,31.2,88.2,----,----,0000.0000 N,00000.0000 W,0,0,T,S,V
2019-03-10 13:33:46,33.4,2454,0.00,31.2,88.2,----,----,0000.0000 N,00000.0000 W,0,0,T,S,V
2019-03-10 13:33:50,32.3,2433,0.00,31.2,88.3,----,----,3356.2163 S,15113.1606 E,3,1,T,S,V
2019-03-10 13:33:56,32.9,2443,0.19,31.2,88.3,----,----,3356.2159 S,15113.1609 E,3,1,T,S,V
2019-03-10 13:34:02,27.2,2349,0.14,31.2,88.3,----,----,3356.2155 S,15113.1618 E,3,1,T,S,V
2019-03-10 13:34:07,28.3,2362,0.14,31.2,88.3,----,----,3356.2184 S,15113.1619 E,3,1,T,S,V
2019-03-10 13:34:46,30.0,2394,0.09,31.2,88.2,----,----,3356.2202 S,15113.2215 E,7,1,T,S,V
2019-03-10 13:34:51,27.7,2357,0.08,31.2,88.2,----,----,3356.2215 S,15113.2188 E,8,1,T,S,V
2019-03-10 13:34:59,33.4,2450,0.00,31.2,88.2,----,----,3356.2223 S,15113.2178 E,8,1,T,S,V
2019-03-10 13:35:06,29.4,2382,0.17,31.2,88.3,----,----,3356.2251 S,15113.2180 E,9,1,T,S,V
2019-03-10 13:35:11,38.0,2538,0.29,31.3,88.3,----,----,3356.2260 S,15113.2190 E,9,1,T,S,V
2019-03-10 13:35:16,31.1,2411,0.15,31.3,88.3,----,----,3356.2248 S,15113.2203 E,9,1,T,S,V
2019-03-10 13:35:21,29.4,2385,0.12,31.3,88.3,----,----,3356.2238 S,15113.2216 E,9,1,T,S,V
2019-03-10 13:38:11,37.4,2526,0.29,31.0,87.8,----,----,3356.2270 S,15113.2247 E,15,1,T,S,V
2019-03-10 13:38:16,28.9,2373,0.16,31.0,87.8,----,----,3356.2255 S,15113.2237 E,14,1,T,S,V
2019-03-10 13:38:21,27.2,2344,0.18,31.0,87.9,----,----,3356.2235 S,15113.2224 E,14,1,T,S,V
2019-03-10 13:38:25,29.4,2382,0.20,31.0,87.9,----,----,3356.2227 S,15113.2215 E,14,1,T,S,V
2019-03-10 13:38:31,27.7,2354,0.16,31.0,87.9,----,----,3356.2222 S,15113.2241 E,14,1,T,S,V
2019-03-10 13:38:36,26.0,2325,0.13,31.0,87.9,----,----,3356.2217 S,15113.2256 E,13,1,T,S,V
2019-03-10 13:38:40,26.6,2334,0.18,31.1,88.0,----,----,3356.2224 S,15113.2266 E,14,1,T,S,V
2019-03-10 13:38:46,32.3,2433,0.17,31.1,88.0,----,----,3356.2219 S,15113.2276 E,14,1,T,S,V
2019-03-10 13:57:28,29.4,2382,0.20,32.6,90.7,----,----,0000.0000 N,00000.0000 W,0,0,T,S,V
2019-03-10 13:57:34,27.7,2354,0.20,32.6,90.7,----,----,0000.0000 N,00000.0000 W,0,0,T,S,V
2019-03-10 13:57:39,28.9,2373,0.15,32.6,90.7,----,----,0000.0000 N,00000.0000 W,0,0,T,S,V
2019-03-10 13:57:44,26.0,2326,0.12,32.6,90.7,----,----,0000.0000 N,00000.0000 W,0,0,T,S,V
2019-03-10 13:57:49,31.1,2413,0.11,32.6,90.7,----,----,0000.0000 N,00000.0000 W,0,0,T,S,V
2019-03-10 13:57:55,33.4,2459,0.28,32.6,90.7,----,----,0000.0000 N,00000.0000 W,0,0,T,S,V
2019-03-10 13:58:01,33.4,2452,0.11,32.6,90.7,----,----,0000.0000 N,00000.0000 W,0,0,T,S,V
2019-03-10 13:58:07,31.1,2410,0.18,32.6,90.7,----,----,0000.0000 N,00000.0000 W,0,0,T,S,V
2019-03-10 13:58:12,26.6,2337,0.08,32.6,90.7,----,----,0000.0000 N,00000.0000 W,0,0,T,S,V
2019-03-10 13:58:17,19.2,2201,0.03,32.6,90.7,----,----,0000.0000 N,00000.0000 W,0,0,T,S,V
2019-03-10 13:58:21,22.0,2258,0.04,32.6,90.7,----,----,0000.0000 N,00000.0000 W,0,0,T,S,V
2019-03-10 13:58:26,31.1,2417,0.32,32.6,90.7,----,----,0000.0000 N,00000.0000 W,0,0,T,S,V
2019-03-10 13:58:32,29.4,2382,0.13,32.6,90.7,----,----,0000.0000 N,00000.0000 W,0,0,T,S,V
2019-03-10 13:58:38,39.1,2553,0.18,32.6,90.7,----,----,0000.0000 N,00000.0000 W,0,0,T,S,V
2019-03-10 13:58:43,32.9,2447,0.00,32.6,90.7,----,----,0000.0000 N,00000.0000 W,0,0,T,S,V
2019-03-10 13:58:48,34.0,2463,0.00,32.6,90.7,----,----,0000.0000 N,00000.0000 W,0,0,T,S,V
2019-03-10 13:58:53,34.6,2479,0.00,32.6,90.7,----,----,0000.0000 N,00000.0000 W,0,0,T,S,V
2019-03-10 13:58:58,34.6,2475,0.10,32.6,90.7,----,----,0000.0000 N,00000.0000 W,0,0,T,S,V
2019-03-10 13:59:03,25.4,2319,0.12,32.6,90.7,----,----,0000.0000 N,00000.0000 W,0,0,T,S,V
2019-03-10 13:59:08,26.0,2323,0.08,32.6,90.7,----,----,3356.2445 S,15113.2898 E,6,1,T,S,V
2019-03-10 13:59:13,29.4,2383,0.13,32.6,90.7,----,----,3356.2312 S,15113.2987 E,6,1,T,S,V
2019-03-10 13:59:19,28.3,2367,0.13,32.6,90.7,----,----,3356.2236 S,15113.3031 E,5,1,T,S,V
2019-03-10 13:59:24,27.2,2349,0.15,32.6,90.7,----,----,3356.2093 S,15113.3138 E,6,1,T,S,V
2019-03-10 13:59:30,27.2,2342,0.12,32.6,90.7,----,----,3356.2065 S,15113.3140 E,6,1,T,S,V
2019-03-10 13:59:35,30.6,2407,0.12,32.6,90.7,----,----,3356.2067 S,15113.3116 E,6,1,T,S,V
2019-03-10 13:59:41,29.4,2382,0.20,32.6,90.8,----,----,3356.2084 S,15113.3094 E,6,1,T,S,V
2019-03-10 14:21:16,30.0,2395,0.25,31.6,88.9,----,----,0000.0000 N,00000.0000 W,0,0,T,S,V
2019-03-10 14:21:21,30.0,2395,0.21,31.6,88.9,----,----,0000.0000 N,00000.0000 W,0,0,T,S,V
2019-03-10 14:21:26,26.0,2322,0.11,31.6,88.9,----,----,0000.0000 N,00000.0000 W,0,0,T,S,V
2019-03-10 14:21:31,28.3,2366,0.14,31.6,88.9,----,----,0000.0000 N,00000.0000 W,0,0,T,S,V
2019-03-10 14:21:35,27.2,2346,0.19,31.6,88.9,----,----,0000.0000 N,00000.0000 W,0,0,T,S,V
2019-03-10 14:21:40,28.9,2370,0.11,31.6,88.9,----,----,0000.0000 N,00000.0000 W,0,0,T,S,V
2019-03-10 14:21:45,30.6,2406,0.09,31.6,88.9,----,----,0000.0000 N,00000.0000 W,0,0,T,S,V
2019-03-10 14:21:50,28.9,2373,0.11,31.6,88.9,----,----,0000.0000 N,00000.0000 W,0,0,T,S,V
2019-03-10 14:21:55,28.9,2373,0.08,31.6,88.9,----,----,0000.0000 N,00000.0000 W,0,0,T,S,V
2019-03-10 14:22:00,34.0,2467,0.20,31.6,89.0,----,----,0000.0000 N,00000.0000 W,0,0,T,S,V
2019-03-10 14:22:04,30.0,2397,0.15,31.6,89.0,----,----,0000.0000 N,00000.0000 W,0,0,T,S,V
2019-03-10 14:22:09,27.2,2340,0.06,31.7,89.0,----,----,0000.0000 N,00000.0000 W,0,0,T,S,V
2019-03-10 14:22:14,30.6,2403,0.27,31.7,89.1,----,----,0000.0000 N,00000.0000 W,0,0,T,S,V
2019-03-10 14:22:19,27.7,2357,0.16,31.7,89.1,----,----,0000.0000 N,00000.0000 W,0,0,T,S,V
2019-03-10 14:22:24,25.4,2311,0.14,31.7,89.1,----,----,0000.0000 N,00000.0000 W,0,0,T,S,V
2019-03-10 14:22:29,30.6,2407,0.28,31.7,89.2,----,----,3355.9619 S,15113.4241 E,3,1,T,S,V
2019-03-10 14:22:34,31.1,2411,0.18,31.8,89.2,----,----,3355.9596 S,15113.4253 E,3,1,T,S,V
2019-03-10 14:22:38,31.1,2416,0.21,31.8,89.2,----,----,3355.9599 S,15113.4249 E,3,1,T,S,V
2019-03-10 14:32:28,28.3,2367,0.17,32.8,91.1,----,----,0000.0000 N,00000.0000 W,0,0,T,S,V
2019-03-10 14:32:33,24.9,2304,0.14,32.8,91.1,----,----,0000.0000 N,00000.0000 W,0,0,T,S,V
2019-03-10 14:32:38,28.3,2360,0.10,32.9,91.2,----,----,0000.0000 N,00000.0000 W,0,0,T,S,V
2019-03-10 14:32:43,29.4,2381,0.13,32.9,91.2,----,----,0000.0000 N,00000.0000 W,0,0,T,S,V
2019-03-10 14:32:48,25.4,2314,0.14,32.9,91.2,----,----,0000.0000 N,00000.0000 W,0,0,T,S,V
2019-03-10 14:32:53,24.9,2306,0.20,32.9,91.2,----,----,0000.0000 N,00000.0000 W,0,0,T,S,V
2019-03-10 14:32:59,25.4,2310,0.12,32.9,91.2,----,----,0000.0000 N,00000.0000 W,0,0,T,S,V
2019-03-10 14:33:04,26.0,2325,0.06,32.9,91.2,----,----,0000.0000 N,00000.0000 W,0,0,T,S,V
2019-03-10 14:33:08,23.7,2287,0.11,32.9,91.2,----,----,0000.0000 N,00000.0000 W,0,0,T,S,V
2019-03-10 14:33:12,23.7,2287,0.08,32.9,91.2,----,----,0000.0000 N,00000.0000 W,0,0,T,S,V
2019-03-10 14:33:17,23.2,2271,0.00,32.9,91.2,----,----,0000.0000 N,00000.0000 W,0,0,T,S,V
2019-03-10 14:33:23,24.3,2295,0.05,32.9,91.2,----,----,0000.0000 N,00000.0000 W,0,0,T,S,V
2019-03-10 14:33:28,26.6,2331,0.06,32.9,91.3,----,----,0000.0000 N,00000.0000 W,0,0,T,S,V
2019-03-10 14:33:34,23.2,2278,0.02,32.9,91.3,----,----,0000.0000 N,00000.0000 W,0,0,T,S,V
2019-03-10 14:33:40,24.9,2305,0.08,32.9,91.3,----,----,0000.0000 N,00000.0000 W,0,0,T,S,V
2019-03-10 14:33:45,30.6,2401,0.20,32.9,91.3,----,----,0000.0000 N,00000.0000 W,0,0,T,S,V
2019-03-10 14:33:50,27.2,2347,0.17,32.9,91.3,----,----,0000.0000 N,00000.0000 W,0,0,T,S,V
2019-03-10 14:33:56,29.4,2387,0.21,33.0,91.4,----,----,0000.0000 N,00000.0000 W,0,0,T,S,V
2019-03-10 14:34:01,28.3,2360,0.13,33.0,91.4,----,----,0000.0000 N,00000.0000 W,0,0,T,S,V
2019-03-10 14:34:06,27.7,2352,0.12,33.0,91.4,----,----,0000.0000 N,00000.0000 W,0,0,T,S,V
2019-03-10 14:34:17,25.4,2319,0.12,33.0,91.4,----,----,0000.0000 N,00000.0000 W,0,0,T,S,V
2019-03-10 14:34:23,32.9,2449,0.23,33.0,91.4,----,----,0000.0000 N,00000.0000 W,0,0,T,S,V
2019-03-10 14:36:30,23.7,2286,0.14,33.3,92.0,----,----,3355.9580 S,15113.3814 E,10,1,T,S,V
2019-03-10 14:36:35,23.7,2282,0.05,33.3,91.9,----,----,3355.9584 S,15113.3815 E,10,1,T,S,V
2019-03-10 14:36:40,27.7,2359,0.19,33.3,91.9,----,----,3355.9603 S,15113.3818 E,10,1,T,S,V
2019-03-10 14:36:45,35.1,2487,0.28,33.3,91.9,----,----,3355.9616 S,15113.3825 E,10,1,T,S,V
2019-03-10 14:36:50,31.7,2425,0.39,33.3,91.9,----,----,3355.9621 S,15113.3844 E,10,1,T,S,V
2019-03-10 14:36:55,27.2,2344,0.18,33.2,91.9,----,----,3355.9622 S,15113.3867 E,10,1,T,S,V
2019-03-10 14:37:00,28.3,2367,0.14,33.2,91.9,----,----,3355.9617 S,15113.3884 E,10,1,T,S,V
2019-03-10 14:37:05,34.6,2473,0.26,33.2,91.9,----,----,3355.9610 S,15113.3891 E,10,1,T,S,V
2019-03-10 14:37:35,26.6,2333,0.03,33.5,92.3,----,----,3355.9606 S,15113.3921 E,10,1,T,S,V
2019-03-10 14:37:45,27.7,2359,0.22,33.5,92.3,----,----,3355.9593 S,15113.3911 E,11,1,T,S,V
2019-03-10 14:38:08,26.0,2321,0.15,33.5,92.3,----,----,3355.9552 S,15113.3919 E,11,1,T,S,V
2019-03-10 14:41:47,23.7,2281,0.11,33.6,92.5,----,----,3355.9563 S,15113.3909 E,13,1,T,S,V
2019-03-10 14:41:52,23.7,2282,0.02,33.6,92.5,----,----,3355.9554 S,15113.3892 E,13,1,T,S,V
2019-03-10 14:41:57,35.1,2483,0.16,33.6,92.6,----,----,3355.9557 S,15113.3880 E,13,1,T,S,V
2019-03-10 14:42:02,27.2,2344,0.13,33.6,92.6,----,----,3355.9550 S,15113.3870 E,13,1,T,S,V
2019-03-10 14:42:07,27.7,2355,0.18,33.6,92.6,----,----,3355.9543 S,15113.3851 E,13,1,T,S,V
2019-03-10 14:42:12,23.2,2273,0.09,33.7,92.7,----,----,3355.9540 S,15113.3835 E,13,1,T,S,V
2019-03-10 14:42:17,28.9,2377,0.14,33.7,92.7,----,----,3355.9548 S,15113.3819 E,13,1,T,S,V
2019-03-10 14:42:22,26.6,2337,0.11,33.7,92.7,----,----,3355.9544 S,15113.3803 E,13,1,T,S,V
2019-03-10 14:42:26,30.6,2406,0.11,33.7,92.7,----,----,3355.9541 S,15113.3793 E,13,1,T,S,V
2019-03-10 14:42:32,34.0,2466,0.29,33.7,92.7,----,----,3355.9516 S,15113.3788 E,13,1,T,S,V
2019-03-10 14:42:37,24.3,2296,0.14,33.7,92.7,----,----,3355.9502 S,15113.3801 E,13,1,T,S,V
2019-03-10 14:42:42,24.9,2309,0.11,33.7,92.7,----,----,3355.9499 S,15113.3806 E,13,1,T,S,V
2019-03-10 14:42:47,34.0,2466,0.27,33.7,92.7,----,----,3355.9501 S,15113.3820 E,13,1,T,S,V
2019-03-10 14:42:52,27.2,2340,0.19,33.6,92.6,----,----,3355.9484 S,15113.3833 E,13,1,T,S,V
2019-03-10 14:42:57,28.3,2360,0.16,33.7,92.7,----,----,3355.9467 S,15113.3837 E,13,1,T,S,V
2019-03-10 14:43:02,29.4,2386,0.18,33.7,92.7,----,----,3355.9460 S,15113.3837 E,13,1,T,S,V
2019-03-10 14:59:58,24.3,2294,0.04,30.8,87.4,----,----,0000.0000 N,00000.0000 W,0,0,T,S,V
2019-03-10 15:00:04,26.6,2331,0.18,30.8,87.4,----,----,0000.0000 N,00000.0000 W,0,0,T,S,V
2019-03-10 15:00:10,28.9,2378,0.23,30.8,87.4,----,----,0000.0000 N,00000.0000 W,0,0,T,S,V
2019-03-10 15:00:15,28.3,2368,0.14,30.8,87.5,----,----,0000.0000 N,00000.0000 W,0,0,T,S,V
2019-03-10 15:00:20,24.3,2296,0.16,30.8,87.5,----,----,0000.0000 N,00000.0000 W,0,0,T,S,V
2019-03-10 15:00:25,28.3,2363,0.21,30.8,87.5,----,----,0000.0000 N,00000.0000 W,0,0,T,S,V
2019-03-10 15:00:30,28.3,2369,0.20,30.8,87.5,----,----,0000.0000 N,00000.0000 W,0,0,T,S,V
2019-03-10 15:00:36,26.0,2325,0.09,30.8,87.5,----,----,0000.0000 N,00000.0000 W,0,0,T,S,V
2019-03-10 15:00:41,30.0,2399,0.23,30.8,87.5,----,----,0000.0000 N,00000.0000 W,0,0,T,S,V
2019-03-10 15:00:46,39.7,2563,0.28,30.8,87.5,----,----,0000.0000 N,00000.0000 W,0,0,T,S,V
2019-03-10 15:00:51,26.0,2329,0.11,30.8,87.5,----,----,3356.0621 S,15113.2734 E,3,1,T,S,V
2019-03-10 15:00:55,20.9,2232,0.05,30.8,87.5,----,----,3356.0603 S,15113.2734 E,3,1,T,S,V
2019-03-10 15:01:00,21.5,2242,0.00,30.8,87.5,----,----,3356.0428 S,15113.3091 E,5,1,T,S,V
2019-03-10 15:01:05,31.1,2418,0.22,30.8,87.5,----,----,3356.0413 S,15113.3121 E,5,1,T,S,V
2019-03-10 15:01:10,34.0,2463,0.23,30.8,87.5,----,----,3356.0422 S,15113.3105 E,6,1,T,S,V
2019-03-10 15:01:16,33.4,2452,0.21,30.8,87.5,----,----,3356.0421 S,15113.3124 E,6,1,T,S,V
2019-03-10 15:01:21,36.3,2502,0.23,30.8,87.5,----,----,3356.0436 S,15113.3144 E,6,1,T,S,V
2019-03-10 15:01:26,31.7,2421,0.14,30.8,87.5,----,----,3356.0437 S,15113.3160 E,6,1,T,S,V
2019-03-10 15:01:31,28.3,2369,0.19,30.8,87.5,----,----,3356.0436 S,15113.3163 E,6,1,T,S,V
2019-03-10 15:01:37,26.6,2337,0.11,30.8,87.5,----,----,3356.0421 S,15113.3158 E,7,1,T,S,V
2019-03-10 15:01:43,24.3,2296,0.15,30.8,87.5,----,----,3356.0415 S,15113.3175 E,7,1,T,S,V
2019-03-10 15:01:48,22.6,2260,0.13,30.8,87.5,----,----,3356.0419 S,15113.3187 E,7,1,T,S,V
2019-03-10 15:01:53,32.3,2435,0.23,30.9,87.6,----,----,3356.0432 S,15113.3198 E,7,1,T,S,V
2019-03-10 15:01:59,35.1,2481,0.23,30.9,87.6,----,----,3356.0438 S,15113.3217 E,7,1,T,S,V
2019-03-10 15:02:05,38.0,2532,0.26,30.9,87.6,----,----,3356.0439 S,15113.3221 E,7,1,T,S,V
2019-03-10 15:03:51,34.0,2460,0.19,31.0,87.8,----,----,3356.0438 S,15113.3255 E,13,1,T,S,V
2019-03-10 15:03:57,26.0,2327,0.07,31.0,87.8,----,----,3356.0422 S,15113.3257 E,13,1,T,S,V
2019-03-10 15:04:02,34.6,2475,0.21,31.0,87.8,----,----,3356.0413 S,15113.3251 E,13,1,T,S,V
2019-03-10 15:15:30,32.3,2438,0.10,37.4,99.3,----,----,0000.0000 N,00000.0000 W,0,0,T,S,V
2019-03-10 15:15:36,31.1,2417,0.14,37.3,99.2,----,----,0000.0000 N,00000.0000 W,0,0,T,S,V
2019-03-10 15:15:41,30.6,2408,0.13,37.2,99.0,----,----,0000.0000 N,00000.0000 W,0,0,T,S,V
2019-03-10 15:15:47,24.9,2308,0.09,37.1,98.8,----,----,0000.0000 N,00000.0000 W,0,0,T,S,V
2019-03-10 15:15:57,26.6,2336,0.11,36.9,98.5,----,----,0000.0000 N,00000.0000 W,0,0,T,S,V
2019-03-10 15:16:03,34.6,2471,0.24,36.8,98.3,----,----,0000.0000 N,00000.0000 W,0,0,T,S,V
2019-03-10 15:16:09,20.9,2230,0.03,36.7,98.1,----,----,0000.0000 N,00000.0000 W,0,0,T,S,V
2019-03-10 15:16:14,32.9,2441,0.12,36.7,98.1,----,----,0000.0000 N,00000.0000 W,0,0,T,S,V
2019-03-10 15:16:20,28.3,2360,0.16,36.6,97.9,----,----,0000.0000 N,00000.0000 W,0,0,T,S,V
2019-03-10 15:16:25,26.6,2330,0.11,36.5,97.7,----,----,0000.0000 N,00000.0000 W,0,0,T,S,V
2019-03-10 15:16:35,23.2,2278,0.05,36.4,97.5,----,----,0000.0000 N,00000.0000 W,0,0,T,S,V
2019-03-10 15:16:41,24.9,2303,0.09,36.3,97.4,----,----,0000.0000 N,00000.0000 W,0,0,T,S,V
2019-03-10 15:16:46,25.4,2313,0.09,36.2,97.2,----,----,0000.0000 N,00000.0000 W,0,0,T,S,V
2019-03-10 15:16:51,26.0,2327,0.20,36.1,97.1,----,----,0000.0000 N,00000.0000 W,0,0,T,S,V
2019-03-10 15:16:56,31.7,2425,0.05,36.1,97.0,----,----,3356.1666 S,15113.1582 E,3,1,T,S,V
2019-03-10 15:17:01,30.6,2407,0.08,36.0,96.8,----,----,3356.1510 S,15113.2101 E,3,1,T,S,V
2019-03-10 15:17:06,36.3,2503,0.03,35.9,96.7,----,----,3356.1491 S,15113.2049 E,3,1,T,S,V
2019-03-10 15:17:11,36.3,2503,0.08,35.9,96.6,----,----,3356.1483 S,15113.1975 E,4,1,T,S,V
2019-03-10 15:17:16,32.9,2449,0.28,35.8,96.4,----,----,3356.1472 S,15113.1956 E,4,1,T,S,V
2019-03-10 15:17:21,38.6,2544,0.08,35.7,96.3,----,----,3356.1460 S,15113.1965 E,4,1,T,S,V
2019-03-10 15:17:26,36.3,2502,0.07,35.7,96.2,----,----,3356.1402 S,15113.2277 E,5,1,T,S,V
2019-03-10 15:17:31,38.6,2541,0.32,35.6,96.1,----,----,3356.1373 S,15113.2301 E,5,1,T,S,V
2019-03-10 15:17:37,39.7,2565,0.00,35.5,96.0,----,----,3356.1356 S,15113.2302 E,5,1,T,S,V
2019-03-10 16:15:52,24.9,2303,0.08,35.6,96.2,----,----,0000.0000 N,00000.0000 W,0,0,T,S,V
2019-03-10 16:15:57,26.0,2329,0.09,35.6,96.1,----,----,0000.0000 N,00000.0000 W,0,0,T,S,V
2019-03-10 16:16:03,26.6,2334,0.13,35.5,96.0,----,----,0000.0000 N,00000.0000 W,0,0,T,S,V
2019-03-10 16:16:27,29.4,2389,0.14,35.4,95.7,----,----,0000.0000 N,00000.0000 W,0,0,T,S,V
2019-03-10 16:16:31,20.3,2228,0.09,35.3,95.6,----,----,0000.0000 N,00000.0000 W,0,0,T,S,V
2019-03-10 16:16:35,23.7,2281,0.09,35.3,95.6,----,----,3356.2643 S,15113.2286 E,2,6,T,S,V
2019-03-10 16:16:41,26.6,2334,0.08,35.3,95.6,----,----,0000.0000 N,00000.0000 W,0,0,T,S,V
2019-03-10 16:16:45,24.3,2290,0.11,35.3,95.6,----,----,0000.0000 N,00000.0000 W,0,0,T,S,V
2019-03-10 16:16:48,26.0,2320,0.10,35.3,95.5,----,----,0000.0000 N,00000.0000 W,0,0,T,S,V
2019-03-10 16:16:52,28.3,2369,0.12,35.2,95.5,----,----,0000.0000 N,00000.0000 W,0,0,T,S,V
2019-03-10 16:16:57,23.2,2270,0.12,35.2,95.4,----,----,0000.0000 N,00000.0000 W,0,0,T,S,V
2019-03-10 16:17:05,22.6,2264,0.11,35.1,95.3,----,----,0000.0000 N,00000.0000 W,0,0,T,S,V
2019-03-10 16:17:13,24.9,2309,0.13,35.1,95.2,----,----,0000.0000 N,00000.0000 W,0,0,T,S,V
2019-03-10 16:17:18,24.9,2304,0.11,35.0,95.1,----,----,0000.0000 N,00000.0000 W,0,0,T,S,V
2019-03-10 16:17:23,23.7,2282,0.12,35.0,95.0,----,----,0000.0000 N,00000.0000 W,0,0,T,S,V
2019-03-10 16:17:27,24.9,2305,0.16,34.9,94.9,----,----,0000.0000 N,00000.0000 W,0,0,T,S,V
2019-03-10 16:17:32,25.4,2312,0.13,34.9,94.9,----,----,3356.2977 S,15113.2576 E,4,1,T,S,V
2019-03-10 16:17:37,19.2,2207,0.03,34.9,94.8,----,----,3356.2985 S,15113.2593 E,4,1,T,S,V
2019-03-10 16:17:41,27.7,2353,0.16,34.8,94.7,----,----,3356.2986 S,15113.2599 E,4,1,T,S,V
2019-03-10 16:18:00,31.7,2421,0.23,34.7,94.5,----,----,3356.2976 S,15113.2653 E,5,1,T,S,V
2019-03-10 16:18:50,30.0,2391,0.16,34.3,93.8,----,----,3356.2968 S,15113.2610 E,9,1,T,S,V
2019-03-10 16:18:54,23.7,2285,0.19,34.3,93.8,----,----,3356.2970 S,15113.2615 E,9,1,T,S,V
2019-03-10 16:19:19,27.2,2342,0.12,34.1,93.4,----,----,3356.2960 S,15113.2620 E,11,1,T,S,V
2019-03-10 16:19:24,30.0,2395,0.07,34.1,93.4,----,----,3356.2950 S,15113.2632 E,11,1,T,S,V
2019-03-10 16:19:29,34.0,2466,0.00,34.1,93.4,----,----,3356.2938 S,15113.2642 E,11,1,T,S,V
2019-03-10 16:19:34,32.9,2449,0.09,34.0,93.3,----,----,3356.2925 S,15113.2643 E,11,1,T,S,V
2019-03-10 16:19:39,32.3,2431,0.13,34.0,93.3,----,----,3356.2907 S,15113.2637 E,11,1,T,S,V
2019-03-10 16:19:44,31.7,2421,0.15,34.0,93.2,----,----,3356.2895 S,15113.2630 E,11,1,T,S,V
2019-03-10 16:19:48,27.2,2349,0.20,34.0,93.2,----,----,3356.2890 S,15113.2623 E,11,1,T,S,V
2019-03-10 16:19:52,29.4,2382,0.18,33.9,93.1,----,----,3356.2886 S,15113.2617 E,11,1,T,S,V
2019-03-10 16:19:55,35.7,2497,0.23,33.9,93.1,----,----,3356.2886 S,15113.2615 E,10,1,T,S,V
2019-03-10 16:24:56,29.4,2383,0.19,34.9,94.9,----,----,0000.0000 N,00000.0000 W,0,0,T,S,V
2019-03-10 16:25:01,25.4,2313,0.17,34.9,94.9,----,----,0000.0000 N,00000.0000 W,0,0,T,S,V
2019-03-10 16:25:06,28.3,2362,0.18,34.9,94.9,----,----,0000.0000 N,00000.0000 W,0,0,T,S,V
2019-03-10 16:25:10,23.2,2271,0.09,34.9,94.9,----,----,0000.0000 N,00000.0000 W,0,0,T,S,V
2019-03-10 16:25:15,26.6,2334,0.15,34.9,94.8,----,----,0000.0000 N,00000.0000 W,0,0,T,S,V
2019-03-10 16:25:20,23.2,2276,0.12,34.9,94.8,----,----,0000.0000 N,00000.0000 W,0,0,T,S,V
2019-03-10 16:25:25,23.7,2286,0.06,34.9,94.8,----,----,0000.0000 N,00000.0000 W,0,0,T,S,V
2019-03-10 16:25:30,22.0,2254,0.04,34.8,94.8,----,----,0000.0000 N,00000.0000 W,0,0,T,S,V
2019-03-10 16:25:34,26.0,2321,0.19,34.8,94.8,----,----,0000.0000 N,00000.0000 W,0,0,T,S,V
2019-03-10 16:25:39,24.9,2305,0.20,34.8,94.7,----,----,0000.0000 N,00000.0000 W,0,0,T,S,V
2019-03-10 16:25:44,24.9,2303,0.10,34.8,94.7,----,----,0000.0000 N,00000.0000 W,0,0,T,S,V
2019-03-10 16:25:48,18.0,2183,0.04,34.8,94.6,----,----,0000.0000 N,00000.0000 W,0,0,T,S,V
2019-03-10 16:25:52,23.2,2270,0.14,34.7,94.5,----,----,0000.0000 N,00000.0000 W,0,0,T,S,V
2019-03-10 16:25:57,24.3,2296,0.11,34.7,94.5,----,----,0000.0000 N,00000.0000 W,0,0,T,S,V
2019-03-10 16:26:02,20.9,2231,0.06,34.7,94.5,----,----,0000.0000 N,00000.0000 W,0,0,T,S,V
2019-03-10 16:26:07,19.7,2217,0.09,34.7,94.5,----,----,0000.0000 N,00000.0000 W,0,0,T,S,V
2019-03-10 16:26:12,21.5,2245,0.06,34.7,94.5,----,----,0000.0000 N,00000.0000 W,0,0,T,S,V
2019-03-10 16:38:20,28.9,2370,0.14,35.5,96.0,----,----,0000.0000 N,00000.0000 W,0,0,T,S,V
2019-03-10 16:38:25,25.4,2319,0.17,35.4,95.8,----,----,0000.0000 N,00000.0000 W,0,0,T,S,V
2019-03-10 16:38:30,22.6,2263,0.11,35.4,95.7,----,----,0000.0000 N,00000.0000 W,0,0,T,S,V
2019-03-10 16:38:35,26.0,2327,0.06,35.3,95.6,----,----,0000.0000 N,00000.0000 W,0,0,T,S,V
2019-03-10 16:38:41,23.7,2282,0.19,35.3,95.6,----,----,0000.0000 N,00000.0000 W,0,0,T,S,V
2019-03-10 16:39:49,22.6,2269,0.11,34.6,94.2,----,----,0000.0000 N,00000.0000 W,0,0,T,S,V
2019-03-10 16:39:54,20.9,2232,0.04,34.5,94.2,----,----,0000.0000 N,00000.0000 W,0,0,T,S,V
2019-03-10 16:39:59,24.3,2298,0.03,34.5,94.1,----,----,0000.0000 N,00000.0000 W,0,0,T,S,V
2019-03-10 16:40:07,22.6,2269,0.09,34.4,94.0,----,----,0000.0000 N,00000.0000 W,0,0,T,S,V
2019-03-10 16:40:12,22.6,2260,0.08,34.4,93.9,----,----,0000.0000 N,00000.0000 W,0,0,T,S,V
2019-03-10 16:40:18,24.9,2302,0.10,34.3,93.8,----,----,0000.0000 N,00000.0000 W,0,0,T,S,V
2019-03-10 16:40:24,28.9,2377,0.20,34.3,93.7,----,----,0000.0000 N,00000.0000 W,0,0,T,S,V
2019-03-10 16:43:22,23.7,2280,0.08,33.3,92.0,----,----,3356.3842 S,15113.3224 E,11,1,T,S,V
2019-03-10 16:43:28,24.9,2302,0.09,33.3,91.9,----,----,3356.3829 S,15113.3219 E,11,1,T,S,V
2019-03-10 16:43:33,21.5,2246,0.06,33.3,91.9,----,----,3356.3819 S,15113.3208 E,11,1,T,S,V
2019-03-10 16:43:37,24.9,2303,0.12,33.2,91.9,----,----,3356.3808 S,15113.3213 E,11,1,T,S,V
2019-03-10 16:43:43,22.0,2258,0.12,33.2,91.8,----,----,3356.3807 S,15113.3226 E,11,1,T,S,V
2019-03-10 16:43:48,25.4,2316,0.15,33.2,91.8,----,----,3356.3806 S,15113.3241 E,11,1,T,S,V
2019-03-10 16:43:53,21.5,2241,0.08,33.2,91.8,----,----,3356.3804 S,15113.3254 E,11,1,T,S,V
2019-03-10 16:43:58,23.2,2271,0.11,33.2,91.7,----,----,3356.3790 S,15113.3251 E,12,1,T,S,V
2019-03-10 16:44:03,22.0,2255,0.06,33.2,91.8,----,----,3356.3781 S,15113.3243 E,12,1,T,S,V
2019-03-10 16:44:08,19.7,2215,0.06,33.2,91.8,----,----,3356.3776 S,15113.3228 E,11,1,T,S,V
2019-03-10 16:44:12,23.7,2281,0.20,33.2,91.7,----,----,3356.3771 S,15113.3214 E,11,1,T,S,V
2019-03-10 16:44:16,20.9,2233,0.03,33.2,91.8,----,----,3356.3764 S,15113.3210 E,11,1,T,S,V
2019-03-10 16:44:21,22.6,2264,0.15,33.2,91.8,----,----,3356.3752 S,15113.3228 E,11,1,T,S,V
2019-03-10 16:44:26,23.2,2277,0.13,33.2,91.8,----,----,3356.3746 S,15113.3243 E,11,1,T,S,V
2019-03-10 16:44:31,22.6,2263,0.13,33.2,91.8,----,----,3356.3743 S,15113.3263 E,11,1,T,S,V
2019-03-10 16:44:37,25.4,2313,0.14,33.2,91.8,----,----,3356.3743 S,15113.3289 E,11,1,T,S,V
2019-03-10 16:44:42,23.7,2287,0.13,33.2,91.8,----,----,3356.3734 S,15113.3294 E,11,1,T,S,V
2019-03-10 16:44:47,23.2,2278,0.15,33.2,91.7,----,----,3356.3724 S,15113.3284 E,11,1,T,S,V
2019-03-10 16:44:52,22.6,2263,0.05,33.2,91.7,----,----,3356.3714 S,15113.3259 E,11,1,T,S,V
2019-03-10 16:44:57,22.0,2254,0.10,33.2,91.7,----,----,3356.3700 S,15113.3237 E,11,1,T,S,V
2019-03-10 16:45:03,22.0,2252,0.13,33.2,91.7,----,----,3356.3697 S,15113.3229 E,11,1,T,S,V
2019-03-10 16:45:08,26.0,2328,0.08,33.2,91.7,----,----,3356.3689 S,15113.3219 E,10,1,T,S,V
2019-03-10 16:46:56,31.7,2426,0.22,32.9,91.3,----,----,0000.0000 N,00000.0000 W,0,0,T,S,V
2019-03-10 16:47:01,28.3,2367,0.16,32.9,91.3,----,----,0000.0000 N,00000.0000 W,0,0,T,S,V
2019-03-10 16:47:06,19.2,2208,0.04,32.9,91.2,----,----,0000.0000 N,00000.0000 W,0,0,T,S,V
2019-03-10 16:47:12,23.2,2273,0.03,32.9,91.2,----,----,0000.0000 N,00000.0000 W,0,0,T,S,V
2019-03-10 16:47:17,28.3,2366,0.21,32.8,91.1,----,----,0000.0000 N,00000.0000 W,0,0,T,S,V
2019-03-10 16:47:23,22.0,2254,0.06,32.8,91.1,----,----,0000.0000 N,00000.0000 W,0,0,T,S,V
2019-03-10 16:47:29,20.9,2233,0.07,32.8,91.0,----,----,0000.0000 N,00000.0000 W,0,0,T,S,V
2019-03-10 16:47:34,27.7,2358,0.23,32.8,91.0,----,----,0000.0000 N,00000.0000 W,0,0,T,S,V
2019-03-10 16:47:40,20.9,2236,0.06,32.8,91.0,----,----,0000.0000 N,00000.0000 W,0,0,T,S,V
2019-03-10 16:47:46,22.0,2257,0.04,32.7,91.0,----,----,0000.0000 N,00000.0000 W,0,0,T,S,V
2019-03-10 16:47:51,27.7,2357,0.19,32.7,91.0,----,----,0000.0000 N,00000.0000 W,0,0,T,S,V
2019-03-10 16:47:57,24.3,2295,0.19,32.7,90.9,----,----,0000.0000 N,00000.0000 W,0,0,T,S,V
2019-03-10 16:48:03,18.0,2184,0.10,32.7,90.9,----,----,0000.0000 N,00000.0000 W,0,0,T,S,V
2019-03-10 16:48:09,15.8,2143,0.00,32.6,90.8,----,----,3356.4440 S,15113.3646 E,3,1,T,S,V
2019-03-10 16:48:13,21.5,2246,0.11,32.6,90.8,----,----,3356.4438 S,15113.3636 E,3,1,T,S,V
2019-03-10 16:48:21,15.8,2144,0.02,32.6,90.7,----,----,3356.4427 S,15113.3582 E,2,6,T,S,V
2019-03-10 16:48:26,18.0,2181,0.07,32.6,90.7,----,----,3356.4429 S,15113.3563 E,2,6,T,S,V
2019-03-10 16:48:31,22.6,2260,0.05,32.6,90.7,----,----,3356.4409 S,15113.3618 E,4,1,T,S,V
2019-03-10 16:48:38,22.0,2256,0.12,32.5,90.6,----,----,3356.4426 S,15113.3636 E,4,1,T,S,V
2019-03-10 16:48:47,24.9,2302,0.14,32.5,90.5,----,----,3356.4436 S,15113.3638 E,4,1,T,S,V
2019-03-10 16:49:42,27.7,2359,0.15,32.3,90.2,----,----,3356.4445 S,15113.3621 E,14,1,T,S,V
2019-03-10 16:50:10,22.0,2250,0.16,32.2,90.0,----,----,3356.4450 S,15113.3586 E,14,1,T,S,V
2019-03-10 16:50:16,24.9,2308,0.16,32.2,90.0,----,----,3356.4434 S,15113.3573 E,14,1,T,S,V
2019-03-10 16:50:21,26.6,2336,0.16,32.2,89.9,----,----,3356.4423 S,15113.3562 E,14,1,T,S,V
2019-03-10 16:50:27,15.8,2147,0.00,32.1,89.9,----,----,3356.4414 S,15113.3539 E,14,1,T,S,V
2019-03-10 16:50:31,19.7,2215,0.02,32.1,89.8,----,----,3356.4418 S,15113.3536 E,14,1,T,S,V
2019-03-10 16:50:35,22.6,2266,0.16,32.1,89.8,----,----,3356.4423 S,15113.3532 E,14,1,T,S,V
2019-03-10 16:50:40,22.6,2266,0.11,32.1,89.8,----,----,3356.4426 S,15113.3528 E,14,1,T,S,V
2019-03-10 16:50:45,21.5,2242,0.09,32.1,89.8,----,----,3356.4434 S,15113.3518 E,14,1,T,S,V
2019-03-10 16:50:51,22.0,2255,0.11,32.0,89.7,----,----,3356.4445 S,15113.3512 E,14,1,T,S,V
2019-03-10 16:50:57,25.4,2313,0.12,32.0,89.7,----,----,3356.4464 S,15113.3506 E,14,1,T,S,V
2019-03-10 16:51:03,20.9,2237,0.09,32.0,89.7,----,----,3356.4467 S,15113.3512 E,14,1,T,S,V
2019-03-10 16:51:08,22.6,2262,0.04,32.0,89.6,----,----,3356.4473 S,15113.3524 E,14,1,T,S,V
2019-03-10 16:51:14,22.6,2260,0.06,32.0,89.6,----,----,3356.4479 S,15113.3537 E,14,1,T,S,V
2019-03-10 16:51:18,22.0,2254,0.06,31.9,89.5,----,----,3356.4491 S,15113.3544 E,14,1,T,S,V
2019-03-10 16:51:24,23.7,2289,0.07,31.9,89.5,----,----,3356.4503 S,15113.3542 E,14,1,T,S,V
2019-03-10 16:51:29,21.5,2249,0.07,31.9,89.4,----,----,3356.4505 S,15113.3523 E,14,1,T,S,V
2019-03-10 16:51:34,27.2,2346,0.15,31.9,89.4,----,----,3356.4504 S,15113.3514 E,14,1,T,S,V
2019-03-10 16:51:37,22.6,2269,0.11,31.8,89.4,----,----,3356.4502 S,15113.3510 E,14,1,T,S,V
2019-03-10 16:51:45,22.6,2260,0.10,31.8,89.3,----,----,3356.4513 S,15113.3538 E,14,1,T,S,V
2019-03-10 16:51:50,23.7,2281,0.11,31.8,89.3,----,----,3356.4514 S,15113.3552 E,14,1,T,S,V
2019-03-10 16:51:55,26.6,2336,0.11,31.8,89.3,----,----,3356.4507 S,15113.3563 E,14,1,T,S,V
2019-03-10 16:52:01,33.4,2455,0.17,31.8,89.3,----,----,3356.4486 S,15113.3584 E,14,1,T,S,V
2019-03-10 17:01:52,26.0,2325,0.14,30.2,86.4,----,----,0000.0000 N,00000.0000 W,0,0,T,S,V
2019-03-10 17:02:09,21.5,2247,0.14,30.2,86.4,----,----,0000.0000 N,00000.0000 W,0,0,T,S,V
2019-03-10 17:02:16,24.3,2297,0.16,30.2,86.4,----,----,0000.0000 N,00000.0000 W,0,0,T,S,V
2019-03-10 17:02:34,22.6,2262,0.15,30.2,86.3,----,----,0000.0000 N,00000.0000 W,0,0,T,S,V
2019-03-10 17:02:45,22.6,2268,0.12,30.1,86.3,----,----,0000.0000 N,00000.0000 W,0,0,T,S,V
2019-03-10 17:03:22,25.4,2317,0.12,30.0,86.1,----,----,3356.6184 S,15113.2359 E,5,1,T,S,V
2019-03-10 17:04:58,24.3,2298,0.11,29.8,85.7,----,----,3356.6260 S,15113.2336 E,9,1,T,S,V
2019-03-10 17:05:03,20.9,2235,0.10,29.8,85.7,----,----,3356.6269 S,15113.2324 E,9,1,T,S,V
2019-03-10 17:05:08,23.2,2277,0.13,29.8,85.7,----,----,3356.6271 S,15113.2308 E,9,1,T,S,V
2019-03-10 17:05:13,24.9,2306,0.18,29.8,85.6,----,----,3356.6269 S,15113.2297 E,9,1,T,S,V
2019-03-10 17:05:18,24.3,2293,0.13,29.8,85.6,----,----,3356.6262 S,15113.2312 E,9,1,T,S,V
2019-03-10 17:05:23,20.3,2228,0.05,29.8,85.6,----,----,3356.6239 S,15113.2320 E,9,1,T,S,V
2019-03-10 17:05:28,25.4,2319,0.17,29.8,85.6,----,----,3356.6220 S,15113.2344 E,9,1,T,S,V
2019-03-10 17:05:33,24.3,2297,0.16,29.8,85.6,----,----,3356.6200 S,15113.2377 E,9,1,T,S,V
2019-03-10 17:05:39,20.9,2238,0.12,29.8,85.6,----,----,3356.6227 S,15113.2383 E,9,1,T,S,V
2019-03-10 17:05:45,26.0,2321,0.16,29.8,85.6,----,----,3356.6255 S,15113.2367 E,9,1,T,S,V
2019-03-10 17:05:51,27.2,2349,0.15,29.8,85.6,----,----,3356.6278 S,15113.2340 E,9,1,T,S,V
2019-03-10 17:05:56,28.9,2375,0.25,29.8,85.6,----,----,3356.6289 S,15113.2350 E,9,1,T,S,V
2019-03-10 17:06:01,16.9,2168,0.09,29.8,85.6,----,----,3356.6285 S,15113.2362 E,9,1,T,S,V
2019-03-10 17:06:05,14.8,2123,0.04,29.7,85.6,----,----,3356.6286 S,15113.2361 E,9,1,T,S,V
2019-03-10 17:06:09,20.3,2221,0.06,29.8,85.6,----,----,3356.6284 S,15113.2368 E,9,1,T,S,V
2019-03-10 17:06:14,22.0,2255,0.09,29.8,85.6,----,----,3356.6268 S,15113.2387 E,8,1,T,S,V
2019-03-10 17:06:19,19.2,2206,0.06,29.8,85.6,----,----,3356.6270 S,15113.2416 E,9,1,T,S,V
2019-03-10 17:06:24,26.0,2320,0.19,29.8,85.6,----,----,3356.6283 S,15113.2422 E,10,1,T,S,V
2019-03-10 17:06:30,25.4,2313,0.16,29.8,85.6,----,----,3356.6292 S,15113.2413 E,10,1,T,S,V
2019-03-10 17:06:36,28.3,2360,0.11,29.8,85.7,----,----,3356.6290 S,15113.2409 E,10,1,T,S,V
2019-03-10 17:06:41,22.0,2256,0.15,29.8,85.7,----,----,3356.6262 S,15113.2405 E,10,1,T,S,V
2019-03-10 17:06:48,26.6,2331,0.20,29.8,85.7,----,----,3356.6222 S,15113.2395 E,10,1,T,S,V
2019-03-10 17:06:53,31.1,2413,0.24,29.8,85.7,----,----,3356.6217 S,15113.2405 E,10,1,T,S,V
2019-03-10 17:18:01,23.2,2272,0.09,29.6,85.3,----,----,0000.0000 N,00000.0000 W,0,0,T,S,V
2019-03-10 17:18:06,23.7,2284,0.13,29.6,85.3,----,----,0000.0000 N,00000.0000 W,0,0,T,S,V
2019-03-10 17:18:11,24.9,2303,0.18,29.6,85.2,----,----,0000.0000 N,00000.0000 W,0,0,T,S,V
2019-03-10 17:18:16,26.6,2336,0.17,29.5,85.2,----,----,0000.0000 N,00000.0000 W,0,0,T,S,V
2019-03-10 17:18:22,25.4,2314,0.09,29.5,85.1,----,----,0000.0000 N,00000.0000 W,0,0,T,S,V
2019-03-10 17:18:25,23.7,2280,0.14,29.5,85.1,----,----,0000.0000 N,00000.0000 W,0,0,T,S,V
2019-03-10 17:18:30,20.3,2226,0.11,29.4,85.0,----,----,0000.0000 N,00000.0000 W,0,0,T,S,V
2019-03-10 17:18:34,24.3,2299,0.14,29.4,85.0,----,----,0000.0000 N,00000.0000 W,0,0,T,S,V
2019-03-10 17:18:39,20.9,2232,0.05,29.4,85.0,----,----,0000.0000 N,00000.0000 W,0,0,T,S,V
2019-03-10 17:18:43,16.3,2153,0.03,29.4,84.9,----,----,0000.0000 N,00000.0000 W,0,0,T,S,V
2019-03-10 17:18:47,18.6,2192,0.04,29.4,84.9,----,----,0000.0000 N,00000.0000 W,0,0,T,S,V
2019-03-10 17:18:50,18.0,2188,0.00,29.4,84.9,----,----,0000.0000 N,00000.0000 W,0,0,T,S,V
2019-03-10 17:18:54,19.2,2200,0.12,29.4,84.9,----,----,0000.0000 N,00000.0000 W,0,0,T,S,V
2019-03-10 17:18:58,20.9,2231,0.15,29.3,84.9,----,----,0000.0000 N,00000.0000 W,0,0,T,S,V
2019-03-10 17:19:03,22.6,2262,0.08,29.3,84.8,----,----,0000.0000 N,00000.0000 W,0,0,T,S,V
2019-03-10 17:19:09,22.6,2260,0.04,29.3,84.7,----,----,0000.0000 N,00000.0000 W,0,0,T,S,V
2019-03-10 17:19:14,22.6,2261,0.11,29.3,84.7,----,----,0000.0000 N,00000.0000 W,0,0,T,S,V
2019-03-10 17:19:20,20.9,2232,0.06,29.2,84.7,----,----,0000.0000 N,00000.0000 W,0,0,T,S,V
2019-03-10 17:19:28,26.6,2334,0.14,29.2,84.7,----,----,0000.0000 N,00000.0000 W,0,0,T,S,V
2019-03-10 17:19:33,26.0,2322,0.14,29.2,84.6,----,----,3356.6759 S,15113.2721 E,5,1,T,S,V
2019-03-10 17:19:39,27.7,2359,0.15,29.2,84.6,----,----,3356.6754 S,15113.2753 E,5,1,T,S,V
2019-03-10 17:19:44,23.2,2274,0.13,29.2,84.6,----,----,3356.6746 S,15113.2777 E,5,1,T,S,V
2019-03-10 17:19:50,20.9,2231,0.08,29.2,84.5,----,----,3356.6739 S,15113.2778 E,5,1,T,S,V
2019-03-10 17:19:54,23.2,2272,0.11,29.1,84.5,----,----,3356.6731 S,15113.2787 E,5,1,T,S,V
2019-03-10 17:21:28,28.3,2365,0.17,28.8,84.0,----,----,3356.6635 S,15113.2919 E,10,1,T,S,V
2019-03-10 17:21:34,24.9,2308,0.14,28.8,83.9,----,----,3356.6632 S,15113.2890 E,11,1,T,S,V
2019-03-10 17:21:39,22.0,2258,0.11,28.8,83.9,----,----,3356.6641 S,15113.2884 E,11,1,T,S,V
2019-03-10 17:21:44,27.7,2353,0.17,28.8,83.9,----,----,3356.6645 S,15113.2877 E,11,1,T,S,V
2019-03-10 17:21:49,22.0,2258,0.12,28.8,83.8,----,----,3356.6634 S,15113.2869 E,11,1,T,S,V
2019-03-10 17:21:54,22.0,2257,0.14,28.8,83.8,----,----,3356.6622 S,15113.2867 E,11,1,T,S,V
2019-03-10 17:21:59,21.5,2245,0.13,28.7,83.7,----,----,3356.6610 S,15113.2862 E,11,1,T,S,V
2019-03-10 17:22:03,26.0,2328,0.16,28.7,83.7,----,----,3356.6602 S,15113.2862 E,11,1,T,S,V
2019-03-10 17:22:07,24.3,2294,0.12,28.7,83.7,----,----,3356.6597 S,15113.2867 E,11,1,T,S,V
2019-03-10 17:22:12,23.7,2288,0.13,28.7,83.7,----,----,3356.6611 S,15113.2843 E,11,1,T,S,V
2019-03-10 17:22:17,23.2,2270,0.13,28.7,83.7,----,----,3356.6624 S,15113.2835 E,11,1,T,S,V
2019-03-10 17:22:21,22.0,2252,0.11,28.7,83.6,----,----,3356.6635 S,15113.2836 E,11,1,T,S,V
2019-03-10 17:22:27,19.2,2206,0.12,28.7,83.6,----,----,3356.6637 S,15113.2826 E,11,1,T,S,V
2019-03-10 17:22:32,22.0,2253,0.15,28.7,83.6,----,----,3356.6647 S,15113.2813 E,12,1,T,S,V
2019-03-10 17:22:36,23.7,2287,0.18,28.6,83.6,----,----,3356.6651 S,15113.2812 E,12,1,T,S,V
2019-03-10 17:24:01,23.7,2286,0.12,28.7,83.7,----,----,0000.0000 N,00000.0000 W,0,0,T,S,V
2019-03-10 17:24:06,24.9,2302,0.15,28.7,83.7,----,----,0000.0000 N,00000.0000 W,0,0,T,S,V
2019-03-10 17:24:11,26.6,2330,0.14,28.7,83.7,----,----,0000.0000 N,00000.0000 W,0,0,T,S,V
2019-03-10 17:24:16,25.4,2310,0.16,28.7,83.6,----,----,0000.0000 N,00000.0000 W,0,0,T,S,V
2019-03-10 17:24:21,28.3,2360,0.23,28.6,83.6,----,----,0000.0000 N,00000.0000 W,0,0,T,S,V
2019-03-10 17:24:26,26.0,2326,0.13,28.6,83.6,----,----,0000.0000 N,00000.0000 W,0,0,T,S,V
2019-03-10 17:24:31,26.6,2338,0.07,28.6,83.5,----,----,0000.0000 N,00000.0000 W,0,0,T,S,V
2019-03-10 17:24:36,26.6,2330,0.10,28.6,83.5,----,----,0000.0000 N,00000.0000 W,0,0,T,S,V
2019-03-10 17:24:40,28.9,2377,0.14,28.6,83.5,----,----,0000.0000 N,00000.0000 W,0,0,T,S,V
2019-03-10 17:24:45,27.7,2358,0.15,28.5,83.4,----,----,0000.0000 N,00000.0000 W,0,0,T,S,V
2019-03-10 17:24:51,29.4,2381,0.11,28.5,83.3,----,----,0000.0000 N,00000.0000 W,0,0,T,S,V
2019-03-10 17:24:56,32.3,2434,0.24,28.5,83.3,----,----,0000.0000 N,00000.0000 W,0,0,T,S,V
2019-03-10 17:25:02,25.4,2312,0.16,28.5,83.3,----,----,0000.0000 N,00000.0000 W,0,0,T,S,V
2019-03-10 17:25:06,19.7,2213,0.06,28.4,83.2,----,----,0000.0000 N,00000.0000 W,0,0,T,S,V
2019-03-10 17:25:09,19.7,2216,0.09,28.4,83.2,----,----,0000.0000 N,00000.0000 W,0,0,T,S,V
2019-03-10 17:25:14,23.7,2281,0.11,28.4,83.2,----,----,0000.0000 N,00000.0000 W,0,0,T,S,V
2019-03-10 17:25:19,24.9,2302,0.12,28.4,83.2,----,----,0000.0000 N,00000.0000 W,0,0,T,S,V
2019-03-10 17:25:24,30.6,2403,0.21,28.4,83.1,----,----,0000.0000 N,00000.0000 W,0,0,T,S,V
2019-03-10 17:25:30,23.7,2289,0.12,28.4,83.1,----,----,0000.0000 N,00000.0000 W,0,0,T,S,V
2019-03-10 17:25:35,19.2,2201,0.07,28.4,83.1,----,----,3356.5989 S,15113.2592 E,4,1,T,S,V
2019-03-10 17:25:40,18.0,2182,0.02,28.3,83.0,----,----,3356.5986 S,15113.2615 E,4,1,T,S,V
2019-03-10 17:25:45,23.7,2281,0.16,28.3,83.0,----,----,3356.5995 S,15113.2619 E,4,1,T,S,V
2019-03-10 17:25:50,24.9,2306,0.13,28.3,83.0,----,----,3356.5983 S,15113.2631 E,4,1,T,S,V
2019-03-10 17:25:54,23.7,2280,0.11,28.3,83.0,----,----,3356.5985 S,15113.2651 E,5,1,T,S,V
2019-03-10 17:25:59,23.2,2279,0.13,28.3,82.9,----,----,3356.5989 S,15113.2666 E,5,1,T,S,V
2019-03-10 17:26:04,22.6,2269,0.15,28.3,82.9,----,----,3356.6010 S,15113.2659 E,6,1,T,S,V
2019-03-10 17:26:10,28.3,2363,0.19,28.2,82.9,----,----,3356.6026 S,15113.2663 E,6,1,T,S,V
2019-03-10 17:37:01,26.0,2323,0.13,28.1,82.7,----,----,0000.0000 N,00000.0000 W,0,0,T,S,V
2019-03-10 17:37:07,28.9,2370,0.21,28.1,82.7,----,----,0000.0000 N,00000.0000 W,0,0,T,S,V
2019-03-10 17:37:12,23.7,2285,0.15,28.1,82.6,----,----,0000.0000 N,00000.0000 W,0,0,T,S,V
2019-03-10 17:37:19,29.4,2385,0.26,28.1,82.6,----,----,0000.0000 N,00000.0000 W,0,0,T,S,V
2019-03-10 17:37:49,27.2,2343,0.14,28.0,82.5,----,----,0000.0000 N,00000.0000 W,0,0,T,S,V
2019-03-10 17:37:55,31.7,2425,0.16,28.0,82.5,----,----,0000.0000 N,00000.0000 W,0,0,T,S,V
2019-03-10 17:38:20,29.4,2384,0.16,28.0,82.5,----,----,0000.0000 N,00000.0000 W,0,0,T,S,V
2019-03-10 17:38:57,30.0,2394,0.18,28.1,82.6,----,----,3355.9677 S,15113.4107 E,7,1,T,S,V
2019-03-10 17:39:03,31.1,2411,0.14,28.1,82.6,----,----,3355.9661 S,15113.4129 E,7,1,T,S,V
2019-03-10 17:39:10,25.4,2314,0.24,28.1,82.6,----,----,3355.9648 S,15113.4133 E,7,1,T,S,V
2019-03-10 17:39:14,23.7,2281,0.13,28.1,82.6,----,----,3355.9633 S,15113.4136 E,7,1,T,S,V
2019-03-10 17:39:19,26.6,2336,0.15,28.1,82.6,----,----,3355.9625 S,15113.4149 E,7,1,T,S,V
2019-03-10 17:39:24,22.0,2257,0.10,28.1,82.6,----,----,3355.9608 S,15113.4173 E,7,1,T,S,V
2019-03-10 17:39:29,30.6,2400,0.22,28.1,82.6,----,----,3355.9573 S,15113.4193 E,7,1,T,S,V
2019-03-10 17:39:32,20.9,2238,0.07,28.1,82.6,----,----,3355.9574 S,15113.4188 E,7,1,T,S,V
2019-03-10 17:39:37,22.0,2256,0.12,28.1,82.7,----,----,3355.9574 S,15113.4184 E,7,1,T,S,V
2019-03-10 17:39:42,24.9,2305,0.07,28.2,82.7,----,----,3355.9576 S,15113.4202 E,7,1,T,S,V
2019-03-10 17:39:46,24.3,2294,0.06,28.2,82.7,----,----,3355.9586 S,15113.4205 E,7,1,T,S,V
2019-03-10 17:39:50,24.3,2299,0.06,28.2,82.8,----,----,3355.9591 S,15113.4217 E,7,1,T,S,V
2019-03-10 17:39:55,24.9,2309,0.11,28.2,82.8,----,----,3355.9581 S,15113.4240 E,7,1,T,S,V
2019-03-10 17:40:01,23.7,2289,0.08,28.3,82.9,----,----,3355.9579 S,15113.4253 E,8,1,T,S,V
2019-03-10 17:40:06,20.3,2226,0.07,28.3,82.9,----,----,3355.9597 S,15113.4240 E,8,1,T,S,V
2019-03-10 17:40:10,19.7,2217,0.10,28.3,82.9,----,----,3355.9608 S,15113.4232 E,8,1,T,S,V
2019-03-10 17:40:13,22.6,2262,0.12,28.3,83.0,----,----,3355.9615 S,15113.4227 E,8,1,T,S,V
2019-03-10 17:40:17,20.3,2225,0.18,28.3,83.0,----,----,3355.9621 S,15113.4224 E,8,1,T,S,V
2019-03-10 17:40:20,22.6,2269,0.12,28.3,83.0,----,----,3355.9630 S,15113.4219 E,8,1,T,S,V
2019-03-10 17:40:24,19.7,2215,0.06,28.3,83.0,----,----,3355.9633 S,15113.4222 E,8,1,T,S,V
2019-03-10 17:40:28,20.3,2224,0.12,28.4,83.1,----,----,3355.9651 S,15113.4215 E,8,1,T,S,V
2019-03-10 17:40:32,21.5,2249,0.16,28.4,83.1,----,----,3355.9667 S,15113.4207 E,8,1,T,S,V
2019-03-10 17:40:36,24.3,2299,0.21,28.4,83.1,----,----,3355.9678 S,15113.4203 E,8,1,T,S,V
2019-03-10 17:40:45,22.6,2266,0.11,28.4,83.2,----,----,3355.9634 S,15113.4206 E,8,1,T,S,V
2019-03-10 17:40:49,24.9,2304,0.11,28.4,83.2,----,----,3355.9625 S,15113.4204 E,8,1,T,S,V
2019-03-10 17:40:57,26.6,2337,0.16,28.5,83.3,----,----,3355.9650 S,15113.4197 E,8,1,T,S,V
2019-03-10 17:41:01,24.9,2302,0.10,28.5,83.3,----,----,3355.9662 S,15113.4194 E,9,1,T,S,V
2019-03-14 09:23:53,20.3,2228,0.04,22.4,72.4,----,----,0000.0000 N,00000.0000 W,0,0,T,S,V
2019-03-14 09:26:32,22.0,2257,0.09,22.5,72.6,----,----,3348.5508 S,15100.0102 E,7,1,T,S,V
2019-03-14 09:26:39,19.2,2207,0.07,22.5,72.6,----,----,3348.5495 S,15100.0140 E,7,1,T,S,V
2019-03-14 09:26:45,27.2,2343,0.04,22.5,72.6,----,----,3348.5473 S,15100.0167 E,7,1,T,S,V
2019-03-14 09:26:51,23.2,2279,0.00,22.5,72.6,----,----,3348.5450 S,15100.0161 E,7,1,T,S,V
2019-03-14 09:26:57,23.2,2274,0.08,22.5,72.5,----,----,3348.5425 S,15100.0180 E,7,1,T,S,V
2019-03-14 09:27:03,20.9,2231,0.08,22.5,72.5,----,----,3348.5378 S,15100.0205 E,7,1,T,S,V
2019-03-14 09:27:09,22.0,2257,0.12,22.5,72.5,----,----,3348.5345 S,15100.0228 E,7,1,T,S,V
2019-03-14 09:27:15,22.6,2266,0.00,22.5,72.5,----,----,3348.5308 S,15100.0240 E,7,1,T,S,V
2019-03-14 09:27:20,20.9,2237,0.08,22.4,72.4,----,----,3348.5295 S,15100.0224 E,7,1,T,S,V
2019-03-14 09:27:26,22.6,2263,0.02,22.4,72.4,----,----,3348.5274 S,15100.0214 E,7,1,T,S,V
2019-03-14 09:27:32,24.3,2293,0.03,22.4,72.4,----,----,3348.5259 S,15100.0220 E,7,1,T,S,V
2019-03-14 09:27:37,24.3,2297,0.03,22.4,72.4,----,----,3348.5230 S,15100.0218 E,7,1,T,S,V
2019-03-14 09:27:43,26.0,2327,0.05,22.4,72.4,----,----,3348.5210 S,15100.0219 E,7,1,T,S,V
2019-03-14 09:27:49,22.0,2258,0.03,22.4,72.4,----,----,3348.5189 S,15100.0234 E,7,1,T,S,V
2019-03-14 09:27:55,21.5,2242,0.00,22.4,72.4,----,----,3348.5171 S,15100.0240 E,7,1,T,S,V
2019-03-14 09:28:01,23.7,2286,0.10,22.4,72.4,----,----,3348.5151 S,15100.0267 E,7,1,T,S,V
2019-03-14 09:28:07,21.5,2240,0.07,22.4,72.3,----,----,3348.5126 S,15100.0283 E,7,1,T,S,V
2019-03-14 09:28:13,25.4,2319,0.11,22.4,72.3,----,----,3348.5083 S,15100.0276 E,7,1,T,S,V
2019-03-14 09:28:19,23.7,2286,0.04,22.4,72.3,----,----,3348.5057 S,15100.0273 E,7,1,T,S,V
2019-03-14 09:28:24,22.6,2269,0.03,22.4,72.3,----,----,3348.5034 S,15100.0286 E,7,1,T,S,V
2019-03-14 09:28:30,23.2,2273,0.07,22.4,72.3,----,----,3348.5017 S,15100.0279 E,7,1,T,S,V
2019-03-14 09:28:36,23.2,2278,0.00,22.4,72.3,----,----,3348.5003 S,15100.0279 E,7,1,T,S,V
2019-03-14 09:28:41,19.2,2208,0.13,22.4,72.3,----,----,3348.4981 S,15100.0293 E,7,1,T,S,V
2019-03-14 09:28:47,19.7,2218,0.05,22.3,72.2,----,----,3348.4954 S,15100.0300 E,7,1,T,S,V
2019-03-14 09:28:53,20.3,2226,0.07,22.3,72.2,----,----,3348.4935 S,15100.0295 E,7,1,T,S,V
2019-03-14 09:28:59,23.7,2289,0.08,22.3,72.2,----,----,3348.4918 S,15100.0323 E,7,1,T,S,V
2019-03-14 09:29:12,20.3,2221,0.15,22.3,72.2,----,----,3348.4903 S,15100.0313 E,7,1,T,S,V
2019-03-14 09:29:17,19.7,2216,0.07,22.3,72.2,----,----,3348.4869 S,15100.0328 E,7,1,T,S,V
2019-03-14 09:29:23,20.9,2236,0.05,22.3,72.2,----,----,3348.4837 S,15100.0350 E,7,1,T,S,V
2019-03-14 09:29:28,20.3,2228,0.06,22.3,72.2,----,----,3348.4808 S,15100.0376 E,7,1,T,S,V
2019-03-14 09:29:36,22.0,2257,0.07,22.3,72.2,----,----,3348.4798 S,15100.0343 E,7,1,T,S,V
2019-03-14 09:29:42,21.5,2246,0.00,22.3,72.2,----,----,3348.4821 S,15100.0306 E,7,1,T,S,V
2019-03-14 09:29:47,23.7,2281,0.07,22.3,72.1,----,----,3348.4884 S,15100.0283 E,7,1,T,S,V
2019-03-14 09:29:53,22.0,2256,0.08,22.3,72.1,----,----,3348.4968 S,15100.0265 E,7,1,T,S,V
2019-03-14 09:29:59,21.5,2242,0.10,22.3,72.1,----,----,3348.5015 S,15100.0251 E,7,1,T,S,V
2019-03-14 09:30:05,23.2,2270,0.04,22.2,72.1,----,----,3348.5056 S,15100.0242 E,8,1,T,S,V
2019-03-14 09:30:11,20.9,2238,0.02,22.2,72.1,----,----,3348.5091 S,15100.0235 E,8,1,T,S,V
2019-03-14 09:30:17,23.2,2273,0.03,22.2,72.1,----,----,3348.5121 S,15100.0233 E,8,1,T,S,V
2019-03-14 09:30:23,22.0,2255,0.04,22.2,72.1,----,----,3348.5163 S,15100.0222 E,8,1,T,S,V
2019-03-14 09:30:29,21.5,2245,0.06,22.2,72.1,----,----,3348.5216 S,15100.0201 E,8,1,T,S,V
2019-03-14 09:30:34,22.0,2253,0.03,22.3,72.1,----,----,3348.5240 S,15100.0194 E,8,1,T,S,V
2019-03-14 09:30:40,21.5,2241,0.06,22.2,72.1,----,----,3348.5260 S,15100.0190 E,8,1,T,S,V
2019-03-14 09:30:46,23.7,2284,0.06,22.3,72.1,----,----,3348.5273 S,15100.0190 E,8,1,T,S,V
2019-03-14 09:30:51,22.6,2262,0.09,22.2,72.1,----,----,3348.5275 S,15100.0196 E,8,1,T,S,V
2019-03-14 09:30:57,23.2,2277,0.07,22.2,72.1,----,----,3348.5321 S,15100.0177 E,8,1,T,S,V
2019-03-14 09:31:03,23.2,2270,0.00,22.3,72.1,----,----,3348.5320 S,15100.0184 E,9,1,T,S,V
2019-03-14 09:31:08,21.5,2249,0.09,22.2,72.1,----,----,3348.5299 S,15100.0193 E,9,1,T,S,V
2019-03-14 09:31:15,23.7,2285,0.00,22.2,72.1,----,----,3348.5307 S,15100.0198 E,9,1,T,S,V
2019-03-14 09:31:20,22.0,2250,0.03,22.3,72.1,----,----,3348.5311 S,15100.0188 E,9,1,T,S,V
2019-03-14 09:31:26,23.7,2282,0.11,22.3,72.1,----,----,3348.5346 S,15100.0166 E,9,1,T,S,V
2019-03-14 09:31:32,22.6,2263,0.07,22.3,72.1,----,----,3348.5384 S,15100.0148 E,9,1,T,S,V
2019-03-14 09:31:38,22.6,2261,0.04,22.3,72.1,----,----,3348.5396 S,15100.0142 E,9,1,T,S,V
2019-03-14 09:31:44,22.0,2256,0.00,22.3,72.2,----,----,3348.5431 S,15100.0133 E,9,1,T,S,V
2019-03-14 09:31:50,22.6,2260,0.03,22.3,72.2,----,----,3348.5452 S,15100.0126 E,9,1,T,S,V
2019-03-14 09:31:56,20.9,2236,0.00,22.3,72.2,----,----,3348.5472 S,15100.0124 E,9,1,T,S,V
2019-03-14 09:32:02,21.5,2246,0.04,22.3,72.2,----,----,3348.5504 S,15100.0120 E,9,1,T,S,V
2019-03-14 09:32:08,26.6,2338,0.08,22.3,72.2,----,----,3348.5520 S,15100.0116 E,9,1,T,S,V
2019-03-14 09:32:14,23.7,2289,0.04,22.3,72.2,----,----,3348.5574 S,15100.0110 E,9,1,T,S,V
2019-03-14 09:32:20,20.3,2228,0.00,22.3,72.2,----,----,3348.5585 S,15100.0110 E,9,1,T,S,V
2019-03-14 09:32:25,22.6,2262,0.00,22.3,72.2,----,----,3348.5552 S,15100.0105 E,9,1,T,S,V
2019-03-14 09:32:31,24.9,2306,0.00,22.3,72.2,----,----,3348.5560 S,15100.0081 E,9,1,T,S,V
2019-03-14 09:32:36,18.6,2192,0.00,22.3,72.2,----,----,3348.5578 S,15100.0081 E,9,1,T,S,V
2019-03-14 09:33:26,18.0,2181,0.04,22.4,72.3,----,----,3348.5449 S,15100.0064 E,9,1,T,S,V
2019-03-14 09:33:32,19.7,2216,0.00,22.4,72.3,----,----,3348.5430 S,15100.0069 E,9,1,T,S,V
2019-03-14 09:33:38,19.7,2215,0.07,22.4,72.3,----,----,3348.5421 S,15100.0077 E,9,1,T,S,V
2019-03-14 09:33:44,21.5,2241,0.00,22.4,72.3,----,----,3348.5391 S,15100.0087 E,9,1,T,S,V
2019-03-14 09:34:49,20.3,2222,0.00,22.5,72.6,----,----,3348.5437 S,15100.0086 E,9,1,T,S,V
2019-03-14 09:34:56,24.9,2301,0.10,22.5,72.6,----,----,3348.5415 S,15100.0105 E,9,1,T,S,V
2019-03-14 09:35:03,26.6,2333,0.13,22.5,72.6,----,----,3348.5372 S,15100.0133 E,9,1,T,S,V
2019-03-14 09:35:24,24.9,2303,0.00,22.6,72.6,----,----,3348.5333 S,15100.0103 E,9,1,T,S,V
2019-03-14 09:35:31,23.7,2289,0.11,22.6,72.6,----,----,3348.5313 S,15100.0137 E,8,1,T,S,V
2019-03-14 09:35:37,21.5,2246,0.05,22.6,72.6,----,----,3348.5295 S,15100.0148 E,9,1,T,S,V
2019-03-14 09:35:47,23.2,2276,0.09,22.6,72.6,----,----,3348.5226 S,15100.0197 E,9,1,T,S,V
2019-03-14 09:35:54,20.9,2237,0.05,22.6,72.6,----,----,3348.5215 S,15100.0183 E,9,1,T,S,V
2019-03-14 09:36:00,20.9,2237,0.00,22.6,72.6,----,----,3348.5194 S,15100.0164 E,9,1,T,S,V
2019-03-14 09:36:07,20.9,2238,0.03,22.6,72.6,----,----,3348.5182 S,15100.0154 E,9,1,T,S,V
2019-03-14 09:36:13,21.5,2242,0.05,22.6,72.6,----,----,3348.5154 S,15100.0156 E,9,1,T,S,V
2019-03-14 09:36:19,20.9,2235,0.06,22.6,72.7,----,----,3348.5125 S,15100.0166 E,9,1,T,S,V
2019-03-14 09:36:26,20.9,2235,0.00,22.6,72.7,----,----,3348.5098 S,15100.0174 E,9,1,T,S,V
2019-03-14 09:36:32,22.0,2253,0.07,22.6,72.7,----,----,3348.5097 S,15100.0194 E,9,1,T,S,V
2019-03-14 09:36:38,22.6,2269,0.00,22.6,72.7,----,----,3348.5082 S,15100.0209 E,9,1,T,S,V
2019-03-14 09:36:49,22.6,2262,0.07,22.6,72.7,----,----,3348.5048 S,15100.0235 E,9,1,T,S,V
2019-03-14 09:36:55,22.6,2260,0.03,22.6,72.7,----,----,3348.5044 S,15100.0217 E,9,1,T,S,V
2019-03-14 09:37:03,22.6,2266,0.04,22.6,72.8,----,----,3348.5021 S,15100.0202 E,9,1,T,S,V
2019-03-14 09:37:11,26.0,2320,0.00,22.6,72.8,----,----,3348.4974 S,15100.0244 E,9,1,T,S,V
2019-03-14 09:37:17,22.6,2261,0.05,22.6,72.8,----,----,3348.4951 S,15100.0252 E,9,1,T,S,V
2019-03-14 09:37:24,20.3,2220,0.07,22.6,72.8,----,----,3348.4919 S,15100.0262 E,9,1,T,S,V
2019-03-14 09:37:30,21.5,2245,0.00,22.6,72.8,----,----,3348.4905 S,15100.0264 E,9,1,T,S,V
2019-03-14 09:37:36,23.7,2284,0.04,22.6,72.8,----,----,3348.4891 S,15100.0282 E,9,1,T,S,V
2019-03-14 09:37:42,24.3,2295,0.00,22.6,72.8,----,----,3348.4863 S,15100.0256 E,9,1,T,S,V
2019-03-14 09:37:48,21.5,2246,0.00,22.6,72.8,----,----,3348.4821 S,15100.0259 E,9,1,T,S,V
2019-03-14 09:37:55,21.5,2244,0.02,22.6,72.8,----,----,3348.4774 S,15100.0260 E,9,1,T,S,V
2019-03-14 09:38:07,22.0,2256,0.02,22.6,72.8,----,----,3348.4821 S,15100.0191 E,9,1,T,S,V
2019-03-14 09:38:15,22.0,2253,0.07,22.6,72.7,----,----,3348.4876 S,15100.0192 E,9,1,T,S,V
2019-03-14 09:38:23,22.0,2252,0.12,22.6,72.7,----,----,3348.4958 S,15100.0223 E,9,1,T,S,V
2019-03-14 09:38:32,24.9,2304,0.02,22.6,72.8,----,----,3348.5002 S,15100.0205 E,8,1,T,S,V
2019-03-14 09:38:40,23.2,2274,0.04,22.6,72.8,----,----,3348.5047 S,15100.0198 E,10,1,T,S,V
2019-03-14 09:38:48,22.0,2257,0.04,22.7,72.8,----,----,3348.5086 S,15100.0188 E,10,1,T,S,V
2019-03-14 09:38:54,26.0,2328,0.10,22.7,72.9,----,----,3348.5097 S,15100.0178 E,10,1,T,S,V
2019-03-14 09:39:01,22.0,2258,0.10,22.7,72.9,----,----,3348.5132 S,15100.0159 E,10,1,T,S,V
2019-03-14 09:39:07,23.7,2285,0.06,22.7,72.9,----,----,3348.5132 S,15100.0155 E,10,1,T,S,V
2019-03-14 09:39:13,25.4,2316,0.09,22.7,72.9,----,----,3348.5147 S,15100.0132 E,10,1,T,S,V
2019-03-14 09:39:23,23.7,2280,0.05,22.8,73.0,----,----,3348.5160 S,15100.0126 E,10,1,T,S,V
2019-03-14 09:40:09,24.3,2290,0.06,22.9,73.2,----,----,3348.5152 S,15100.0157 E,9,1,T,S,V
2019-03-14 09:40:19,22.0,2253,0.06,22.9,73.2,----,----,3348.5190 S,15100.0131 E,9,1,T,S,V
2019-03-14 09:40:31,20.3,2224,0.04,22.9,73.2,----,----,3348.5227 S,15100.0123 E,9,1,T,S,V
2019-03-14 09:40:40,21.5,2242,0.06,22.9,73.2,----,----,3348.5248 S,15100.0126 E,10,1,T,S,V
2019-03-14 09:40:47,21.5,2247,0.07,22.9,73.2,----,----,3348.5283 S,15100.0115 E,10,1,T,S,V
2019-03-14 09:40:54,23.2,2276,0.06,22.9,73.2,----,----,3348.5328 S,15100.0096 E,10,1,T,S,V
2019-03-14 09:41:00,30.6,2407,0.06,22.9,73.3,----,----,3348.5364 S,15100.0086 E,9,1,T,S,V
2019-03-14 09:41:16,26.0,2326,0.03,23.0,73.4,----,----,3348.5367 S,15100.0083 E,10,1,T,S,V
2019-03-14 09:41:23,20.9,2232,0.10,23.0,73.4,----,----,3348.5407 S,15100.0077 E,10,1,T,S,V
2019-03-14 09:41:31,20.3,2228,0.07,23.0,73.4,----,----,3348.5453 S,15100.0061 E,10,1,T,S,V
2019-03-14 09:41:37,22.0,2256,0.00,23.0,73.4,----,----,3348.5463 S,15100.0043 E,10,1,T,S,V
2019-03-14 09:41:44,24.3,2295,0.09,23.0,73.4,----,----,3348.5477 S,15100.0039 E,10,1,T,S,V
2019-03-14 09:41:51,21.5,2241,0.00,23.0,73.4,----,----,3348.5491 S,15100.0013 E,10,1,T,S,V
2019-03-14 09:41:57,22.0,2253,0.00,22.9,73.3,----,----,3348.5529 S,15100.0001 E,10,1,T,S,V
2019-03-14 09:42:04,23.7,2281,0.07,22.9,73.3,----,----,3348.5586 S,15059.9972 E,10,1,T,S,V
2019-03-14 09:42:13,22.0,2257,0.07,22.9,73.3,----,----,3348.5532 S,15059.9938 E,10,1,T,S,V
2019-03-14 09:42:21,26.0,2329,0.07,22.9,73.3,----,----,3348.5457 S,15100.0003 E,10,1,T,S,V
2019-03-14 09:42:28,19.2,2205,0.00,22.9,73.3,----,----,3348.5406 S,15100.0027 E,10,1,T,S,V
2019-03-14 09:42:36,22.6,2261,0.00,22.9,73.3,----,----,3348.5369 S,15100.0028 E,10,1,T,S,V
2019-03-14 09:42:45,21.5,2248,0.07,22.9,73.3,----,----,3348.5323 S,15100.0050 E,10,1,T,S,V
2019-03-14 09:42:56,26.0,2323,0.11,22.9,73.3,----,----,3348.5283 S,15100.0079 E,10,1,T,S,V
2019-03-14 09:43:04,22.0,2252,0.11,23.0,73.4,----,----,3348.5253 S,15100.0094 E,10,1,T,S,V
2019-03-14 09:43:13,24.3,2296,0.05,23.0,73.4,----,----,3348.5223 S,15100.0115 E,10,1,T,S,V
2019-03-14 09:43:21,22.0,2255,0.00,23.0,73.4,----,----,3348.5170 S,15100.0148 E,10,1,T,S,V
2019-03-14 09:43:27,23.7,2281,0.00,23.0,73.4,----,----,3348.5146 S,15100.0143 E,10,1,T,S,V
2019-03-14 09:43:35,27.2,2342,0.00,23.0,73.4,----,----,3348.5110 S,15100.0157 E,10,1,T,S,V
2019-03-14 09:43:42,23.7,2287,0.00,23.0,73.4,----,----,3348.5084 S,15100.0186 E,10,1,T,S,V
2019-03-14 09:43:49,21.5,2242,0.05,23.0,73.4,----,----,3348.5041 S,15100.0197 E,10,1,T,S,V
2019-03-14 09:43:56,23.2,2272,0.08,23.0,73.4,----,----,3348.5013 S,15100.0195 E,10,1,T,S,V
2019-03-14 09:44:02,21.5,2245,0.00,23.0,73.5,----,----,3348.4987 S,15100.0197 E,10,1,T,S,V
2019-03-14 09:44:09,24.9,2304,0.00,23.0,73.5,----,----,3348.4965 S,15100.0202 E,10,1,T,S,V
2019-03-14 09:44:18,27.7,2353,0.00,23.0,73.5,----,----,3348.4907 S,15100.0204 E,10,1,T,S,V
2019-03-14 09:44:26,22.0,2258,0.02,23.0,73.5,----,----,3348.4903 S,15100.0159 E,10,1,T,S,V
2019-03-14 09:44:34,25.4,2317,0.07,23.0,73.5,----,----,3348.4868 S,15100.0149 E,10,1,T,S,V
2019-03-14 09:44:40,25.4,2311,0.10,23.0,73.5,----,----,3348.4854 S,15100.0157 E,10,1,T,S,V
2019-03-14 09:44:45,26.0,2325,0.00,23.1,73.6,----,----,3348.4836 S,15100.0161 E,10,1,T,S,V
2019-03-14 09:44:51,23.7,2281,0.03,23.1,73.6,----,----,3348.4830 S,15100.0123 E,10,1,T,S,V
2019-03-14 09:44:57,22.6,2266,0.02,23.1,73.6,----,----,3348.4818 S,15100.0126 E,10,1,T,S,V
2019-03-14 09:45:02,24.9,2306,0.00,23.1,73.6,----,----,3348.4804 S,15100.0131 E,10,1,T,S,V
2019-03-14 09:45:08,20.9,2233,0.00,23.1,73.6,----,----,3348.4776 S,15100.0152 E,10,1,T,S,V
2019-03-14 09:45:14,22.0,2252,0.00,23.1,73.6,----,----,3348.4796 S,15100.0136 E,10,1,T,S,V
2019-03-14 09:45:20,23.2,2274,0.07,23.1,73.6,----,----,3348.4774 S,15100.0153 E,10,1,T,S,V
2019-03-14 09:45:33,21.5,2240,0.03,23.0,73.5,----,----,3348.4773 S,15100.0106 E,10,1,T,S,V
2019-03-14 09:45:42,20.9,2230,0.07,23.0,73.5,----,----,3348.4881 S,15100.0122 E,10,1,T,S,V
2019-03-14 09:45:54,20.9,2235,0.02,23.0,73.5,----,----,3348.4981 S,15100.0131 E,10,1,T,S,V
2019-03-14 09:46:02,20.9,2232,0.00,23.0,73.5,----,----,3348.5003 S,15100.0123 E,10,1,T,S,V
2019-03-14 09:46:11,24.9,2301,0.00,23.0,73.5,----,----,3348.5045 S,15100.0102 E,10,1,T,S,V
2019-03-14 09:46:17,24.3,2298,0.02,23.0,73.5,----,----,3348.5056 S,15100.0073 E,10,1,T,S,V
2019-03-14 09:46:24,24.9,2304,0.05,23.1,73.6,----,----,3348.5081 S,15100.0078 E,10,1,T,S,V
2019-03-14 09:46:33,22.0,2257,0.06,23.1,73.6,----,----,3348.5126 S,15100.0088 E,10,1,T,S,V
2019-03-14 09:46:40,23.7,2282,0.00,23.1,73.6,----,----,3348.5182 S,15100.0081 E,10,1,T,S,V
2019-03-14 09:46:46,24.9,2303,0.07,23.1,73.6,----,----,3348.5218 S,15100.0070 E,10,1,T,S,V
2019-03-14 09:46:55,26.0,2328,0.03,23.1,73.6,----,----,3348.5267 S,15100.0049 E,10,1,T,S,V
2019-03-14 09:47:04,22.6,2266,0.03,23.1,73.6,----,----,3348.5286 S,15100.0011 E,10,1,T,S,V
2019-03-14 09:47:12,22.6,2266,0.00,23.1,73.6,----,----,3348.5341 S,15100.0035 E,10,1,T,S,V
2019-03-14 09:47:18,26.0,2325,0.00,23.1,73.6,----,----,3348.5374 S,15100.0013 E,10,1,T,S,V
2019-03-14 09:47:25,23.2,2274,0.08,23.1,73.6,----,----,3348.5388 S,15100.0020 E,10,1,T,S,V
2019-03-14 09:47:33,25.4,2312,0.03,23.1,73.6,----,----,3348.5406 S,15100.0025 E,10,1,T,S,V
2019-03-14 09:47:43,23.2,2277,0.02,23.1,73.6,----,----,3348.5424 S,15059.9967 E,10,1,T,S,V
2019-03-14 09:47:51,22.6,2262,0.00,23.1,73.6,----,----,3348.5423 S,15059.9976 E,10,1,T,S,V
2019-03-14 09:48:07,22.6,2260,0.00,23.1,73.7,----,----,3348.5379 S,15100.0006 E,10,1,T,S,V
2019-03-14 09:48:13,21.5,2244,0.02,23.1,73.7,----,----,3348.5386 S,15059.9986 E,10,1,T,S,V
2019-03-14 09:48:20,19.7,2213,0.00,23.1,73.7,----,----,3348.5430 S,15059.9985 E,10,1,T,S,V
2019-03-14 09:48:29,18.0,2184,0.00,23.1,73.6,----,----,3348.5483 S,15059.9992 E,10,1,T,S,V
2019-03-14 09:48:34,20.3,2225,0.11,23.1,73.6,----,----,3348.5526 S,15059.9996 E,10,1,T,S,V
2019-03-14 09:48:40,21.5,2248,0.06,23.1,73.6,----,----,3348.5570 S,15059.9946 E,10,1,T,S,V
2019-03-14 09:48:46,22.0,2254,0.10,23.1,73.6,----,----,3348.5596 S,15059.9926 E,10,1,T,S,V
2019-03-14 09:48:55,23.7,2286,0.03,23.1,73.6,----,----,3348.5547 S,15059.9909 E,10,1,T,S,V
2019-03-14 09:49:01,22.6,2261,0.02,23.1,73.6,----,----,3348.5494 S,15059.9923 E,10,1,T,S,V
2019-03-14 09:49:08,21.5,2246,0.05,23.1,73.6,----,----,3348.5430 S,15059.9953 E,10,1,T,S,V
2019-03-14 09:49:14,23.2,2271,0.00,23.1,73.6,----,----,3348.5371 S,15059.9976 E,10,1,T,S,V
2019-03-14 09:49:21,22.0,2250,0.00,23.1,73.6,----,----,3348.5323 S,15059.9985 E,10,1,T,S,V
2019-03-14 09:49:28,24.9,2301,0.00,23.0,73.5,----,----,3348.5243 S,15059.9988 E,10,1,T,S,V
2019-03-14 09:49:33,22.6,2264,0.04,23.0,73.5,----,----,3348.5208 S,15100.0000 E,10,1,T,S,V
2019-03-14 09:49:39,22.6,2260,0.00,23.0,73.5,----,----,3348.5180 S,15100.0016 E,10,1,T,S,V
2019-03-14 09:49:51,20.9,2230,0.00,23.1,73.6,----,----,3348.5190 S,15100.0026 E,10,1,T,S,V
2019-03-14 09:49:59,22.6,2263,0.03,23.1,73.6,----,----,3348.5178 S,15100.0047 E,10,1,T,S,V
2019-03-14 09:50:07,21.5,2240,0.08,23.0,73.5,----,----,3348.5177 S,15100.0035 E,10,1,T,S,V
2019-03-14 09:50:16,20.3,2220,0.07,23.0,73.5,----,----,3348.5145 S,15100.0086 E,10,1,T,S,V
2019-03-14 09:50:25,23.2,2278,0.07,23.0,73.5,----,----,3348.5115 S,15100.0068 E,10,1,T,S,V
2019-03-14 09:50:32,18.0,2180,0.05,23.0,73.5,----,----,3348.5059 S,15100.0082 E,10,1,T,S,V
2019-03-14 09:50:40,26.0,2326,0.04,23.0,73.4,----,----,3348.5009 S,15100.0122 E,10,1,T,S,V
2019-03-14 09:50:45,21.5,2247,0.03,23.0,73.5,----,----,3348.4970 S,15100.0136 E,10,1,T,S,V
2019-03-14 09:50:52,20.9,2232,0.04,23.0,73.4,----,----,3348.4955 S,15100.0124 E,10,1,T,S,V
2019-03-14 09:50:59,20.3,2225,0.00,23.0,73.4,----,----,3348.4942 S,15100.0152 E,10,1,T,S,V
2019-03-14 09:51:06,20.9,2232,0.05,23.0,73.4,----,----,3348.4917 S,15100.0178 E,10,1,T,S,V
2019-03-14 09:51:12,22.6,2264,0.04,23.0,73.4,----,----,3348.4895 S,15100.0165 E,10,1,T,S,V
2019-03-14 09:51:20,23.7,2287,0.03,23.0,73.4,----,----,3348.4859 S,15100.0126 E,10,1,T,S,V
2019-03-14 09:51:27,25.4,2312,0.00,23.0,73.4,----,----,3348.4824 S,15100.0161 E,10,1,T,S,V
2019-03-14 09:51:35,21.5,2244,0.04,23.0,73.4,----,----,3348.4838 S,15100.0193 E,10,1,T,S,V
2019-03-14 09:51:41,21.5,2241,0.02,23.0,73.4,----,----,3348.4830 S,15100.0158 E,10,1,T,S,V
2019-03-14 09:51:47,23.2,2271,0.03,23.0,73.4,----,----,3348.4805 S,15100.0108 E,10,1,T,S,V
2019-03-14 09:51:52,21.5,2241,0.03,23.0,73.4,----,----,3348.4768 S,15100.0112 E,10,1,T,S,V
2019-03-14 09:51:59,22.0,2250,0.00,23.0,73.4,----,----,3348.4746 S,15100.0132 E,10,1,T,S,V
2019-03-14 09:52:07,23.2,2274,0.07,23.0,73.4,----,----,3348.4744 S,15100.0041 E,9,1,T,S,V
2019-03-14 09:52:14,18.0,2182,0.00,22.9,73.3,----,----,3348.4817 S,15100.0051 E,9,1,T,S,V
2019-03-14 09:52:20,20.9,2237,0.00,22.9,73.3,----,----,3348.4905 S,15100.0075 E,9,1,T,S,V
2019-03-14 09:52:28,21.5,2246,0.00,22.9,73.3,----,----,3348.4961 S,15100.0100 E,9,1,T,S,V
2019-03-14 09:52:40,22.6,2264,0.00,22.9,73.3,----,----,3348.5025 S,15100.0086 E,10,1,T,S,V
2019-03-14 09:52:47,23.7,2287,0.00,22.9,73.3,----,----,3348.5047 S,15100.0075 E,10,1,T,S,V
2019-03-14 09:52:53,24.3,2298,0.09,22.9,73.2,----,----,3348.5070 S,15100.0063 E,10,1,T,S,V
2019-03-14 09:53:00,22.0,2257,0.06,22.9,73.2,----,----,3348.5088 S,15100.0045 E,10,1,T,S,V
2019-03-14 09:53:07,22.6,2268,0.00,22.9,73.2,----,----,3348.5125 S,15100.0041 E,10,1,T,S,V
2019-03-14 09:53:14,22.0,2254,0.00,22.9,73.2,----,----,3348.5150 S,15100.0013 E,10,1,T,S,V
2019-03-14 09:53:21,23.7,2280,0.00,22.9,73.2,----,----,3348.5143 S,15100.0021 E,10,1,T,S,V
2019-03-14 09:53:27,24.9,2304,0.04,22.9,73.3,----,----,3348.5149 S,15100.0054 E,10,1,T,S,V
2019-03-14 09:53:34,23.7,2280,0.10,22.9,73.3,----,----,3348.5195 S,15100.0043 E,10,1,T,S,V
2019-03-14 09:53:42,20.3,2221,0.03,22.9,73.3,----,----,3348.5243 S,15100.0006 E,10,1,T,S,V
2019-03-14 09:53:49,19.2,2203,0.04,22.9,73.3,----,----,3348.5275 S,15059.9978 E,10,1,T,S,V
2019-03-14 09:53:56,24.3,2293,0.04,22.9,73.2,----,----,3348.5373 S,15059.9942 E,10,1,T,S,V
2019-03-14 09:54:03,22.0,2252,0.06,22.9,73.3,----,----,3348.5338 S,15059.9938 E,10,1,T,S,V
2019-03-14 09:54:09,23.7,2287,0.00,22.9,73.2,----,----,3348.5378 S,15059.9942 E,10,1,T,S,V
2019-03-14 09:54:17,22.6,2268,0.00,22.9,73.2,----,----,3348.5458 S,15059.9926 E,10,1,T,S,V
2019-03-14 09:54:23,23.2,2274,0.00,22.9,73.2,----,----,3348.5421 S,15059.9923 E,10,1,T,S,V
2019-03-14 09:54:32,20.3,2222,0.00,22.9,73.2,----,----,3348.5464 S,15059.9927 E,10,1,T,S,V
2019-03-14 09:54:38,21.5,2245,0.00,22.9,73.2,----,----,3348.5486 S,15059.9928 E,10,1,T,S,V
2019-03-14 09:54:43,20.3,2225,0.07,22.9,73.2,----,----,3348.5507 S,15059.9938 E,10,1,T,S,V
2019-03-14 09:54:49,22.0,2256,0.00,22.9,73.2,----,----,3348.5540 S,15059.9930 E,10,1,T,S,V
2019-03-14 09:54:56,20.3,2226,0.11,22.9,73.2,----,----,3348.5537 S,15059.9914 E,10,1,T,S,V
2019-03-14 09:55:02,27.2,2341,0.09,22.9,73.2,----,----,3348.5549 S,15059.9913 E,10,1,T,S,V
2019-03-14 09:55:08,20.3,2224,0.00,22.9,73.3,----,----,3348.5551 S,15059.9918 E,10,1,T,S,V
2019-03-14 09:55:16,20.9,2233,0.00,22.9,73.2,----,----,3348.5564 S,15059.9914 E,10,1,T,S,V
2019-03-14 09:55:24,25.4,2314,0.00,22.9,73.2,----,----,3348.5538 S,15059.9879 E,10,1,T,S,V
2019-03-14 09:55:30,20.3,2224,0.09,22.9,73.2,----,----,3348.5492 S,15059.9878 E,10,1,T,S,V
2019-03-14 09:55:37,22.0,2253,0.06,22.8,73.2,----,----,3348.5397 S,15059.9873 E,10,1,T,S,V
2019-03-14 09:55:44,22.0,2257,0.00,22.8,73.2,----,----,3348.5345 S,15059.9873 E,10,1,T,S,V
2019-03-14 09:55:50,21.5,2245,0.00,22.8,73.2,----,----,3348.5269 S,15059.9863 E,10,1,T,S,V
2019-03-14 09:55:57,24.3,2298,0.03,22.8,73.2,----,----,3348.5218 S,15059.9874 E,10,1,T,S,V
2019-03-14 09:56:04,22.0,2255,0.00,22.8,73.2,----,----,3348.5180 S,15059.9874 E,10,1,T,S,V
2019-03-14 09:56:10,23.2,2270,0.00,22.8,73.1,----,----,3348.5145 S,15059.9861 E,10,1,T,S,V
2019-03-14 09:56:16,21.5,2241,0.00,22.8,73.2,----,----,3348.5103 S,15059.9861 E,10,1,T,S,V
2019-03-14 09:56:25,22.0,2252,0.00,22.8,73.2,----,----,3348.5135 S,15059.9918 E,10,1,T,S,V
2019-03-14 09:56:31,20.3,2224,0.00,22.8,73.1,----,----,3348.5116 S,15059.9912 E,10,1,T,S,V
2019-03-14 09:56:38,23.7,2284,0.05,22.8,73.1,----,----,3348.5079 S,15059.9919 E,10,1,T,S,V
2019-03-14 09:56:44,23.2,2277,0.09,22.8,73.1,----,----,3348.5055 S,15059.9936 E,10,1,T,S,V
2019-03-14 09:56:51,23.7,2289,0.06,22.8,73.1,----,----,3348.5041 S,15059.9943 E,10,1,T,S,V
2019-03-14 09:56:57,22.0,2250,0.00,22.8,73.1,----,----,3348.5011 S,15059.9957 E,10,1,T,S,V
2019-03-14 09:57:29,20.3,2224,0.00,22.8,73.0,----,----,3348.4989 S,15059.9990 E,10,1,T,S,V
2019-03-14 09:57:36,19.2,2200,0.00,22.8,73.0,----,----,3348.4969 S,15059.9974 E,10,1,T,S,V
2019-03-14 09:57:43,22.0,2254,0.00,22.8,73.0,----,----,3348.4946 S,15059.9969 E,10,1,T,S,V
2019-03-14 09:57:48,22.6,2264,0.00,22.8,73.0,----,----,3348.4930 S,15059.9982 E,10,1,T,S,V
2019-03-14 09:57:54,23.2,2279,0.09,22.8,73.0,----,----,3348.4902 S,15059.9998 E,10,1,T,S,V
2019-03-14 09:58:00,23.2,2276,0.09,22.8,73.0,----,----,3348.4887 S,15100.0000 E,10,1,T,S,V
2019-03-14 09:58:07,26.0,2325,0.07,22.8,73.0,----,----,3348.4873 S,15100.0002 E,10,1,T,S,V
2019-03-14 09:58:13,23.2,2274,0.04,22.8,73.1,----,----,3348.4854 S,15100.0013 E,10,1,T,S,V
2019-03-14 09:58:20,26.6,2337,0.07,22.8,73.0,----,----,3348.4842 S,15100.0038 E,10,1,T,S,V
2019-03-14 09:58:26,22.6,2262,0.02,22.8,73.0,----,----,3348.4826 S,15100.0038 E,10,1,T,S,V
2019-03-14 09:58:34,21.5,2247,0.00,22.8,73.0,----,----,3348.4790 S,15100.0045 E,10,1,T,S,V
2019-03-14 09:58:40,22.0,2258,0.00,22.8,73.0,----,----,3348.4765 S,15100.0071 E,10,1,T,S,V
2019-03-14 09:58:46,19.7,2214,0.00,22.8,73.0,----,----,3348.4751 S,15100.0065 E,10,1,T,S,V
2019-03-14 09:58:52,20.9,2237,0.08,22.8,73.0,----,----,3348.4734 S,15100.0056 E,10,1,T,S,V
2019-03-14 09:58:59,20.3,2229,0.00,22.8,73.0,----,----,3348.4726 S,15100.0058 E,10,1,T,S,V
2019-03-14 09:59:08,23.2,2271,0.08,22.8,73.0,----,----,3348.4737 S,15059.9958 E,10,1,T,S,V
2019-03-14 09:59:14,22.6,2263,0.05,22.8,73.0,----,----,3348.4787 S,15059.9964 E,10,1,T,S,V
2019-03-14 10:00:00,23.7,2288,0.00,22.7,73.0,----,----,3348.4840 S,15059.9940 E,10,1,T,S,V
2019-03-14 10:00:07,21.5,2244,0.06,22.7,73.0,----,----,3348.4906 S,15059.9936 E,10,1,T,S,V
2019-03-14 10:00:12,23.2,2278,0.00,22.7,73.0,----,----,3348.4967 S,15059.9938 E,10,1,T,S,V
2019-03-14 10:00:18,23.2,2279,0.05,22.7,73.0,----,----,3348.5029 S,15059.9936 E,10,1,T,S,V
2019-03-14 10:00:25,21.5,2249,0.03,22.7,73.0,----,----,3348.5026 S,15059.9936 E,10,1,T,S,V
2019-03-14 10:00:36,22.0,2255,0.04,22.7,73.0,----,----,3348.5071 S,15059.9937 E,10,1,T,S,V
2019-03-14 10:00:43,21.5,2245,0.00,22.8,73.0,----,----,3348.5118 S,15059.9930 E,10,1,T,S,V
2019-03-14 10:00:51,21.5,2248,0.07,22.8,73.0,----,----,3348.5120 S,15059.9922 E,10,1,T,S,V
2019-03-14 10:01:08,22.6,2262,0.05,22.8,73.0,----,----,3348.5161 S,15059.9991 E,10,1,T,S,V
2019-03-14 10:01:14,24.9,2303,0.03,22.8,73.0,----,----,3348.5183 S,15059.9953 E,10,1,T,S,V
2019-03-14 10:01:22,22.6,2262,0.05,22.8,73.0,----,----,3348.5201 S,15059.9915 E,10,1,T,S,V
2019-03-14 10:01:33,21.5,2246,0.06,22.8,73.1,----,----,3348.5290 S,15059.9864 E,9,1,T,S,V
2019-03-14 10:01:48,22.6,2260,0.00,22.8,73.1,----,----,3348.5297 S,15059.9865 E,9,1,T,S,V
2019-03-14 10:01:55,22.0,2258,0.00,22.8,73.1,----,----,3348.5306 S,15059.9873 E,10,1,T,S,V
2019-03-14 10:02:05,21.5,2247,0.04,22.8,73.1,----,----,3348.5357 S,15059.9870 E,10,1,T,S,V
2019-03-14 10:02:12,22.6,2262,0.13,22.8,73.1,----,----,3348.5404 S,15059.9857 E,10,1,T,S,V
2019-03-14 10:02:22,22.0,2258,0.04,22.9,73.2,----,----,3348.5476 S,15059.9831 E,10,1,T,S,V
2019-03-14 10:02:30,19.7,2213,0.03,22.8,73.2,----,----,3348.5529 S,15059.9830 E,10,1,T,S,V
2019-03-14 10:02:38,22.0,2254,0.03,22.9,73.2,----,----,3348.5496 S,15059.9822 E,9,1,T,S,V
2019-03-14 10:02:44,22.6,2262,0.00,22.9,73.2,----,----,3348.5523 S,15059.9826 E,10,1,T,S,V
2019-03-14 10:02:52,20.9,2235,0.00,22.9,73.2,----,----,3348.5540 S,15059.9820 E,10,1,T,S,V
2019-03-14 10:02:59,23.7,2280,0.00,22.9,73.2,----,----,3348.5549 S,15059.9815 E,10,1,T,S,V
2019-03-14 10:03:07,22.0,2255,0.03,22.9,73.2,----,----,3348.5579 S,15059.9824 E,10,1,T,S,V
2019-03-14 10:03:12,22.6,2263,0.00,22.9,73.2,----,----,3348.5591 S,15059.9808 E,10,1,T,S,V
2019-03-14 10:03:18,24.9,2309,0.03,22.9,73.2,----,----,3348.5617 S,15059.9804 E,10,1,T,S,V
2019-03-14 10:03:33,18.6,2198,0.07,22.9,73.2,----,----,3348.5483 S,15059.9774 E,10,1,T,S,V
2019-03-14 10:03:42,20.9,2238,0.00,22.8,73.2,----,----,3348.5406 S,15059.9779 E,10,1,T,S,V
2019-03-14 10:03:49,23.7,2287,0.07,22.8,73.2,----,----,3348.5365 S,15059.9823 E,10,1,T,S,V
2019-03-14 10:04:01,21.5,2247,0.00,22.9,73.2,----,----,3348.5306 S,15059.9839 E,10,1,T,S,V
2019-03-14 10:04:07,20.9,2230,0.10,22.9,73.2,----,----,3348.5271 S,15059.9864 E,10,1,T,S,V
2019-03-14 10:04:13,19.2,2208,0.03,22.9,73.2,----,----,3348.5236 S,15059.9888 E,10,1,T,S,V
2019-03-14 10:04:21,20.3,2224,0.03,22.9,73.2,----,----,3348.5187 S,15059.9862 E,10,1,T,S,V
2019-03-14 10:04:28,20.3,2226,0.00,22.9,73.2,----,----,3348.5161 S,15059.9853 E,10,1,T,S,V
2019-03-14 10:04:35,21.5,2249,0.00,22.9,73.2,----,----,3348.5161 S,15059.9871 E,10,1,T,S,V
2019-03-14 10:04:44,22.0,2254,0.00,22.9,73.2,----,----,3348.5133 S,15059.9929 E,10,1,T,S,V
2019-03-14 10:04:50,20.9,2237,0.05,22.9,73.3,----,----,3348.5119 S,15059.9965 E,10,1,T,S,V
2019-03-14 10:05:02,26.0,2320,0.00,22.9,73.3,----,----,3348.5072 S,15100.0002 E,10,1,T,S,V
2019-03-14 10:05:09,20.9,2232,0.02,22.9,73.3,----,----,3348.5058 S,15059.9990 E,10,1,T,S,V
2019-03-14 10:05:15,19.7,2214,0.00,22.9,73.3,----,----,3348.5026 S,15100.0018 E,10,1,T,S,V
2019-03-14 10:05:21,22.0,2258,0.00,22.9,73.3,----,----,3348.4987 S,15059.9997 E,9,1,T,S,V
2019-03-14 10:05:27,19.2,2206,0.00,22.9,73.3,----,----,3348.4971 S,15059.9999 E,9,1,T,S,V
2019-03-14 10:05:33,20.3,2220,0.00,22.9,73.3,----,----,3348.4950 S,15059.9996 E,9,1,T,S,V
2019-03-14 10:05:39,22.0,2252,0.09,22.9,73.3,----,----,3348.4895 S,15059.9988 E,10,1,T,S,V
2019-03-14 10:05:45,22.6,2261,0.06,22.9,73.3,----,----,3348.4873 S,15059.9960 E,10,1,T,S,V
2019-03-14 10:05:50,16.9,2167,0.00,22.9,73.3,----,----,3348.4837 S,15100.0016 E,10,1,T,S,V
2019-03-14 10:05:56,18.6,2190,0.00,22.9,73.3,----,----,3348.4780 S,15100.0043 E,10,1,T,S,V
2019-03-14 10:06:03,24.9,2301,0.04,22.9,73.3,----,----,3348.4751 S,15100.0111 E,9,1,T,S,V
2019-03-14 10:06:09,21.5,2246,0.00,22.9,73.3,----,----,3348.4719 S,15100.0163 E,10,1,T,S,V
2019-03-14 10:06:16,22.6,2269,0.07,22.9,73.3,----,----,3348.4711 S,15100.0134 E,10,1,T,S,V
2019-03-14 10:06:22,23.7,2282,0.07,22.9,73.3,----,----,3348.4714 S,15100.0144 E,9,1,T,S,V
2019-03-14 10:06:28,21.5,2246,0.03,22.9,73.3,----,----,3348.4725 S,15100.0175 E,10,1,T,S,V
2019-03-14 10:06:34,22.6,2268,0.00,23.0,73.4,----,----,3348.4745 S,15100.0159 E,10,1,T,S,V
2019-03-14 10:06:40,24.3,2298,0.00,22.9,73.3,----,----,3348.4730 S,15100.0103 E,10,1,T,S,V
2019-03-14 10:06:47,19.7,2214,0.00,22.9,73.3,----,----,3348.4706 S,15100.0029 E,10,1,T,S,V
2019-03-14 10:06:55,23.7,2285,0.04,22.9,73.3,----,----,3348.4712 S,15059.9967 E,10,1,T,S,V
2019-03-14 10:07:01,23.2,2271,0.00,22.9,73.3,----,----,3348.4862 S,15059.9999 E,10,1,T,S,V
2019-03-14 10:07:07,24.3,2299,0.00,22.9,73.3,----,----,3348.4890 S,15059.9978 E,10,1,T,S,V
2019-03-14 10:07:13,21.5,2249,0.00,22.9,73.3,----,----,3348.4921 S,15059.9969 E,10,1,T,S,V
2019-03-14 10:07:21,21.5,2249,0.07,22.9,73.3,----,----,3348.4980 S,15059.9956 E,10,1,T,S,V
2019-03-14 10:07:28,22.0,2256,0.11,22.9,73.3,----,----,3348.5044 S,15059.9944 E,10,1,T,S,V
2019-03-14 10:07:34,27.2,2340,0.03,22.9,73.3,----,----,3348.5056 S,15059.9947 E,10,1,T,S,V
2019-03-14 10:07:41,23.2,2278,0.04,22.9,73.3,----,----,3348.5104 S,15059.9958 E,10,1,T,S,V
2019-03-14 10:07:47,20.3,2222,0.00,22.9,73.3,----,----,3348.5127 S,15059.9926 E,10,1,T,S,V
2019-03-14 10:07:53,21.5,2241,0.00,22.9,73.3,----,----,3348.5129 S,15059.9947 E,10,1,T,S,V
2019-03-14 10:08:01,24.3,2299,0.02,22.9,73.3,----,----,3348.5141 S,15059.9942 E,10,1,T,S,V
2019-03-14 10:08:09,19.7,2216,0.03,22.9,73.3,----,----,3348.5141 S,15059.9942 E,10,1,T,S,V
2019-03-14 10:08:15,20.3,2222,0.00,22.9,73.3,----,----,3348.5146 S,15059.9946 E,10,1,T,S,V
2019-03-14 10:08:21,19.2,2207,0.03,22.9,73.3,----,----,3348.5197 S,15059.9919 E,10,1,T,S,V
2019-03-14 10:08:26,19.2,2205,0.00,22.9,73.3,----,----,3348.5226 S,15059.9904 E,10,1,T,S,V
2019-03-14 10:08:33,18.6,2196,0.00,22.9,73.3,----,----,3348.5285 S,15059.9881 E,10,1,T,S,V
2019-03-14 10:08:39,20.3,2224,0.00,22.9,73.3,----,----,3348.5322 S,15059.9870 E,10,1,T,S,V
2019-03-14 10:08:47,23.2,2272,0.00,22.9,73.3,----,----,3348.5365 S,15059.9856 E,10,1,T,S,V
2019-03-14 10:08:55,19.7,2211,0.00,22.9,73.3,----,----,3348.5325 S,15059.9829 E,10,1,T,S,V
2019-03-14 10:09:02,20.3,2228,0.00,22.9,73.3,----,----,3348.5314 S,15059.9830 E,10,1,T,S,V
2019-03-14 10:09:10,19.2,2205,0.00,23.0,73.4,----,----,3348.5365 S,15059.9787 E,10,1,T,S,V
2019-03-14 10:09:17,21.5,2249,0.00,23.0,73.4,----,----,3348.5410 S,15059.9763 E,10,1,T,S,V
2019-03-14 10:09:24,20.3,2220,0.00,23.0,73.4,----,----,3348.5461 S,15059.9757 E,9,1,T,S,V
2019-03-14 10:09:31,23.2,2271,0.10,23.0,73.4,----,----,3348.5512 S,15059.9742 E,9,1,T,S,V
2019-03-14 10:09:38,23.7,2282,0.02,23.0,73.4,----,----,3348.5474 S,15059.9768 E,9,1,T,S,V
2019-03-14 10:09:45,23.7,2285,0.00,23.0,73.4,----,----,3348.5464 S,15059.9773 E,9,1,T,S,V
2019-03-14 10:09:52,20.9,2238,0.00,23.0,73.4,----,----,3348.5508 S,15059.9785 E,9,1,T,S,V
2019-03-14 10:09:58,19.2,2203,0.00,23.0,73.4,----,----,3348.5527 S,15059.9752 E,9,1,T,S,V
2019-03-14 10:10:03,21.5,2247,0.00,23.0,73.4,----,----,3348.5538 S,15059.9754 E,9,1,T,S,V
2019-03-14 10:10:10,21.5,2241,0.05,23.0,73.4,----,----,3348.5526 S,15059.9749 E,9,1,T,S,V
2019-03-14 10:10:17,22.6,2269,0.03,23.0,73.4,----,----,3348.5467 S,15059.9783 E,9,1,T,S,V
2019-03-14 10:10:25,21.5,2241,0.07,23.0,73.4,----,----,3348.5417 S,15059.9874 E,9,1,T,S,V
2019-03-14 10:10:31,20.9,2236,0.02,23.0,73.4,----,----,3348.5350 S,15059.9919 E,9,1,T,S,V
2019-03-14 10:10:38,19.7,2218,0.00,23.0,73.4,----,----,3348.5350 S,15059.9890 E,9,1,T,S,V
2019-03-14 10:10:44,20.9,2238,0.00,23.0,73.4,----,----,3348.5316 S,15059.9864 E,9,1,T,S,V
2019-03-14 10:10:50,24.3,2297,0.03,23.0,73.5,----,----,3348.5264 S,15059.9841 E,8,1,T,S,V
2019-03-14 10:10:56,22.6,2263,0.06,23.0,73.5,----,----,3348.5243 S,15059.9811 E,8,1,T,S,V
2019-03-14 10:11:02,21.5,2240,0.00,23.0,73.5,----,----,3348.5226 S,15059.9814 E,8,1,T,S,V
2019-03-14 10:11:09,23.2,2270,0.04,23.0,73.5,----,----,3348.5194 S,15059.9837 E,9,1,T,S,V
2019-03-14 10:11:15,22.0,2257,0.13,23.0,73.5,----,----,3348.5153 S,15059.9843 E,9,1,T,S,V
2019-03-14 10:11:21,20.3,2223,0.06,23.0,73.5,----,----,3348.5120 S,15059.9795 E,9,1,T,S,V
2019-03-14 10:11:27,23.2,2271,0.00,23.1,73.6,----,----,3348.5107 S,15059.9762 E,9,1,T,S,V
2019-03-14 10:11:33,21.5,2245,0.06,23.1,73.6,----,----,3348.5070 S,15059.9775 E,9,1,T,S,V
2019-03-14 10:11:39,23.2,2271,0.00,23.1,73.6,----,----,3348.5054 S,15059.9793 E,9,1,T,S,V
2019-03-14 10:11:45,21.5,2246,0.00,23.1,73.6,----,----,3348.5030 S,15059.9817 E,9,1,T,S,V
2019-03-14 10:11:52,18.0,2188,0.03,23.1,73.6,----,----,3348.5030 S,15059.9865 E,9,1,T,S,V
2019-03-14 10:11:58,21.5,2245,0.00,23.1,73.6,----,----,3348.5029 S,15059.9899 E,9,1,T,S,V
2019-03-14 10:12:05,20.9,2231,0.02,23.1,73.6,----,----,3348.5006 S,15059.9933 E,9,1,T,S,V
2019-03-14 10:12:10,21.5,2245,0.00,23.1,73.6,----,----,3348.4971 S,15059.9932 E,9,1,T,S,V
2019-03-14 10:12:16,19.2,2205,0.06,23.1,73.6,----,----,3348.4922 S,15059.9923 E,9,1,T,S,V
2019-03-14 10:12:22,22.0,2253,0.02,23.1,73.6,----,----,3348.4864 S,15059.9922 E,9,1,T,S,V
2019-03-14 10:12:30,22.6,2264,0.15,23.1,73.6,----,----,3348.4810 S,15059.9909 E,9,1,T,S,V
2019-03-14 10:12:36,24.3,2293,0.05,23.1,73.6,----,----,3348.4808 S,15059.9886 E,9,1,T,S,V
2019-03-14 10:12:43,22.0,2250,0.08,23.1,73.6,----,----,3348.4808 S,15059.9885 E,9,1,T,S,V
2019-03-14 10:12:49,23.2,2277,0.10,23.1,73.6,----,----,3348.4787 S,15059.9895 E,9,1,T,S,V
2019-03-14 10:12:55,18.6,2199,0.06,23.1,73.6,----,----,3348.4758 S,15059.9880 E,9,1,T,S,V
2019-03-14 10:13:01,21.5,2241,0.00,23.1,73.6,----,----,3348.4743 S,15059.9869 E,9,1,T,S,V
2019-03-14 10:13:07,22.0,2250,0.06,23.1,73.6,----,----,3348.4723 S,15059.9855 E,9,1,T,S,V
2019-03-14 10:13:12,20.9,2231,0.00,23.1,73.6,----,----,3348.4703 S,15059.9879 E,9,1,T,S,V
2019-03-14 10:13:20,19.7,2214,0.00,23.1,73.6,----,----,3348.4694 S,15059.9886 E,9,1,T,S,V
2019-03-23 15:18:15,24.3,2299,0.00,29.5,85.1,----,----,0000.0000 N,00000.0000 W,0,0,T,S,V
2019-03-23 15:18:19,25.4,2313,0.00,29.5,85.1,----,----,0000.0000 N,00000.0000 W,0,0,T,S,V
2019-03-23 15:18:21,23.2,2273,0.09,29.5,85.2,----,----,0000.0000 N,00000.0000 W,0,0,T,S,V
2019-03-23 15:18:24,26.0,2327,0.08,29.5,85.2,----,----,0000.0000 N,00000.0000 W,0,0,T,S,V
2019-03-23 15:18:27,21.5,2244,0.00,29.6,85.2,----,----,0000.0000 N,00000.0000 W,0,0,T,S,V
2019-03-23 15:18:42,20.9,2235,0.07,29.6,85.3,----,----,0000.0000 N,00000.0000 W,0,0,T,S,V
2019-03-23 15:18:45,23.7,2282,0.04,29.6,85.3,----,----,0000.0000 N,00000.0000 W,0,0,T,S,V
2019-03-23 15:18:48,24.9,2306,0.00,29.6,85.4,----,----,0000.0000 N,00000.0000 W,0,0,T,S,V
2019-03-23 15:18:51,24.9,2303,0.03,29.6,85.4,----,----,0000.0000 N,00000.0000 W,0,0,T,S,V
2019-03-23 15:18:54,26.0,2329,0.07,29.6,85.4,----,----,0000.0000 N,00000.0000 W,0,0,T,S,V
2019-03-23 15:18:59,23.7,2288,0.00,29.7,85.4,----,----,0000.0000 N,00000.0000 W,0,0,T,S,V
2019-03-23 15:19:05,22.6,2262,0.00,29.7,85.5,----,----,0000.0000 N,00000.0000 W,0,0,T,S,V
2019-03-23 15:20:26,31.1,2419,0.04,29.8,85.7,----,----,0000.0000 N,00000.0000 W,0,0,T,S,V
2019-03-23 15:20:30,26.6,2331,0.02,29.8,85.7,----,----,0000.0000 N,00000.0000 W,0,0,T,S,V
2019-03-23 15:20:32,27.7,2357,0.02,29.8,85.7,----,----,0000.0000 N,00000.0000 W,0,0,T,S,V
2019-03-23 15:20:35,25.4,2314,0.00,29.8,85.7,----,----,0000.0000 N,00000.0000 W,0,0,T,S,V
2019-03-23 15:20:37,26.6,2330,0.00,29.8,85.7,----,----,0000.0000 N,00000.0000 W,0,0,T,S,V
2019-03-23 15:20:40,26.6,2338,0.00,29.8,85.7,----,----,0000.0000 N,00000.0000 W,0,0,T,S,V
2019-03-23 15:20:43,28.9,2374,0.00,29.8,85.7,----,----,0000.0000 N,00000.0000 W,0,0,T,S,V
2019-03-23 15:20:45,26.0,2328,0.03,29.8,85.7,----,----,0000.0000 N,00000.0000 W,0,0,T,S,V
2019-03-23 15:20:48,30.0,2393,0.07,29.8,85.7,----,----,0000.0000 N,00000.0000 W,0,0,T,S,V
2019-03-23 15:20:50,28.9,2374,0.00,29.8,85.7,----,----,0000.0000 N,00000.0000 W,0,0,T,S,V
2019-03-23 15:20:53,27.7,2357,0.05,29.8,85.7,----,----,0000.0000 N,00000.0000 W,0,0,T,S,V
2019-03-23 15:20:56,29.4,2387,0.02,29.8,85.7,----,----,0000.0000 N,00000.0000 W,0,0,T,S,V
2019-03-23 15:20:58,27.7,2353,0.00,29.8,85.7,----,----,0000.0000 N,00000.0000 W,0,0,T,S,V
2019-03-23 15:23:14,25.4,2310,0.00,29.9,85.9,----,----,0000.0000 N,00000.0000 W,0,0,T,S,V
2019-03-23 15:23:18,25.4,2313,0.04,29.9,85.9,----,----,0000.0000 N,00000.0000 W,0,0,T,S,V
2019-03-23 15:23:24,27.2,2340,0.00,29.9,85.9,----,----,0000.0000 N,00000.0000 W,0,0,T,S,V
2019-03-23 15:25:58,25.4,2319,0.00,30.1,86.3,----,----,3355.9612 S,15113.3855 E,8,1,T,S,V
2019-03-23 15:26:01,31.7,2427,0.07,30.1,86.3,----,----,3355.9600 S,15113.3834 E,9,1,T,S,V
2019-03-23 15:26:04,26.0,2323,0.02,30.1,86.3,----,----,3355.9580 S,15113.3840 E,9,1,T,S,V
2019-03-23 15:26:07,24.9,2301,0.00,30.2,86.3,----,----,3355.9557 S,15113.3851 E,9,1,T,S,V
2019-03-23 15:26:09,25.4,2312,0.00,30.2,86.3,----,----,3355.9531 S,15113.3850 E,9,1,T,S,V
2019-03-23 15:26:12,27.7,2355,0.00,30.2,86.3,----,----,3355.9511 S,15113.3851 E,9,1,T,S,V
2019-03-23 15:26:15,24.3,2294,0.00,30.2,86.4,----,----,3355.9485 S,15113.3861 E,9,1,T,S,V
2019-03-23 15:26:20,14.8,2126,0.00,30.2,86.4,----,----,3355.9483 S,15113.3911 E,9,1,T,S,V
2019-03-23 15:26:24,23.2,2278,0.00,30.3,86.5,----,----,3355.9509 S,15113.3929 E,9,1,T,S,V
2019-03-23 15:26:27,24.9,2309,0.04,30.3,86.5,----,----,3355.9532 S,15113.3940 E,9,1,T,S,V
2019-03-23 15:28:26,31.7,2426,0.00,30.7,87.2,----,----,0000.0000 N,00000.0000 W,0,0,T,S,V
2019-03-23 15:28:31,38.0,2531,0.00,30.7,87.3,----,----,0000.0000 N,00000.0000 W,0,0,T,S,V
2019-03-23 15:28:34,34.6,2478,0.00,30.7,87.3,----,----,0000.0000 N,00000.0000 W,0,0,T,S,V
2019-03-23 15:28:42,28.9,2377,0.02,30.7,87.3,----,----,0000.0000 N,00000.0000 W,0,0,T,S,V
2019-03-23 15:28:45,30.0,2397,0.00,30.7,87.3,----,----,0000.0000 N,00000.0000 W,0,0,T,S,V
2019-03-23 15:28:49,32.9,2446,0.00,30.7,87.3,----,----,0000.0000 N,00000.0000 W,0,0,T,S,V
2019-03-23 15:28:53,32.9,2447,0.00,30.7,87.4,----,----,0000.0000 N,00000.0000 W,0,0,T,S,V
2019-03-23 15:28:57,32.9,2440,0.00,30.7,87.3,----,----,0000.0000 N,00000.0000 W,0,0,T,S,V
2019-03-23 15:29:02,36.3,2505,0.00,30.7,87.4,----,----,0000.0000 N,00000.0000 W,0,0,T,S,V
2019-03-23 15:29:06,27.2,2349,0.00,30.7,87.4,----,----,0000.0000 N,00000.0000 W,0,0,T,S,V
2019-03-23 15:29:12,35.1,2482,0.00,30.7,87.4,----,----,0000.0000 N,00000.0000 W,0,0,T,S,V
2019-03-24 05:17:28,37.4,2521,0.12,21.5,70.8,----,----,0000.0000 N,00000.0000 W,0,0,T,S,V
2019-03-24 05:17:32,28.3,2365,0.00,21.5,70.8,----,----,0000.0000 N,00000.0000 W,0,0,T,S,V
2019-03-24 05:17:35,24.9,2309,0.03,21.5,70.8,----,----,0000.0000 N,00000.0000 W,0,0,T,S,V
2019-03-24 05:17:39,22.6,2268,0.03,21.5,70.7,----,----,0000.0000 N,00000.0000 W,0,0,T,S,V
2019-03-24 05:17:42,31.7,2427,0.07,21.5,70.7,----,----,0000.0000 N,00000.0000 W,0,0,T,S,V
2019-03-24 05:17:45,31.7,2422,0.02,21.5,70.7,----,----,0000.0000 N,00000.0000 W,0,0,T,S,V
2019-03-24 05:17:48,31.7,2428,0.06,21.5,70.7,----,----,0000.0000 N,00000.0000 W,0,0,T,S,V
2019-03-24 05:17:50,27.7,2358,0.02,21.5,70.7,----,----,0000.0000 N,00000.0000 W,0,0,T,S,V
2019-03-24 05:17:53,29.4,2383,0.02,21.4,70.6,----,----,0000.0000 N,00000.0000 W,0,0,T,S,V
2019-03-24 05:17:56,20.9,2233,0.00,21.4,70.6,----,----,0000.0000 N,00000.0000 W,0,0,T,S,V
2019-03-24 05:17:59,24.9,2309,0.04,21.4,70.6,----,----,0000.0000 N,00000.0000 W,0,0,T,S,V
2019-03-24 05:18:02,26.0,2326,0.00,21.4,70.5,----,----,0000.0000 N,00000.0000 W,0,0,T,S,V
2019-03-24 05:18:04,27.2,2341,0.03,21.4,70.5,----,----,0000.0000 N,00000.0000 W,0,0,T,S,V
2019-03-24 05:18:07,27.7,2359,0.00,21.4,70.5,----,----,0000.0000 N,00000.0000 W,0,0,T,S,V
2019-03-24 05:18:09,30.0,2394,0.07,21.4,70.5,----,----,0000.0000 N,00000.0000 W,0,0,T,S,V
2019-03-24 05:18:13,30.0,2395,0.09,21.3,70.5,----,----,0000.0000 N,00000.0000 W,0,0,T,S,V
2019-03-24 05:18:20,31.7,2422,0.00,21.3,70.4,----,----,0000.0000 N,00000.0000 W,0,0,T,S,V
2019-03-24 05:18:23,30.0,2390,0.03,21.3,70.4,----,----,0000.0000 N,00000.0000 W,0,0,T,S,V
2019-03-24 05:18:25,30.0,2390,0.05,21.3,70.4,----,----,0000.0000 N,00000.0000 W,0,0,T,S,V
2019-03-24 05:18:28,27.2,2346,0.07,21.3,70.4,----,----,0000.0000 N,00000.0000 W,0,0,T,S,V
2019-03-24 05:46:05,20.3,2220,0.00,20.9,69.7,----,----,0000.0000 N,00000.0000 W,0,0,T,S,V
2019-03-24 05:46:08,20.3,2221,0.00,20.9,69.7,----,----,0000.0000 N,00000.0000 W,0,0,T,S,V
2019-03-24 05:46:11,19.7,2213,0.00,20.9,69.7,----,----,0000.0000 N,00000.0000 W,0,0,T,S,V
2019-03-24 05:46:14,18.0,2181,0.00,20.9,69.7,----,----,0000.0000 N,00000.0000 W,0,0,T,S,V
2019-03-24 05:46:17,17.5,2175,0.00,20.9,69.7,----,----,0000.0000 N,00000.0000 W,0,0,T,S,V
2019-03-24 05:46:20,22.0,2252,0.00,20.9,69.7,----,----,0000.0000 N,00000.0000 W,0,0,T,S,V
2019-03-24 05:46:22,18.0,2183,0.07,20.9,69.7,----,----,0000.0000 N,00000.0000 W,0,0,T,S,V
2019-03-24 05:46:25,17.5,2174,0.00,20.9,69.7,----,----,0000.0000 N,00000.0000 W,0,0,T,S,V
2019-03-24 05:46:28,17.5,2177,0.00,20.9,69.7,----,----,0000.0000 N,00000.0000 W,0,0,T,S,V
2019-03-24 05:46:31,18.6,2191,0.00,20.9,69.7,----,----,0000.0000 N,00000.0000 W,0,0,T,S,V
2019-03-24 05:46:34,19.7,2217,0.00,20.9,69.7,----,----,0000.0000 N,00000.0000 W,0,0,T,S,V
2019-03-24 05:46:37,18.0,2180,0.00,20.9,69.7,----,----,0000.0000 N,00000.0000 W,0,0,T,S,V
2019-03-24 05:46:40,14.8,2127,0.00,20.9,69.7,----,----,0000.0000 N,00000.0000 W,0,0,T,S,V
2019-03-24 05:46:42,16.3,2155,0.00,20.9,69.6,----,----,0000.0000 N,00000.0000 W,0,0,T,S,V
2019-03-24 05:46:45,19.2,2207,0.00,20.9,69.6,----,----,0000.0000 N,00000.0000 W,0,0,T,S,V
2019-03-24 05:46:48,16.9,2160,0.00,20.9,69.6,----,----,0000.0000 N,00000.0000 W,0,0,T,S,V
2019-03-24 05:46:51,15.8,2145,0.00,20.9,69.6,----,----,0000.0000 N,00000.0000 W,0,0,T,S,V
2019-03-24 05:46:53,18.0,2189,0.00,20.9,69.6,----,----,0000.0000 N,00000.0000 W,0,0,T,S,V
2019-03-24 05:46:56,14.8,2128,0.00,20.9,69.6,----,----,0000.0000 N,00000.0000 W,0,0,T,S,V
2019-03-24 05:46:58,18.0,2184,0.00,20.9,69.6,----,----,0000.0000 N,00000.0000 W,0,0,T,S,V
2019-03-24 05:47:01,17.5,2171,0.00,20.9,69.6,----,----,0000.0000 N,00000.0000 W,0,0,T,S,V
2019-03-24 05:47:03,16.3,2150,0.00,20.9,69.6,----,----,0000.0000 N,00000.0000 W,0,0,T,S,V
2019-03-24 05:47:06,09.9,2079,0.00,20.9,69.6,----,----,0000.0000 N,00000.0000 W,0,0,T,S,V
2019-03-24 05:47:09,16.9,2165,0.00,20.9,69.6,----,----,0000.0000 N,00000.0000 W,0,0,T,S,V
2019-03-24 05:47:11,15.2,2131,0.00,20.9,69.6,----,----,0000.0000 N,00000.0000 W,0,0,T,S,V
2019-03-24 05:47:14,18.6,2191,0.04,20.9,69.6,----,----,0000.0000 N,00000.0000 W,0,0,T,S,V
2019-03-24 05:47:16,20.3,2229,0.00,20.9,69.6,----,----,0000.0000 N,00000.0000 W,0,0,T,S,V
2019-03-24 05:47:19,14.8,2121,0.00,20.8,69.5,----,----,0000.0000 N,00000.0000 W,0,0,T,S,V
2019-03-24 05:47:22,15.8,2144,0.00,20.8,69.5,----,----,0000.0000 N,00000.0000 W,0,0,T,S,V
2019-03-24 05:47:24,18.0,2184,0.00,20.8,69.5,----,----,0000.0000 N,00000.0000 W,0,0,T,S,V
2019-03-24 05:47:27,15.8,2140,0.00,20.8,69.5,----,----,0000.0000 N,00000.0000 W,0,0,T,S,V
2019-03-24 05:47:30,12.8,2101,0.00,20.8,69.5,----,----,0000.0000 N,00000.0000 W,0,0,T,S,V
2019-03-24 05:47:32,15.2,2130,0.00,20.8,69.5,----,----,0000.0000 N,00000.0000 W,0,0,T,S,V
2019-03-24 05:47:35,16.9,2165,0.00,20.8,69.5,----,----,0000.0000 N,00000.0000 W,0,0,T,S,V
2019-03-24 05:47:38,15.8,2144,0.00,20.8,69.5,----,----,0000.0000 N,00000.0000 W,0,0,T,S,V
2019-03-24 05:47:40,20.9,2236,0.00,20.8,69.5,----,----,0000.0000 N,00000.0000 W,0,0,T,S,V
2019-03-24 07:12:00,23.2,2273,0.00,22.1,71.8,----,----,0000.0000 N,00000.0000 W,0,0,T,S,V
2019-03-24 07:12:03,23.2,2273,0.06,22.1,71.8,----,----,0000.0000 N,00000.0000 W,0,0,T,S,V
2019-03-24 07:12:07,24.3,2299,0.00,22.1,71.8,----,----,0000.0000 N,00000.0000 W,0,0,T,S,V
2019-03-24 07:12:10,20.9,2231,0.00,22.1,71.8,----,----,0000.0000 N,00000.0000 W,0,0,T,S,V
2019-03-24 07:12:14,26.0,2326,0.05,22.0,71.7,----,----,0000.0000 N,00000.0000 W,0,0,T,S,V
2019-03-24 07:12:17,22.6,2269,0.00,22.0,71.7,----,----,0000.0000 N,00000.0000 W,0,0,T,S,V
2019-03-24 07:12:20,29.4,2381,0.02,22.0,71.7,----,----,0000.0000 N,00000.0000 W,0,0,T,S,V
2019-03-24 07:12:29,27.7,2352,0.06,22.0,71.6,----,----,0000.0000 N,00000.0000 W,0,0,T,S,V
2019-03-24 07:13:33,27.7,2351,0.07,21.9,71.4,----,----,3355.9736 S,15113.4095 E,7,1,T,S,V
2019-03-24 07:13:36,28.9,2379,0.00,21.9,71.4,----,----,3355.9723 S,15113.4101 E,7,1,T,S,V
2019-03-24 07:13:40,26.0,2321,0.00,21.9,71.4,----,----,3355.9707 S,15113.4105 E,7,1,T,S,V
2019-03-24 07:13:45,27.2,2344,0.04,21.9,71.4,----,----,3355.9680 S,15113.4111 E,7,1,T,S,V
2019-03-24 07:13:48,26.0,2328,0.00,21.8,71.3,----,----,3355.9664 S,15113.4108 E,7,1,T,S,V
2019-03-24 07:13:52,23.2,2273,0.02,21.8,71.3,----,----,3355.9652 S,15113.4123 E,7,1,T,S,V
2019-03-24 07:13:57,30.0,2395,0.02,21.8,71.3,----,----,3355.9651 S,15113.4144 E,7,1,T,S,V
2019-03-24 07:14:01,24.3,2296,0.06,21.8,71.3,----,----,3355.9661 S,15113.4156 E,7,1,T,S,V
2019-03-24 07:19:46,23.2,2272,0.00,21.5,70.7,----,----,3355.9644 S,15113.4151 E,9,1,T,S,V
2019-03-24 07:19:54,25.4,2313,0.03,21.5,70.7,----,----,3355.9651 S,15113.4172 E,9,1,T,S,V
2019-03-24 07:19:58,27.7,2359,0.05,21.5,70.7,----,----,3355.9666 S,15113.4189 E,9,1,T,S,V
2019-03-24 07:20:08,20.9,2233,0.00,21.4,70.6,----,----,3355.9695 S,15113.4192 E,9,1,T,S,V
2019-03-24 07:20:12,28.3,2369,0.03,21.4,70.5,----,----,3355.9701 S,15113.4184 E,9,1,T,S,V
2019-03-24 07:20:15,28.3,2361,0.00,21.4,70.5,----,----,3355.9708 S,15113.4169 E,9,1,T,S,V
2019-03-24 07:20:19,24.9,2305,0.00,21.4,70.5,----,----,3355.9705 S,15113.4154 E,9,1,T,S,V
2019-03-24 07:20:24,26.0,2322,0.00,21.3,70.5,----,----,3355.9718 S,15113.4140 E,9,1,T,S,V
2019-03-24 07:20:30,24.9,2305,0.04,21.3,70.5,----,----,3355.9735 S,15113.4130 E,9,1,T,S,V
2019-03-24 07:20:35,22.6,2263,0.00,21.3,70.5,----,----,3355.9758 S,15113.4123 E,9,1,T,S,V
2019-03-24 07:20:38,20.9,2232,0.00,21.3,70.4,----,----,3355.9774 S,15113.4117 E,9,1,T,S,V
2019-03-24 08:35:44,30.6,2409,0.11,21.1,70.1,----,----,0000.0000 N,00000.0000 W,0,0,T,S,V
2019-03-24 08:35:45,24.3,2290,0.12,21.1,70.1,----,----,0000.0000 N,00000.0000 W,0,0,T,S,V
2019-03-24 08:35:47,31.7,2426,0.03,21.1,70.1,----,----,0000.0000 N,00000.0000 W,0,0,T,S,V
2019-03-24 08:35:50,29.4,2384,0.00,21.1,70.1,----,----,0000.0000 N,00000.0000 W,0,0,T,S,V
2019-03-24 08:35:53,22.0,2253,0.05,21.1,70.1,----,----,0000.0000 N,00000.0000 W,0,0,T,S,V
2019-03-24 08:35:57,21.5,2242,0.00,21.1,70.1,----,----,0000.0000 N,00000.0000 W,0,0,T,S,V
2019-03-24 08:36:01,23.2,2274,0.02,21.1,70.1,----,----,0000.0000 N,00000.0000 W,0,0,T,S,V
2019-03-24 08:36:05,21.5,2247,0.02,21.1,70.1,----,----,0000.0000 N,00000.0000 W,0,0,T,S,V
2019-03-24 08:36:07,23.2,2270,0.02,21.1,70.0,----,----,0000.0000 N,00000.0000 W,0,0,T,S,V
2019-03-24 08:36:10,26.0,2325,0.07,21.1,70.0,----,----,0000.0000 N,00000.0000 W,0,0,T,S,V
2019-03-24 08:36:13,26.6,2338,0.03,21.1,70.0,----,----,0000.0000 N,00000.0000 W,0,0,T,S,V
2019-03-24 08:36:15,24.9,2309,0.02,21.1,70.0,----,----,0000.0000 N,00000.0000 W,0,0,T,S,V
2019-03-24 08:36:19,23.2,2278,0.02,21.1,70.0,----,----,0000.0000 N,00000.0000 W,0,0,T,S,V
2019-03-24 08:36:22,22.0,2252,0.02,21.1,70.0,----,----,0000.0000 N,00000.0000 W,0,0,T,S,V
2019-03-24 08:36:25,24.3,2290,0.00,21.1,69.9,----,----,0000.0000 N,00000.0000 W,0,0,T,S,V
2019-03-24 08:36:28,24.3,2295,0.00,21.1,69.9,----,----,0000.0000 N,00000.0000 W,0,0,T,S,V
2019-03-24 08:36:30,22.6,2261,0.00,21.1,69.9,----,----,0000.0000 N,00000.0000 W,0,0,T,S,V
2019-03-24 08:37:41,20.3,2224,0.00,21.0,69.8,----,----,3356.4412 S,15113.3613 E,8,1,T,S,V
2019-03-24 08:37:45,20.9,2238,0.00,21.0,69.8,----,----,3356.4421 S,15113.3624 E,8,1,T,S,V
2019-03-24 08:37:50,20.9,2230,0.00,21.0,69.8,----,----,3356.4419 S,15113.3628 E,8,1,T,S,V
2019-03-24 08:37:53,22.6,2268,0.02,21.0,69.8,----,----,3356.4428 S,15113.3647 E,8,1,T,S,V
2019-03-24 08:37:56,24.9,2308,0.04,21.0,69.8,----,----,3356.4433 S,15113.3666 E,8,1,T,S,V
2019-03-24 08:37:59,22.0,2250,0.07,21.0,69.8,----,----,3356.4422 S,15113.3678 E,8,1,T,S,V
2019-03-24 08:38:08,20.3,2226,0.00,21.0,69.8,----,----,3356.4372 S,15113.3663 E,8,1,T,S,V
2019-03-24 08:38:12,28.9,2370,0.00,21.0,69.8,----,----,3356.4359 S,15113.3659 E,8,1,T,S,V
2019-03-24 08:38:15,31.1,2418,0.00,21.0,69.8,----,----,3356.4351 S,15113.3669 E,8,1,T,S,V
2019-03-24 08:38:19,23.7,2280,0.08,21.0,69.8,----,----,3356.4357 S,15113.3687 E,8,1,T,S,V
2019-03-24 08:38:25,20.9,2238,0.14,20.9,69.7,----,----,3356.4389 S,15113.3701 E,8,1,T,S,V
2019-03-24 08:38:28,20.9,2233,0.07,20.9,69.7,----,----,3356.4404 S,15113.3693 E,8,1,T,S,V
2019-03-24 08:38:31,17.5,2175,0.05,20.9,69.7,----,----,3356.4423 S,15113.3679 E,8,1,T,S,V
2019-03-24 08:57:48,23.7,2288,0.12,21.0,69.9,----,----,0000.0000 N,00000.0000 W,0,0,T,S,V
2019-03-24 08:57:51,29.4,2385,0.05,21.0,69.9,----,----,0000.0000 N,00000.0000 W,0,0,T,S,V
2019-03-24 08:57:54,24.3,2293,0.00,21.0,69.9,----,----,0000.0000 N,00000.0000 W,0,0,T,S,V
2019-03-24 08:57:56,25.4,2317,0.02,21.0,69.9,----,----,0000.0000 N,00000.0000 W,0,0,T,S,V
2019-03-24 08:57:59,24.3,2294,0.03,21.0,69.9,----,----,0000.0000 N,00000.0000 W,0,0,T,S,V
2019-03-24 08:58:02,19.7,2215,0.00,21.0,69.9,----,----,0000.0000 N,00000.0000 W,0,0,T,S,V
2019-03-24 08:58:04,18.6,2199,0.00,21.0,69.9,----,----,0000.0000 N,00000.0000 W,0,0,T,S,V
2019-03-24 08:58:07,21.5,2249,0.06,21.0,69.9,----,----,0000.0000 N,00000.0000 W,0,0,T,S,V
2019-03-24 08:58:10,20.9,2236,0.02,21.0,69.9,----,----,0000.0000 N,00000.0000 W,0,0,T,S,V
2019-03-24 08:58:13,22.0,2257,0.03,21.0,69.9,----,----,0000.0000 N,00000.0000 W,0,0,T,S,V
2019-03-24 08:58:20,24.3,2293,0.05,21.0,69.8,----,----,0000.0000 N,00000.0000 W,0,0,T,S,V
2019-03-24 08:58:28,27.2,2340,0.06,21.0,69.8,----,----,0000.0000 N,00000.0000 W,0,0,T,S,V
2019-03-24 08:58:32,25.4,2314,0.03,21.0,69.8,----,----,0000.0000 N,00000.0000 W,0,0,T,S,V
2019-03-24 09:02:35,25.4,2314,0.00,21.1,70.0,----,----,3356.6685 S,15113.2883 E,11,1,T,S,V
2019-03-24 09:02:38,20.9,2233,0.00,21.1,70.1,----,----,3356.6674 S,15113.2892 E,11,1,T,S,V
2019-03-24 09:02:43,21.5,2241,0.00,21.1,70.1,----,----,3356.6658 S,15113.2895 E,11,1,T,S,V
2019-03-24 09:02:54,26.6,2330,0.08,21.1,70.0,----,----,3356.6650 S,15113.2914 E,11,1,T,S,V
2019-03-24 09:03:09,26.0,2323,0.00,21.1,70.0,----,----,3356.6638 S,15113.2919 E,11,1,T,S,V
2019-03-24 14:25:38,31.1,2411,0.00,34.8,94.7,----,----,0000.0000 N,00000.0000 W,0,0,T,S,V
2019-03-24 14:25:41,30.0,2394,0.00,34.8,94.7,----,----,0000.0000 N,00000.0000 W,0,0,T,S,V
2019-03-24 14:25:43,23.7,2284,0.00,34.8,94.7,----,----,0000.0000 N,00000.0000 W,0,0,T,S,V
2019-03-24 14:25:46,31.1,2410,0.00,34.8,94.7,----,----,0000.0000 N,00000.0000 W,0,0,T,S,V
2019-03-24 14:25:48,27.2,2340,0.00,34.8,94.6,----,----,0000.0000 N,00000.0000 W,0,0,T,S,V
2019-03-24 14:25:50,23.2,2271,0.00,34.8,94.6,----,----,0000.0000 N,00000.0000 W,0,0,T,S,V
2019-03-24 14:25:53,28.3,2365,0.00,34.7,94.6,----,----,0000.0000 N,00000.0000 W,0,0,T,S,V
2019-03-24 14:25:55,27.2,2346,0.00,34.7,94.6,----,----,0000.0000 N,00000.0000 W,0,0,T,S,V
2019-03-24 14:25:58,24.3,2294,0.00,34.7,94.5,----,----,0000.0000 N,00000.0000 W,0,0,T,S,V
2019-03-24 14:26:00,23.2,2277,0.00,34.7,94.5,----,----,0000.0000 N,00000.0000 W,0,0,T,S,V
2019-03-24 14:26:02,22.0,2253,0.00,34.7,94.5,----,----,0000.0000 N,00000.0000 W,0,0,T,S,V
2019-03-24 14:26:05,24.3,2298,0.00,34.7,94.5,----,----,0000.0000 N,00000.0000 W,0,0,T,S,V
2019-03-24 14:26:07,25.4,2313,0.00,34.7,94.5,----,----,0000.0000 N,00000.0000 W,0,0,T,S,V
2019-03-24 14:26:10,28.9,2378,0.04,34.7,94.5,----,----,0000.0000 N,00000.0000 W,0,0,T,S,V
2019-03-24 14:26:11,26.6,2338,0.00,34.7,94.4,----,----,0000.0000 N,00000.0000 W,0,0,T,S,V
2019-03-24 14:26:14,24.3,2299,0.00,34.6,94.4,----,----,0000.0000 N,00000.0000 W,0,0,T,S,V
2019-03-24 14:26:16,24.3,2293,0.00,34.6,94.3,----,----,0000.0000 N,00000.0000 W,0,0,T,S,V
2019-03-24 14:26:18,25.4,2313,0.00,34.6,94.3,----,----,0000.0000 N,00000.0000 W,0,0,T,S,V
2019-03-24 14:26:21,27.7,2352,0.00,34.6,94.2,----,----,0000.0000 N,00000.0000 W,0,0,T,S,V
2019-03-24 14:26:23,24.3,2295,0.04,34.5,94.2,----,----,0000.0000 N,00000.0000 W,0,0,T,S,V
2019-03-24 14:26:25,24.9,2303,0.00,34.5,94.2,----,----,0000.0000 N,00000.0000 W,0,0,T,S,V
2019-03-24 14:26:28,23.7,2282,0.00,34.5,94.2,----,----,0000.0000 N,00000.0000 W,0,0,T,S,V
2019-03-24 14:26:30,24.9,2308,0.00,34.5,94.1,----,----,0000.0000 N,00000.0000 W,0,0,T,S,V
2019-03-24 14:26:33,22.6,2260,0.00,34.5,94.1,----,----,0000.0000 N,00000.0000 W,0,0,T,S,V
2019-03-24 14:26:37,20.3,2226,0.00,34.5,94.1,----,----,0000.0000 N,00000.0000 W,0,0,T,S,V
2019-03-24 14:26:39,27.7,2351,0.08,34.5,94.1,----,----,0000.0000 N,00000.0000 W,0,0,T,S,V
2019-03-24 14:26:41,27.2,2346,0.00,34.4,94.0,----,----,0000.0000 N,00000.0000 W,0,0,T,S,V
2019-03-24 14:26:44,27.7,2352,0.00,34.4,94.0,----,----,0000.0000 N,00000.0000 W,0,0,T,S,V
2019-03-24 14:26:46,32.3,2434,0.00,34.4,93.9,----,----,0000.0000 N,00000.0000 W,0,0,T,S,V
2019-03-24 14:26:49,23.7,2282,0.00,34.4,93.9,----,----,0000.0000 N,00000.0000 W,0,0,T,S,V
2019-03-24 14:26:51,26.6,2336,0.03,34.4,93.9,----,----,0000.0000 N,00000.0000 W,0,0,T,S,V
2019-03-24 14:26:54,24.9,2305,0.00,34.3,93.8,----,----,0000.0000 N,00000.0000 W,0,0,T,S,V
2019-03-24 14:26:57,28.3,2368,0.03,34.3,93.8,----,----,0000.0000 N,00000.0000 W,0,0,T,S,V
2019-03-24 14:33:43,27.7,2350,0.03,33.0,91.4,----,----,0000.0000 N,00000.0000 W,0,0,T,S,V
2019-03-24 14:33:45,26.0,2329,0.00,32.9,91.3,----,----,0000.0000 N,00000.0000 W,0,0,T,S,V
2019-03-24 14:33:48,32.3,2431,0.07,32.9,91.3,----,----,3356.1527 S,15113.3144 E,1,6,T,S,V
2019-03-24 14:33:51,25.4,2310,0.00,32.9,91.3,----,----,3356.1538 S,15113.3162 E,1,6,T,S,V
2019-03-24 14:33:53,23.7,2288,0.02,32.9,91.3,----,----,3356.1547 S,15113.3176 E,1,6,T,S,V
2019-03-24 14:33:56,26.6,2333,0.00,32.9,91.3,----,----,0000.0000 N,00000.0000 W,0,0,T,S,V
2019-03-24 14:33:59,22.0,2258,0.02,32.9,91.3,----,----,0000.0000 N,00000.0000 W,0,0,T,S,V
2019-03-24 14:34:02,24.9,2309,0.02,32.9,91.3,----,----,0000.0000 N,00000.0000 W,0,0,T,S,V
2019-03-24 14:34:04,27.2,2343,0.00,32.9,91.3,----,----,0000.0000 N,00000.0000 W,0,0,T,S,V
2019-03-24 14:34:07,24.3,2294,0.00,32.9,91.3,----,----,0000.0000 N,00000.0000 W,0,0,T,S,V
2019-03-24 14:34:10,24.9,2304,0.02,32.9,91.3,----,----,0000.0000 N,00000.0000 W,0,0,T,S,V
2019-03-24 14:34:12,22.6,2260,0.00,32.9,91.2,----,----,0000.0000 N,00000.0000 W,0,0,T,S,V
2019-03-24 14:34:15,21.5,2245,0.00,32.9,91.2,----,----,0000.0000 N,00000.0000 W,0,0,T,S,V
2019-03-24 14:34:17,23.7,2289,0.00,32.9,91.2,----,----,0000.0000 N,00000.0000 W,0,0,T,S,V
2019-03-24 14:34:20,19.2,2209,0.00,32.9,91.2,----,----,0000.0000 N,00000.0000 W,0,0,T,S,V
2019-03-24 14:34:22,23.2,2276,0.02,32.9,91.2,----,----,0000.0000 N,00000.0000 W,0,0,T,S,V
2019-03-24 14:34:25,20.9,2235,0.03,32.9,91.2,----,----,0000.0000 N,00000.0000 W,0,0,T,S,V
2019-03-24 14:34:27,23.7,2286,0.00,32.9,91.2,----,----,0000.0000 N,00000.0000 W,0,0,T,S,V
2019-03-24 14:34:29,24.3,2299,0.00,32.9,91.2,----,----,0000.0000 N,00000.0000 W,0,0,T,S,V
2019-03-24 14:34:32,29.4,2389,0.00,32.9,91.2,----,----,0000.0000 N,00000.0000 W,0,0,T,S,V
2019-03-24 14:34:35,28.9,2370,0.00,32.9,91.2,----,----,0000.0000 N,00000.0000 W,0,0,T,S,V
2019-03-24 14:34:38,26.0,2321,0.00,32.9,91.2,----,----,0000.0000 N,00000.0000 W,0,0,T,S,V
2019-03-24 14:34:40,31.1,2411,0.13,32.9,91.2,----,----,0000.0000 N,00000.0000 W,0,0,T,S,V
2019-03-24 14:34:44,31.7,2421,0.07,32.9,91.2,----,----,0000.0000 N,00000.0000 W,0,0,T,S,V
2019-03-24 14:34:47,32.3,2436,0.06,32.9,91.2,----,----,0000.0000 N,00000.0000 W,0,0,T,S,V
2019-03-24 14:34:49,25.4,2311,0.00,32.9,91.2,----,----,0000.0000 N,00000.0000 W,0,0,T,S,V
2019-03-24 14:34:53,30.6,2403,0.00,32.9,91.2,----,----,0000.0000 N,00000.0000 W,0,0,T,S,V
2019-03-24 14:34:55,31.7,2421,0.11,32.9,91.2,----,----,0000.0000 N,00000.0000 W,0,0,T,S,V
2019-03-24 14:35:46,24.9,2302,0.00,32.8,91.0,----,----,0000.0000 N,00000.0000 W,0,0,T,S,V
2019-03-24 14:35:48,24.9,2302,0.00,32.8,91.0,----,----,0000.0000 N,00000.0000 W,0,0,T,S,V
2019-03-24 14:35:51,24.3,2296,0.00,32.7,91.0,----,----,0000.0000 N,00000.0000 W,0,0,T,S,V
2019-03-24 14:35:53,26.0,2326,0.00,32.7,90.9,----,----,0000.0000 N,00000.0000 W,0,0,T,S,V
2019-03-24 14:35:56,29.4,2381,0.00,32.7,90.9,----,----,0000.0000 N,00000.0000 W,0,0,T,S,V
2019-03-24 14:35:58,22.6,2269,0.00,32.6,90.8,----,----,0000.0000 N,00000.0000 W,0,0,T,S,V
2019-03-24 14:36:01,22.0,2255,0.00,32.6,90.8,----,----,0000.0000 N,00000.0000 W,0,0,T,S,V
2019-03-24 14:36:03,26.0,2327,0.00,32.6,90.7,----,----,0000.0000 N,00000.0000 W,0,0,T,S,V
2019-03-24 14:36:05,24.3,2298,0.00,32.6,90.7,----,----,0000.0000 N,00000.0000 W,0,0,T,S,V
2019-03-24 14:36:08,26.0,2321,0.00,32.6,90.7,----,----,0000.0000 N,00000.0000 W,0,0,T,S,V
2019-03-24 14:36:10,20.3,2224,0.00,32.5,90.6,----,----,0000.0000 N,00000.0000 W,0,0,T,S,V
2019-03-24 14:36:13,23.2,2274,0.00,32.5,90.6,----,----,0000.0000 N,00000.0000 W,0,0,T,S,V
2019-03-24 14:36:15,26.6,2337,0.03,32.5,90.6,----,----,0000.0000 N,00000.0000 W,0,0,T,S,V
2019-03-24 14:38:50,32.3,2438,0.04,32.0,89.6,----,----,0000.0000 N,00000.0000 W,0,0,T,S,V
2019-03-24 14:38:53,26.6,2338,0.02,32.0,89.6,----,----,0000.0000 N,00000.0000 W,0,0,T,S,V
2019-03-24 14:38:56,26.6,2334,0.00,32.0,89.6,----,----,0000.0000 N,00000.0000 W,0,0,T,S,V
2019-03-24 14:38:59,28.3,2366,0.00,31.9,89.5,----,----,0000.0000 N,00000.0000 W,0,0,T,S,V
2019-03-24 14:39:01,26.0,2322,0.00,31.9,89.5,----,----,0000.0000 N,00000.0000 W,0,0,T,S,V
2019-03-24 14:39:03,26.0,2327,0.03,31.9,89.5,----,----,0000.0000 N,00000.0000 W,0,0,T,S,V
2019-03-24 14:39:06,26.6,2330,0.00,31.9,89.5,----,----,0000.0000 N,00000.0000 W,0,0,T,S,V
2019-03-24 14:39:08,27.7,2350,0.00,31.9,89.5,----,----,0000.0000 N,00000.0000 W,0,0,T,S,V
2019-03-24 14:39:10,23.7,2285,0.00,31.9,89.5,----,----,0000.0000 N,00000.0000 W,0,0,T,S,V
2019-03-24 14:39:13,27.7,2357,0.00,31.9,89.5,----,----,0000.0000 N,00000.0000 W,0,0,T,S,V
2019-03-24 14:39:15,26.0,2325,0.00,31.9,89.5,----,----,0000.0000 N,00000.0000 W,0,0,T,S,V
2019-03-24 14:39:17,24.3,2290,0.03,31.9,89.5,----,----,0000.0000 N,00000.0000 W,0,0,T,S,V
2019-03-24 14:39:20,24.9,2302,0.00,31.9,89.5,----,----,0000.0000 N,00000.0000 W,0,0,T,S,V
2019-03-24 14:40:42,08.9,2069,0.00,31.9,89.4,----,----,0000.0000 N,00000.0000 W,0,0,T,S,V
2019-03-24 14:40:45,15.2,2139,0.00,31.9,89.5,----,----,0000.0000 N,00000.0000 W,0,0,T,S,V
2019-03-24 14:40:47,15.8,2143,0.00,31.9,89.5,----,----,0000.0000 N,00000.0000 W,0,0,T,S,V
2019-03-24 14:40:49,16.3,2152,0.00,31.9,89.5,----,----,0000.0000 N,00000.0000 W,0,0,T,S,V
2019-03-24 14:40:52,20.3,2225,0.00,31.9,89.5,----,----,0000.0000 N,00000.0000 W,0,0,T,S,V
2019-03-24 14:40:55,18.6,2193,0.00,31.9,89.5,----,----,0000.0000 N,00000.0000 W,0,0,T,S,V
2019-03-24 14:40:57,15.2,2130,0.00,31.9,89.5,----,----,0000.0000 N,00000.0000 W,0,0,T,S,V
2019-03-24 14:40:59,18.0,2182,0.00,31.9,89.5,----,----,0000.0000 N,00000.0000 W,0,0,T,S,V
2019-03-24 14:41:02,16.9,2169,0.00,31.9,89.5,----,----,0000.0000 N,00000.0000 W,0,0,T,S,V
2019-03-24 14:41:04,19.2,2204,0.00,32.0,89.6,----,----,0000.0000 N,00000.0000 W,0,0,T,S,V
2019-03-24 14:41:07,22.6,2266,0.00,32.0,89.6,----,----,0000.0000 N,00000.0000 W,0,0,T,S,V
2019-03-24 14:41:09,18.0,2188,0.00,32.0,89.6,----,----,0000.0000 N,00000.0000 W,0,0,T,S,V
2019-03-24 14:41:12,15.8,2147,0.00,32.0,89.6,----,----,0000.0000 N,00000.0000 W,0,0,T,S,V
2019-03-24 14:41:15,18.0,2180,0.00,32.0,89.6,----,----,0000.0000 N,00000.0000 W,0,0,T,S,V
2019-03-24 14:41:18,19.2,2204,0.02,32.0,89.6,----,----,0000.0000 N,00000.0000 W,0,0,T,S,V
2019-03-24 14:41:22,12.8,2100,0.00,32.0,89.6,----,----,0000.0000 N,00000.0000 W,0,0,T,S,V
2019-03-24 14:41:24,15.8,2141,0.00,32.0,89.6,----,----,0000.0000 N,00000.0000 W,0,0,T,S,V
2019-03-24 14:41:27,15.8,2145,0.00,32.0,89.6,----,----,0000.0000 N,00000.0000 W,0,0,T,S,V
2019-03-24 14:41:29,14.8,2127,0.00,32.0,89.6,----,----,0000.0000 N,00000.0000 W,0,0,T,S,V
2019-03-24 14:41:31,15.8,2140,0.00,32.0,89.6,----,----,0000.0000 N,00000.0000 W,0,0,T,S,V
2019-03-24 14:41:34,13.8,2119,0.00,32.0,89.6,----,----,0000.0000 N,00000.0000 W,0,0,T,S,V
2019-03-24 14:41:36,16.9,2168,0.00,32.0,89.6,----,----,0000.0000 N,00000.0000 W,0,0,T,S,V
2019-03-24 14:41:41,18.0,2183,0.00,32.0,89.6,----,----,0000.0000 N,00000.0000 W,0,0,T,S,V
2019-03-24 14:41:43,15.8,2140,0.00,32.0,89.6,----,----,0000.0000 N,00000.0000 W,0,0,T,S,V
2019-03-24 14:41:45,16.3,2153,0.00,32.0,89.6,----,----,0000.0000 N,00000.0000 W,0,0,T,S,V
2019-03-24 14:41:48,18.0,2188,0.00,32.0,89.6,----,----,0000.0000 N,00000.0000 W,0,0,T,S,V
2019-03-24 14:47:59,32.9,2447,0.09,32.1,89.9,----,----,0000.0000 N,00000.0000 W,0,0,T,S,V
2019-03-24 14:48:02,30.0,2391,0.00,32.1,89.9,----,----,0000.0000 N,00000.0000 W,0,0,T,S,V
2019-03-24 14:48:05,27.2,2347,0.03,32.1,89.9,----,----,0000.0000 N,00000.0000 W,0,0,T,S,V
2019-03-24 14:48:08,25.4,2312,0.00,32.1,89.9,----,----,0000.0000 N,00000.0000 W,0,0,T,S,V
2019-03-24 14:48:12,26.6,2338,0.00,32.1,89.9,----,----,0000.0000 N,00000.0000 W,0,0,T,S,V
2019-03-24 14:48:15,24.9,2301,0.00,32.1,89.8,----,----,0000.0000 N,00000.0000 W,0,0,T,S,V
2019-03-24 14:48:17,23.2,2271,0.00,32.1,89.8,----,----,0000.0000 N,00000.0000 W,0,0,T,S,V
2019-03-24 14:48:19,24.3,2295,0.00,32.1,89.8,----,----,0000.0000 N,00000.0000 W,0,0,T,S,V
2019-03-24 14:49:35,23.7,2288,0.00,32.0,89.6,----,----,0000.0000 N,00000.0000 W,0,0,T,S,V
2019-03-24 14:49:38,26.0,2327,0.00,32.0,89.6,----,----,0000.0000 N,00000.0000 W,0,0,T,S,V
2019-03-24 14:49:40,23.7,2282,0.03,32.0,89.6,----,----,0000.0000 N,00000.0000 W,0,0,T,S,V
2019-03-24 14:49:43,21.5,2242,0.00,31.9,89.5,----,----,0000.0000 N,00000.0000 W,0,0,T,S,V
2019-03-24 14:49:45,23.7,2280,0.00,32.0,89.6,----,----,0000.0000 N,00000.0000 W,0,0,T,S,V
2019-03-24 14:49:48,23.2,2276,0.00,32.0,89.6,----,----,0000.0000 N,00000.0000 W,0,0,T,S,V
2019-03-24 14:49:50,19.2,2203,0.00,31.9,89.5,----,----,0000.0000 N,00000.0000 W,0,0,T,S,V
2019-03-24 14:49:53,22.0,2257,0.00,32.0,89.6,----,----,0000.0000 N,00000.0000 W,0,0,T,S,V
2019-03-24 14:49:56,26.0,2328,0.00,32.0,89.6,----,----,0000.0000 N,00000.0000 W,0,0,T,S,V
2019-03-24 14:49:58,25.4,2317,0.00,31.9,89.5,----,----,0000.0000 N,00000.0000 W,0,0,T,S,V
2019-03-24 14:50:01,26.6,2333,0.00,31.9,89.5,----,----,0000.0000 N,00000.0000 W,0,0,T,S,V
2019-03-24 14:50:03,22.6,2260,0.00,31.9,89.5,----,----,0000.0000 N,00000.0000 W,0,0,T,S,V
2019-03-24 14:50:05,23.7,2286,0.00,31.9,89.5,----,----,0000.0000 N,00000.0000 W,0,0,T,S,V
2019-03-24 14:50:08,25.4,2313,0.00,31.9,89.5,----,----,0000.0000 N,00000.0000 W,0,0,T,S,V
2019-03-24 14:50:10,27.2,2344,0.04,31.9,89.5,----,----,0000.0000 N,00000.0000 W,0,0,T,S,V
2019-03-24 14:50:13,23.2,2273,0.03,31.9,89.5,----,----,0000.0000 N,00000.0000 W,0,0,T,S,V
2019-03-24 14:50:16,25.4,2312,0.00,31.9,89.5,----,----,0000.0000 N,00000.0000 W,0,0,T,S,V
2019-03-24 14:50:18,24.3,2296,0.00,31.9,89.5,----,----,0000.0000 N,00000.0000 W,0,0,T,S,V
2019-03-24 14:50:21,26.6,2330,0.00,31.9,89.5,----,----,0000.0000 N,00000.0000 W,0,0,T,S,V
2019-03-24 14:50:24,23.7,2282,0.03,31.9,89.5,----,----,0000.0000 N,00000.0000 W,0,0,T,S,V
2019-03-24 14:50:28,29.4,2383,0.04,31.9,89.5,----,----,0000.0000 N,00000.0000 W,0,0,T,S,V
2019-03-24 14:50:33,22.6,2266,0.00,31.9,89.4,----,----,0000.0000 N,00000.0000 W,0,0,T,S,V
2019-03-24 14:55:15,24.3,2299,0.00,30.8,87.4,----,----,0000.0000 N,00000.0000 W,0,0,T,S,V
2019-03-24 14:55:18,20.9,2236,0.00,30.8,87.4,----,----,0000.0000 N,00000.0000 W,0,0,T,S,V
2019-03-24 14:55:22,19.2,2203,0.00,30.7,87.4,----,----,0000.0000 N,00000.0000 W,0,0,T,S,V
2019-03-24 14:55:24,22.6,2263,0.04,30.7,87.3,----,----,0000.0000 N,00000.0000 W,0,0,T,S,V
2019-03-24 14:55:27,24.3,2296,0.05,30.7,87.3,----,----,0000.0000 N,00000.0000 W,0,0,T,S,V
2019-03-24 14:55:29,22.0,2255,0.05,30.7,87.3,----,----,0000.0000 N,00000.0000 W,0,0,T,S,V
2019-03-24 14:55:32,24.3,2295,0.02,30.7,87.3,----,----,0000.0000 N,00000.0000 W,0,0,T,S,V
2019-03-24 14:55:35,18.6,2196,0.00,30.7,87.2,----,----,0000.0000 N,00000.0000 W,0,0,T,S,V
2019-03-24 14:55:37,22.0,2257,0.00,30.7,87.2,----,----,0000.0000 N,00000.0000 W,0,0,T,S,V
2019-03-24 14:55:40,20.9,2232,0.00,30.6,87.2,----,----,0000.0000 N,00000.0000 W,0,0,T,S,V
2019-03-24 14:55:42,18.0,2188,0.03,30.6,87.2,----,----,0000.0000 N,00000.0000 W,0,0,T,S,V
2019-03-24 14:55:45,19.7,2211,0.00,30.6,87.2,----,----,0000.0000 N,00000.0000 W,0,0,T,S,V
2019-03-24 14:55:47,21.5,2249,0.00,30.6,87.2,----,----,0000.0000 N,00000.0000 W,0,0,T,S,V
2019-03-24 14:55:50,24.3,2297,0.07,30.6,87.2,----,----,0000.0000 N,00000.0000 W,0,0,T,S,V
2019-03-24 14:58:24,22.0,2256,0.02,30.2,86.4,----,----,3355.9655 S,15113.4219 E,12,1,T,S,V
2019-03-24 14:58:46,23.7,2285,0.00,30.2,86.4,----,----,3355.9621 S,15113.4194 E,12,1,T,S,V
2019-03-24 14:58:53,28.3,2362,0.00,30.2,86.5,----,----,3355.9626 S,15113.4172 E,12,1,T,S,V
2019-03-24 14:59:10,31.7,2428,0.13,30.2,86.5,----,----,3355.9634 S,15113.4168 E,12,1,T,S,V
2019-03-24 14:59:29,26.6,2335,0.05,30.3,86.5,----,----,3355.9660 S,15113.4153 E,12,1,T,S,V
2019-03-24 15:00:50,23.7,2282,0.00,30.3,86.7,----,----,3355.9662 S,15113.4147 E,13,1,T,S,V
2019-03-24 15:00:52,24.9,2305,0.00,30.3,86.7,----,----,3355.9671 S,15113.4136 E,13,1,T,S,V
2019-03-24 15:00:55,19.7,2216,0.03,30.3,86.7,----,----,3355.9691 S,15113.4126 E,13,1,T,S,V
2019-03-24 15:00:58,20.9,2237,0.00,30.3,86.6,----,----,3355.9708 S,15113.4120 E,13,1,T,S,V
2019-03-24 15:01:00,27.7,2358,0.05,30.3,86.6,----,----,3355.9709 S,15113.4101 E,13,1,T,S,V
2019-03-24 15:01:02,27.7,2359,0.03,30.3,86.6,----,----,3355.9718 S,15113.4085 E,13,1,T,S,V
2019-03-24 15:01:05,23.7,2289,0.00,30.3,86.7,----,----,3355.9745 S,15113.4078 E,13,1,T,S,V
2019-03-25 14:04:06,28.9,2379,0.00,22.9,73.3,----,----,0000.0000 N,00000.0000 W,0,0,T,S,V
2019-03-25 14:04:51,18.6,2193,0.00,22.9,73.3,----,----,0000.0000 N,00000.0000 W,0,0,T,S,V
2019-03-25 14:05:03,16.9,2162,0.00,22.9,73.2,----,----,0000.0000 N,00000.0000 W,0,0,T,S,V
2019-03-25 14:05:15,33.4,2459,0.28,22.9,73.2,----,----,0000.0000 N,00000.0000 W,0,0,T,S,V
2019-03-25 14:06:28,34.6,2472,0.30,22.8,73.0,----,----,3347.2654 S,15101.4257 E,6,1,T,S,V
2019-03-25 14:06:51,35.7,2499,0.19,22.8,73.0,----,----,3347.2654 S,15101.4269 E,6,1,T,S,V
2019-03-25 14:06:57,31.7,2421,0.08,22.8,73.0,----,----,3347.2654 S,15101.4269 E,6,1,T,S,V
2019-03-25 14:07:03,37.4,2522,0.21,22.7,73.0,----,----,3347.2652 S,15101.4244 E,7,1,T,S,V
2019-03-25 14:07:12,29.4,2382,0.00,22.7,73.0,----,----,3347.2682 S,15101.4238 E,7,1,T,S,V
2019-03-25 14:07:25,29.4,2386,0.03,22.7,73.0,----,----,3347.2691 S,15101.4234 E,7,1,T,S,V
2019-03-25 14:07:38,28.9,2370,0.00,22.7,72.9,----,----,3347.2711 S,15101.4223 E,7,1,T,S,V
2019-03-25 14:07:50,26.6,2337,0.04,22.7,72.9,----,----,3347.2705 S,15101.4224 E,7,1,T,S,V
2019-03-25 14:08:41,21.5,2245,0.00,22.7,72.9,----,----,3347.2707 S,15101.4165 E,8,1,T,S,V
2019-03-25 14:09:00,25.4,2311,0.08,22.7,72.8,----,----,3347.2701 S,15101.4209 E,8,1,T,S,V
2019-03-25 14:11:02,00.0,1938,0.00,22.7,73.0,----,----,3347.2688 S,15101.4147 E,9,1,T,S,V
2019-03-26 08:55:44,20.9,2237,0.00,17.4,63.4,----,----,0000.0000 N,00000.0000 W,0,0,T,S,V
2019-03-26 08:56:15,24.3,2298,0.05,17.5,63.5,----,----,0000.0000 N,00000.0000 W,0,0,T,S,V
2019-03-26 08:56:26,25.4,2317,0.00,17.5,63.5,----,----,0000.0000 N,00000.0000 W,0,0,T,S,V
2019-03-26 08:56:37,22.0,2255,0.02,17.4,63.4,----,----,0000.0000 N,00000.0000 W,0,0,T,S,V
2019-03-26 08:56:46,20.9,2233,0.06,17.4,63.4,----,----,0000.0000 N,00000.0000 W,0,0,T,S,V
2019-03-26 08:56:56,23.7,2281,0.00,17.4,63.3,----,----,0000.0000 N,00000.0000 W,0,0,T,S,V
2019-03-26 08:57:10,22.6,2268,0.11,17.4,63.3,----,----,0000.0000 N,00000.0000 W,0,0,T,S,V
2019-03-26 08:57:20,20.9,2233,0.07,17.3,63.2,----,----,0000.0000 N,00000.0000 W,0,0,T,S,V
2019-03-26 08:57:29,23.7,2286,0.15,17.3,63.1,----,----,0000.0000 N,00000.0000 W,0,0,T,S,V
2019-03-26 08:57:42,23.7,2287,0.10,17.2,63.1,----,----,0000.0000 N,00000.0000 W,0,0,T,S,V
2019-03-26 08:57:50,23.7,2284,0.11,17.2,63.1,----,----,0000.0000 N,00000.0000 W,0,0,T,S,V
2019-03-26 08:58:00,21.5,2244,0.00,17.2,63.1,----,----,0000.0000 N,00000.0000 W,0,0,T,S,V
2019-03-26 08:58:10,24.9,2301,0.02,17.2,63.0,----,----,0000.0000 N,00000.0000 W,0,0,T,S,V
2019-03-26 08:58:18,22.0,2253,0.06,17.2,63.0,----,----,0000.0000 N,00000.0000 W,0,0,T,S,V
2019-03-26 08:58:27,24.9,2303,0.09,17.2,63.0,----,----,0000.0000 N,00000.0000 W,0,0,T,S,V
2019-03-26 08:58:38,20.9,2232,0.07,17.2,62.9,----,----,0000.0000 N,00000.0000 W,0,0,T,S,V
2019-03-26 08:58:44,25.4,2317,0.04,17.1,62.9,----,----,0000.0000 N,00000.0000 W,0,0,T,S,V
2019-03-26 08:58:51,24.9,2305,0.04,17.1,62.9,----,----,0000.0000 N,00000.0000 W,0,0,T,S,V
2019-03-26 08:58:58,24.9,2301,0.08,17.1,62.8,----,----,0000.0000 N,00000.0000 W,0,0,T,S,V
2019-03-26 08:59:05,23.2,2277,0.09,17.1,62.8,----,----,0000.0000 N,00000.0000 W,0,0,T,S,V
2019-03-26 08:59:12,23.2,2273,0.00,17.1,62.8,----,----,0000.0000 N,00000.0000 W,0,0,T,S,V
2019-03-26 08:59:14,23.2,2274,0.00,17.1,62.8,----,----,0000.0000 N,00000.0000 W,0,0,T,S,V
2019-03-26 08:59:23,19.7,2216,0.00,17.1,62.8,----,----,0000.0000 N,00000.0000 W,0,0,T,S,V
2019-03-26 08:59:29,22.6,2268,0.00,17.1,62.8,----,----,0000.0000 N,00000.0000 W,0,0,T,S,V
2019-03-26 08:59:36,19.7,2218,0.00,17.1,62.8,----,----,0000.0000 N,00000.0000 W,0,0,T,S,V
2019-03-26 08:59:43,20.9,2238,0.03,17.1,62.8,----,----,0000.0000 N,00000.0000 W,0,0,T,S,V
2019-03-26 08:59:54,19.7,2214,0.06,17.1,62.8,----,----,0000.0000 N,00000.0000 W,0,0,T,S,V
2019-03-26 09:00:01,24.9,2301,0.05,17.1,62.8,----,----,0000.0000 N,00000.0000 W,0,0,T,S,V
2019-03-26 09:00:09,22.0,2252,0.05,17.0,62.7,----,----,0000.0000 N,00000.0000 W,0,0,T,S,V
2019-03-26 09:00:18,23.2,2277,0.03,17.0,62.7,----,----,0000.0000 N,00000.0000 W,0,0,T,S,V
2019-03-26 09:00:27,20.9,2232,0.07,17.0,62.6,----,----,0000.0000 N,00000.0000 W,0,0,T,S,V
2019-03-26 09:00:34,23.2,2272,0.02,17.0,62.6,----,----,3348.5147 S,15100.0172 E,4,1,T,S,V
2019-03-26 09:00:42,21.5,2244,0.00,17.0,62.6,----,----,3348.5092 S,15100.0229 E,5,1,T,S,V
2019-03-26 09:00:50,25.4,2314,0.09,17.0,62.6,----,----,3348.5077 S,15100.0235 E,5,1,T,S,V
2019-03-26 09:00:59,20.9,2230,0.07,16.9,62.5,----,----,3348.5107 S,15100.0245 E,5,1,T,S,V
2019-03-26 09:01:07,21.5,2247,0.09,16.9,62.5,----,----,3348.5215 S,15100.0226 E,6,1,T,S,V
2019-03-26 09:01:15,22.0,2256,0.07,16.9,62.5,----,----,3348.5277 S,15100.0169 E,6,1,T,S,V
2019-03-26 09:01:22,21.5,2241,0.05,16.9,62.4,----,----,3348.5245 S,15100.0170 E,6,1,T,S,V
2019-03-26 09:01:30,21.5,2246,0.08,16.9,62.4,----,----,3348.5267 S,15100.0184 E,6,1,T,S,V
2019-03-26 09:01:37,20.3,2229,0.05,16.9,62.4,----,----,3348.5258 S,15100.0212 E,7,1,T,S,V
2019-03-26 09:01:44,19.7,2218,0.07,16.8,62.4,----,----,3348.5284 S,15100.0196 E,7,1,T,S,V
2019-03-26 09:01:50,19.7,2214,0.06,16.8,62.4,----,----,3348.5265 S,15100.0194 E,7,1,T,S,V
2019-03-26 09:01:57,20.9,2236,0.00,16.8,62.3,----,----,3348.5299 S,15100.0188 E,7,1,T,S,V
2019-03-26 09:02:04,22.0,2253,0.08,16.8,62.3,----,----,3348.5328 S,15100.0156 E,7,1,T,S,V
2019-03-26 09:02:11,23.2,2276,0.08,16.8,62.3,----,----,3348.5369 S,15100.0138 E,7,1,T,S,V
2019-03-26 09:02:18,24.9,2306,0.03,16.8,62.3,----,----,3348.5388 S,15100.0133 E,7,1,T,S,V
2019-03-26 09:02:26,23.7,2287,0.06,16.8,62.3,----,----,3348.5440 S,15100.0138 E,8,1,T,S,V
2019-03-26 09:02:32,21.5,2247,0.14,16.8,62.3,----,----,3348.5454 S,15100.0142 E,8,1,T,S,V
2019-03-26 09:02:38,23.2,2276,0.09,16.8,62.3,----,----,3348.5469 S,15100.0134 E,8,1,T,S,V
2019-03-26 09:02:45,23.7,2285,0.11,16.8,62.3,----,----,3348.5533 S,15100.0107 E,8,1,T,S,V
2019-03-26 09:02:51,20.3,2226,0.11,16.8,62.3,----,----,3348.5564 S,15100.0103 E,8,1,T,S,V
2019-03-26 09:02:57,20.3,2220,0.03,16.8,62.4,----,----,3348.5584 S,15100.0099 E,8,1,T,S,V
2019-03-26 09:03:06,24.3,2299,0.08,16.9,62.4,----,----,3348.5540 S,15100.0058 E,8,1,T,S,V
2019-03-26 09:03:12,26.0,2321,0.08,16.9,62.4,----,----,3348.5472 S,15100.0062 E,8,1,T,S,V
2019-03-26 09:03:19,26.6,2338,0.09,16.9,62.4,----,----,3348.5412 S,15100.0070 E,8,1,T,S,V
2019-03-26 09:03:25,23.2,2270,0.08,16.9,62.4,----,----,3348.5379 S,15100.0094 E,8,1,T,S,V
2019-03-26 09:03:32,23.2,2270,0.09,16.9,62.4,----,----,3348.5338 S,15100.0115 E,8,1,T,S,V
2019-03-26 09:03:40,26.0,2326,0.11,16.9,62.4,----,----,3348.5309 S,15100.0115 E,8,1,T,S,V
2019-03-26 09:03:47,24.3,2290,0.05,16.9,62.4,----,----,3348.5267 S,15100.0144 E,8,1,T,S,V
2019-03-26 09:03:54,25.4,2317,0.07,16.8,62.3,----,----,3348.5264 S,15100.0131 E,8,1,T,S,V
2019-03-26 09:04:01,22.6,2262,0.09,16.8,62.3,----,----,3348.5258 S,15100.0142 E,8,1,T,S,V
2019-03-26 09:04:07,23.7,2285,0.07,16.8,62.2,----,----,3348.5222 S,15100.0162 E,8,1,T,S,V
2019-03-26 09:04:14,20.9,2236,0.06,16.8,62.2,----,----,3348.5190 S,15100.0145 E,8,1,T,S,V
2019-03-26 09:04:21,22.6,2264,0.09,16.8,62.2,----,----,3348.5171 S,15100.0131 E,8,1,T,S,V
2019-03-26 09:04:27,24.3,2290,0.08,16.8,62.2,----,----,3348.5145 S,15100.0145 E,8,1,T,S,V
2019-03-26 09:04:34,26.0,2322,0.06,16.7,62.2,----,----,3348.5110 S,15100.0166 E,8,1,T,S,V
2019-03-26 09:04:41,22.0,2257,0.00,16.7,62.1,----,----,3348.5092 S,15100.0187 E,8,1,T,S,V
2019-03-26 09:04:47,23.2,2272,0.03,16.7,62.1,----,----,3348.5062 S,15100.0195 E,8,1,T,S,V
2019-03-26 09:04:54,21.5,2245,0.04,16.7,62.1,----,----,3348.5027 S,15100.0210 E,8,1,T,S,V
2019-03-26 09:05:01,23.7,2289,0.06,16.7,62.1,----,----,3348.5000 S,15100.0208 E,8,1,T,S,V
2019-03-26 09:05:09,24.9,2302,0.07,16.7,62.0,----,----,3348.4964 S,15100.0191 E,8,1,T,S,V
2019-03-26 09:05:16,26.0,2326,0.07,16.6,62.0,----,----,3348.4925 S,15100.0189 E,8,1,T,S,V
2019-03-26 09:05:22,25.4,2313,0.08,16.6,62.0,----,----,3348.4934 S,15100.0185 E,8,1,T,S,V
2019-03-26 09:05:28,22.0,2258,0.04,16.6,62.0,----,----,3348.4905 S,15100.0204 E,8,1,T,S,V
2019-03-26 09:05:34,22.6,2263,0.11,16.6,61.9,----,----,3348.4892 S,15100.0211 E,8,1,T,S,V
2019-03-26 09:05:42,24.3,2293,0.09,16.6,61.9,----,----,3348.4871 S,15100.0173 E,8,1,T,S,V
2019-03-26 09:05:49,22.0,2253,0.09,16.6,61.9,----,----,3348.4856 S,15100.0166 E,8,1,T,S,V
2019-03-26 09:05:56,22.6,2262,0.05,16.6,61.9,----,----,3348.4839 S,15100.0183 E,8,1,T,S,V
2019-03-26 09:06:02,20.3,2224,0.10,16.6,61.9,----,----,3348.4819 S,15100.0219 E,8,1,T,S,V
2019-03-26 09:06:08,22.0,2258,0.05,16.6,61.9,----,----,3348.4784 S,15100.0224 E,8,1,T,S,V
2019-03-26 09:06:14,19.2,2209,0.06,16.6,61.9,----,----,3348.4747 S,15100.0223 E,8,1,T,S,V
2019-03-26 09:06:20,23.2,2273,0.00,16.6,61.9,----,----,3348.4725 S,15100.0245 E,8,1,T,S,V
2019-03-26 09:06:30,24.9,2304,0.02,16.6,61.9,----,----,3348.4768 S,15100.0157 E,8,1,T,S,V
2019-03-26 09:06:37,24.9,2301,0.00,16.6,61.9,----,----,3348.4871 S,15100.0155 E,8,1,T,S,V
2019-03-26 09:06:44,26.0,2328,0.08,16.6,61.9,----,----,3348.4960 S,15100.0176 E,8,1,T,S,V
2019-03-26 09:06:58,20.9,2235,0.00,16.6,61.8,----,----,3348.4972 S,15100.0132 E,8,1,T,S,V
2019-03-26 09:07:04,24.3,2290,0.02,16.6,61.8,----,----,3348.4993 S,15100.0133 E,7,1,T,S,V
2019-03-26 09:07:11,24.3,2298,0.04,16.6,61.8,----,----,3348.5051 S,15100.0125 E,8,1,T,S,V
2019-03-26 09:07:18,21.5,2246,0.03,16.5,61.8,----,----,3348.5124 S,15100.0095 E,8,1,T,S,V
2019-03-26 09:07:26,24.9,2302,0.08,16.5,61.8,----,----,3348.5153 S,15100.0099 E,8,1,T,S,V
2019-03-26 09:07:32,27.2,2341,0.00,16.5,61.7,----,----,3348.5161 S,15100.0106 E,8,1,T,S,V
2019-03-26 09:07:39,22.0,2258,0.10,16.5,61.7,----,----,3348.5208 S,15100.0117 E,8,1,T,S,V
2019-03-26 09:07:45,23.2,2271,0.03,16.5,61.7,----,----,3348.5213 S,15100.0114 E,8,1,T,S,V
2019-03-26 09:07:51,23.7,2284,0.13,16.4,61.6,----,----,3348.5205 S,15100.0102 E,7,1,T,S,V
2019-03-26 09:07:57,21.5,2245,0.11,16.4,61.6,----,----,3348.5219 S,15100.0104 E,8,1,T,S,V
2019-03-26 09:08:04,24.3,2290,0.04,16.4,61.6,----,----,3348.5239 S,15100.0104 E,8,1,T,S,V
2019-03-26 09:08:11,20.3,2223,0.13,16.4,61.6,----,----,3348.5263 S,15100.0103 E,8,1,T,S,V
2019-03-26 09:08:17,24.9,2304,0.07,16.4,61.6,----,----,3348.5283 S,15100.0091 E,8,1,T,S,V
2019-03-26 09:08:23,20.9,2233,0.04,16.4,61.6,----,----,3348.5279 S,15100.0084 E,7,1,T,S,V
2019-03-26 09:08:30,22.0,2250,0.07,16.4,61.6,----,----,3348.5309 S,15100.0064 E,8,1,T,S,V
2019-03-26 09:08:37,22.0,2253,0.04,16.4,61.5,----,----,3348.5353 S,15100.0049 E,7,1,T,S,V
2019-03-26 09:08:43,24.3,2290,0.02,16.4,61.5,----,----,3348.5396 S,15100.0034 E,8,1,T,S,V
2019-03-26 09:08:50,22.6,2269,0.05,16.4,61.5,----,----,3348.5432 S,15100.0022 E,8,1,T,S,V
2019-03-26 09:08:56,24.3,2296,0.04,16.4,61.5,----,----,3348.5538 S,15100.0000 E,8,1,T,S,V
2019-03-26 09:09:02,23.7,2288,0.05,16.4,61.5,----,----,3348.5602 S,15059.9988 E,8,1,T,S,V
2019-03-26 09:09:11,25.4,2311,0.00,16.4,61.5,----,----,3348.5638 S,15100.0001 E,8,1,T,S,V
2019-03-26 09:09:18,24.3,2294,0.05,16.4,61.5,----,----,3348.5628 S,15059.9997 E,8,1,T,S,V
2019-03-26 09:09:24,20.3,2224,0.09,16.4,61.5,----,----,3348.5631 S,15059.9999 E,8,1,T,S,V
2019-03-26 09:09:31,23.7,2284,0.00,16.4,61.5,----,----,3348.5623 S,15100.0001 E,8,1,T,S,V
2019-03-26 09:09:37,19.2,2203,0.04,16.4,61.5,----,----,3348.5625 S,15059.9983 E,8,1,T,S,V
2019-03-26 09:09:47,23.2,2278,0.08,16.4,61.5,----,----,3348.5599 S,15059.9984 E,8,1,T,S,V
2019-03-26 09:09:54,27.7,2357,0.06,16.4,61.6,----,----,3348.5524 S,15100.0016 E,8,1,T,S,V
2019-03-26 09:10:02,23.7,2288,0.08,16.4,61.6,----,----,3348.5397 S,15059.9972 E,8,1,T,S,V
2019-03-26 09:10:09,24.3,2296,0.07,16.4,61.6,----,----,3348.5356 S,15059.9967 E,8,1,T,S,V
2019-03-26 09:10:16,21.5,2247,0.04,16.4,61.6,----,----,3348.5293 S,15100.0006 E,8,1,T,S,V
2019-03-26 09:10:22,22.0,2253,0.00,16.4,61.6,----,----,3348.5282 S,15100.0009 E,8,1,T,S,V
2019-03-26 09:10:28,22.0,2254,0.08,16.4,61.5,----,----,3348.5253 S,15100.0018 E,8,1,T,S,V
2019-03-26 09:10:35,24.3,2296,0.07,16.4,61.5,----,----,3348.5261 S,15100.0030 E,8,1,T,S,V
2019-03-26 09:10:42,20.9,2236,0.06,16.4,61.5,----,----,3348.5236 S,15100.0063 E,8,1,T,S,V
2019-03-26 09:10:49,22.6,2264,0.09,16.4,61.5,----,----,3348.5196 S,15100.0048 E,8,1,T,S,V
2019-03-26 09:10:55,22.0,2252,0.09,16.3,61.5,----,----,3348.5180 S,15100.0020 E,8,1,T,S,V
2019-03-26 09:11:02,20.9,2235,0.08,16.3,61.5,----,----,3348.5138 S,15100.0004 E,8,1,T,S,V
2019-03-26 09:11:09,23.2,2270,0.02,16.3,61.4,----,----,3348.5102 S,15100.0029 E,8,1,T,S,V
2019-03-26 09:11:17,22.0,2253,0.05,16.3,61.4,----,----,3348.5101 S,15100.0059 E,8,1,T,S,V
2019-03-26 09:11:27,22.0,2253,0.07,16.3,61.3,----,----,3348.5077 S,15100.0079 E,8,1,T,S,V
2019-03-26 09:11:36,24.3,2294,0.07,16.3,61.3,----,----,3348.5039 S,15100.0069 E,8,1,T,S,V
2019-03-26 09:11:45,27.2,2344,0.06,16.3,61.3,----,----,3348.5001 S,15100.0095 E,8,1,T,S,V
2019-03-26 09:11:52,24.3,2297,0.11,16.3,61.3,----,----,3348.4971 S,15100.0101 E,8,1,T,S,V
2019-03-26 09:11:58,23.2,2276,0.12,16.3,61.3,----,----,3348.4914 S,15100.0082 E,8,1,T,S,V
2019-03-26 09:12:05,26.0,2321,0.04,16.3,61.3,----,----,3348.4904 S,15100.0066 E,8,1,T,S,V
2019-03-26 09:12:11,24.3,2293,0.14,16.2,61.3,----,----,3348.4887 S,15100.0056 E,8,1,T,S,V
2019-03-26 09:12:19,26.0,2328,0.06,16.2,61.2,----,----,3348.4867 S,15100.0076 E,8,1,T,S,V
2019-03-26 09:12:24,20.3,2228,0.02,16.2,61.3,----,----,3348.4846 S,15100.0061 E,8,1,T,S,V
2019-03-26 09:12:31,23.2,2272,0.03,16.2,61.3,----,----,3348.4823 S,15100.0066 E,8,1,T,S,V
2019-03-26 09:12:38,23.2,2276,0.05,16.2,61.3,----,----,3348.4804 S,15100.0027 E,8,1,T,S,V
2019-03-26 09:12:45,24.9,2308,0.13,16.2,61.3,----,----,3348.4768 S,15100.0041 E,8,1,T,S,V
2019-03-26 09:12:51,18.6,2198,0.06,16.3,61.3,----,----,3348.4733 S,15100.0052 E,8,1,T,S,V
2019-03-26 09:12:57,24.9,2302,0.04,16.3,61.3,----,----,3348.4699 S,15100.0072 E,8,1,T,S,V
2019-03-26 09:13:07,22.6,2264,0.07,16.3,61.3,----,----,3348.4680 S,15100.0000 E,8,1,T,S,V
2019-03-26 09:13:15,24.9,2305,0.08,16.3,61.3,----,----,3348.4823 S,15100.0029 E,8,1,T,S,V
2019-03-26 09:13:24,23.7,2287,0.09,16.3,61.3,----,----,3348.4935 S,15100.0035 E,8,1,T,S,V
2019-03-26 09:13:31,20.9,2230,0.00,16.3,61.3,----,----,3348.4980 S,15100.0028 E,8,1,T,S,V
2019-03-26 09:13:39,20.9,2231,0.15,16.3,61.3,----,----,3348.5021 S,15100.0043 E,8,1,T,S,V
2019-03-26 09:13:46,22.6,2264,0.05,16.3,61.3,----,----,3348.5068 S,15100.0046 E,8,1,T,S,V
2019-03-26 09:13:55,23.2,2272,0.12,16.3,61.3,----,----,3348.5147 S,15100.0035 E,8,1,T,S,V
2019-03-26 09:14:03,22.6,2261,0.10,16.3,61.3,----,----,3348.5158 S,15100.0024 E,8,1,T,S,V
2019-03-26 09:14:10,22.0,2253,0.08,16.2,61.3,----,----,3348.5136 S,15100.0021 E,8,1,T,S,V
2019-03-26 09:14:18,24.3,2296,0.12,16.2,61.3,----,----,3348.5180 S,15059.9997 E,8,1,T,S,V
2019-03-26 09:14:25,25.4,2310,0.03,16.2,61.3,----,----,3348.5181 S,15100.0014 E,8,1,T,S,V
2019-03-26 09:14:33,23.7,2287,0.00,16.2,61.2,----,----,3348.5192 S,15100.0020 E,8,1,T,S,V
2019-03-26 09:14:43,25.4,2319,0.09,16.2,61.2,----,----,3348.5260 S,15100.0017 E,8,1,T,S,V
2019-03-26 09:14:50,24.3,2296,0.04,16.2,61.2,----,----,3348.5364 S,15059.9951 E,8,1,T,S,V
2019-03-26 09:14:58,23.2,2271,0.04,16.2,61.2,----,----,3348.5419 S,15059.9962 E,8,1,T,S,V
2019-03-26 09:15:05,26.6,2330,0.11,16.2,61.2,----,----,3348.5491 S,15059.9948 E,8,1,T,S,V
2019-03-26 09:15:13,23.7,2280,0.07,16.2,61.2,----,----,3348.5560 S,15059.9913 E,8,1,T,S,V
2019-03-26 09:15:20,22.6,2261,0.00,16.2,61.2,----,----,3348.5564 S,15059.9910 E,8,1,T,S,V
2019-03-26 09:15:28,22.0,2258,0.08,16.2,61.2,----,----,3348.5553 S,15059.9884 E,8,1,T,S,V
2019-03-26 09:15:35,22.0,2255,0.09,16.2,61.2,----,----,3348.5596 S,15059.9911 E,8,1,T,S,V
2019-03-26 09:15:43,24.9,2302,0.08,16.2,61.2,----,----,3348.5611 S,15059.9911 E,8,1,T,S,V
2019-03-26 09:15:49,20.9,2232,0.12,16.2,61.2,----,----,3348.5619 S,15059.9901 E,8,1,T,S,V
2019-03-26 09:15:55,19.2,2206,0.16,16.2,61.3,----,----,3348.5622 S,15059.9899 E,8,1,T,S,V
2019-03-26 09:16:05,23.7,2280,0.00,16.3,61.3,----,----,3348.5559 S,15059.9860 E,8,1,T,S,V
2019-03-26 09:16:12,24.3,2290,0.02,16.3,61.4,----,----,3348.5470 S,15059.9886 E,8,1,T,S,V
2019-03-26 09:16:20,23.2,2272,0.07,16.3,61.4,----,----,3348.5375 S,15059.9894 E,8,1,T,S,V
2019-03-26 09:16:27,24.3,2296,0.07,16.3,61.5,----,----,3348.5305 S,15059.9942 E,8,1,T,S,V
2019-03-26 09:16:35,20.9,2237,0.03,16.4,61.5,----,----,3348.5188 S,15059.9898 E,8,1,T,S,V
2019-03-26 09:16:44,23.2,2273,0.05,16.4,61.5,----,----,3348.5102 S,15059.9901 E,8,1,T,S,V
2019-03-26 09:16:52,20.9,2236,0.12,16.4,61.5,----,----,3348.5106 S,15059.9916 E,8,1,T,S,V
2019-03-26 09:17:00,24.3,2296,0.16,16.4,61.6,----,----,3348.5088 S,15059.9919 E,8,1,T,S,V
2019-03-26 09:17:07,24.3,2290,0.00,16.4,61.6,----,----,3348.5069 S,15059.9919 E,8,1,T,S,V
2019-03-26 09:17:14,20.3,2223,0.04,16.4,61.6,----,----,3348.5029 S,15059.9924 E,8,1,T,S,V
2019-03-26 09:17:21,22.0,2258,0.07,16.4,61.6,----,----,3348.5008 S,15059.9925 E,8,1,T,S,V
2019-03-26 09:17:28,26.6,2333,0.11,16.4,61.6,----,----,3348.4986 S,15059.9926 E,8,1,T,S,V
2019-03-26 09:17:36,24.3,2298,0.00,16.4,61.6,----,----,3348.4945 S,15059.9941 E,8,1,T,S,V
2019-03-26 09:17:45,24.9,2306,0.00,16.4,61.6,----,----,3348.4906 S,15059.9968 E,8,1,T,S,V
2019-03-26 09:17:55,24.3,2293,0.05,16.5,61.7,----,----,3348.4802 S,15059.9946 E,8,1,T,S,V
2019-03-26 09:18:04,23.2,2277,0.02,16.5,61.7,----,----,3348.4747 S,15059.9954 E,8,1,T,S,V
2019-03-26 09:18:12,22.6,2263,0.05,16.5,61.8,----,----,3348.4714 S,15059.9972 E,8,1,T,S,V
2019-03-26 09:18:19,23.2,2276,0.04,16.5,61.8,----,----,3348.4675 S,15059.9998 E,8,1,T,S,V
2019-03-26 09:18:27,19.2,2209,0.03,16.5,61.7,----,----,3348.4642 S,15100.0025 E,8,1,T,S,V
2019-03-26 09:18:35,21.5,2242,0.08,16.5,61.7,----,----,3348.4639 S,15100.0047 E,8,1,T,S,V
2019-03-26 09:18:42,23.7,2288,0.00,16.5,61.7,----,----,3348.4642 S,15059.9993 E,8,1,T,S,V
2019-03-26 09:18:47,21.5,2249,0.00,16.5,61.7,----,----,3348.4637 S,15100.0011 E,8,1,T,S,V
2019-03-26 09:18:57,22.6,2266,0.00,16.5,61.8,----,----,3348.4732 S,15059.9851 E,8,1,T,S,V
2019-03-26 09:19:05,20.3,2225,0.05,16.5,61.8,----,----,3348.4845 S,15059.9902 E,8,1,T,S,V
2019-03-26 09:19:12,21.5,2242,0.06,16.5,61.8,----,----,3348.4906 S,15059.9914 E,8,1,T,S,V
2019-03-26 09:19:20,24.3,2298,0.08,16.5,61.8,----,----,3348.4971 S,15059.9912 E,8,1,T,S,V
2019-03-26 09:19:27,22.6,2266,0.07,16.5,61.8,----,----,3348.5016 S,15059.9898 E,8,1,T,S,V
2019-03-26 09:19:34,20.9,2231,0.06,16.5,61.8,----,----,3348.5064 S,15059.9934 E,8,1,T,S,V
2019-03-26 09:19:42,23.2,2279,0.06,16.5,61.8,----,----,3348.5094 S,15059.9918 E,8,1,T,S,V
2019-03-26 09:19:49,23.7,2289,0.12,16.5,61.8,----,----,3348.5165 S,15059.9896 E,8,1,T,S,V
2019-03-26 09:19:56,24.3,2294,0.02,16.5,61.8,----,----,3348.5223 S,15059.9873 E,8,1,T,S,V
2019-03-26 09:20:03,26.0,2322,0.04,16.5,61.8,----,----,3348.5234 S,15059.9899 E,8,1,T,S,V
2019-03-26 09:20:11,25.4,2311,0.08,16.5,61.8,----,----,3348.5206 S,15059.9882 E,8,1,T,S,V
2019-03-26 09:20:18,21.5,2248,0.09,16.5,61.8,----,----,3348.5223 S,15059.9849 E,8,1,T,S,V
2019-03-26 09:20:25,20.9,2230,0.02,16.5,61.8,----,----,3348.5254 S,15059.9850 E,8,1,T,S,V
2019-03-26 09:20:33,20.9,2230,0.03,16.5,61.8,----,----,3348.5338 S,15059.9818 E,8,1,T,S,V
2019-03-26 09:20:41,24.3,2299,0.00,16.5,61.8,----,----,3348.5376 S,15059.9839 E,7,1,T,S,V
2019-03-26 09:20:49,23.2,2279,0.03,16.5,61.8,----,----,3348.5399 S,15059.9828 E,7,1,T,S,V
2019-03-26 09:20:57,23.7,2289,0.17,16.5,61.8,----,----,3348.5436 S,15059.9798 E,7,1,T,S,V
2019-03-26 09:21:06,22.0,2250,0.11,16.6,61.8,----,----,3348.5473 S,15059.9801 E,7,1,T,S,V
2019-03-26 09:21:14,24.3,2298,0.05,16.6,61.9,----,----,3348.5518 S,15059.9820 E,7,1,T,S,V
2019-03-26 09:21:21,21.5,2241,0.03,16.6,61.9,----,----,3348.5377 S,15059.9903 E,7,1,T,S,V
2019-03-26 09:21:28,22.0,2252,0.00,16.6,61.9,----,----,3348.5449 S,15059.9854 E,7,1,T,S,V
2019-03-26 09:21:33,22.6,2266,0.07,16.6,62.0,----,----,3348.5526 S,15059.9808 E,7,1,T,S,V
2019-03-26 09:21:39,20.9,2232,0.02,16.6,62.0,----,----,3348.5576 S,15059.9792 E,7,1,T,S,V
2019-03-26 09:21:49,21.5,2247,0.00,16.7,62.1,----,----,3348.5489 S,15059.9808 E,7,1,T,S,V
2019-03-26 09:21:55,22.0,2255,0.05,16.7,62.1,----,----,3348.5457 S,15059.9794 E,6,1,T,S,V
2019-03-26 09:22:02,22.6,2262,0.00,16.7,62.1,----,----,3348.5374 S,15059.9771 E,7,1,T,S,V
2019-03-26 09:22:08,22.0,2258,0.03,16.7,62.2,----,----,3348.5318 S,15059.9845 E,7,1,T,S,V
2019-03-26 09:22:15,25.4,2310,0.07,16.8,62.2,----,----,3348.5293 S,15059.9809 E,7,1,T,S,V
2019-03-26 09:22:22,22.0,2253,0.09,16.8,62.2,----,----,3348.5263 S,15059.9788 E,7,1,T,S,V
2019-03-26 09:22:29,24.3,2293,0.03,16.8,62.2,----,----,3348.5207 S,15059.9807 E,7,1,T,S,V
2019-03-26 09:22:36,24.9,2304,0.10,16.8,62.2,----,----,3348.5155 S,15059.9745 E,7,1,T,S,V
2019-03-26 09:22:44,23.2,2273,0.04,16.8,62.2,----,----,3348.5108 S,15059.9738 E,7,1,T,S,V
2019-03-26 09:22:55,23.2,2273,0.05,16.8,62.2,----,----,3348.5043 S,15059.9770 E,7,1,T,S,V
2019-03-26 09:23:03,22.6,2269,0.07,16.8,62.3,----,----,3348.5068 S,15059.9811 E,7,1,T,S,V
2019-03-26 09:23:11,21.5,2248,0.00,16.8,62.4,----,----,3348.5071 S,15059.9884 E,7,1,T,S,V
2019-03-26 09:23:18,23.7,2288,0.03,16.8,62.4,----,----,3348.5032 S,15059.9948 E,7,1,T,S,V
2019-03-26 09:23:24,21.5,2244,0.14,16.9,62.4,----,----,3348.4988 S,15059.9933 E,7,1,T,S,V
2019-03-26 09:23:30,22.0,2255,0.06,16.9,62.4,----,----,3348.4963 S,15059.9972 E,7,1,T,S,V
2019-03-26 09:23:37,23.2,2270,0.09,16.9,62.4,----,----,3348.4931 S,15059.9968 E,7,1,T,S,V
2019-03-26 09:23:44,23.7,2281,0.07,16.9,62.4,----,----,3348.4927 S,15059.9964 E,7,1,T,S,V
2019-03-26 09:23:51,22.0,2250,0.10,16.9,62.4,----,----,3348.4906 S,15059.9970 E,7,1,T,S,V
2019-03-26 09:23:58,22.0,2254,0.06,16.9,62.4,----,----,3348.4881 S,15100.0000 E,7,1,T,S,V
2019-03-26 09:24:04,22.6,2266,0.03,16.9,62.4,----,----,3348.4840 S,15100.0038 E,7,1,T,S,V
2019-03-26 09:24:11,22.0,2255,0.03,16.9,62.4,----,----,3348.4822 S,15100.0032 E,7,1,T,S,V
2019-03-26 09:24:16,27.2,2340,0.04,16.9,62.4,----,----,3348.4822 S,15100.0021 E,7,1,T,S,V
2019-03-26 09:24:22,23.2,2278,0.06,16.9,62.4,----,----,3348.4807 S,15100.0017 E,7,1,T,S,V
2019-03-26 09:24:28,22.6,2260,0.00,16.9,62.4,----,----,3348.4786 S,15100.0002 E,7,1,T,S,V
2019-03-26 09:24:35,24.9,2309,0.03,16.9,62.4,----,----,3348.4752 S,15100.0017 E,7,1,T,S,V
2019-03-26 09:24:42,20.3,2228,0.05,16.9,62.5,----,----,3348.4720 S,15059.9937 E,7,1,T,S,V
2019-03-26 16:20:18,19.2,2204,0.00,26.2,79.1,----,----,0000.0000 N,00000.0000 W,0,0,T,S,V
2019-03-26 16:20:24,16.3,2153,0.00,26.2,79.2,----,----,0000.0000 N,00000.0000 W,0,0,T,S,V
2019-03-26 16:20:28,15.8,2147,0.05,26.2,79.2,----,----,0000.0000 N,00000.0000 W,0,0,T,S,V
2019-03-26 16:20:33,19.2,2204,0.03,26.2,79.3,----,----,0000.0000 N,00000.0000 W,0,0,T,S,V
2019-03-26 16:20:38,17.5,2172,0.00,26.3,79.4,----,----,0000.0000 N,00000.0000 W,0,0,T,S,V
2019-03-26 16:20:42,16.9,2161,0.00,26.3,79.4,----,----,0000.0000 N,00000.0000 W,0,0,T,S,V
2019-03-26 16:20:47,13.8,2118,0.00,26.3,79.4,----,----,0000.0000 N,00000.0000 W,0,0,T,S,V
2019-03-26 16:20:53,21.5,2245,0.00,26.3,79.5,----,----,0000.0000 N,00000.0000 W,0,0,T,S,V
2019-03-26 16:20:58,22.6,2261,0.02,26.4,79.5,----,----,0000.0000 N,00000.0000 W,0,0,T,S,V
2019-03-26 16:21:03,22.0,2256,0.00,26.4,79.6,----,----,0000.0000 N,00000.0000 W,0,0,T,S,V
2019-03-26 16:21:08,18.0,2185,0.00,26.4,79.6,----,----,0000.0000 N,00000.0000 W,0,0,T,S,V
2019-03-26 16:21:16,19.2,2204,0.00,26.5,79.7,----,----,0000.0000 N,00000.0000 W,0,0,T,S,V
2019-03-26 16:21:20,17.5,2176,0.00,26.5,79.7,----,----,0000.0000 N,00000.0000 W,0,0,T,S,V
2019-03-26 16:21:26,20.9,2236,0.03,26.5,79.8,----,----,0000.0000 N,00000.0000 W,0,0,T,S,V
2019-03-26 16:21:31,20.9,2231,0.02,26.6,79.9,----,----,0000.0000 N,00000.0000 W,0,0,T,S,V
2019-03-26 16:21:36,19.2,2203,0.00,26.6,79.9,----,----,3355.9630 S,15113.4123 E,5,1,T,S,V
2019-03-26 16:21:43,16.9,2166,0.00,26.6,79.9,----,----,3355.9632 S,15113.4136 E,5,1,T,S,V
2019-03-26 16:21:49,16.9,2167,0.00,26.6,79.9,----,----,3355.9643 S,15113.4142 E,5,1,T,S,V
2019-03-26 16:21:55,15.2,2136,0.00,26.6,79.9,----,----,3355.9718 S,15113.4129 E,6,1,T,S,V
2019-03-26 16:22:00,16.9,2161,0.00,26.6,80.0,----,----,3355.9726 S,15113.4141 E,5,1,T,S,V
2019-03-26 16:22:05,14.8,2126,0.00,26.7,80.0,----,----,3355.9714 S,15113.4145 E,7,1,T,S,V
2019-03-26 16:22:10,17.5,2171,0.00,26.7,80.1,----,----,3355.9702 S,15113.4161 E,7,1,T,S,V
2019-03-26 16:48:04,20.9,2233,0.04,30.3,86.6,----,----,0000.0000 N,00000.0000 W,0,0,T,S,V
2019-03-26 16:48:10,18.6,2198,0.00,30.3,86.5,----,----,0000.0000 N,00000.0000 W,0,0,T,S,V
2019-03-26 16:48:15,21.5,2242,0.00,30.3,86.5,----,----,0000.0000 N,00000.0000 W,0,0,T,S,V
2019-03-26 16:48:21,21.5,2244,0.00,30.2,86.4,----,----,0000.0000 N,00000.0000 W,0,0,T,S,V
2019-03-26 16:48:26,19.2,2206,0.00,30.2,86.4,----,----,0000.0000 N,00000.0000 W,0,0,T,S,V
2019-03-26 16:48:31,16.3,2155,0.00,30.1,86.3,----,----,0000.0000 N,00000.0000 W,0,0,T,S,V
2019-03-26 16:48:37,16.9,2160,0.00,30.1,86.2,----,----,0000.0000 N,00000.0000 W,0,0,T,S,V
2019-03-26 16:48:41,16.3,2151,0.00,30.1,86.2,----,----,0000.0000 N,00000.0000 W,0,0,T,S,V
2019-03-26 16:48:46,16.9,2160,0.00,30.1,86.2,----,----,0000.0000 N,00000.0000 W,0,0,T,S,V
2019-03-26 16:48:51,22.0,2256,0.00,30.1,86.2,----,----,0000.0000 N,00000.0000 W,0,0,T,S,V
2019-03-26 16:48:56,19.2,2207,0.00,30.1,86.2,----,----,0000.0000 N,00000.0000 W,0,0,T,S,V
2019-03-26 16:48:59,20.3,2229,0.00,30.1,86.2,----,----,0000.0000 N,00000.0000 W,0,0,T,S,V
2019-03-26 16:49:03,16.9,2168,0.00,30.0,86.1,----,----,0000.0000 N,00000.0000 W,0,0,T,S,V
2019-03-26 16:49:08,18.6,2192,0.00,30.0,86.1,----,----,0000.0000 N,00000.0000 W,0,0,T,S,V
2019-03-26 16:49:14,19.2,2207,0.00,30.0,86.0,----,----,0000.0000 N,00000.0000 W,0,0,T,S,V
2019-03-26 16:49:19,23.7,2287,0.02,29.9,85.9,----,----,0000.0000 N,00000.0000 W,0,0,T,S,V
2019-03-26 16:49:24,21.5,2247,0.03,29.9,85.9,----,----,0000.0000 N,00000.0000 W,0,0,T,S,V
2019-03-26 16:49:31,20.3,2226,0.00,29.9,85.9,----,----,3355.9609 S,15113.3850 E,5,1,T,S,V
2019-03-26 16:49:36,21.5,2242,0.00,29.9,85.8,----,----,3355.9605 S,15113.3854 E,5,1,T,S,V
2019-03-26 16:49:41,22.0,2258,0.02,29.9,85.8,----,----,3355.9600 S,15113.3875 E,5,1,T,S,V
2019-03-26 16:49:46,20.3,2229,0.00,29.8,85.7,----,----,3355.9589 S,15113.3869 E,4,1,T,S,V
2019-03-26 16:49:51,18.6,2198,0.00,29.8,85.7,----,----,3355.9575 S,15113.3864 E,5,1,T,S,V
2019-03-26 16:49:57,18.0,2180,0.00,29.8,85.7,----,----,3355.9533 S,15113.3824 E,5,1,T,S,V
2019-03-26 16:50:02,18.6,2194,0.04,29.8,85.7,----,----,3355.9559 S,15113.3846 E,5,1,T,S,V
2019-03-26 16:50:06,16.9,2168,0.00,29.8,85.7,----,----,3355.9561 S,15113.3839 E,6,1,T,S,V
2019-03-26 16:50:10,20.3,2221,0.00,29.8,85.7,----,----,3355.9571 S,15113.3826 E,6,1,T,S,V
2019-03-26 16:50:16,18.6,2192,0.00,29.8,85.6,----,----,3355.9566 S,15113.3851 E,6,1,T,S,V
2019-03-26 16:50:21,20.9,2232,0.00,29.8,85.6,----,----,3355.9555 S,15113.3873 E,6,1,T,S,V
2019-03-26 16:50:27,19.2,2207,0.00,29.8,85.6,----,----,3355.9541 S,15113.3895 E,6,1,T,S,V
2019-03-26 16:50:32,15.8,2144,0.00,29.7,85.6,----,----,3355.9534 S,15113.3916 E,6,1,T,S,V
2019-03-26 16:50:38,23.2,2271,0.00,29.7,85.6,----,----,3355.9544 S,15113.3935 E,6,1,T,S,V
2019-03-26 16:50:43,19.2,2208,0.00,29.7,85.6,----,----,3355.9522 S,15113.3942 E,6,1,T,S,V
2019-03-26 16:50:48,19.2,2207,0.00,29.7,85.5,----,----,3355.9511 S,15113.3959 E,6,1,T,S,V
2019-03-26 16:50:52,19.7,2211,0.02,29.7,85.5,----,----,3355.9505 S,15113.3966 E,6,1,T,S,V
2019-03-26 16:50:58,19.2,2203,0.00,29.7,85.6,----,----,3355.9491 S,15113.3978 E,6,1,T,S,V
2019-03-26 16:51:02,23.2,2271,0.00,29.7,85.6,----,----,3355.9497 S,15113.3981 E,5,1,T,S,V
2019-03-26 16:51:07,18.6,2198,0.00,29.7,85.6,----,----,3355.9474 S,15113.3982 E,6,1,T,S,V
2019-03-26 16:51:11,22.6,2262,0.00,29.8,85.6,----,----,3355.9462 S,15113.3983 E,6,1,T,S,V
2019-03-26 16:51:16,18.6,2194,0.00,29.7,85.6,----,----,3355.9472 S,15113.3948 E,6,1,T,S,V
2019-03-26 16:51:22,17.5,2175,0.00,29.7,85.6,----,----,3355.9481 S,15113.3930 E,6,1,T,S,V
2019-03-26 17:05:58,22.0,2250,0.03,27.2,81.0,----,----,0000.0000 N,00000.0000 W,0,0,T,S,V
2019-03-26 17:06:03,20.9,2237,0.05,27.2,81.0,----,----,0000.0000 N,00000.0000 W,0,0,T,S,V
2019-03-26 17:06:09,24.9,2309,0.08,27.2,80.9,----,----,0000.0000 N,00000.0000 W,0,0,T,S,V
2019-03-26 17:06:15,30.0,2393,0.12,27.1,80.8,----,----,0000.0000 N,00000.0000 W,0,0,T,S,V
2019-03-26 17:06:21,26.0,2323,0.08,27.1,80.8,----,----,0000.0000 N,00000.0000 W,0,0,T,S,V
2019-03-26 17:06:27,20.3,2228,0.05,27.1,80.8,----,----,0000.0000 N,00000.0000 W,0,0,T,S,V
2019-03-26 17:06:32,19.2,2200,0.00,27.0,80.7,----,----,0000.0000 N,00000.0000 W,0,0,T,S,V
2019-03-26 17:06:37,18.0,2180,0.00,27.0,80.7,----,----,0000.0000 N,00000.0000 W,0,0,T,S,V
2019-03-26 17:06:41,17.5,2172,0.00,27.0,80.7,----,----,0000.0000 N,00000.0000 W,0,0,T,S,V
2019-03-26 17:06:47,23.7,2289,0.04,27.0,80.6,----,----,0000.0000 N,00000.0000 W,0,0,T,S,V
2019-03-26 17:06:53,19.7,2218,0.00,27.0,80.6,----,----,0000.0000 N,00000.0000 W,0,0,T,S,V
2019-03-26 17:06:57,18.6,2191,0.03,27.0,80.6,----,----,0000.0000 N,00000.0000 W,0,0,T,S,V
2019-03-26 17:07:02,22.6,2264,0.06,27.0,80.6,----,----,3356.0386 S,15113.2980 E,5,1,T,S,V
2019-03-26 17:07:10,23.2,2272,0.04,26.9,80.5,----,----,3356.0384 S,15113.3117 E,5,1,T,S,V
2019-03-26 17:07:17,23.2,2270,0.04,26.9,80.5,----,----,3356.0407 S,15113.3123 E,5,1,T,S,V
2019-03-26 17:07:36,22.0,2258,0.03,26.9,80.5,----,----,3356.0481 S,15113.3218 E,7,1,T,S,V
2019-03-26 17:07:42,22.0,2253,0.04,26.9,80.5,----,----,3356.0473 S,15113.3220 E,7,1,T,S,V
2019-03-26 17:07:48,20.3,2226,0.06,26.9,80.5,----,----,3356.0469 S,15113.3199 E,7,1,T,S,V
2019-03-26 17:07:53,20.3,2223,0.05,26.9,80.5,----,----,3356.0468 S,15113.3185 E,7,1,T,S,V
2019-03-26 17:07:59,19.2,2204,0.00,26.9,80.4,----,----,3356.0475 S,15113.3163 E,7,1,T,S,V
2019-03-26 17:08:05,23.2,2276,0.00,26.9,80.4,----,----,3356.0473 S,15113.3137 E,8,1,T,S,V
2019-03-26 17:08:11,21.5,2241,0.00,26.9,80.4,----,----,3356.0458 S,15113.3132 E,9,1,T,S,V
2019-03-26 17:08:19,22.6,2268,0.03,26.9,80.4,----,----,3356.0437 S,15113.3139 E,9,1,T,S,V
2019-03-26 17:08:24,19.7,2217,0.00,26.8,80.3,----,----,3356.0423 S,15113.3134 E,9,1,T,S,V
2019-03-26 17:08:28,19.7,2214,0.00,26.8,80.3,----,----,3356.0414 S,15113.3120 E,10,1,T,S,V
2019-03-26 17:08:33,19.7,2217,0.04,26.8,80.3,----,----,3356.0411 S,15113.3123 E,10,1,T,S,V
2019-03-26 17:08:37,19.7,2211,0.00,26.8,80.3,----,----,3356.0398 S,15113.3113 E,10,1,T,S,V
2019-03-26 17:08:41,21.5,2241,0.04,26.8,80.3,----,----,3356.0379 S,15113.3106 E,10,1,T,S,V
2019-03-26 17:08:46,21.5,2249,0.00,26.8,80.3,----,----,3356.0365 S,15113.3117 E,10,1,T,S,V
2019-03-26 17:08:52,20.3,2221,0.00,26.8,80.3,----,----,3356.0376 S,15113.3122 E,10,1,T,S,V
2019-03-26 17:08:57,19.2,2207,0.00,26.8,80.3,----,----,3356.0395 S,15113.3130 E,11,1,T,S,V
2019-03-26 17:09:03,20.9,2238,0.00,26.8,80.3,----,----,3356.0393 S,15113.3138 E,11,1,T,S,V
2019-03-26 17:09:08,20.3,2220,0.00,26.8,80.3,----,----,3356.0381 S,15113.3144 E,11,1,T,S,V
2019-03-26 17:09:13,19.7,2213,0.00,26.8,80.3,----,----,3356.0375 S,15113.3151 E,11,1,T,S,V
2019-03-26 17:09:19,23.7,2280,0.00,26.8,80.3,----,----,3356.0386 S,15113.3170 E,11,1,T,S,V
2019-03-26 17:09:24,21.5,2244,0.00,26.8,80.3,----,----,3356.0402 S,15113.3169 E,11,1,T,S,V
2019-03-26 17:09:36,20.3,2225,0.04,26.8,80.3,----,----,3356.0441 S,15113.3184 E,11,1,T,S,V
2019-03-26 17:09:47,19.2,2206,0.00,26.8,80.3,----,----,3356.0417 S,15113.3203 E,11,1,T,S,V
2019-03-26 17:14:38,23.7,2280,0.00,26.4,79.5,----,----,0000.0000 N,00000.0000 W,0,0,T,S,V
2019-03-26 17:14:43,27.7,2352,0.06,26.4,79.5,----,----,0000.0000 N,00000.0000 W,0,0,T,S,V
2019-03-26 17:14:48,27.2,2343,0.04,26.4,79.5,----,----,0000.0000 N,00000.0000 W,0,0,T,S,V
2019-03-26 17:14:53,22.0,2258,0.00,26.3,79.5,----,----,0000.0000 N,00000.0000 W,0,0,T,S,V
2019-03-26 17:15:04,28.9,2378,0.07,26.3,79.5,----,----,0000.0000 N,00000.0000 W,0,0,T,S,V
2019-03-26 17:15:10,24.9,2309,0.02,26.3,79.5,----,----,0000.0000 N,00000.0000 W,0,0,T,S,V
2019-03-26 17:15:15,20.9,2237,0.07,26.3,79.5,----,----,0000.0000 N,00000.0000 W,0,0,T,S,V
2019-03-26 17:15:21,26.0,2328,0.05,26.3,79.5,----,----,0000.0000 N,00000.0000 W,0,0,T,S,V
2019-03-26 17:15:26,23.2,2279,0.00,26.3,79.4,----,----,0000.0000 N,00000.0000 W,0,0,T,S,V
2019-03-26 17:15:32,25.4,2319,0.04,26.3,79.4,----,----,3356.1358 S,15113.2321 E,3,1,T,S,V
2019-03-26 17:15:37,22.6,2268,0.00,26.3,79.5,----,----,3356.1353 S,15113.2328 E,3,1,T,S,V
2019-03-26 17:15:42,23.2,2271,0.00,26.3,79.5,----,----,3356.1345 S,15113.2306 E,3,1,T,S,V
2019-03-26 17:15:47,22.6,2262,0.05,26.3,79.4,----,----,3356.1332 S,15113.2290 E,3,1,T,S,V
2019-03-26 17:15:53,24.9,2305,0.05,26.3,79.5,----,----,3356.1342 S,15113.2246 E,3,1,T,S,V
2019-03-26 17:15:59,23.7,2284,0.02,26.3,79.5,----,----,3356.1299 S,15113.2313 E,3,1,T,S,V
2019-03-26 17:16:08,26.6,2335,0.02,26.3,79.5,----,----,3356.1316 S,15113.2278 E,5,1,T,S,V
2019-03-26 17:16:14,20.3,2228,0.03,26.3,79.5,----,----,3356.1318 S,15113.2298 E,5,1,T,S,V
2019-03-26 17:16:24,29.4,2387,0.08,26.3,79.4,----,----,3356.1313 S,15113.2323 E,5,1,T,S,V
2019-03-26 17:16:29,34.6,2470,0.10,26.3,79.4,----,----,3356.1307 S,15113.2331 E,6,1,T,S,V
2019-03-26 17:16:35,27.2,2343,0.04,26.3,79.4,----,----,3356.1294 S,15113.2327 E,6,1,T,S,V
2019-03-26 17:16:40,22.6,2268,0.02,26.3,79.5,----,----,3356.1293 S,15113.2312 E,6,1,T,S,V
2019-03-26 17:16:45,27.2,2341,0.06,26.3,79.5,----,----,3356.1297 S,15113.2304 E,6,1,T,S,V
2019-03-26 17:24:29,25.4,2314,0.07,27.0,80.6,----,----,0000.0000 N,00000.0000 W,0,0,T,S,V
2019-03-26 17:24:34,20.9,2238,0.08,27.0,80.6,----,----,0000.0000 N,00000.0000 W,0,0,T,S,V
2019-03-26 17:24:39,19.7,2214,0.05,27.0,80.6,----,----,0000.0000 N,00000.0000 W,0,0,T,S,V
2019-03-26 17:24:44,21.5,2245,0.04,27.0,80.7,----,----,0000.0000 N,00000.0000 W,0,0,T,S,V
2019-03-26 17:24:49,22.0,2253,0.07,27.0,80.7,----,----,0000.0000 N,00000.0000 W,0,0,T,S,V
2019-03-26 17:24:55,21.5,2242,0.03,27.0,80.7,----,----,0000.0000 N,00000.0000 W,0,0,T,S,V
2019-03-26 17:25:07,24.9,2305,0.04,27.0,80.7,----,----,0000.0000 N,00000.0000 W,0,0,T,S,V
2019-03-26 17:25:12,23.7,2281,0.07,27.0,80.7,----,----,0000.0000 N,00000.0000 W,0,0,T,S,V
2019-03-26 17:25:18,22.6,2263,0.02,27.0,80.7,----,----,0000.0000 N,00000.0000 W,0,0,T,S,V
2019-03-26 17:25:23,23.2,2279,0.00,27.0,80.6,----,----,0000.0000 N,00000.0000 W,0,0,T,S,V
2019-03-26 17:25:28,28.9,2378,0.10,27.0,80.6,----,----,0000.0000 N,00000.0000 W,0,0,T,S,V
2019-03-26 17:25:33,22.6,2264,0.00,27.0,80.6,----,----,0000.0000 N,00000.0000 W,0,0,T,S,V
2019-03-26 17:25:39,20.9,2237,0.04,27.0,80.6,----,----,0000.0000 N,00000.0000 W,0,0,T,S,V
2019-03-26 17:25:44,18.6,2199,0.00,27.0,80.6,----,----,0000.0000 N,00000.0000 W,0,0,T,S,V
2019-03-26 17:25:49,20.9,2235,0.00,27.0,80.6,----,----,0000.0000 N,00000.0000 W,0,0,T,S,V
2019-03-26 17:25:54,26.6,2334,0.07,27.0,80.6,----,----,0000.0000 N,00000.0000 W,0,0,T,S,V
2019-03-26 17:25:59,23.7,2289,0.08,27.0,80.6,----,----,0000.0000 N,00000.0000 W,0,0,T,S,V
2019-03-26 17:26:05,26.0,2329,0.02,27.0,80.6,----,----,0000.0000 N,00000.0000 W,0,0,T,S,V
2019-03-26 17:26:11,24.3,2297,0.00,27.0,80.7,----,----,0000.0000 N,00000.0000 W,0,0,T,S,V
2019-03-26 17:26:16,22.6,2262,0.02,27.0,80.6,----,----,0000.0000 N,00000.0000 W,0,0,T,S,V
2019-03-26 17:26:22,23.7,2280,0.02,27.0,80.7,----,----,0000.0000 N,00000.0000 W,0,0,T,S,V
2019-03-26 17:26:27,27.2,2343,0.04,27.0,80.7,----,----,0000.0000 N,00000.0000 W,0,0,T,S,V
2019-03-26 17:26:32,28.3,2361,0.07,27.0,80.7,----,----,3356.2809 S,15113.2623 E,6,1,T,S,V
2019-03-26 17:32:25,32.9,2448,0.17,28.2,82.9,----,----,0000.0000 N,00000.0000 W,0,0,T,S,V
2019-03-26 17:32:31,21.5,2249,0.04,28.2,82.8,----,----,0000.0000 N,00000.0000 W,0,0,T,S,V
2019-03-26 17:32:36,24.9,2305,0.05,28.1,82.6,----,----,0000.0000 N,00000.0000 W,0,0,T,S,V
2019-03-26 17:32:42,25.4,2319,0.08,28.1,82.6,----,----,0000.0000 N,00000.0000 W,0,0,T,S,V
2019-03-26 17:32:47,23.7,2284,0.00,28.0,82.5,----,----,0000.0000 N,00000.0000 W,0,0,T,S,V
2019-03-26 17:32:52,20.3,2229,0.00,27.9,82.3,----,----,0000.0000 N,00000.0000 W,0,0,T,S,V
2019-03-26 17:32:58,19.7,2211,0.00,27.9,82.3,----,----,0000.0000 N,00000.0000 W,0,0,T,S,V
2019-03-26 17:33:05,20.3,2226,0.02,27.9,82.2,----,----,0000.0000 N,00000.0000 W,0,0,T,S,V
2019-03-26 17:33:10,21.5,2249,0.06,27.8,82.1,----,----,0000.0000 N,00000.0000 W,0,0,T,S,V
2019-03-26 17:33:16,16.9,2164,0.02,27.8,82.0,----,----,0000.0000 N,00000.0000 W,0,0,T,S,V
2019-03-26 17:33:20,18.6,2191,0.00,27.7,82.0,----,----,0000.0000 N,00000.0000 W,0,0,T,S,V
2019-03-26 17:33:24,23.7,2282,0.02,27.7,81.9,----,----,0000.0000 N,00000.0000 W,0,0,T,S,V
2019-03-26 17:33:29,19.7,2213,0.00,27.7,81.9,----,----,0000.0000 N,00000.0000 W,0,0,T,S,V
2019-03-26 17:33:34,18.0,2180,0.02,27.7,81.8,----,----,3356.2036 S,15113.3160 E,4,1,T,S,V
2019-03-26 17:33:41,22.0,2252,0.00,27.6,81.7,----,----,3356.2037 S,15113.3250 E,4,1,T,S,V
2019-03-26 17:33:46,20.3,2226,0.00,27.6,81.7,----,----,3356.2012 S,15113.3190 E,4,1,T,S,V
2019-03-26 17:33:57,23.2,2276,0.04,27.5,81.6,----,----,3356.2038 S,15113.3238 E,5,1,T,S,V
2019-03-26 17:34:03,27.2,2346,0.00,27.5,81.6,----,----,3356.2038 S,15113.3138 E,7,1,T,S,V
2019-03-26 17:34:08,23.2,2274,0.00,27.5,81.5,----,----,3356.2025 S,15113.3148 E,7,1,T,S,V
2019-03-26 17:34:13,27.2,2344,0.04,27.4,81.4,----,----,3356.2012 S,15113.3159 E,7,1,T,S,V
2019-03-26 17:34:18,24.9,2305,0.00,27.4,81.4,----,----,3356.2060 S,15113.3162 E,7,1,T,S,V
2019-03-26 17:34:24,24.9,2301,0.04,27.4,81.4,----,----,3356.2092 S,15113.3159 E,7,1,T,S,V
2019-03-26 17:34:29,24.3,2293,0.02,27.4,81.3,----,----,3356.2110 S,15113.3174 E,7,1,T,S,V
2019-03-26 17:34:36,20.3,2229,0.02,27.3,81.2,----,----,3356.2088 S,15113.3199 E,7,1,T,S,V
2019-03-26 17:34:39,23.2,2277,0.00,27.3,81.2,----,----,3356.2100 S,15113.3228 E,7,1,T,S,V
2019-03-26 17:34:43,20.3,2223,0.00,27.3,81.1,----,----,3356.2080 S,15113.3194 E,7,1,T,S,V
2019-03-26 17:34:50,23.2,2273,0.00,27.2,81.0,----,----,3356.2067 S,15113.3197 E,6,1,T,S,V
2019-03-26 17:34:54,22.6,2264,0.00,27.2,81.0,----,----,3356.2087 S,15113.3204 E,7,1,T,S,V
2019-03-26 17:34:59,22.6,2260,0.00,27.2,81.0,----,----,3356.2091 S,15113.3212 E,7,1,T,S,V
2019-03-26 17:37:07,20.9,2231,0.00,27.5,81.6,----,----,0000.0000 N,00000.0000 W,0,0,T,S,V
2019-03-26 17:37:12,22.0,2250,0.00,27.5,81.6,----,----,0000.0000 N,00000.0000 W,0,0,T,S,V
2019-03-26 17:37:17,23.2,2270,0.00,27.5,81.6,----,----,0000.0000 N,00000.0000 W,0,0,T,S,V
2019-03-26 17:37:24,23.2,2271,0.00,27.5,81.6,----,----,0000.0000 N,00000.0000 W,0,0,T,S,V
2019-03-26 17:37:33,24.9,2301,0.06,27.5,81.6,----,----,0000.0000 N,00000.0000 W,0,0,T,S,V
2019-03-26 17:37:39,23.2,2276,0.00,27.5,81.6,----,----,0000.0000 N,00000.0000 W,0,0,T,S,V
2019-03-26 17:37:44,27.2,2342,0.05,27.5,81.5,----,----,0000.0000 N,00000.0000 W,0,0,T,S,V
2019-03-26 17:37:49,24.3,2298,0.07,27.5,81.5,----,----,0000.0000 N,00000.0000 W,0,0,T,S,V
2019-03-26 17:37:54,20.3,2224,0.00,27.5,81.5,----,----,0000.0000 N,00000.0000 W,0,0,T,S,V
2019-03-26 17:37:59,20.9,2233,0.07,27.4,81.4,----,----,0000.0000 N,00000.0000 W,0,0,T,S,V
2019-03-26 17:38:05,25.4,2311,0.05,27.4,81.4,----,----,0000.0000 N,00000.0000 W,0,0,T,S,V
2019-03-26 17:38:11,19.7,2218,0.00,27.4,81.4,----,----,0000.0000 N,00000.0000 W,0,0,T,S,V
2019-03-26 17:38:15,25.4,2312,0.05,27.4,81.4,----,----,0000.0000 N,00000.0000 W,0,0,T,S,V
2019-03-26 17:38:21,26.0,2322,0.00,27.4,81.3,----,----,0000.0000 N,00000.0000 W,0,0,T,S,V
2019-03-26 17:38:26,25.4,2312,0.00,27.4,81.3,----,----,0000.0000 N,00000.0000 W,0,0,T,S,V
2019-03-26 17:38:32,23.2,2279,0.00,27.3,81.2,----,----,3356.1573 S,15113.3156 E,4,1,T,S,V
2019-03-26 17:38:37,23.7,2280,0.04,27.3,81.2,----,----,3356.1565 S,15113.3212 E,4,1,T,S,V
2019-03-26 17:38:42,23.7,2285,0.06,27.3,81.2,----,----,3356.1567 S,15113.3215 E,4,1,T,S,V
2019-03-26 17:38:47,24.9,2301,0.00,27.3,81.1,----,----,3356.1568 S,15113.3216 E,3,1,T,S,V
2019-03-26 17:38:52,23.7,2287,0.03,27.2,81.1,----,----,3356.1571 S,15113.3250 E,4,1,T,S,V
2019-03-26 17:38:58,21.5,2247,0.00,27.2,81.1,----,----,3356.1597 S,15113.3229 E,5,1,T,S,V
2019-03-26 17:41:18,19.2,2207,0.00,27.3,81.2,----,----,0000.0000 N,00000.0000 W,0,0,T,S,V
2019-03-26 17:41:23,23.7,2282,0.00,27.3,81.2,----,----,0000.0000 N,00000.0000 W,0,0,T,S,V
2019-03-26 17:41:29,18.0,2185,0.00,27.3,81.1,----,----,0000.0000 N,00000.0000 W,0,0,T,S,V
2019-03-26 17:41:34,18.0,2181,0.00,27.2,81.1,----,----,0000.0000 N,00000.0000 W,0,0,T,S,V
2019-03-26 17:41:39,16.9,2167,0.00,27.2,81.0,----,----,0000.0000 N,00000.0000 W,0,0,T,S,V
2019-03-26 17:41:44,15.2,2137,0.00,27.2,81.0,----,----,0000.0000 N,00000.0000 W,0,0,T,S,V
2019-03-26 17:41:49,13.8,2118,0.00,27.2,81.0,----,----,0000.0000 N,00000.0000 W,0,0,T,S,V
2019-03-26 17:41:54,16.3,2150,0.00,27.2,81.0,----,----,0000.0000 N,00000.0000 W,0,0,T,S,V
2019-03-26 17:41:59,16.9,2162,0.00,27.2,81.0,----,----,0000.0000 N,00000.0000 W,0,0,T,S,V
2019-03-26 17:42:04,15.8,2140,0.03,27.2,81.0,----,----,0000.0000 N,00000.0000 W,0,0,T,S,V
2019-03-26 17:42:10,14.8,2127,0.00,27.2,81.0,----,----,0000.0000 N,00000.0000 W,0,0,T,S,V
2019-03-26 17:42:16,15.2,2134,0.00,27.2,81.0,----,----,0000.0000 N,00000.0000 W,0,0,T,S,V
2019-03-26 17:42:22,15.2,2130,0.00,27.2,81.0,----,----,0000.0000 N,00000.0000 W,0,0,T,S,V
2019-03-26 17:42:27,07.9,2057,0.00,27.2,81.0,----,----,0000.0000 N,00000.0000 W,0,0,T,S,V
2019-03-26 17:42:31,10.9,2084,0.00,27.2,81.0,----,----,0000.0000 N,00000.0000 W,0,0,T,S,V
2019-03-26 17:42:37,15.8,2148,0.00,27.2,81.0,----,----,3356.1733 S,15113.2204 E,4,1,T,S,V
2019-03-26 17:42:43,16.3,2157,0.00,27.2,81.0,----,----,3356.1760 S,15113.2195 E,4,1,T,S,V
2019-03-26 17:42:48,16.3,2151,0.00,27.2,81.0,----,----,3356.1763 S,15113.2208 E,4,1,T,S,V
2019-03-26 17:42:55,16.3,2151,0.00,27.2,81.0,----,----,3356.1765 S,15113.2216 E,5,1,T,S,V
2019-03-26 17:43:00,12.8,2102,0.00,27.2,81.0,----,----,3356.1771 S,15113.2222 E,5,1,T,S,V
2019-03-26 17:43:06,16.3,2152,0.00,27.2,80.9,----,----,3356.1782 S,15113.2207 E,5,1,T,S,V
2019-03-26 17:43:11,13.8,2119,0.00,27.2,80.9,----,----,3356.1797 S,15113.2202 E,5,1,T,S,V
2019-03-26 17:43:18,13.8,2112,0.00,27.2,80.9,----,----,3356.1813 S,15113.2208 E,5,1,T,S,V
2019-03-26 17:43:26,10.9,2087,0.00,27.1,80.9,----,----,3356.1831 S,15113.2203 E,5,1,T,S,V
2019-03-26 17:43:31,15.2,2134,0.00,27.1,80.8,----,----,3356.1855 S,15113.2198 E,6,1,T,S,V
2019-03-26 17:43:37,18.6,2191,0.00,27.1,80.8,----,----,3356.1869 S,15113.2182 E,6,1,T,S,V
2019-03-26 17:43:44,15.2,2132,0.00,27.1,80.9,----,----,3356.1956 S,15113.2166 E,7,1,T,S,V
2019-03-26 17:43:50,15.8,2140,0.00,27.1,80.9,----,----,3356.1910 S,15113.2165 E,8,1,T,S,V
2019-03-26 17:43:55,16.9,2161,0.03,27.2,80.9,----,----,3356.1888 S,15113.2159 E,9,1,T,S,V
2019-03-26 17:44:03,11.8,2095,0.00,27.2,81.0,----,----,3356.1864 S,15113.2135 E,9,1,T,S,V
2019-03-26 17:44:09,15.8,2144,0.00,27.2,81.0,----,----,3356.1846 S,15113.2115 E,9,1,T,S,V
2019-03-26 17:44:15,12.8,2103,0.00,27.2,81.0,----,----,3356.1847 S,15113.2098 E,9,1,T,S,V
2019-03-26 18:04:41,19.7,2213,0.00,27.6,81.7,----,----,0000.0000 N,00000.0000 W,0,0,T,S,V
2019-03-26 18:04:49,18.6,2197,0.00,27.5,81.5,----,----,0000.0000 N,00000.0000 W,0,0,T,S,V
2019-03-26 18:04:53,22.6,2269,0.00,27.4,81.4,----,----,0000.0000 N,00000.0000 W,0,0,T,S,V
2019-03-26 18:05:04,18.6,2192,0.06,27.2,81.1,----,----,0000.0000 N,00000.0000 W,0,0,T,S,V
2019-03-26 18:05:18,24.3,2290,0.04,27.1,80.8,----,----,0000.0000 N,00000.0000 W,0,0,T,S,V
2019-03-26 18:05:33,18.6,2197,0.00,27.0,80.6,----,----,0000.0000 N,00000.0000 W,0,0,T,S,V
2019-03-26 18:05:38,18.6,2197,0.04,26.9,80.5,----,----,0000.0000 N,00000.0000 W,0,0,T,S,V
2019-03-26 18:05:41,19.7,2218,0.00,26.9,80.5,----,----,0000.0000 N,00000.0000 W,0,0,T,S,V
2019-03-28 12:20:33,40.8,2584,0.21,22.1,71.8,----,----,0000.0000 N,00000.0000 W,0,0,T,S,V
2019-03-28 12:20:44,38.6,2548,0.39,22.3,72.2,----,----,0000.0000 N,00000.0000 W,0,0,T,S,V
2019-03-28 12:20:56,34.6,2470,0.26,22.4,72.4,----,----,0000.0000 N,00000.0000 W,0,0,T,S,V
2019-03-28 12:21:05,36.3,2500,0.19,22.5,72.5,----,----,0000.0000 N,00000.0000 W,0,0,T,S,V
2019-03-28 12:21:13,37.4,2526,0.31,22.4,72.4,----,----,0000.0000 N,00000.0000 W,0,0,T,S,V
2019-03-28 12:21:22,47.7,2701,0.27,22.4,72.4,----,----,0000.0000 N,00000.0000 W,0,0,T,S,V
2019-03-28 12:21:31,41.4,2595,0.19,22.5,72.6,----,----,0000.0000 N,00000.0000 W,0,0,T,S,V
2019-03-28 12:21:39,36.8,2514,0.15,22.6,72.8,----,----,0000.0000 N,00000.0000 W,0,0,T,S,V
2019-03-28 12:21:49,35.1,2488,0.12,22.7,73.0,----,----,0000.0000 N,00000.0000 W,0,0,T,S,V
2019-03-28 12:22:00,32.3,2432,0.15,22.9,73.2,----,----,0000.0000 N,00000.0000 W,0,0,T,S,V
2019-03-28 12:22:10,28.9,2379,0.21,23.0,73.4,----,----,3353.2636 S,15111.0772 E,6,1,T,S,V
2019-03-28 12:22:20,31.1,2416,0.12,23.0,73.5,----,----,3353.2603 S,15111.0719 E,7,1,T,S,V
2019-03-28 12:22:32,30.0,2394,0.09,23.1,73.6,----,----,3353.2697 S,15111.0705 E,7,1,T,S,V
2019-03-28 12:22:43,38.6,2548,0.19,23.2,73.8,----,----,3353.2801 S,15111.0683 E,7,1,T,S,V
2019-03-28 12:22:54,44.8,2658,0.23,23.3,74.0,----,----,3353.2851 S,15111.0699 E,7,1,T,S,V
2019-03-28 12:23:06,39.7,2561,0.27,23.4,74.2,----,----,3353.2915 S,15111.0746 E,6,1,T,S,V
2019-03-28 12:23:20,44.3,2648,0.38,23.5,74.4,----,----,3353.2974 S,15111.0795 E,7,1,T,S,V
2019-03-28 12:23:32,32.3,2432,0.07,23.7,74.6,----,----,3353.3025 S,15111.0843 E,5,1,T,S,V
2019-03-28 12:23:46,42.5,2615,0.03,23.8,74.9,----,----,3353.3079 S,15111.0908 E,5,1,T,S,V
2019-03-28 12:23:58,48.2,2715,0.22,23.9,75.1,----,----,3353.3114 S,15111.0988 E,5,1,T,S,V
2019-03-28 12:24:09,45.4,2664,0.21,24.1,75.3,----,----,3353.3084 S,15111.1034 E,7,1,T,S,V
2019-03-28 12:24:18,52.8,2794,0.32,24.1,75.5,----,----,3353.3092 S,15111.1089 E,7,1,T,S,V
2019-03-28 12:24:28,45.4,2707,0.57,24.3,75.7,----,----,3353.3062 S,15111.1088 E,7,1,T,S,V
2019-03-28 12:24:35,53.9,2818,0.36,24.3,75.9,----,----,3353.3073 S,15111.1118 E,7,1,T,S,V
2019-03-28 12:24:42,41.0,2893,0.80,24.4,76.0,----,----,3353.3063 S,15111.1146 E,7,1,T,S,V
2019-03-28 12:24:48,48.0,3071,0.74,24.5,76.1,----,----,3353.3067 S,15111.1160 E,7,1,T,S,V
2019-03-28 12:24:55,55.7,2847,0.39,24.5,76.2,----,----,3353.3043 S,15111.1155 E,6,1,T,S,V
2019-03-28 12:25:04,47.7,2830,0.64,24.6,76.3,----,----,3353.3061 S,15111.1233 E,7,1,T,S,V
2019-03-28 12:25:11,50.5,2754,0.36,24.7,76.5,----,----,3353.3064 S,15111.1259 E,7,1,T,S,V
2019-03-28 12:25:23,43.1,2626,0.15,24.8,76.6,----,----,3353.3020 S,15111.1296 E,7,1,T,S,V
2019-03-28 12:29:42,44.3,2643,0.24,26.5,79.7,----,----,3353.2933 S,15111.1378 E,11,1,T,S,V
2019-03-28 12:30:24,50.5,2750,0.31,26.7,80.1,----,----,3353.2885 S,15111.1393 E,12,1,T,S,V
2019-03-28 12:30:33,44.8,2653,0.25,26.8,80.2,----,----,3353.2838 S,15111.1414 E,12,1,T,S,V
2019-03-28 12:30:43,37.4,2521,0.20,26.8,80.3,----,----,3353.2798 S,15111.1432 E,12,1,T,S,V
2019-03-28 12:30:55,35.7,2495,0.13,26.9,80.5,----,----,3353.2749 S,15111.1453 E,12,1,T,S,V
2019-03-28 12:31:07,40.8,2582,0.11,27.0,80.7,----,----,3353.2705 S,15111.1466 E,11,1,T,S,V
2019-03-28 12:31:59,53.4,2803,0.39,27.2,81.1,----,----,3353.2650 S,15111.1441 E,11,1,T,S,V
2019-03-28 12:32:10,40.3,2578,0.18,27.3,81.2,----,----,3353.2611 S,15111.1411 E,12,1,T,S,V
2019-03-28 12:32:49,42.5,2619,0.28,27.5,81.5,----,----,3353.2602 S,15111.1317 E,12,1,T,S,V
2019-03-28 12:33:02,44.3,2641,0.11,27.5,81.6,----,----,3353.2593 S,15111.1296 E,12,1,T,S,V
2019-03-28 12:33:12,42.0,2607,0.23,27.5,81.6,----,----,3353.2583 S,15111.1280 E,12,1,T,S,V
2019-03-28 12:33:21,42.5,2613,0.23,27.5,81.6,----,----,3353.2573 S,15111.1236 E,11,1,T,S,V
2019-03-28 12:33:33,39.1,2553,0.18,27.6,81.7,----,----,3353.2568 S,15111.1174 E,11,1,T,S,V
2019-03-28 12:33:46,36.3,2502,0.10,27.6,81.7,----,----,3353.2561 S,15111.1110 E,11,1,T,S,V
2019-03-28 12:33:58,37.4,2527,0.19,27.6,81.7,----,----,3353.2554 S,15111.1033 E,11,1,T,S,V
2019-03-28 12:34:08,39.1,2554,0.14,27.6,81.8,----,----,3353.2545 S,15111.0997 E,11,1,T,S,V
2019-03-28 12:34:17,34.0,2465,0.07,27.6,81.8,----,----,3353.2525 S,15111.0949 E,11,1,T,S,V
2019-03-28 12:34:31,35.1,2480,0.06,27.7,81.9,----,----,3353.2566 S,15111.0875 E,11,1,T,S,V
2019-03-28 12:34:48,43.1,2626,0.19,27.8,82.1,----,----,3353.2618 S,15111.0862 E,12,1,T,S,V
2019-03-28 12:34:59,38.6,2543,0.00,27.9,82.2,----,----,3353.2677 S,15111.0859 E,12,1,T,S,V
2019-03-28 12:35:16,37.4,2529,0.31,28.0,82.4,----,----,3353.2761 S,15111.0846 E,12,1,T,S,V
2019-03-28 12:35:30,35.7,2491,0.11,28.0,82.5,----,----,3353.2833 S,15111.0839 E,12,1,T,S,V
2019-03-28 12:35:42,39.1,2550,0.09,28.1,82.6,----,----,3353.2875 S,15111.0883 E,12,1,T,S,V
2019-03-28 12:35:55,34.6,2478,0.12,28.2,82.7,----,----,3353.2928 S,15111.0938 E,12,1,T,S,V
2019-03-28 12:36:08,44.8,2657,0.26,28.3,82.9,----,----,3353.2963 S,15111.1016 E,12,1,T,S,V
2019-03-28 12:36:21,44.8,2653,0.16,28.3,83.0,----,----,3353.2965 S,15111.1108 E,12,1,T,S,V
2019-03-28 12:36:38,42.5,2615,0.18,28.4,83.1,----,----,3353.2946 S,15111.1208 E,12,1,T,S,V
2019-03-28 12:36:52,43.1,2625,0.39,28.4,83.2,----,----,3353.2882 S,15111.1255 E,12,1,T,S,V
2019-03-28 12:37:08,44.3,2644,0.22,28.4,83.2,----,----,3353.2789 S,15111.1281 E,12,1,T,S,V
2019-03-28 12:37:21,38.0,2531,0.23,28.5,83.3,----,----,3353.2713 S,15111.1276 E,12,1,T,S,V
2019-03-28 12:37:32,38.6,2540,0.12,28.5,83.4,----,----,3353.2665 S,15111.1250 E,12,1,T,S,V
2019-03-28 12:37:44,40.3,2571,0.20,28.6,83.5,----,----,3353.2633 S,15111.1196 E,12,1,T,S,V
2019-03-28 12:37:50,36.8,2512,0.13,28.6,83.5,----,----,3353.2623 S,15111.1167 E,12,1,T,S,V
2019-03-28 12:37:57,40.3,2572,0.31,28.6,83.5,----,----,3353.2620 S,15111.1143 E,11,1,T,S,V
2019-03-28 12:38:05,35.7,2491,0.24,28.6,83.5,----,----,3353.2615 S,15111.1123 E,12,1,T,S,V
2019-03-28 12:38:18,31.7,2428,0.08,28.6,83.5,----,----,3353.2605 S,15111.1068 E,12,1,T,S,V
2019-03-28 12:38:30,35.7,2498,0.05,28.7,83.6,----,----,3353.2591 S,15111.1006 E,12,1,T,S,V
2019-03-28 12:38:42,37.4,2528,0.20,28.7,83.8,----,----,3353.2618 S,15111.0948 E,12,1,T,S,V
2019-03-28 12:38:56,35.7,2496,0.21,28.8,83.9,----,----,3353.2698 S,15111.0897 E,12,1,T,S,V
2019-03-28 12:39:10,35.1,2481,0.10,28.8,83.9,----,----,3353.2768 S,15111.0884 E,12,1,T,S,V
2019-03-28 12:39:21,36.3,2506,0.05,28.8,83.9,----,----,3353.2829 S,15111.0911 E,12,1,T,S,V
2019-03-28 12:39:38,30.0,2394,0.05,28.8,83.8,----,----,3353.2872 S,15111.1018 E,12,1,T,S,V
2019-03-28 12:39:49,31.1,2414,0.15,28.7,83.7,----,----,3353.2877 S,15111.1103 E,12,1,T,S,V
2019-03-28 12:40:00,43.1,2623,0.32,28.7,83.6,----,----,3353.2857 S,15111.1168 E,12,1,T,S,V
2019-03-28 12:40:14,47.1,2691,0.16,28.6,83.6,----,----,3353.2783 S,15111.1195 E,12,1,T,S,V
2019-03-28 12:40:25,36.8,2512,0.35,28.6,83.5,----,----,3353.2728 S,15111.1207 E,12,1,T,S,V
2019-03-28 12:40:34,50.5,2756,0.21,28.6,83.5,----,----,3353.2683 S,15111.1201 E,12,1,T,S,V
2019-03-28 12:40:41,45.4,2666,0.32,28.5,83.3,----,----,3353.2672 S,15111.1166 E,12,1,T,S,V
2019-03-28 12:40:49,48.8,2722,0.31,28.5,83.3,----,----,3353.2662 S,15111.1131 E,12,1,T,S,V
2019-03-28 12:41:00,45.4,2666,0.34,28.4,83.2,----,----,3353.2648 S,15111.1081 E,12,1,T,S,V
2019-03-28 12:41:15,37.4,2523,0.07,28.4,83.1,----,----,3353.2635 S,15111.1000 E,12,1,T,S,V
2019-03-28 12:41:25,37.4,2520,0.03,28.3,83.0,----,----,3353.2670 S,15111.0962 E,12,1,T,S,V
2019-03-28 12:41:29,37.4,2520,0.00,28.3,83.0,----,----,3353.2671 S,15111.0978 E,12,1,T,S,V
2019-03-28 12:41:40,44.3,2648,0.16,28.2,82.9,----,----,3353.2719 S,15111.0958 E,12,1,T,S,V
2019-03-28 12:41:52,39.1,2555,0.20,28.2,82.8,----,----,3353.2771 S,15111.0939 E,11,1,T,S,V
2019-03-28 12:42:02,34.0,2463,0.07,28.1,82.7,----,----,3353.2825 S,15111.0942 E,12,1,T,S,V
2019-03-28 12:42:14,40.3,2576,0.07,28.1,82.6,----,----,3353.2839 S,15111.0999 E,12,1,T,S,V
2019-03-28 12:42:22,32.9,2447,0.13,28.0,82.5,----,----,3353.2836 S,15111.1027 E,12,1,T,S,V
2019-03-28 12:42:38,47.7,2705,0.48,28.0,82.4,----,----,3353.2847 S,15111.1072 E,12,1,T,S,V
2019-03-28 12:42:46,50.0,2743,0.29,27.9,82.3,----,----,3353.2858 S,15111.1116 E,12,1,T,S,V
2019-03-28 12:42:59,36.8,2518,0.12,27.9,82.3,----,----,3353.2827 S,15111.1144 E,12,1,T,S,V
2019-03-28 12:43:12,46.5,2680,0.29,27.8,82.1,----,----,3353.2760 S,15111.1161 E,12,1,T,S,V
2019-03-28 12:43:25,55.7,2842,0.40,27.7,82.0,----,----,3353.2708 S,15111.1177 E,12,1,T,S,V
2019-03-28 12:43:36,47.7,2704,0.42,27.7,81.9,----,----,3353.2661 S,15111.1132 E,12,1,T,S,V
2019-03-28 12:43:45,39.7,2563,0.22,27.7,81.8,----,----,3353.2654 S,15111.1083 E,12,1,T,S,V
2019-03-28 12:43:54,40.3,2579,0.05,27.6,81.7,----,----,3353.2649 S,15111.1035 E,12,1,T,S,V
2019-03-28 12:44:01,33.3,2799,0.99,27.6,81.6,----,----,3353.2675 S,15111.1000 E,12,1,T,S,V
2019-03-28 12:44:10,20.9,2235,0.14,27.6,81.6,----,----,3353.2713 S,15111.0990 E,12,1,T,S,V
2019-03-28 12:44:14,00.0,1956,0.00,27.6,81.6,----,----,3353.2719 S,15111.0993 E,12,1,T,S,V
2019-03-28 12:44:22,31.1,2410,0.35,27.5,81.6,----,----,3353.2760 S,15111.0968 E,12,1,T,S,V
2019-03-28 12:44:30,40.8,2580,0.48,27.5,81.6,----,----,3353.2785 S,15111.0965 E,12,1,T,S,V
2019-03-28 12:44:38,26.0,2327,0.21,27.5,81.6,----,----,3353.2802 S,15111.0960 E,12,1,T,S,V
2019-03-28 12:44:45,44.5,2652,0.51,27.5,81.6,----,----,3353.2810 S,15111.0990 E,12,1,T,S,V
2019-03-28 12:44:55,42.5,2615,0.36,27.5,81.6,----,----,3353.2825 S,15111.1031 E,12,1,T,S,V
2019-03-28 12:45:02,38.0,2533,0.31,27.5,81.5,----,----,3353.2827 S,15111.1061 E,12,1,T,S,V
2019-03-28 12:45:10,38.8,2604,0.67,27.4,81.4,----,----,3353.2831 S,15111.1099 E,12,1,T,S,V
2019-03-28 12:45:19,37.8,2536,0.53,27.4,81.4,----,----,3353.2839 S,15111.1129 E,12,1,T,S,V
2019-03-28 12:45:28,32.9,2448,0.16,27.4,81.3,----,----,3353.2798 S,15111.1131 E,12,1,T,S,V
2019-03-28 12:45:38,43.1,2624,0.41,27.3,81.2,----,----,3353.2749 S,15111.1151 E,12,1,T,S,V
2019-03-28 12:45:46,43.7,2632,0.39,27.3,81.2,----,----,3353.2714 S,15111.1168 E,12,1,T,S,V
2019-05-01 13:23:10,21.5,2248,0.07,21.5,70.7,----,----,0000.0000 N,00000.0000 W,0,0,T,S,V
2019-05-01 13:23:21,26.0,2320,0.18,21.5,70.7,----,----,0000.0000 N,00000.0000 W,0,0,T,S,V
2019-05-01 13:23:29,18.6,2194,0.17,21.5,70.7,----,----,0000.0000 N,00000.0000 W,0,0,T,S,V
2019-05-01 13:23:37,19.7,2211,0.18,21.5,70.7,----,----,3353.2042 S,15111.0758 E,5,1,T,S,V
2019-05-01 13:23:43,22.6,2264,0.11,21.5,70.7,----,----,3353.1992 S,15111.0765 E,5,1,T,S,V
2019-05-01 13:23:50,24.3,2293,0.20,21.5,70.7,----,----,3353.1972 S,15111.0736 E,7,1,T,S,V
2019-05-01 13:23:56,18.6,2199,0.16,21.4,70.6,----,----,3353.1971 S,15111.0720 E,7,1,T,S,V
2019-05-01 13:24:05,22.0,2250,0.17,21.4,70.6,----,----,3353.1975 S,15111.0688 E,9,1,T,S,V
2019-05-01 13:24:12,22.6,2268,0.24,21.4,70.5,----,----,3353.1953 S,15111.0697 E,9,1,T,S,V
2019-05-01 13:24:16,26.0,2328,0.18,21.4,70.5,----,----,3353.1950 S,15111.0709 E,8,1,T,S,V
2019-05-01 13:24:22,20.9,2235,0.16,21.4,70.5,----,----,3353.1941 S,15111.0688 E,9,1,T,S,V
2019-05-01 13:24:29,28.3,2367,0.32,21.3,70.5,----,----,3353.1939 S,15111.0671 E,9,1,T,S,V
2019-05-01 13:24:36,23.7,2284,0.37,21.3,70.5,----,----,3353.1921 S,15111.0670 E,9,1,T,S,V
2019-05-01 13:24:42,20.9,2235,0.07,21.3,70.4,----,----,3353.1896 S,15111.0677 E,9,1,T,S,V
2019-05-01 13:24:47,27.2,2342,0.24,21.3,70.4,----,----,3353.1890 S,15111.0680 E,9,1,T,S,V
2019-05-01 13:24:51,35.7,2492,0.32,21.3,70.4,----,----,3353.1893 S,15111.0696 E,9,1,T,S,V
2019-05-01 13:24:56,39.7,2563,0.42,21.3,70.4,----,----,3353.1896 S,15111.0715 E,9,1,T,S,V
2019-05-01 13:25:01,42.5,2619,0.30,21.3,70.3,----,----,3353.1897 S,15111.0742 E,9,1,T,S,V
2019-05-01 13:25:07,41.4,2596,0.34,21.3,70.3,----,----,3353.1886 S,15111.0768 E,9,1,T,S,V
2019-05-01 13:25:14,32.3,2431,0.31,21.3,70.3,----,----,3353.1888 S,15111.0799 E,9,1,T,S,V
2019-05-01 13:25:21,35.1,2487,0.35,21.3,70.3,----,----,3353.1886 S,15111.0821 E,9,1,T,S,V
2019-05-01 13:25:28,30.6,2409,0.25,21.2,70.3,----,----,3353.1881 S,15111.0847 E,9,1,T,S,V
2019-05-01 13:25:34,47.2,2708,0.52,21.2,70.3,----,----,3353.1884 S,15111.0881 E,9,1,T,S,V
2019-05-01 13:25:40,40.8,2585,0.33,21.2,70.2,----,----,3353.1886 S,15111.0895 E,9,1,T,S,V
2019-05-01 13:25:47,41.4,2594,0.44,21.2,70.2,----,----,3353.1882 S,15111.0918 E,9,1,T,S,V
2019-05-01 13:25:55,43.7,2631,0.40,21.2,70.2,----,----,3353.1890 S,15111.0928 E,9,1,T,S,V
2019-05-01 13:26:00,35.7,2491,0.46,21.2,70.2,----,----,3353.1895 S,15111.0940 E,9,1,T,S,V
2019-05-01 13:26:06,32.3,2432,0.27,21.2,70.2,----,----,3353.1887 S,15111.0963 E,9,1,T,S,V
2019-05-01 13:26:11,31.7,2425,0.28,21.2,70.1,----,----,3353.1885 S,15111.0983 E,9,1,T,S,V
2019-05-01 13:26:21,29.4,2382,0.24,21.2,70.1,----,----,3353.1923 S,15111.0947 E,9,1,T,S,V
2019-05-01 13:26:26,38.0,2538,0.35,21.1,70.1,----,----,3353.1940 S,15111.0942 E,9,1,T,S,V
2019-05-01 13:26:42,20.9,2232,0.10,21.2,70.1,----,----,3353.2021 S,15111.0919 E,9,1,T,S,V
2019-05-01 13:27:07,23.2,2271,0.18,21.1,70.0,----,----,3353.2166 S,15111.0917 E,9,1,T,S,V
2019-05-01 13:27:11,27.2,2344,0.23,21.1,69.9,----,----,3353.2172 S,15111.0918 E,9,1,T,S,V
2019-05-01 13:27:15,23.7,2289,0.20,21.1,69.9,----,----,3353.2173 S,15111.0925 E,9,1,T,S,V
2019-05-01 13:27:30,31.7,2425,0.15,21.0,69.9,----,----,3353.2112 S,15111.1016 E,9,1,T,S,V
2019-05-01 13:27:46,26.6,2334,0.11,21.1,70.0,----,----,3353.2050 S,15111.1094 E,9,1,T,S,V
2019-05-01 13:27:58,39.1,2553,0.14,21.1,70.0,----,----,3353.2010 S,15111.1110 E,9,1,T,S,V
2019-05-01 13:28:06,36.8,2516,0.18,21.1,70.0,----,----,3353.1991 S,15111.1115 E,9,1,T,S,V
2019-05-01 13:28:16,29.4,2381,0.12,21.1,70.0,----,----,3353.1950 S,15111.1131 E,9,1,T,S,V
2019-05-01 13:28:28,32.9,2446,0.26,21.1,69.9,----,----,3353.1892 S,15111.1149 E,9,1,T,S,V
2019-05-01 13:28:35,32.9,2440,0.22,21.1,69.9,----,----,3353.1868 S,15111.1166 E,9,1,T,S,V
2019-05-01 13:29:04,54.0,3606,2.08,21.0,69.9,----,----,3353.1865 S,15111.1310 E,9,1,T,S,V
2019-05-01 13:29:09,55.4,3549,1.87,21.0,69.8,----,----,3353.1865 S,15111.1323 E,9,1,T,S,V
2019-05-01 13:29:22,55.7,3577,1.83,21.0,69.9,----,----,3353.1882 S,15111.1301 E,9,1,T,S,V
2019-05-01 13:29:55,58.8,3293,1.38,21.0,69.9,----,----,3353.1975 S,15111.1295 E,9,1,T,S,V
2019-05-02 12:10:47,56.8,3492,1.67,21.6,71.0,----,----,0000.0000 N,00000.0000 W,0,0,T,S,V
2019-05-02 12:10:59,57.6,3380,1.56,21.7,71.1,----,----,0000.0000 N,00000.0000 W,0,0,T,S,V
2019-05-02 12:11:10,56.7,3576,1.69,21.7,71.1,----,----,0000.0000 N,00000.0000 W,0,0,T,S,V
2019-05-02 12:11:40,56.2,3497,1.75,21.7,71.2,----,----,0000.0000 N,00000.0000 W,0,0,T,S,V
2019-05-02 12:12:15,57.6,3540,1.55,21.7,71.2,----,----,3353.1930 S,15111.1284 E,5,1,T,S,V
2019-05-02 12:30:00,45.5,2998,0.75,29.3,84.8,----,----,0000.0000 N,00000.0000 W,0,0,T,S,V
2019-05-02 12:32:23,54.6,3757,1.99,29.9,85.9,----,----,0000.0000 N,00000.0000 W,0,0,T,S,V
2019-05-02 12:33:14,56.7,3656,1.68,29.9,85.9,----,----,0000.0000 N,00000.0000 W,0,0,T,S,V
2019-05-02 12:34:44,32.9,2443,0.20,29.9,85.9,----,----,0000.0000 N,00000.0000 W,0,0,T,S,V
2019-05-02 12:36:55,30.6,2400,0.17,29.1,84.4,----,----,0000.0000 N,00000.0000 W,0,0,T,S,V
2019-09-25 10:44:21,32.3,2434,0.07,18.2,64.8,----,----,0000.0000 N,00000.0000 W,0,0,T,S,V
2019-09-25 10:44:25,29.4,2385,0.10,18.3,64.9,----,----,0000.0000 N,00000.0000 W,0,0,T,S,V
2019-09-25 10:44:28,30.6,2403,0.04,18.3,64.9,----,----,0000.0000 N,00000.0000 W,0,0,T,S,V
2019-09-25 10:44:31,29.4,2386,0.11,18.3,64.9,----,----,0000.0000 N,00000.0000 W,0,0,T,S,V
2019-09-25 10:44:35,30.6,2408,0.11,18.3,65.0,----,----,0000.0000 N,00000.0000 W,0,0,T,S,V
2019-09-25 10:44:38,32.3,2434,0.15,18.3,65.0,----,----,0000.0000 N,00000.0000 W,0,0,T,S,V
2019-09-25 10:44:44,34.0,2460,0.15,18.3,65.0,----,----,0000.0000 N,00000.0000 W,0,0,T,S,V
2019-09-25 10:44:46,28.9,2373,0.09,18.3,65.0,----,----,0000.0000 N,00000.0000 W,0,0,T,S,V
2019-09-25 10:44:49,34.6,2472,0.11,18.3,65.0,----,----,0000.0000 N,00000.0000 W,0,0,T,S,V
2019-09-25 10:44:52,24.9,2306,0.08,18.3,65.0,----,----,0000.0000 N,00000.0000 W,0,0,T,S,V
2019-09-25 10:52:03,34.0,2466,0.06,18.4,65.1,----,----,0000.0000 N,00000.0000 W,0,0,T,S,V
2019-09-25 10:52:06,30.0,2397,0.06,18.4,65.1,----,----,0000.0000 N,00000.0000 W,0,0,T,S,V
2019-09-25 10:52:08,29.4,2389,0.05,18.4,65.1,----,----,0000.0000 N,00000.0000 W,0,0,T,S,V
2019-09-25 10:52:10,30.0,2391,0.11,18.4,65.1,----,----,0000.0000 N,00000.0000 W,0,0,T,S,V
2019-09-25 10:52:13,23.7,2287,0.05,18.4,65.2,----,----,0000.0000 N,00000.0000 W,0,0,T,S,V
2019-09-25 10:52:15,34.0,2467,0.12,18.4,65.2,----,----,0000.0000 N,00000.0000 W,0,0,T,S,V
2019-09-25 10:52:18,27.7,2351,0.03,18.4,65.2,----,----,0000.0000 N,00000.0000 W,0,0,T,S,V
2019-09-25 10:52:22,32.9,2442,0.10,18.4,65.2,----,----,0000.0000 N,00000.0000 W,0,0,T,S,V
2019-09-25 10:52:24,31.1,2414,0.13,18.4,65.2,----,----,0000.0000 N,00000.0000 W,0,0,T,S,V
2019-09-25 10:52:27,29.4,2381,0.09,18.5,65.3,----,----,0000.0000 N,00000.0000 W,0,0,T,S,V
2019-09-25 10:52:30,30.6,2400,0.08,18.4,65.2,----,----,3355.8917 S,15113.2786 E,5,1,T,S,V
2019-09-25 10:52:33,28.9,2375,0.04,18.4,65.2,----,----,3355.8922 S,15113.2791 E,4,1,T,S,V
2019-09-25 10:52:36,23.2,2276,0.11,18.5,65.3,----,----,3355.8918 S,15113.2784 E,4,1,T,S,V
2019-09-25 10:52:38,21.5,2245,0.11,18.5,65.3,----,----,3355.8912 S,15113.2781 E,4,1,T,S,V
2019-09-25 10:52:40,20.9,2236,0.07,18.5,65.3,----,----,3355.8914 S,15113.2781 E,4,1,T,S,V
2019-09-25 10:52:43,32.3,2435,0.05,18.5,65.4,----,----,3355.8916 S,15113.2783 E,4,1,T,S,V
2019-09-25 10:52:46,27.7,2359,0.06,18.5,65.4,----,----,3355.8913 S,15113.2780 E,4,1,T,S,V
2019-09-25 10:52:48,31.1,2411,0.08,18.5,65.4,----,----,3355.8909 S,15113.2775 E,4,1,T,S,V
2019-09-25 10:52:51,16.9,2166,0.02,18.6,65.4,----,----,3355.8909 S,15113.2777 E,4,1,T,S,V
2019-09-25 10:52:53,24.3,2297,0.07,18.6,65.4,----,----,3355.8912 S,15113.2780 E,4,1,T,S,V
2019-09-25 10:52:56,30.6,2401,0.18,18.6,65.5,----,----,3355.8907 S,15113.2782 E,4,1,T,S,V
2019-09-25 10:52:59,31.7,2426,0.14,18.6,65.5,----,----,3355.8908 S,15113.2783 E,4,1,T,S,V
2019-09-25 10:53:01,26.6,2333,0.07,18.6,65.6,----,----,3355.8915 S,15113.2785 E,4,1,T,S,V
2019-09-25 10:53:04,29.4,2387,0.10,18.6,65.6,----,----,3355.8920 S,15113.2787 E,4,1,T,S,V
2019-09-25 10:53:06,31.1,2415,0.07,18.7,65.6,----,----,3355.8920 S,15113.2790 E,4,1,T,S,V
2019-09-25 10:53:09,30.6,2401,0.13,18.7,65.7,----,----,3355.8922 S,15113.2793 E,4,1,T,S,V
2019-09-25 10:53:12,28.9,2378,0.10,18.7,65.7,----,----,3355.8920 S,15113.2794 E,4,1,T,S,V
2019-09-25 10:53:14,32.9,2447,0.12,18.7,65.8,----,----,3355.8917 S,15113.2791 E,4,1,T,S,V
2019-09-25 10:53:17,31.1,2416,0.10,18.8,65.8,----,----,3355.8918 S,15113.2789 E,4,1,T,S,V
2019-09-25 10:53:20,31.7,2428,0.08,18.8,65.8,----,----,3355.8923 S,15113.2792 E,4,1,T,S,V
2019-09-25 10:53:23,35.1,2480,0.11,18.8,65.9,----,----,3355.8925 S,15113.2800 E,4,1,T,S,V
2019-09-25 10:53:25,36.8,2514,0.11,18.8,65.9,----,----,3355.8928 S,15113.2800 E,4,1,T,S,V
2019-09-25 10:53:28,35.7,2491,0.11,18.8,65.9,----,----,3355.8916 S,15113.2793 E,4,1,T,S,V
2019-09-25 10:53:31,28.9,2376,0.16,18.8,66.0,----,----,3355.8916 S,15113.2794 E,4,1,T,S,V
2019-09-25 10:53:33,30.6,2409,0.12,18.9,66.0,----,----,3355.8911 S,15113.2793 E,4,1,T,S,V
2019-09-25 10:53:36,32.9,2445,0.08,18.9,66.0,----,----,3355.8911 S,15113.2793 E,4,1,T,S,V
2019-09-25 10:53:38,34.0,2462,0.17,18.9,66.0,----,----,3355.8911 S,15113.2794 E,4,1,T,S,V
2019-09-25 10:53:41,32.3,2430,0.12,18.9,66.1,----,----,3355.8914 S,15113.2795 E,4,1,T,S,V
2019-09-25 10:53:43,33.4,2457,0.13,18.9,66.1,----,----,3355.8909 S,15113.2788 E,4,1,T,S,V
2019-09-25 10:53:46,34.0,2462,0.12,19.0,66.2,----,----,3355.8911 S,15113.2789 E,4,1,T,S,V
2019-09-25 10:53:51,34.0,2460,0.12,19.0,66.2,----,----,3355.8903 S,15113.2792 E,4,1,T,S,V
2019-09-25 10:53:54,35.1,2486,0.13,19.0,66.2,----,----,3355.8905 S,15113.2794 E,4,1,T,S,V
2019-09-25 10:53:56,31.7,2421,0.11,19.0,66.3,----,----,3355.8918 S,15113.2797 E,4,1,T,S,V
2019-09-25 10:53:59,23.2,2272,0.09,19.0,66.3,----,----,3355.8917 S,15113.2797 E,4,1,T,S,V
2019-09-25 10:54:01,31.1,2417,0.11,19.1,66.4,----,----,3355.8915 S,15113.2806 E,5,1,T,S,V
2019-09-25 10:54:04,30.0,2393,0.11,19.1,66.4,----,----,3355.8918 S,15113.2814 E,5,1,T,S,V
2019-09-25 10:54:06,27.7,2352,0.13,19.1,66.4,----,----,3355.8915 S,15113.2814 E,5,1,T,S,V
2019-09-25 10:54:09,30.6,2402,0.08,19.1,66.4,----,----,3355.8909 S,15113.2809 E,5,1,T,S,V
2019-09-25 10:54:12,32.3,2431,0.05,19.1,66.5,----,----,3355.8899 S,15113.2801 E,5,1,T,S,V
2019-09-25 10:54:15,30.0,2390,0.08,19.1,66.5,----,----,3355.8899 S,15113.2801 E,5,1,T,S,V
2019-09-25 10:54:18,28.3,2369,0.05,19.2,66.5,----,----,3355.8890 S,15113.2797 E,5,1,T,S,V
2019-09-25 10:54:21,32.9,2443,0.08,19.2,66.6,----,----,3355.8884 S,15113.2791 E,5,1,T,S,V
2019-09-25 10:54:24,26.6,2336,0.11,19.2,66.6,----,----,3355.8886 S,15113.2793 E,5,1,T,S,V
2019-09-25 10:54:26,30.0,2395,0.04,19.2,66.7,----,----,3355.8880 S,15113.2792 E,5,1,T,S,V
2019-09-25 10:54:29,32.9,2443,0.07,19.3,66.7,----,----,3355.8874 S,15113.2790 E,5,1,T,S,V
2019-09-25 10:54:31,29.4,2382,0.12,19.3,66.7,----,----,3355.8877 S,15113.2797 E,5,1,T,S,V
2019-09-25 10:54:34,27.2,2343,0.08,19.3,66.7,----,----,3355.8875 S,15113.2798 E,5,1,T,S,V
2019-09-25 10:54:37,32.9,2443,0.11,19.3,66.7,----,----,3355.8880 S,15113.2800 E,5,1,T,S,V
2019-09-25 10:54:39,24.3,2299,0.06,19.3,66.8,----,----,3355.8879 S,15113.2797 E,5,1,T,S,V
2019-09-25 10:54:42,28.9,2373,0.04,19.3,66.8,----,----,3355.8881 S,15113.2798 E,5,1,T,S,V
2019-09-25 10:54:46,34.0,2467,0.07,19.3,66.9,----,----,3355.8877 S,15113.2802 E,5,1,T,S,V
2019-09-25 10:54:46,34.0,2467,0.08,19.3,66.9,----,----,3355.8879 S,15113.2802 E,5,1,T,S,V
2019-09-25 10:55:53,28.9,2376,0.03,19.8,67.7,----,----,3355.8821 S,15113.2701 E,9,1,T,S,V
2019-09-25 10:55:56,32.3,2435,0.07,19.8,67.7,----,----,3355.8817 S,15113.2703 E,9,1,T,S,V
2019-09-25 10:55:58,30.6,2404,0.00,19.8,67.7,----,----,3355.8817 S,15113.2704 E,9,1,T,S,V
2019-09-25 10:56:01,32.3,2433,0.13,19.8,67.7,----,----,3355.8818 S,15113.2706 E,9,1,T,S,V
2019-09-25 10:56:04,32.3,2431,0.07,19.9,67.8,----,----,3355.8816 S,15113.2704 E,9,1,T,S,V
2019-09-25 10:56:09,34.6,2472,0.06,19.9,67.8,----,----,3355.8817 S,15113.2698 E,9,1,T,S,V
2019-09-25 10:56:12,32.9,2446,0.07,19.9,67.9,----,----,3355.8816 S,15113.2696 E,9,1,T,S,V
2019-09-25 10:56:15,32.9,2448,0.12,19.9,67.9,----,----,3355.8814 S,15113.2696 E,9,1,T,S,V
2019-09-25 10:56:27,35.7,2498,0.04,20.0,68.0,----,----,3355.8809 S,15113.2698 E,9,1,T,S,V
2019-09-25 10:56:30,36.8,2512,0.06,20.0,68.0,----,----,3355.8811 S,15113.2697 E,9,1,T,S,V
2019-09-25 10:56:32,38.6,2543,0.09,20.0,68.0,----,----,3355.8807 S,15113.2695 E,9,1,T,S,V
2019-09-25 10:56:35,36.8,2518,0.12,20.0,68.0,----,----,3355.8807 S,15113.2695 E,9,1,T,S,V
2019-09-25 10:56:38,37.4,2529,0.14,20.0,68.1,----,----,3355.8803 S,15113.2693 E,9,1,T,S,V
2019-09-25 10:56:40,37.4,2520,0.12,20.0,68.1,----,----,3355.8805 S,15113.2698 E,9,1,T,S,V
2019-09-25 10:56:43,39.7,2561,0.11,20.1,68.2,----,----,3355.8803 S,15113.2700 E,9,1,T,S,V
2019-09-25 10:56:46,31.7,2421,0.07,20.1,68.2,----,----,3355.8802 S,15113.2701 E,9,1,T,S,V
2019-09-25 10:56:48,38.6,2544,0.10,20.1,68.2,----,----,3355.8804 S,15113.2700 E,9,1,T,S,V
2019-09-25 10:56:51,35.1,2489,0.05,20.1,68.2,----,----,3355.8804 S,15113.2705 E,9,1,T,S,V
2019-09-25 10:56:55,36.8,2519,0.04,20.1,68.2,----,----,3355.8803 S,15113.2705 E,9,1,T,S,V
2019-09-25 10:56:58,42.5,2619,0.11,20.1,68.3,----,----,3355.8803 S,15113.2704 E,9,1,T,S,V
2019-09-25 10:57:00,38.0,2533,0.08,20.1,68.3,----,----,3355.8801 S,15113.2703 E,9,1,T,S,V
2019-09-25 10:57:03,35.1,2482,0.08,20.2,68.3,----,----,3355.8799 S,15113.2704 E,9,1,T,S,V
2019-09-25 10:57:06,36.8,2519,0.15,20.2,68.4,----,----,3355.8794 S,15113.2704 E,9,1,T,S,V
2019-09-25 10:57:08,37.4,2528,0.10,20.2,68.4,----,----,3355.8794 S,15113.2703 E,9,1,T,S,V
2019-09-25 10:57:11,31.1,2418,0.00,20.2,68.4,----,----,3355.8793 S,15113.2702 E,9,1,T,S,V
2019-09-25 10:57:14,38.0,2536,0.00,20.2,68.4,----,----,3355.8793 S,15113.2700 E,9,1,T,S,V
2019-09-25 10:57:16,35.1,2481,0.07,20.2,68.4,----,----,3355.8794 S,15113.2700 E,9,1,T,S,V
2019-09-25 10:57:19,40.3,2579,0.11,20.2,68.5,----,----,3355.8792 S,15113.2700 E,9,1,T,S,V
2019-09-25 10:57:24,28.3,2366,0.06,20.3,68.5,----,----,3355.8800 S,15113.2709 E,9,1,T,S,V
2019-09-25 10:57:27,32.9,2441,0.03,20.3,68.6,----,----,3355.8801 S,15113.2708 E,9,1,T,S,V
2019-09-25 10:57:29,35.1,2488,0.08,20.3,68.6,----,----,3355.8799 S,15113.2703 E,9,1,T,S,V
2019-09-25 10:57:32,31.7,2423,0.02,20.3,68.6,----,----,3355.8795 S,15113.2701 E,9,1,T,S,V
2019-09-25 10:57:34,32.9,2445,0.08,20.3,68.6,----,----,3355.8795 S,15113.2704 E,9,1,T,S,V
2019-09-25 10:57:36,26.6,2333,0.05,20.3,68.6,----,----,3355.8793 S,15113.2704 E,9,1,T,S,V
2019-09-25 10:57:39,27.2,2346,0.06,20.4,68.7,----,----,3355.8792 S,15113.2704 E,9,1,T,S,V
2019-09-25 10:57:41,28.9,2377,0.07,20.4,68.7,----,----,3355.8794 S,15113.2707 E,9,1,T,S,V
2019-09-25 10:57:44,27.2,2349,0.09,20.4,68.7,----,----,3355.8796 S,15113.2710 E,9,1,T,S,V
2019-09-25 10:57:47,31.1,2413,0.08,20.4,68.8,----,----,3355.8801 S,15113.2714 E,9,1,T,S,V
2019-09-25 10:57:50,26.0,2327,0.07,20.4,68.8,----,----,3355.8795 S,15113.2717 E,9,1,T,S,V
2019-09-25 10:57:53,26.6,2330,0.10,20.4,68.8,----,----,3355.8794 S,15113.2716 E,9,1,T,S,V
2019-09-25 10:57:55,26.6,2337,0.07,20.4,68.8,----,----,3355.8790 S,15113.2711 E,9,1,T,S,V
2019-09-25 10:57:58,27.7,2353,0.04,20.4,68.8,----,----,3355.8787 S,15113.2710 E,9,1,T,S,V
2019-09-25 10:58:00,29.4,2385,0.05,20.5,68.9,----,----,3355.8786 S,15113.2708 E,9,1,T,S,V
2019-09-25 10:58:03,26.6,2331,0.06,20.5,68.9,----,----,3355.8785 S,15113.2705 E,9,1,T,S,V
2019-09-25 10:58:05,26.0,2322,0.05,20.5,68.9,----,----,3355.8787 S,15113.2705 E,9,1,T,S,V
2019-09-25 10:58:08,27.7,2355,0.10,20.5,69.0,----,----,3355.8785 S,15113.2701 E,9,1,T,S,V
2019-09-25 10:58:10,28.3,2360,0.04,20.5,69.0,----,----,3355.8784 S,15113.2700 E,9,1,T,S,V
2019-09-25 10:58:13,24.9,2308,0.02,20.5,69.0,----,----,3355.8786 S,15113.2701 E,9,1,T,S,V
2019-09-25 10:58:16,25.4,2310,0.04,20.6,69.0,----,----,3355.8783 S,15113.2704 E,9,1,T,S,V
2019-09-25 10:58:19,30.6,2401,0.07,20.6,69.1,----,----,3355.8781 S,15113.2705 E,9,1,T,S,V
2019-09-25 10:58:21,28.3,2368,0.00,20.6,69.1,----,----,3355.8778 S,15113.2702 E,9,1,T,S,V
2019-09-25 10:58:24,16.9,2165,0.00,20.6,69.2,----,----,3355.8776 S,15113.2703 E,9,1,T,S,V
2019-09-25 10:58:26,27.2,2347,0.00,20.6,69.2,----,----,3355.8774 S,15113.2704 E,9,1,T,S,V
2019-09-25 10:58:29,22.6,2269,0.06,20.6,69.2,----,----,3355.8775 S,15113.2707 E,9,1,T,S,V
2019-09-25 10:58:32,27.7,2357,0.08,20.7,69.2,----,----,3355.8777 S,15113.2713 E,9,1,T,S,V
2019-09-25 10:58:34,27.2,2343,0.09,20.7,69.2,----,----,3355.8776 S,15113.2715 E,9,1,T,S,V
2019-09-25 10:58:36,30.0,2399,0.06,20.7,69.3,----,----,3355.8775 S,15113.2712 E,9,1,T,S,V
2019-09-25 10:58:39,27.2,2343,0.02,20.7,69.3,----,----,3355.8776 S,15113.2714 E,9,1,T,S,V
2019-09-25 10:58:42,25.4,2311,0.07,20.7,69.4,----,----,3355.8771 S,15113.2715 E,9,1,T,S,V
2019-09-25 10:58:45,27.7,2350,0.04,20.8,69.4,----,----,3355.8773 S,15113.2714 E,9,1,T,S,V
2019-09-25 10:58:47,24.3,2295,0.03,20.8,69.4,----,----,3355.8776 S,15113.2713 E,9,1,T,S,V
2019-09-25 10:58:49,27.7,2350,0.00,20.8,69.4,----,----,3355.8772 S,15113.2712 E,9,1,T,S,V
2019-09-25 10:58:52,29.4,2385,0.02,20.8,69.5,----,----,3355.8771 S,15113.2716 E,9,1,T,S,V
2019-09-25 10:58:54,30.6,2400,0.06,20.8,69.5,----,----,3355.8774 S,15113.2719 E,9,1,T,S,V
2019-09-25 10:58:57,27.7,2350,0.05,20.8,69.5,----,----,3355.8777 S,15113.2720 E,9,1,T,S,V
2019-09-25 10:58:59,24.9,2308,0.05,20.8,69.5,----,----,3355.8776 S,15113.2719 E,9,1,T,S,V
2019-09-25 10:59:01,23.7,2288,0.00,20.8,69.5,----,----,3355.8772 S,15113.2715 E,9,1,T,S,V
2019-09-25 10:59:04,25.4,2319,0.06,20.9,69.6,----,----,3355.8770 S,15113.2718 E,9,1,T,S,V
2019-09-25 10:59:08,27.7,2352,0.06,20.9,69.6,----,----,3355.8774 S,15113.2721 E,9,1,T,S,V
2019-09-25 10:59:10,27.2,2349,0.02,20.9,69.7,----,----,3355.8772 S,15113.2717 E,9,1,T,S,V
2019-09-25 10:59:13,27.2,2340,0.11,20.9,69.7,----,----,3355.8767 S,15113.2713 E,9,1,T,S,V
2019-09-25 10:59:15,19.2,2206,0.00,20.9,69.7,----,----,3355.8763 S,15113.2711 E,9,1,T,S,V
2019-09-25 10:59:18,27.7,2359,0.05,20.9,69.7,----,----,3355.8762 S,15113.2711 E,9,1,T,S,V
2019-09-25 10:59:20,22.6,2261,0.06,20.9,69.7,----,----,3355.8764 S,15113.2717 E,9,1,T,S,V
2019-09-25 10:59:22,32.3,2431,0.10,21.0,69.8,----,----,3355.8764 S,15113.2720 E,9,1,T,S,V
2019-09-25 10:59:25,30.0,2399,0.08,21.0,69.8,----,----,3355.8761 S,15113.2719 E,9,1,T,S,V
2019-09-25 10:59:27,20.3,2229,0.05,21.0,69.8,----,----,3355.8759 S,15113.2717 E,9,1,T,S,V
2019-09-25 10:59:30,29.4,2384,0.08,21.0,69.9,----,----,3355.8763 S,15113.2720 E,9,1,T,S,V
2019-09-25 10:59:45,34.0,2460,0.10,21.1,70.0,----,----,3355.8853 S,15113.2687 E,9,1,T,S,V
2019-09-25 10:59:48,33.4,2450,0.11,21.1,70.1,----,----,3355.8852 S,15113.2686 E,9,1,T,S,V
2019-09-25 10:59:51,30.0,2394,0.10,21.1,70.1,----,----,3355.8848 S,15113.2684 E,9,1,T,S,V
2019-09-25 10:59:54,26.0,2321,0.06,21.1,70.1,----,----,3355.8843 S,15113.2681 E,9,1,T,S,V
2019-09-25 10:59:56,34.6,2472,0.14,21.1,70.1,----,----,3355.8843 S,15113.2682 E,9,1,T,S,V
2019-09-25 10:59:58,34.0,2468,0.07,21.1,70.1,----,----,3355.8844 S,15113.2683 E,9,1,T,S,V
2019-09-25 11:00:01,35.7,2498,0.12,21.1,70.1,----,----,3355.8841 S,15113.2682 E,9,1,T,S,V
2019-09-25 11:00:03,27.2,2349,0.08,21.2,70.1,----,----,3355.8839 S,15113.2681 E,9,1,T,S,V
2019-09-25 11:00:06,29.4,2381,0.06,21.2,70.1,----,----,3355.8843 S,15113.2684 E,9,1,T,S,V
2019-09-25 11:00:08,32.9,2440,0.08,21.2,70.2,----,----,3355.8847 S,15113.2690 E,9,1,T,S,V
2019-09-25 11:00:11,35.7,2497,0.10,21.2,70.2,----,----,3355.8845 S,15113.2690 E,9,1,T,S,V
2019-09-25 11:00:14,32.9,2445,0.04,21.2,70.2,----,----,3355.8844 S,15113.2690 E,9,1,T,S,V
2019-09-25 11:00:17,32.9,2440,0.14,21.2,70.2,----,----,3355.8844 S,15113.2690 E,9,1,T,S,V
2019-09-25 11:00:19,30.6,2408,0.09,21.2,70.2,----,----,3355.8842 S,15113.2691 E,9,1,T,S,V
2019-09-25 11:00:22,34.6,2479,0.04,21.2,70.2,----,----,3355.8839 S,15113.2693 E,8,1,T,S,V
2019-09-25 11:00:24,32.9,2447,0.09,21.2,70.2,----,----,3355.8839 S,15113.2694 E,9,1,T,S,V
2019-09-25 11:00:27,36.8,2514,0.13,21.2,70.3,----,----,3355.8838 S,15113.2701 E,9,1,T,S,V
2019-09-25 11:00:29,33.4,2455,0.08,21.3,70.3,----,----,3355.8842 S,15113.2693 E,8,1,T,S,V
2019-09-25 11:00:32,30.0,2391,0.09,21.3,70.3,----,----,3355.8841 S,15113.2692 E,8,1,T,S,V
2019-09-25 11:00:34,32.3,2436,0.11,21.3,70.3,----,----,3355.8842 S,15113.2693 E,8,1,T,S,V
2019-09-25 11:00:39,27.2,2340,0.10,21.3,70.3,----,----,3355.8837 S,15113.2696 E,8,1,T,S,V
2019-09-25 11:00:41,32.3,2435,0.05,21.3,70.4,----,----,3355.8835 S,15113.2690 E,8,1,T,S,V
2019-09-25 11:00:44,35.7,2491,0.12,21.3,70.4,----,----,3355.8834 S,15113.2685 E,8,1,T,S,V
2019-09-25 11:00:46,32.9,2442,0.06,21.3,70.4,----,----,3355.8831 S,15113.2686 E,8,1,T,S,V
2019-09-25 11:00:48,32.9,2442,0.09,21.3,70.4,----,----,3355.8827 S,15113.2685 E,8,1,T,S,V
2019-09-25 11:00:51,34.0,2467,0.09,21.3,70.5,----,----,3355.8826 S,15113.2688 E,8,1,T,S,V
2019-09-25 11:00:53,35.7,2490,0.06,21.3,70.5,----,----,3355.8831 S,15113.2690 E,8,1,T,S,V
2019-09-25 11:00:56,31.1,2415,0.07,21.4,70.5,----,----,3355.8834 S,15113.2690 E,8,1,T,S,V
2019-09-25 11:00:58,27.7,2350,0.07,21.4,70.5,----,----,3355.8835 S,15113.2687 E,8,1,T,S,V
2019-09-25 11:01:01,27.2,2342,0.09,21.4,70.5,----,----,3355.8835 S,15113.2688 E,8,1,T,S,V
2019-09-25 11:01:04,34.6,2471,0.05,21.4,70.6,----,----,3355.8832 S,15113.2692 E,8,1,T,S,V
2019-09-25 11:01:07,36.8,2511,0.11,21.4,70.6,----,----,3355.8832 S,15113.2696 E,8,1,T,S,V
2019-09-25 11:01:09,30.6,2407,0.06,21.4,70.6,----,----,3355.8831 S,15113.2696 E,8,1,T,S,V
2019-09-25 11:01:12,32.9,2441,0.02,21.5,70.7,----,----,3355.8832 S,15113.2698 E,8,1,T,S,V
2019-09-25 11:01:15,37.4,2524,0.13,21.5,70.7,----,----,3355.8834 S,15113.2699 E,8,1,T,S,V
2019-09-25 11:01:17,34.6,2474,0.08,21.5,70.7,----,----,3355.8837 S,15113.2699 E,8,1,T,S,V
2019-09-25 11:01:19,40.3,2578,0.08,21.5,70.7,----,----,3355.8837 S,15113.2698 E,8,1,T,S,V
2019-09-25 11:01:22,35.7,2498,0.03,21.5,70.7,----,----,3355.8834 S,15113.2697 E,8,1,T,S,V
2019-09-25 11:01:24,35.7,2494,0.06,21.5,70.7,----,----,3355.8834 S,15113.2692 E,8,1,T,S,V
2019-09-25 11:01:27,36.3,2507,0.00,21.5,70.8,----,----,3355.8835 S,15113.2694 E,8,1,T,S,V
2019-09-25 11:01:30,32.3,2435,0.11,21.5,70.8,----,----,3355.8832 S,15113.2695 E,8,1,T,S,V
2019-09-25 11:01:33,36.8,2511,0.10,21.5,70.8,----,----,3355.8831 S,15113.2693 E,8,1,T,S,V
2019-09-25 11:01:35,31.1,2414,0.06,21.5,70.8,----,----,3355.8828 S,15113.2690 E,8,1,T,S,V
2019-09-25 11:01:38,34.6,2471,0.06,21.6,70.9,----,----,3355.8825 S,15113.2692 E,8,1,T,S,V
2019-09-25 11:01:41,26.0,2323,0.09,21.6,70.9,----,----,3355.8826 S,15113.2694 E,8,2,T,S,V
2019-09-25 11:01:43,37.4,2523,0.15,21.6,70.9,----,----,3355.8825 S,15113.2699 E,8,2,T,S,V
2019-09-25 11:01:46,35.1,2488,0.14,21.6,70.9,----,----,3355.8825 S,15113.2702 E,8,2,T,S,V
2019-09-25 11:01:48,33.4,2458,0.00,21.6,70.9,----,----,3355.8824 S,15113.2700 E,8,2,T,S,V
2019-09-25 11:01:50,37.4,2527,0.07,21.6,71.0,----,----,3355.8824 S,15113.2700 E,8,2,T,S,V
2019-09-25 11:01:53,35.7,2492,0.06,21.6,71.0,----,----,3355.8827 S,15113.2704 E,8,2,T,S,V
2019-09-25 11:01:57,34.6,2475,0.10,21.6,71.0,----,----,3355.8831 S,15113.2708 E,10,2,T,S,V
2019-09-25 11:01:59,31.7,2423,0.12,21.6,71.0,----,----,3355.8831 S,15113.2707 E,10,2,T,S,V
2019-09-25 11:02:02,31.1,2418,0.03,21.6,71.0,----,----,3355.8826 S,15113.2705 E,10,2,T,S,V
2019-09-25 11:02:04,30.6,2408,0.07,21.6,71.0,----,----,3355.8822 S,15113.2704 E,10,2,T,S,V
2019-09-25 11:02:07,30.0,2399,0.07,21.6,71.0,----,----,3355.8823 S,15113.2706 E,10,2,T,S,V
2019-09-25 11:02:10,33.4,2455,0.12,21.6,71.0,----,----,3355.8824 S,15113.2708 E,10,2,T,S,V
2019-09-25 11:02:12,31.1,2419,0.11,21.7,71.0,----,----,3355.8821 S,15113.2708 E,10,2,T,S,V
2019-09-25 11:02:14,34.6,2471,0.07,21.7,71.0,----,----,3355.8821 S,15113.2706 E,10,2,T,S,V
2019-09-25 11:02:17,28.9,2370,0.11,21.7,71.0,----,----,3355.8821 S,15113.2703 E,10,2,T,S,V
2019-09-25 11:02:20,30.0,2395,0.05,21.7,71.0,----,----,3355.8822 S,15113.2703 E,10,2,T,S,V
2019-09-25 11:02:22,29.4,2389,0.05,21.7,71.1,----,----,3355.8821 S,15113.2708 E,10,2,T,S,V
2019-09-25 11:02:25,26.6,2338,0.07,21.7,71.1,----,----,3355.8820 S,15113.2708 E,10,2,T,S,V
2019-09-25 11:02:28,31.1,2418,0.11,21.7,71.1,----,----,3355.8820 S,15113.2706 E,10,2,T,S,V
2019-09-25 11:02:30,30.6,2408,0.11,21.7,71.1,----,----,3355.8819 S,15113.2704 E,10,2,T,S,V
2019-09-25 11:02:32,32.3,2433,0.02,21.7,71.1,----,----,3355.8818 S,15113.2705 E,10,2,T,S,V
2019-09-25 11:02:35,34.0,2464,0.02,21.7,71.1,----,----,3355.8819 S,15113.2706 E,10,2,T,S,V
2019-09-25 11:02:37,28.9,2370,0.07,21.7,71.1,----,----,3355.8820 S,15113.2708 E,10,2,T,S,V
2019-09-25 11:02:40,29.4,2389,0.08,21.7,71.1,----,----,3355.8818 S,15113.2706 E,10,2,T,S,V
2019-09-25 11:02:42,27.7,2350,0.08,21.7,71.1,----,----,3355.8819 S,15113.2704 E,10,2,T,S,V
2019-09-25 11:02:45,34.0,2465,0.07,21.7,71.1,----,----,3355.8818 S,15113.2703 E,10,2,T,S,V
2019-09-25 11:02:50,34.6,2473,0.00,21.7,71.2,----,----,3355.8817 S,15113.2705 E,10,2,T,S,V
2019-09-25 11:02:52,29.4,2387,0.06,21.7,71.2,----,----,3355.8819 S,15113.2706 E,10,2,T,S,V
2019-09-25 11:02:55,30.0,2390,0.08,21.8,71.2,----,----,3355.8815 S,15113.2703 E,10,2,T,S,V
2019-09-25 11:02:57,31.1,2419,0.05,21.8,71.2,----,----,3355.8811 S,15113.2705 E,10,2,T,S,V
2019-09-25 11:03:00,33.4,2456,0.04,21.8,71.3,----,----,3355.8814 S,15113.2708 E,10,2,T,S,V
2019-09-25 11:03:02,32.3,2438,0.06,21.8,71.3,----,----,3355.8811 S,15113.2712 E,10,2,T,S,V
2019-09-25 11:03:05,31.1,2415,0.07,21.8,71.3,----,----,3355.8809 S,15113.2711 E,10,2,T,S,V
2019-09-25 11:03:08,31.1,2410,0.05,21.8,71.3,----,----,3355.8809 S,15113.2708 E,10,2,T,S,V
2019-09-25 11:03:10,32.3,2430,0.11,21.8,71.3,----,----,3355.8807 S,15113.2707 E,10,2,T,S,V
2019-09-25 11:03:13,34.0,2460,0.04,21.8,71.3,----,----,3355.8805 S,15113.2707 E,10,2,T,S,V
2019-09-25 11:03:16,32.9,2443,0.06,21.9,71.4,----,----,3355.8802 S,15113.2711 E,10,2,T,S,V
2019-09-25 11:03:19,35.1,2482,0.08,21.9,71.4,----,----,3355.8800 S,15113.2709 E,10,2,T,S,V
2019-09-25 11:03:21,37.4,2526,0.09,21.9,71.4,----,----,3355.8802 S,15113.2707 E,10,2,T,S,V
2019-09-25 11:03:24,31.1,2415,0.05,21.9,71.4,----,----,3355.8797 S,15113.2706 E,10,2,T,S,V
2019-09-25 11:03:26,32.9,2443,0.07,21.9,71.4,----,----,3355.8794 S,15113.2710 E,10,2,T,S,V
2019-09-25 11:03:29,28.9,2375,0.09,21.9,71.4,----,----,3355.8795 S,15113.2711 E,10,2,T,S,V
2019-09-25 11:03:31,29.4,2384,0.06,21.9,71.4,----,----,3355.8794 S,15113.2712 E,10,2,T,S,V
2019-09-25 11:03:34,32.9,2447,0.09,21.9,71.5,----,----,3355.8795 S,15113.2708 E,10,2,T,S,V
2019-09-25 11:03:37,30.0,2399,0.06,21.9,71.5,----,----,3355.8797 S,15113.2710 E,10,2,T,S,V
2019-09-25 11:03:39,34.0,2467,0.06,21.9,71.5,----,----,3355.8799 S,15113.2712 E,10,2,T,S,V
2019-09-25 11:03:43,27.7,2358,0.18,21.9,71.5,----,----,3355.8798 S,15113.2714 E,10,2,T,S,V
2019-09-25 11:03:46,26.0,2321,0.04,21.9,71.5,----,----,3355.8800 S,15113.2713 E,10,2,T,S,V
2019-09-25 11:03:49,34.0,2467,0.06,22.0,71.6,----,----,3355.8800 S,15113.2712 E,10,2,T,S,V
2019-09-25 11:03:51,25.4,2317,0.09,22.0,71.6,----,----,3355.8800 S,15113.2712 E,10,2,T,S,V
2019-09-25 11:03:54,20.3,2228,0.07,22.0,71.6,----,----,3355.8799 S,15113.2712 E,10,2,T,S,V
2019-09-25 11:03:56,27.7,2353,0.04,22.0,71.6,----,----,3355.8800 S,15113.2716 E,10,2,T,S,V
2019-09-25 11:03:59,34.6,2471,0.07,22.0,71.6,----,----,3355.8802 S,15113.2719 E,10,2,T,S,V
2019-09-25 11:04:02,28.3,2365,0.05,22.0,71.6,----,----,3355.8801 S,15113.2719 E,10,2,T,S,V
2019-09-25 11:04:04,32.3,2435,0.09,22.0,71.7,----,----,3355.8800 S,15113.2718 E,10,2,T,S,V
2019-09-25 11:04:07,18.0,2183,0.00,22.0,71.7,----,----,3355.8800 S,15113.2719 E,10,2,T,S,V
2019-09-25 11:04:10,28.9,2375,0.04,22.0,71.7,----,----,3355.8794 S,15113.2721 E,10,2,T,S,V
2019-09-25 11:04:13,26.0,2322,0.05,22.0,71.7,----,----,3355.8791 S,15113.2721 E,10,2,T,S,V
2019-09-25 11:04:15,32.3,2432,0.11,22.0,71.7,----,----,3355.8789 S,15113.2716 E,10,2,T,S,V
2019-09-25 11:04:18,32.3,2434,0.08,22.0,71.7,----,----,3355.8786 S,15113.2715 E,10,2,T,S,V
2019-09-25 11:04:21,26.0,2327,0.02,22.1,71.8,----,----,3355.8786 S,15113.2717 E,10,2,T,S,V
2019-09-25 11:04:23,25.4,2316,0.04,22.1,71.8,----,----,3355.8792 S,15113.2722 E,10,2,T,S,V
2019-09-25 11:04:26,27.7,2351,0.07,22.1,71.8,----,----,3355.8791 S,15113.2722 E,10,2,T,S,V
2019-09-25 11:04:28,24.9,2305,0.00,22.1,71.8,----,----,3355.8789 S,15113.2718 E,10,2,T,S,V
2019-09-25 11:04:31,31.1,2414,0.05,22.1,71.8,----,----,3355.8789 S,15113.2716 E,10,2,T,S,V
2019-09-25 11:04:34,20.9,2231,0.00,22.1,71.8,----,----,3355.8790 S,15113.2719 E,10,2,T,S,V
2019-09-25 11:04:37,21.5,2245,0.05,22.1,71.8,----,----,3355.8789 S,15113.2719 E,10,2,T,S,V
2019-09-25 11:04:39,27.7,2352,0.05,22.1,71.8,----,----,3355.8792 S,15113.2720 E,10,2,T,S,V
2019-09-25 11:04:42,25.4,2313,0.10,22.1,71.8,----,----,3355.8789 S,15113.2716 E,10,2,T,S,V
2019-09-25 11:04:44,26.6,2334,0.08,22.1,71.8,----,----,3355.8783 S,15113.2711 E,10,2,T,S,V
2019-09-25 11:04:47,26.6,2334,0.02,22.1,71.8,----,----,3355.8779 S,15113.2710 E,10,2,T,S,V
2019-09-25 11:04:50,19.7,2213,0.02,22.1,71.8,----,----,3355.8781 S,15113.2712 E,10,2,T,S,V
2019-09-25 11:04:52,27.2,2341,0.05,22.1,71.8,----,----,3355.8782 S,15113.2714 E,10,2,T,S,V
2019-09-25 11:04:55,28.9,2374,0.08,22.1,71.9,----,----,3355.8788 S,15113.2715 E,10,2,T,S,V
2019-09-25 11:04:58,22.6,2269,0.04,22.1,71.9,----,----,3355.8787 S,15113.2714 E,10,2,T,S,V
2019-09-25 11:05:00,28.3,2365,0.06,22.1,71.9,----,----,3355.8792 S,15113.2716 E,10,2,T,S,V
2019-09-25 11:05:03,26.0,2325,0.15,22.2,71.9,----,----,3355.8790 S,15113.2721 E,10,2,T,S,V
2019-09-25 11:05:06,28.9,2379,0.14,22.2,71.9,----,----,3355.8788 S,15113.2719 E,10,2,T,S,V
2019-09-25 11:05:09,16.9,2165,0.05,22.2,72.0,----,----,3355.8783 S,15113.2716 E,10,2,T,S,V
2019-09-25 11:05:11,22.6,2268,0.04,22.2,72.0,----,----,3355.8783 S,15113.2720 E,10,2,T,S,V
2019-09-25 11:05:14,27.7,2357,0.09,22.2,72.0,----,----,3355.8784 S,15113.2724 E,10,2,T,S,V
2019-09-25 11:05:16,27.7,2354,0.06,22.2,72.0,----,----,3355.8787 S,15113.2728 E,10,2,T,S,V
2019-09-25 11:05:19,21.5,2246,0.03,22.2,72.0,----,----,3355.8789 S,15113.2727 E,10,2,T,S,V
2019-09-25 11:05:21,23.7,2286,0.07,22.2,72.0,----,----,3355.8789 S,15113.2724 E,10,2,T,S,V
2019-09-25 11:05:24,20.9,2238,0.07,22.2,72.0,----,----,3355.8784 S,15113.2722 E,10,2,T,S,V
2019-09-25 11:05:27,23.7,2280,0.04,22.2,72.1,----,----,3355.8784 S,15113.2723 E,10,2,T,S,V
2019-09-25 11:05:30,24.9,2301,0.05,22.2,72.1,----,----,3355.8776 S,15113.2724 E,10,2,T,S,V
2019-09-25 11:05:32,26.6,2335,0.09,22.2,72.1,----,----,3355.8775 S,15113.2725 E,10,2,T,S,V
2019-09-25 11:05:35,07.9,2055,0.03,22.3,72.1,----,----,3355.8779 S,15113.2726 E,10,2,T,S,V
2019-09-25 11:05:39,26.0,2326,0.08,22.3,72.1,----,----,3355.8778 S,15113.2725 E,10,2,T,S,V
2019-09-25 11:05:41,28.9,2376,0.06,22.3,72.2,----,----,3355.8777 S,15113.2723 E,11,2,T,S,V
2019-09-25 11:05:44,33.4,2459,0.14,22.3,72.2,----,----,3355.8780 S,15113.2723 E,11,2,T,S,V
2019-09-25 11:05:47,23.2,2273,0.00,22.3,72.2,----,----,3355.8780 S,15113.2727 E,11,2,T,S,V
2019-09-25 11:05:50,23.7,2286,0.00,22.3,72.2,----,----,3355.8773 S,15113.2725 E,11,2,T,S,V
2019-09-25 11:05:52,28.3,2365,0.07,22.3,72.2,----,----,3355.8770 S,15113.2721 E,11,2,T,S,V
2019-09-25 11:05:56,27.7,2350,0.04,22.3,72.2,----,----,3355.8770 S,15113.2722 E,11,2,T,S,V
2019-09-25 11:06:00,25.4,2314,0.10,22.4,72.3,----,----,3355.8770 S,15113.2728 E,11,2,T,S,V
2019-09-25 11:06:02,24.3,2290,0.04,22.4,72.3,----,----,3355.8767 S,15113.2729 E,11,2,T,S,V
2019-09-25 11:06:05,28.3,2360,0.06,22.4,72.3,----,----,3355.8767 S,15113.2728 E,11,2,T,S,V
2019-09-25 11:06:07,27.2,2343,0.04,22.4,72.3,----,----,3355.8768 S,15113.2730 E,11,2,T,S,V
2019-09-25 11:06:10,25.4,2316,0.08,22.4,72.3,----,----,3355.8769 S,15113.2731 E,11,2,T,S,V
2019-09-25 11:06:12,26.6,2335,0.00,22.4,72.4,----,----,3355.8769 S,15113.2733 E,11,2,T,S,V
2019-09-25 11:06:15,31.1,2416,0.06,22.4,72.4,----,----,3355.8770 S,15113.2734 E,11,2,T,S,V
2019-09-25 11:06:17,27.2,2347,0.07,22.4,72.4,----,----,3355.8769 S,15113.2734 E,11,2,T,S,V
2019-09-25 11:06:20,27.7,2357,0.07,22.4,72.4,----,----,3355.8769 S,15113.2732 E,11,2,T,S,V
2019-09-25 11:06:23,30.0,2392,0.05,22.4,72.4,----,----,3355.8770 S,15113.2735 E,11,2,T,S,V
2019-09-25 11:06:39,35.1,2481,0.09,22.4,72.4,----,----,3355.8848 S,15113.2685 E,11,2,T,S,V
2019-09-25 11:06:42,35.7,2497,0.15,22.4,72.4,----,----,3355.8853 S,15113.2691 E,11,2,T,S,V
2019-09-25 11:06:45,39.7,2565,0.11,22.4,72.4,----,----,3355.8855 S,15113.2694 E,11,2,T,S,V
2019-09-25 11:06:48,34.0,2460,0.09,22.4,72.4,----,----,3355.8853 S,15113.2696 E,11,2,T,S,V
2019-09-25 11:06:51,29.4,2387,0.08,22.5,72.5,----,----,3355.8853 S,15113.2696 E,11,2,T,S,V
2019-09-25 11:06:53,35.7,2496,0.13,22.5,72.5,----,----,3355.8855 S,15113.2693 E,11,2,T,S,V
2019-09-25 11:06:56,36.8,2518,0.16,22.5,72.5,----,----,3355.8855 S,15113.2694 E,11,2,T,S,V
2019-09-25 11:06:59,35.1,2483,0.11,22.5,72.5,----,----,3355.8853 S,15113.2695 E,11,2,T,S,V
2019-09-25 11:07:01,31.7,2425,0.08,22.5,72.5,----,----,3355.8854 S,15113.2696 E,11,2,T,S,V
2019-09-25 11:07:04,30.0,2393,0.04,22.5,72.6,----,----,3355.8851 S,15113.2691 E,11,2,T,S,V
2019-09-25 11:07:07,32.9,2448,0.09,22.5,72.6,----,----,3355.8845 S,15113.2694 E,11,2,T,S,V
2019-09-25 11:07:10,29.4,2383,0.09,22.5,72.6,----,----,3355.8848 S,15113.2695 E,11,2,T,S,V
2019-09-25 11:07:12,33.4,2454,0.04,22.5,72.6,----,----,3355.8846 S,15113.2689 E,11,2,T,S,V
2019-09-25 11:07:15,39.1,2556,0.05,22.5,72.6,----,----,3355.8845 S,15113.2690 E,11,2,T,S,V
2019-09-25 11:07:17,36.3,2500,0.17,22.5,72.6,----,----,3355.8843 S,15113.2695 E,11,2,T,S,V
2019-09-25 11:07:20,28.3,2362,0.14,22.5,72.6,----,----,3355.8843 S,15113.2699 E,11,2,T,S,V
2019-09-25 11:07:23,33.4,2459,0.10,22.6,72.6,----,----,3355.8843 S,15113.2700 E,11,2,T,S,V
2019-09-25 11:07:25,36.8,2510,0.14,22.6,72.6,----,----,3355.8843 S,15113.2700 E,11,2,T,S,V
2019-09-25 11:07:28,38.6,2547,0.19,22.6,72.6,----,----,3355.8842 S,15113.2696 E,11,2,T,S,V
2019-09-25 11:07:31,31.7,2428,0.07,22.6,72.6,----,----,3355.8842 S,15113.2696 E,11,2,T,S,V
2019-09-25 11:07:34,36.3,2503,0.05,22.6,72.6,----,----,3355.8840 S,15113.2698 E,11,2,T,S,V
2019-09-25 11:07:36,36.3,2508,0.12,22.6,72.7,----,----,3355.8837 S,15113.2700 E,11,2,T,S,V
2019-09-25 11:07:39,34.6,2470,0.15,22.6,72.7,----,----,3355.8838 S,15113.2700 E,11,2,T,S,V
2019-09-25 11:07:41,35.7,2492,0.09,22.6,72.7,----,----,3355.8840 S,15113.2700 E,11,2,T,S,V
2019-09-25 11:07:44,31.7,2423,0.07,22.6,72.7,----,----,3355.8840 S,15113.2701 E,11,2,T,S,V
2019-09-25 11:07:46,34.6,2474,0.06,22.6,72.7,----,----,3355.8841 S,15113.2704 E,11,2,T,S,V
2019-09-25 11:07:49,26.6,2337,0.03,22.6,72.7,----,----,3355.8840 S,15113.2704 E,11,2,T,S,V
2019-09-25 11:07:51,34.6,2479,0.12,22.6,72.7,----,----,3355.8839 S,15113.2706 E,11,2,T,S,V
2019-09-25 11:07:54,32.3,2439,0.08,22.6,72.7,----,----,3355.8840 S,15113.2705 E,11,2,T,S,V
2019-09-25 11:07:57,30.0,2399,0.05,22.6,72.7,----,----,3355.8839 S,15113.2704 E,11,2,T,S,V
2019-09-25 11:08:00,34.6,2474,0.13,22.6,72.8,----,----,3355.8843 S,15113.2707 E,11,2,T,S,V
2019-09-25 11:08:02,38.0,2537,0.13,22.6,72.8,----,----,3355.8842 S,15113.2705 E,11,2,T,S,V
2019-09-25 11:08:05,39.1,2550,0.14,22.6,72.8,----,----,3355.8839 S,15113.2702 E,11,2,T,S,V
2019-09-25 11:08:07,39.1,2559,0.10,22.6,72.8,----,----,3355.8837 S,15113.2701 E,11,2,T,S,V
2019-09-25 11:08:10,40.8,2587,0.16,22.6,72.8,----,----,3355.8840 S,15113.2703 E,11,2,T,S,V
2019-09-25 11:08:13,32.3,2430,0.04,22.6,72.8,----,----,3355.8842 S,15113.2705 E,11,2,T,S,V
2019-09-25 11:08:15,35.1,2489,0.00,22.6,72.8,----,----,3355.8841 S,15113.2708 E,11,2,T,S,V
2019-09-25 11:08:18,35.7,2492,0.15,22.6,72.8,----,----,3355.8840 S,15113.2706 E,11,2,T,S,V
2019-09-25 11:08:20,39.1,2556,0.18,22.6,72.8,----,----,3355.8837 S,15113.2704 E,11,2,T,S,V
2019-09-25 11:08:23,38.0,2539,0.17,22.6,72.8,----,----,3355.8836 S,15113.2705 E,11,2,T,S,V
2019-09-25 11:08:26,37.4,2529,0.10,22.6,72.8,----,----,3355.8834 S,15113.2712 E,11,2,T,S,V
2019-09-25 11:08:29,35.7,2499,0.10,22.6,72.8,----,----,3355.8833 S,15113.2711 E,11,2,T,S,V
2019-09-25 11:08:31,38.0,2533,0.15,22.7,72.8,----,----,3355.8832 S,15113.2708 E,11,2,T,S,V
2019-09-25 11:08:34,34.6,2474,0.11,22.7,72.8,----,----,3355.8833 S,15113.2707 E,11,2,T,S,V
2019-09-25 11:08:36,38.0,2538,0.07,22.7,72.8,----,----,3355.8835 S,15113.2710 E,11,2,T,S,V
2019-09-25 11:08:39,38.0,2532,0.08,22.7,72.8,----,----,3355.8839 S,15113.2713 E,11,2,T,S,V
2019-09-25 11:08:41,32.3,2432,0.06,22.7,72.8,----,----,3355.8840 S,15113.2718 E,10,2,T,S,V
2019-09-25 11:08:44,42.0,2609,0.12,22.7,72.9,----,----,3355.8841 S,15113.2720 E,11,2,T,S,V
2019-09-25 11:08:46,36.8,2511,0.09,22.7,72.9,----,----,3355.8839 S,15113.2719 E,11,2,T,S,V
2019-09-25 11:08:49,34.0,2460,0.08,22.7,72.9,----,----,3355.8839 S,15113.2721 E,11,2,T,S,V
2019-09-25 11:08:52,40.3,2579,0.16,22.7,72.9,----,----,3355.8838 S,15113.2726 E,11,2,T,S,V
2019-09-25 11:08:55,42.5,2618,0.11,22.7,72.9,----,----,3355.8835 S,15113.2726 E,11,2,T,S,V
2019-09-25 11:08:57,39.1,2559,0.11,22.7,72.8,----,----,3355.8834 S,15113.2723 E,11,2,T,S,V
2019-09-25 11:08:59,36.8,2510,0.16,22.7,72.8,----,----,3355.8834 S,15113.2719 E,11,2,T,S,V
2019-09-25 11:09:02,33.4,2459,0.10,22.7,72.8,----,----,3355.8833 S,15113.2719 E,11,2,T,S,V
2019-09-25 11:09:04,35.7,2497,0.12,22.7,72.8,----,----,3355.8838 S,15113.2721 E,11,2,T,S,V
2019-09-25 11:09:07,38.6,2543,0.09,22.7,72.8,----,----,3355.8836 S,15113.2719 E,11,2,T,S,V
2019-09-25 11:09:09,37.4,2522,0.09,22.7,72.8,----,----,3355.8834 S,15113.2718 E,11,2,T,S,V
2019-09-25 11:09:13,30.0,2399,0.07,22.7,72.9,----,----,3355.8836 S,15113.2713 E,11,2,T,S,V
2019-09-25 11:09:15,35.7,2497,0.11,22.7,72.9,----,----,3355.8830 S,15113.2715 E,11,2,T,S,V
2019-09-25 11:09:18,35.7,2490,0.10,22.7,72.9,----,----,3355.8825 S,15113.2717 E,11,2,T,S,V
2019-09-25 11:09:21,32.9,2446,0.12,22.7,72.9,----,----,3355.8828 S,15113.2717 E,11,2,T,S,V
2019-09-25 11:09:24,33.4,2456,0.05,22.7,72.9,----,----,3355.8826 S,15113.2715 E,11,2,T,S,V
2019-09-25 11:09:26,31.1,2417,0.09,22.7,72.9,----,----,3355.8825 S,15113.2716 E,11,2,T,S,V
2019-09-25 11:09:29,35.7,2498,0.14,22.7,72.9,----,----,3355.8825 S,15113.2717 E,11,2,T,S,V
2019-09-25 11:09:31,32.3,2439,0.08,22.7,72.9,----,----,3355.8826 S,15113.2722 E,11,2,T,S,V
2019-09-25 11:09:34,40.8,2584,0.20,22.7,72.9,----,----,3355.8822 S,15113.2723 E,11,2,T,S,V
2019-09-25 11:09:37,39.1,2552,0.02,22.7,72.8,----,----,3355.8822 S,15113.2721 E,11,2,T,S,V
2019-09-25 11:09:39,35.7,2490,0.08,22.7,72.8,----,----,3355.8820 S,15113.2720 E,11,2,T,S,V
2019-09-25 11:09:42,34.6,2472,0.04,22.7,72.8,----,----,3355.8820 S,15113.2723 E,11,2,T,S,V
2019-09-25 11:09:45,35.7,2491,0.07,22.7,72.8,----,----,3355.8817 S,15113.2727 E,11,2,T,S,V
2019-09-25 11:09:48,31.7,2421,0.05,22.7,72.8,----,----,3355.8821 S,15113.2725 E,11,2,T,S,V
2019-09-25 11:09:50,32.3,2434,0.07,22.7,72.8,----,----,3355.8818 S,15113.2721 E,11,2,T,S,V
2019-09-25 11:09:53,34.6,2473,0.02,22.7,72.8,----,----,3355.8821 S,15113.2723 E,11,2,T,S,V
2019-09-25 11:09:56,36.8,2519,0.16,22.7,72.8,----,----,3355.8820 S,15113.2722 E,11,2,T,S,V
2019-09-25 11:09:58,36.3,2508,0.12,22.7,72.8,----,----,3355.8820 S,15113.2722 E,11,2,T,S,V
2019-09-25 11:10:01,37.4,2524,0.09,22.7,72.9,----,----,3355.8814 S,15113.2723 E,11,2,T,S,V
2019-09-25 11:10:04,32.9,2440,0.10,22.7,72.8,----,----,3355.8812 S,15113.2721 E,11,2,T,S,V
2019-09-25 11:10:06,31.7,2426,0.08,22.7,72.9,----,----,3355.8810 S,15113.2716 E,11,2,T,S,V
2019-09-25 11:10:09,31.1,2414,0.08,22.7,72.9,----,----,3355.8808 S,15113.2715 E,11,2,T,S,V
2019-09-25 11:10:12,34.6,2479,0.18,22.7,72.9,----,----,3355.8807 S,15113.2719 E,11,2,T,S,V
2019-09-25 11:10:15,36.3,2500,0.14,22.7,72.9,----,----,3355.8806 S,15113.2719 E,11,2,T,S,V
2019-09-25 11:10:17,36.8,2513,0.13,22.7,72.9,----,----,3355.8806 S,15113.2715 E,11,2,T,S,V
2019-09-25 11:10:20,38.0,2537,0.05,22.7,72.9,----,----,3355.8805 S,15113.2714 E,11,2,T,S,V
2019-09-25 11:10:22,35.1,2484,0.07,22.7,72.9,----,----,3355.8806 S,15113.2716 E,11,2,T,S,V
2019-09-25 11:10:25,34.0,2465,0.08,22.7,72.9,----,----,3355.8808 S,15113.2719 E,11,2,T,S,V
2019-09-25 11:10:28,35.1,2482,0.03,22.7,72.9,----,----,3355.8810 S,15113.2717 E,11,2,T,S,V
2019-09-25 11:10:31,32.9,2441,0.15,22.7,72.9,----,----,3355.8808 S,15113.2714 E,11,2,T,S,V
2019-09-25 11:10:33,35.1,2480,0.10,22.7,72.9,----,----,3355.8805 S,15113.2710 E,11,2,T,S,V
2019-09-25 11:10:36,32.9,2449,0.09,22.7,72.9,----,----,3355.8803 S,15113.2715 E,11,2,T,S,V
2019-09-25 11:10:39,31.1,2416,0.05,22.7,73.0,----,----,3355.8801 S,15113.2722 E,11,2,T,S,V
2019-09-25 11:10:42,34.6,2472,0.07,22.7,73.0,----,----,3355.8799 S,15113.2724 E,11,2,T,S,V
2019-09-25 11:10:44,36.8,2511,0.09,22.7,73.0,----,----,3355.8797 S,15113.2724 E,11,2,T,S,V
2019-09-25 11:10:47,34.6,2479,0.12,22.8,73.0,----,----,3355.8798 S,15113.2724 E,11,2,T,S,V
2019-09-25 11:10:49,32.3,2434,0.07,22.8,73.0,----,----,3355.8800 S,15113.2726 E,11,2,T,S,V
2019-09-25 11:10:52,35.7,2490,0.09,22.8,73.0,----,----,3355.8797 S,15113.2726 E,11,2,T,S,V
2019-09-25 11:10:54,34.6,2474,0.07,22.8,73.0,----,----,3355.8794 S,15113.2730 E,11,2,T,S,V
2019-09-25 11:10:57,31.7,2425,0.06,22.8,73.0,----,----,3355.8798 S,15113.2727 E,11,2,T,S,V
2019-09-25 11:10:59,32.9,2445,0.02,22.8,73.0,----,----,3355.8798 S,15113.2721 E,11,2,T,S,V
2019-09-25 11:11:02,32.9,2446,0.08,22.8,73.0,----,----,3355.8803 S,15113.2723 E,11,2,T,S,V
2019-09-25 11:11:06,27.7,2353,0.03,22.8,73.0,----,----,3355.8801 S,15113.2725 E,11,2,T,S,V
2019-09-25 11:11:08,31.1,2419,0.07,22.8,73.1,----,----,3355.8799 S,15113.2721 E,11,2,T,S,V
2019-09-25 11:11:10,27.7,2350,0.04,22.8,73.1,----,----,3355.8794 S,15113.2716 E,11,2,T,S,V
2019-09-25 11:11:13,25.4,2319,0.06,22.8,73.1,----,----,3355.8792 S,15113.2715 E,11,2,T,S,V
2019-09-25 11:11:15,28.9,2374,0.06,22.8,73.1,----,----,3355.8794 S,15113.2712 E,11,1,T,S,V
2019-09-25 11:11:18,30.0,2392,0.07,22.8,73.1,----,----,3355.8800 S,15113.2716 E,11,1,T,S,V
2019-09-25 11:11:21,32.3,2435,0.05,22.8,73.1,----,----,3355.8793 S,15113.2718 E,11,1,T,S,V
2019-09-25 11:11:23,27.2,2344,0.05,22.8,73.1,----,----,3355.8791 S,15113.2718 E,11,1,T,S,V
2019-09-25 11:11:25,27.7,2351,0.05,22.8,73.1,----,----,3355.8792 S,15113.2716 E,11,1,T,S,V
2019-09-25 11:11:28,30.6,2404,0.07,22.8,73.1,----,----,3355.8795 S,15113.2716 E,11,1,T,S,V
2019-09-25 11:11:31,30.6,2402,0.08,22.8,73.1,----,----,3355.8793 S,15113.2719 E,11,1,T,S,V
2019-09-25 11:11:36,30.0,2399,0.02,22.8,73.1,----,----,3355.8791 S,15113.2719 E,11,1,T,S,V
2019-09-25 11:11:38,24.9,2304,0.11,22.8,73.1,----,----,3355.8787 S,15113.2720 E,11,1,T,S,V
2019-09-25 11:11:41,28.9,2374,0.11,22.8,73.1,----,----,3355.8785 S,15113.2720 E,11,1,T,S,V
2019-09-25 11:11:43,34.0,2463,0.06,22.8,73.1,----,----,3355.8783 S,15113.2723 E,11,1,T,S,V
2019-09-25 11:11:46,29.4,2383,0.08,22.8,73.1,----,----,3355.8783 S,15113.2726 E,11,1,T,S,V
2019-09-25 11:11:48,25.4,2313,0.02,22.8,73.1,----,----,3355.8778 S,15113.2729 E,11,1,T,S,V
2019-09-25 11:11:51,23.7,2285,0.04,22.8,73.2,----,----,3355.8774 S,15113.2729 E,11,1,T,S,V
2019-09-25 11:11:53,26.0,2323,0.13,22.8,73.2,----,----,3355.8778 S,15113.2726 E,11,1,T,S,V
2019-09-25 11:11:56,24.3,2295,0.06,22.8,73.2,----,----,3355.8781 S,15113.2728 E,11,1,T,S,V
2019-09-25 11:12:00,27.2,2342,0.05,22.9,73.2,----,----,3355.8785 S,15113.2734 E,11,1,T,S,V
2019-09-25 11:12:02,26.6,2336,0.06,22.9,73.2,----,----,3355.8784 S,15113.2732 E,11,1,T,S,V
2019-09-25 11:12:04,24.9,2305,0.07,22.9,73.2,----,----,3355.8779 S,15113.2731 E,11,1,T,S,V
2019-09-25 11:12:07,23.7,2286,0.03,22.9,73.2,----,----,3355.8778 S,15113.2737 E,11,1,T,S,V
2019-09-25 11:12:09,29.4,2385,0.10,22.9,73.2,----,----,3355.8781 S,15113.2737 E,11,1,T,S,V
2019-09-25 11:12:12,28.3,2360,0.03,22.9,73.3,----,----,3355.8786 S,15113.2741 E,11,1,T,S,V
2019-09-25 11:12:14,22.6,2260,0.02,22.9,73.3,----,----,3355.8783 S,15113.2742 E,11,1,T,S,V
2019-09-25 11:12:17,27.7,2352,0.06,22.9,73.3,----,----,3355.8789 S,15113.2734 E,11,1,T,S,V
2019-09-25 11:12:20,28.3,2360,0.06,22.9,73.3,----,----,3355.8787 S,15113.2728 E,11,1,T,S,V
2019-09-25 11:12:23,27.7,2351,0.05,22.9,73.3,----,----,3355.8787 S,15113.2730 E,11,1,T,S,V
2019-09-25 11:12:27,28.3,2361,0.05,23.0,73.4,----,----,3355.8778 S,15113.2734 E,11,1,T,S,V
2019-09-25 11:12:29,20.9,2236,0.03,23.0,73.4,----,----,3355.8775 S,15113.2732 E,11,1,T,S,V
2019-09-25 11:12:32,27.2,2347,0.00,23.0,73.4,----,----,3355.8775 S,15113.2731 E,11,1,T,S,V
2019-09-25 11:12:34,25.4,2316,0.05,23.0,73.4,----,----,3355.8772 S,15113.2731 E,11,1,T,S,V
2019-09-25 11:12:37,29.4,2383,0.07,23.0,73.4,----,----,3355.8770 S,15113.2733 E,11,1,T,S,V
2019-09-25 11:12:39,23.7,2288,0.04,23.0,73.4,----,----,3355.8773 S,15113.2738 E,11,1,T,S,V
2019-09-25 11:12:42,26.6,2330,0.02,23.0,73.4,----,----,3355.8776 S,15113.2741 E,11,1,T,S,V
2019-09-25 11:12:45,30.0,2392,0.04,23.0,73.4,----,----,3355.8775 S,15113.2742 E,11,1,T,S,V
2019-09-25 11:12:47,28.3,2365,0.03,23.0,73.4,----,----,3355.8773 S,15113.2740 E,11,1,T,S,V
2019-09-25 11:12:50,26.0,2320,0.07,23.0,73.4,----,----,3355.8773 S,15113.2741 E,11,1,T,S,V
2019-09-25 11:12:53,31.7,2425,0.04,23.0,73.5,----,----,3355.8772 S,15113.2744 E,11,1,T,S,V
2019-09-25 11:12:55,25.4,2316,0.00,23.0,73.4,----,----,3355.8771 S,15113.2742 E,11,1,T,S,V
2019-09-25 11:12:58,28.9,2379,0.07,23.0,73.5,----,----,3355.8772 S,15113.2742 E,11,1,T,S,V
2019-09-25 11:13:01,26.6,2331,0.10,23.0,73.5,----,----,3355.8769 S,15113.2740 E,11,1,T,S,V
2019-09-25 11:13:03,27.7,2357,0.04,23.0,73.5,----,----,3355.8771 S,15113.2741 E,11,1,T,S,V
2019-09-25 11:13:06,28.3,2366,0.08,23.0,73.5,----,----,3355.8773 S,15113.2744 E,11,1,T,S,V
2019-09-25 11:13:08,28.9,2370,0.00,23.1,73.6,----,----,3355.8773 S,15113.2745 E,11,1,T,S,V
2019-09-25 11:13:11,28.9,2376,0.05,23.1,73.6,----,----,3355.8772 S,15113.2745 E,11,1,T,S,V
2019-09-25 11:13:13,25.4,2313,0.00,23.1,73.6,----,----,3355.8773 S,15113.2741 E,11,1,T,S,V
2019-09-25 11:13:16,26.0,2321,0.03,23.1,73.6,----,----,3355.8774 S,15113.2741 E,11,1,T,S,V
2019-09-25 11:13:31,34.6,2473,0.08,23.1,73.6,----,----,3355.8863 S,15113.2712 E,11,1,T,S,V
2019-09-25 11:13:34,35.7,2497,0.05,23.1,73.6,----,----,3355.8856 S,15113.2708 E,11,1,T,S,V
2019-09-25 11:13:36,36.3,2507,0.05,23.1,73.6,----,----,3355.8849 S,15113.2704 E,11,1,T,S,V
2019-09-25 11:13:39,31.7,2426,0.09,23.1,73.6,----,----,3355.8848 S,15113.2701 E,11,1,T,S,V
2019-09-25 11:13:41,35.1,2481,0.08,23.1,73.6,----,----,3355.8846 S,15113.2700 E,11,1,T,S,V
2019-09-25 11:13:44,28.3,2362,0.04,23.1,73.6,----,----,3355.8846 S,15113.2699 E,11,1,T,S,V
2019-09-25 11:13:46,34.0,2463,0.11,23.1,73.6,----,----,3355.8845 S,15113.2704 E,11,1,T,S,V
2019-09-25 11:13:49,36.3,2500,0.14,23.1,73.6,----,----,3355.8846 S,15113.2705 E,11,1,T,S,V
2019-09-25 11:13:51,35.1,2481,0.13,23.1,73.6,----,----,3355.8847 S,15113.2701 E,11,1,T,S,V
2019-09-25 11:13:54,36.3,2505,0.12,23.1,73.7,----,----,3355.8845 S,15113.2702 E,11,1,T,S,V
2019-09-25 11:13:57,35.1,2488,0.04,23.1,73.7,----,----,3355.8839 S,15113.2707 E,11,1,T,S,V
2019-09-25 11:13:59,35.1,2488,0.04,23.1,73.7,----,----,3355.8837 S,15113.2710 E,11,1,T,S,V
2019-09-25 11:14:02,30.6,2404,0.12,23.2,73.7,----,----,3355.8840 S,15113.2707 E,11,1,T,S,V
2019-09-25 11:14:05,38.0,2531,0.21,23.2,73.7,----,----,3355.8835 S,15113.2709 E,11,1,T,S,V
2019-09-25 11:14:07,32.9,2446,0.15,23.2,73.8,----,----,3355.8831 S,15113.2713 E,11,1,T,S,V
2019-09-25 11:14:10,36.3,2507,0.23,23.2,73.8,----,----,3355.8826 S,15113.2714 E,11,1,T,S,V
2019-09-25 11:14:12,36.3,2503,0.17,23.2,73.8,----,----,3355.8833 S,15113.2713 E,11,1,T,S,V
2019-09-25 11:14:15,33.4,2459,0.15,23.2,73.8,----,----,3355.8830 S,15113.2713 E,11,1,T,S,V
2019-09-25 11:14:17,33.4,2458,0.14,23.2,73.8,----,----,3355.8838 S,15113.2706 E,11,1,T,S,V
2019-09-25 11:14:19,36.8,2512,0.11,23.2,73.8,----,----,3355.8837 S,15113.2705 E,11,1,T,S,V
2019-09-25 11:14:23,34.6,2472,0.04,23.2,73.8,----,----,3355.8832 S,15113.2707 E,11,1,T,S,V
2019-09-25 11:14:25,32.9,2445,0.10,23.2,73.8,----,----,3355.8835 S,15113.2708 E,11,1,T,S,V
2019-09-25 11:14:27,32.9,2441,0.12,23.2,73.8,----,----,3355.8830 S,15113.2711 E,11,1,T,S,V
2019-09-25 11:14:30,32.9,2446,0.05,23.2,73.8,----,----,3355.8828 S,15113.2718 E,11,1,T,S,V
2019-09-25 11:14:33,37.4,2522,0.07,23.2,73.8,----,----,3355.8828 S,15113.2721 E,11,1,T,S,V
2019-09-25 11:14:35,30.6,2400,0.00,23.2,73.7,----,----,3355.8829 S,15113.2718 E,11,1,T,S,V
2019-09-25 11:14:38,31.7,2423,0.03,23.1,73.7,----,----,3355.8833 S,15113.2714 E,11,1,T,S,V
2019-09-25 11:14:40,33.4,2456,0.08,23.1,73.7,----,----,3355.8843 S,15113.2713 E,11,1,T,S,V
2019-09-25 11:14:43,30.0,2399,0.11,23.1,73.7,----,----,3355.8841 S,15113.2716 E,11,1,T,S,V
2019-09-25 11:14:45,32.3,2433,0.03,23.1,73.7,----,----,3355.8836 S,15113.2711 E,11,1,T,S,V
2019-09-25 11:14:49,30.0,2393,0.03,23.1,73.7,----,----,3355.8841 S,15113.2714 E,11,1,T,S,V
2019-09-25 11:14:51,32.9,2443,0.12,23.1,73.7,----,----,3355.8839 S,15113.2713 E,11,1,T,S,V
2019-09-25 11:14:54,31.7,2423,0.10,23.1,73.7,----,----,3355.8838 S,15113.2710 E,11,1,T,S,V
2019-09-25 11:14:57,40.3,2576,0.11,23.1,73.7,----,----,3355.8836 S,15113.2711 E,11,1,T,S,V
2019-09-25 11:14:59,27.7,2357,0.08,23.1,73.7,----,----,3355.8835 S,15113.2713 E,11,1,T,S,V
2019-09-25 11:15:02,29.4,2389,0.11,23.1,73.7,----,----,3355.8835 S,15113.2715 E,11,1,T,S,V
2019-09-25 11:15:04,31.1,2417,0.11,23.2,73.7,----,----,3355.8838 S,15113.2711 E,11,1,T,S,V
2019-09-25 11:15:07,31.1,2414,0.00,23.2,73.7,----,----,3355.8837 S,15113.2712 E,11,1,T,S,V
2019-09-25 11:15:10,34.0,2464,0.13,23.2,73.7,----,----,3355.8836 S,15113.2714 E,11,1,T,S,V
2019-09-25 11:15:12,30.0,2397,0.00,23.2,73.7,----,----,3355.8834 S,15113.2714 E,11,1,T,S,V
2019-09-25 11:15:17,39.1,2559,0.09,23.2,73.7,----,----,3355.8832 S,15113.2721 E,11,1,T,S,V
2019-09-25 11:15:20,35.7,2497,0.05,23.2,73.7,----,----,3355.8833 S,15113.2719 E,11,1,T,S,V
2019-09-25 11:15:22,38.6,2544,0.16,23.2,73.7,----,----,3355.8831 S,15113.2717 E,11,1,T,S,V
2019-09-25 11:15:25,36.3,2506,0.07,23.2,73.8,----,----,3355.8831 S,15113.2713 E,11,1,T,S,V
2019-09-25 11:15:28,36.8,2511,0.15,23.2,73.7,----,----,3355.8828 S,15113.2707 E,11,1,T,S,V
2019-09-25 11:15:31,42.5,2612,0.09,23.2,73.8,----,----,3355.8821 S,15113.2707 E,11,1,T,S,V
2019-09-25 11:15:33,39.1,2551,0.05,23.2,73.7,----,----,3355.8815 S,15113.2700 E,11,1,T,S,V
2019-09-25 11:15:36,38.0,2536,0.09,23.2,73.8,----,----,3355.8818 S,15113.2698 E,11,1,T,S,V
2019-09-25 11:15:38,36.8,2510,0.03,23.2,73.8,----,----,3355.8821 S,15113.2699 E,11,1,T,S,V
2019-09-25 11:15:42,42.0,2600,0.06,23.2,73.8,----,----,3355.8818 S,15113.2699 E,13,1,T,S,V
2019-09-25 11:15:48,36.8,2514,0.09,23.2,73.8,----,----,3355.8823 S,15113.2701 E,13,1,T,S,V
2019-09-25 11:15:50,36.8,2514,0.13,23.2,73.7,----,----,3355.8826 S,15113.2707 E,13,1,T,S,V
2019-09-25 11:15:52,35.7,2497,0.17,23.2,73.8,----,----,3355.8828 S,15113.2705 E,13,1,T,S,V
2019-09-25 11:15:55,32.9,2446,0.13,23.2,73.8,----,----,3355.8830 S,15113.2704 E,13,1,T,S,V
2019-09-25 11:15:57,39.1,2556,0.19,23.2,73.8,----,----,3355.8832 S,15113.2701 E,13,1,T,S,V
2019-09-25 11:15:59,39.7,2560,0.09,23.2,73.8,----,----,3355.8834 S,15113.2701 E,13,1,T,S,V
2019-09-25 11:16:02,39.1,2556,0.15,23.2,73.8,----,----,3355.8834 S,15113.2700 E,12,1,T,S,V
2019-09-25 11:16:04,38.6,2541,0.15,23.2,73.8,----,----,3355.8833 S,15113.2701 E,12,1,T,S,V
2019-09-25 11:16:07,38.6,2548,0.04,23.2,73.8,----,----,3355.8831 S,15113.2703 E,12,1,T,S,V
2019-09-25 11:16:09,37.4,2524,0.14,23.2,73.8,----,----,3355.8831 S,15113.2706 E,12,1,T,S,V
2019-09-25 11:16:13,35.7,2499,0.09,23.2,73.8,----,----,3355.8826 S,15113.2712 E,12,1,T,S,V
2019-09-25 11:16:15,34.6,2479,0.08,23.2,73.8,----,----,3355.8822 S,15113.2713 E,12,1,T,S,V
2019-09-25 11:16:17,33.4,2450,0.10,23.2,73.8,----,----,3355.8824 S,15113.2711 E,13,1,T,S,V
2019-09-25 11:16:20,37.4,2522,0.13,23.2,73.9,----,----,3355.8825 S,15113.2710 E,13,1,T,S,V
2019-09-25 11:16:22,36.3,2506,0.17,23.2,73.9,----,----,3355.8823 S,15113.2713 E,13,1,T,S,V
2019-09-25 11:16:25,35.1,2487,0.05,23.2,73.9,----,----,3355.8816 S,15113.2716 E,13,1,T,S,V
2019-09-25 11:16:27,40.8,2582,0.08,23.3,73.9,----,----,3355.8815 S,15113.2719 E,13,1,T,S,V
2019-09-25 11:16:29,30.0,2390,0.08,23.3,73.9,----,----,3355.8811 S,15113.2718 E,13,1,T,S,V
2019-09-25 11:16:32,39.7,2562,0.17,23.3,73.9,----,----,3355.8812 S,15113.2716 E,13,1,T,S,V
2019-09-25 11:16:34,32.9,2445,0.06,23.3,73.9,----,----,3355.8819 S,15113.2715 E,13,1,T,S,V
2019-09-25 11:16:37,43.1,2628,0.13,23.3,73.9,----,----,3355.8824 S,15113.2721 E,13,1,T,S,V
2019-09-25 11:16:40,38.0,2537,0.08,23.3,74.0,----,----,3355.8821 S,15113.2721 E,13,1,T,S,V
2019-09-25 11:16:42,34.6,2478,0.07,23.3,73.9,----,----,3355.8816 S,15113.2720 E,13,1,T,S,V
2019-09-25 11:16:45,36.8,2515,0.13,23.3,74.0,----,----,3355.8820 S,15113.2721 E,13,1,T,S,V
2019-09-25 11:16:47,36.8,2519,0.13,23.3,74.0,----,----,3355.8822 S,15113.2722 E,13,1,T,S,V
2019-09-25 11:16:50,33.4,2458,0.13,23.3,74.0,----,----,3355.8825 S,15113.2723 E,13,1,T,S,V
2019-09-25 11:16:53,42.0,2602,0.16,23.3,74.0,----,----,3355.8822 S,15113.2722 E,13,1,T,S,V
2019-09-25 11:16:55,32.9,2440,0.08,23.3,74.0,----,----,3355.8820 S,15113.2721 E,13,1,T,S,V
2019-09-25 11:16:58,33.4,2450,0.07,23.3,74.0,----,----,3355.8818 S,15113.2719 E,13,1,T,S,V
2019-09-25 11:17:01,42.5,2613,0.08,23.3,74.0,----,----,3355.8819 S,15113.2722 E,13,1,T,S,V
2019-09-25 11:17:04,33.4,2455,0.06,23.3,74.0,----,----,3355.8820 S,15113.2726 E,13,1,T,S,V
2019-09-25 11:17:07,32.9,2442,0.11,23.3,74.0,----,----,3355.8817 S,15113.2722 E,13,1,T,S,V
2019-09-25 11:17:09,38.0,2539,0.09,23.3,74.0,----,----,3355.8813 S,15113.2720 E,13,1,T,S,V
2019-09-25 11:17:12,36.3,2506,0.12,23.3,74.0,----,----,3355.8808 S,15113.2721 E,13,1,T,S,V
2019-09-25 11:17:14,32.3,2431,0.07,23.3,74.0,----,----,3355.8811 S,15113.2723 E,13,1,T,S,V
2019-09-25 11:17:17,36.8,2514,0.06,23.3,74.0,----,----,3355.8810 S,15113.2726 E,13,1,T,S,V
2019-09-25 11:17:19,32.9,2446,0.05,23.3,74.0,----,----,3355.8809 S,15113.2725 E,13,1,T,S,V
2019-09-25 11:17:22,38.0,2535,0.11,23.3,74.0,----,----,3355.8810 S,15113.2721 E,13,1,T,S,V
2019-09-25 11:17:24,32.9,2442,0.02,23.3,74.0,----,----,3355.8809 S,15113.2718 E,13,1,T,S,V
2019-09-25 11:17:27,36.3,2507,0.12,23.3,74.0,----,----,3355.8807 S,15113.2718 E,13,1,T,S,V
2019-09-25 11:17:30,31.1,2415,0.12,23.3,74.0,----,----,3355.8802 S,15113.2723 E,13,1,T,S,V
2019-09-25 11:17:33,31.7,2425,0.11,23.3,74.0,----,----,3355.8803 S,15113.2722 E,13,1,T,S,V
2019-09-25 11:17:35,32.3,2431,0.11,23.3,74.0,----,----,3355.8802 S,15113.2721 E,13,1,T,S,V
2019-09-25 11:17:38,31.1,2413,0.12,23.3,74.0,----,----,3355.8802 S,15113.2722 E,13,1,T,S,V
2019-09-25 11:17:40,23.2,2276,0.04,23.3,74.0,----,----,3355.8800 S,15113.2725 E,13,1,T,S,V
2019-09-25 11:17:43,29.4,2383,0.14,23.4,74.1,----,----,3355.8801 S,15113.2730 E,13,1,T,S,V
2019-09-25 11:17:46,34.6,2471,0.16,23.4,74.1,----,----,3355.8798 S,15113.2732 E,13,1,T,S,V
2019-09-25 11:17:48,28.3,2369,0.06,23.4,74.1,----,----,3355.8800 S,15113.2730 E,13,1,T,S,V
2019-09-25 11:17:50,30.0,2394,0.08,23.4,74.1,----,----,3355.8802 S,15113.2731 E,13,1,T,S,V
2019-09-25 11:17:53,27.7,2351,0.02,23.4,74.2,----,----,3355.8802 S,15113.2735 E,13,1,T,S,V
2019-09-25 11:17:56,28.9,2373,0.04,23.4,74.2,----,----,3355.8799 S,15113.2742 E,13,1,T,S,V
2019-09-25 11:17:59,30.6,2407,0.11,23.4,74.2,----,----,3355.8800 S,15113.2742 E,13,1,T,S,V
2019-09-25 11:18:01,31.7,2425,0.05,23.4,74.2,----,----,3355.8799 S,15113.2740 E,13,1,T,S,V
2019-09-25 11:18:04,27.7,2359,0.06,23.4,74.2,----,----,3355.8797 S,15113.2740 E,13,1,T,S,V
2019-09-25 11:18:06,35.1,2486,0.08,23.4,74.2,----,----,3355.8797 S,15113.2740 E,13,1,T,S,V
2019-09-25 11:18:09,33.4,2454,0.14,23.4,74.2,----,----,3355.8798 S,15113.2742 E,13,1,T,S,V
2019-09-25 11:18:11,30.6,2402,0.08,23.5,74.3,----,----,3355.8796 S,15113.2743 E,13,1,T,S,V
2019-09-25 11:18:13,34.0,2464,0.04,23.5,74.3,----,----,3355.8793 S,15113.2741 E,13,1,T,S,V
2019-09-25 11:18:16,28.3,2368,0.02,23.5,74.3,----,----,3355.8790 S,15113.2737 E,13,1,T,S,V
2019-09-25 11:18:18,33.4,2454,0.04,23.5,74.3,----,----,3355.8791 S,15113.2737 E,13,1,T,S,V
2019-09-25 11:18:22,34.6,2473,0.04,23.5,74.3,----,----,3355.8793 S,15113.2739 E,13,1,T,S,V
2019-09-25 11:18:24,32.3,2435,0.06,23.5,74.3,----,----,3355.8789 S,15113.2738 E,13,1,T,S,V
2019-09-25 11:18:27,35.1,2489,0.07,23.5,74.3,----,----,3355.8791 S,15113.2738 E,13,1,T,S,V
2019-09-25 11:18:29,31.7,2426,0.07,23.5,74.3,----,----,3355.8789 S,15113.2737 E,13,1,T,S,V
2019-09-25 11:18:32,34.6,2474,0.07,23.5,74.3,----,----,3355.8788 S,15113.2737 E,12,1,T,S,V
2019-09-25 11:18:34,35.1,2482,0.04,23.5,74.4,----,----,3355.8787 S,15113.2741 E,13,1,T,S,V
2019-09-25 11:18:37,31.7,2421,0.00,23.5,74.4,----,----,3355.8785 S,15113.2743 E,13,1,T,S,V
2019-09-25 11:18:39,36.3,2507,0.00,23.5,74.4,----,----,3355.8784 S,15113.2743 E,13,1,T,S,V
2019-09-25 11:18:42,34.0,2465,0.06,23.5,74.4,----,----,3355.8780 S,15113.2741 E,13,1,T,S,V
2019-09-25 11:18:44,35.7,2495,0.09,23.5,74.4,----,----,3355.8777 S,15113.2741 E,13,1,T,S,V
2019-09-25 11:18:48,31.1,2413,0.06,23.5,74.4,----,----,3355.8777 S,15113.2746 E,13,1,T,S,V
2019-09-25 11:18:50,30.0,2399,0.10,23.5,74.4,----,----,3355.8782 S,15113.2745 E,13,1,T,S,V
2019-09-25 11:18:52,31.1,2415,0.05,23.6,74.5,----,----,3355.8781 S,15113.2744 E,13,1,T,S,V
2019-09-25 11:18:55,23.7,2287,0.08,23.6,74.5,----,----,3355.8783 S,15113.2743 E,13,1,T,S,V
2019-09-25 11:18:57,29.4,2385,0.14,23.6,74.5,----,----,3355.8781 S,15113.2746 E,13,1,T,S,V
2019-09-25 11:19:00,27.7,2353,0.02,23.6,74.5,----,----,3355.8780 S,15113.2749 E,13,1,T,S,V
2019-09-25 11:19:02,22.6,2262,0.04,23.6,74.5,----,----,3355.8782 S,15113.2747 E,13,1,T,S,V
2019-09-25 11:19:05,26.6,2333,0.03,23.6,74.5,----,----,3355.8782 S,15113.2744 E,13,1,T,S,V
2019-09-25 11:19:07,31.7,2423,0.06,23.6,74.5,----,----,3355.8784 S,15113.2741 E,13,1,T,S,V
2019-09-25 11:19:10,30.6,2409,0.06,23.6,74.6,----,----,3355.8788 S,15113.2743 E,13,1,T,S,V
2019-09-25 11:19:13,26.0,2327,0.08,23.7,74.6,----,----,3355.8787 S,15113.2744 E,13,1,T,S,V
2019-09-25 11:19:16,27.7,2350,0.07,23.7,74.6,----,----,3355.8785 S,15113.2745 E,13,1,T,S,V
2019-09-25 11:19:18,27.7,2351,0.08,23.7,74.6,----,----,3355.8782 S,15113.2743 E,13,1,T,S,V
2019-09-25 11:19:21,26.0,2323,0.04,23.7,74.7,----,----,3355.8778 S,15113.2742 E,13,1,T,S,V
2019-09-25 11:19:24,26.6,2334,0.03,23.7,74.7,----,----,3355.8776 S,15113.2743 E,13,1,T,S,V
2019-09-25 11:19:26,27.7,2350,0.05,23.7,74.7,----,----,3355.8777 S,15113.2745 E,13,1,T,S,V
2019-09-25 11:19:29,28.3,2365,0.00,23.7,74.7,----,----,3355.8775 S,15113.2746 E,13,1,T,S,V
2019-09-25 11:19:31,27.2,2347,0.00,23.7,74.7,----,----,3355.8774 S,15113.2743 E,13,1,T,S,V
2019-09-25 11:19:34,30.0,2397,0.00,23.7,74.7,----,----,3355.8776 S,15113.2742 E,13,1,T,S,V
2019-09-25 11:19:38,28.3,2363,0.03,23.7,74.8,----,----,3355.8781 S,15113.2743 E,13,1,T,S,V
2019-09-25 11:19:41,28.9,2379,0.04,23.7,74.8,----,----,3355.8776 S,15113.2742 E,13,1,T,S,V
2019-09-25 11:19:43,31.1,2414,0.08,23.7,74.8,----,----,3355.8775 S,15113.2743 E,13,1,T,S,V
2019-09-25 11:19:46,24.3,2298,0.05,23.7,74.8,----,----,3355.8773 S,15113.2742 E,13,1,T,S,V
2019-09-25 11:19:48,33.4,2458,0.07,23.7,74.8,----,----,3355.8773 S,15113.2745 E,13,1,T,S,V
2019-09-25 11:19:50,33.4,2454,0.08,23.8,74.8,----,----,3355.8769 S,15113.2746 E,13,1,T,S,V
2019-09-25 11:19:53,30.6,2403,0.06,23.8,74.8,----,----,3355.8770 S,15113.2744 E,13,1,T,S,V
2019-09-25 11:19:55,31.1,2419,0.11,23.8,74.9,----,----,3355.8771 S,15113.2744 E,13,1,T,S,V
2019-09-25 11:19:58,33.4,2455,0.08,23.8,74.8,----,----,3355.8774 S,15113.2745 E,13,1,T,S,V
2019-09-25 11:20:00,33.4,2457,0.06,23.8,74.9,----,----,3355.8775 S,15113.2745 E,13,1,T,S,V
2019-09-25 11:20:03,30.6,2401,0.04,23.8,74.9,----,----,3355.8777 S,15113.2745 E,13,1,T,S,V
