Time,VWC%,Period,EC,Temp_Soil,Temp_Soil(F),Temp_IR,Temp_IR(F),Latitude,Longitude,Satellites,Fix,Rod Length,Soil Type,VWC Mode
2015-07-13 22:31:23,22.8,2472,0.00,19.1,66.4,----,----,00.000000 N,000.000000 W,0,0,S,S,V
2015-07-13 22:31:26,29.1,2599,0.08,19.1,66.5,----,----,00.000000 N,000.000000 W,0,0,S,S,V
2015-07-13 22:31:29,28.3,2584,0.06,19.1,66.5,----,----,00.000000 N,000.000000 W,0,0,S,S,V
2015-07-13 22:31:31,28.3,2584,0.10,19.1,66.5,----,----,00.000000 N,000.000000 W,0,0,S,S,V
2015-07-13 22:31:33,25.5,2526,0.02,19.1,66.5,----,----,00.000000 N,000.000000 W,0,0,S,S,V
2015-07-13 22:31:44,23.0,2475,0.02,19.2,66.6,----,----,00.000000 N,000.000000 W,0,0,S,S,V
2015-07-13 22:31:46,25.8,2533,0.00,19.2,66.6,----,----,00.000000 N,000.000000 W,0,0,S,S,V
2015-07-13 22:31:48,17.8,2369,0.01,19.2,66.6,----,----,00.000000 N,000.000000 W,0,0,S,S,V
2015-07-13 22:31:51,26.4,2544,0.00,19.2,66.7,----,----,00.000000 N,000.000000 W,0,0,S,S,V
2015-07-13 22:31:54,25.2,2520,0.00,19.2,66.7,----,----,00.000000 N,000.000000 W,0,0,S,S,V
2015-07-13 22:31:57,25.7,2530,0.01,19.3,66.7,----,----,00.000000 N,000.000000 W,0,0,S,S,V
2015-07-13 22:31:59,22.3,2462,0.00,19.3,66.7,----,----,00.000000 N,000.000000 W,0,0,S,S,V
2015-07-13 22:32:01,23.4,2484,0.02,19.3,66.7,----,----,00.000000 N,000.000000 W,0,0,S,S,V
2015-07-13 22:32:03,09.7,2205,0.00,19.3,66.7,----,----,00.000000 N,000.000000 W,0,0,S,S,V
2015-07-13 22:32:05,25.4,2524,0.00,19.3,66.8,----,----,00.000000 N,000.000000 W,0,0,S,S,V
2015-07-13 22:32:07,27.6,2569,0.05,19.3,66.8,----,----,00.000000 N,000.000000 W,0,0,S,S,V
2015-07-13 22:32:09,20.1,2416,0.00,19.3,66.8,----,----,00.000000 N,000.000000 W,0,0,S,S,V
2015-07-13 22:32:11,32.2,2663,0.03,19.3,66.9,----,----,00.000000 N,000.000000 W,0,0,S,S,V
2015-07-13 22:32:13,24.9,2515,0.02,19.3,66.9,----,----,00.000000 N,000.000000 W,0,0,S,S,V
2015-07-13 22:32:16,20.5,2424,0.00,19.4,66.9,----,----,00.000000 N,000.000000 W,0,0,S,S,V
2015-07-13 22:32:18,26.2,2540,0.02,19.4,66.9,----,----,00.000000 N,000.000000 W,0,0,S,S,V
2015-07-13 22:32:20,26.8,2552,0.02,19.4,67.0,----,----,00.000000 N,000.000000 W,0,0,S,S,V
2015-07-13 22:32:22,28.3,2583,0.06,19.5,67.1,----,----,00.000000 N,000.000000 W,0,0,S,S,V
2015-07-13 22:32:25,22.7,2469,0.00,19.5,67.1,----,----,00.000000 N,000.000000 W,0,0,S,S,V
2015-07-13 22:32:27,21.9,2453,0.00,19.5,67.1,----,----,00.000000 N,000.000000 W,0,0,S,S,V
2015-07-13 22:32:29,25.7,2530,0.03,19.5,67.1,----,----,00.000000 N,000.000000 W,0,0,S,S,V
2015-07-13 22:32:31,21.9,2453,0.01,19.5,67.2,----,----,00.000000 N,000.000000 W,0,0,S,S,V
2015-07-13 22:32:33,26.3,2543,0.00,19.5,67.2,----,----,00.000000 N,000.000000 W,0,0,S,S,V
2015-07-13 22:32:35,24.7,2510,0.00,19.5,67.2,----,----,00.000000 N,000.000000 W,0,0,S,S,V
2015-07-13 22:32:37,25.8,2533,0.00,19.6,67.3,----,----,00.000000 N,000.000000 W,0,0,S,S,V
2015-07-13 22:32:40,25.0,2517,0.04,19.6,67.3,----,----,00.000000 N,000.000000 W,0,0,S,S,V
2015-07-13 22:32:42,23.8,2491,0.04,19.6,67.3,----,----,00.000000 N,000.000000 W,0,0,S,S,V
2015-07-13 22:32:43,27.7,2571,0.06,19.6,67.3,----,----,00.000000 N,000.000000 W,0,0,S,S,V
2015-07-13 22:32:45,28.0,2578,0.00,19.6,67.3,----,----,00.000000 N,000.000000 W,0,0,S,S,V
2015-07-13 22:32:47,25.5,2526,0.00,19.6,67.4,----,----,00.000000 N,000.000000 W,0,0,S,S,V
2015-07-13 22:32:49,28.0,2577,0.00,19.7,67.4,----,----,00.000000 N,000.000000 W,0,0,S,S,V
2015-07-13 22:32:51,23.6,2487,0.02,19.7,67.5,----,----,00.000000 N,000.000000 W,0,0,S,S,V
2015-07-13 22:32:53,26.3,2543,0.02,19.7,67.5,----,----,00.000000 N,000.000000 W,0,0,S,S,V
2015-07-13 22:32:55,23.0,2476,0.00,19.7,67.5,----,----,00.000000 N,000.000000 W,0,0,S,S,V
2015-07-13 22:32:57,25.3,2522,0.00,19.7,67.5,----,----,00.000000 N,000.000000 W,0,0,S,S,V
2015-07-13 22:32:59,29.4,2606,0.02,19.7,67.6,----,----,00.000000 N,000.000000 W,0,0,S,S,V
2015-07-13 22:33:01,32.9,2677,0.05,19.7,67.6,----,----,00.000000 N,000.000000 W,0,0,S,S,V
2015-07-13 22:33:03,22.7,2470,0.02,19.8,67.6,----,----,00.000000 N,000.000000 W,0,0,S,S,V
2015-07-13 22:33:05,29.8,2613,0.03,19.8,67.6,----,----,00.000000 N,000.000000 W,0,0,S,S,V
2015-07-13 22:33:07,27.3,2564,0.01,19.8,67.6,----,----,00.000000 N,000.000000 W,0,0,S,S,V
2015-07-13 22:33:09,37.1,2762,0.00,19.8,67.7,----,----,00.000000 N,000.000000 W,0,0,S,S,V
2015-07-13 22:33:11,32.2,2663,0.00,19.8,67.7,----,----,00.000000 N,000.000000 W,0,0,S,S,V
2015-07-13 22:33:13,30.2,2623,0.00,19.8,67.7,----,----,00.000000 N,000.000000 W,0,0,S,S,V
2015-07-13 22:33:15,29.4,2606,0.04,19.8,67.7,----,----,00.000000 N,000.000000 W,0,0,S,S,V
2015-07-13 22:33:17,38.7,2795,0.02,19.9,67.8,----,----,00.000000 N,000.000000 W,0,0,S,S,V
2015-07-13 22:33:20,26.0,2537,0.03,19.9,67.8,----,----,00.000000 N,000.000000 W,0,0,S,S,V
2015-07-13 22:33:22,33.1,2682,0.00,19.9,67.9,----,----,00.000000 N,000.000000 W,0,0,S,S,V
2015-07-13 22:33:24,25.6,2529,0.04,19.9,67.9,----,----,00.000000 N,000.000000 W,0,0,S,S,V
2015-07-13 22:33:26,29.0,2598,0.00,19.9,67.9,----,----,00.000000 N,000.000000 W,0,0,S,S,V
2015-07-13 22:33:28,31.1,2641,0.01,19.9,67.9,----,----,00.000000 N,000.000000 W,0,0,S,S,V
2015-07-13 22:33:30,23.0,2475,0.04,19.9,67.9,----,----,00.000000 N,000.000000 W,0,0,S,S,V
2015-07-13 22:33:32,23.7,2490,0.03,20.0,68.0,----,----,00.000000 N,000.000000 W,0,0,S,S,V
2015-07-13 22:33:34,20.4,2423,0.00,20.0,68.0,----,----,00.000000 N,000.000000 W,0,0,S,S,V
2015-07-13 22:33:36,23.9,2493,0.00,20.0,68.0,----,----,00.000000 N,000.000000 W,0,0,S,S,V
2015-07-13 22:33:38,21.6,2446,0.00,20.0,68.0,----,----,00.000000 N,000.000000 W,0,0,S,S,V
2015-07-13 22:33:40,22.2,2460,0.00,20.0,68.1,----,----,00.000000 N,000.000000 W,0,0,S,S,V
2015-07-13 22:33:42,27.5,2567,0.00,20.1,68.2,----,----,00.000000 N,000.000000 W,0,0,S,S,V
2015-07-13 22:33:44,20.8,2431,0.00,20.1,68.2,----,----,00.000000 N,000.000000 W,0,0,S,S,V
2015-07-13 22:33:46,20.7,2429,0.00,20.1,68.2,----,----,00.000000 N,000.000000 W,0,0,S,S,V
2015-07-13 22:33:48,17.5,2364,0.03,20.1,68.2,----,----,00.000000 N,000.000000 W,0,0,S,S,V
2015-07-13 22:33:50,19.5,2404,0.00,20.1,68.2,----,----,00.000000 N,000.000000 W,0,0,S,S,V
2015-07-13 22:33:52,19.8,2411,0.04,20.1,68.3,----,----,00.000000 N,000.000000 W,0,0,S,S,V
2015-07-13 22:33:54,19.4,2403,0.00,20.2,68.3,----,----,00.000000 N,000.000000 W,0,0,S,S,V
2015-07-13 22:33:56,24.2,2499,0.00,20.2,68.4,----,----,00.000000 N,000.000000 W,0,0,S,S,V
2015-07-13 22:33:58,22.2,2460,0.02,20.2,68.4,----,----,00.000000 N,000.000000 W,0,0,S,S,V
2015-07-13 22:34:00,23.8,2491,0.02,20.2,68.4,----,----,00.000000 N,000.000000 W,0,0,S,S,V
2015-07-13 22:34:02,21.3,2441,0.00,20.2,68.4,----,----,00.000000 N,000.000000 W,0,0,S,S,V
2015-07-13 22:34:04,25.4,2524,0.03,20.2,68.5,----,----,00.000000 N,000.000000 W,0,0,S,S,V
2015-07-13 22:34:06,23.0,2475,0.00,20.3,68.5,----,----,00.000000 N,000.000000 W,0,0,S,S,V
2015-07-13 22:34:08,19.9,2413,0.00,20.3,68.5,----,----,33.931783 S,151.221772 E,5,1,S,S,V
2015-07-13 22:34:27,27.1,2559,0.02,20.4,68.8,----,----,33.931745 S,151.221477 E,5,1,S,S,V
2015-07-13 22:34:29,28.9,2596,0.00,20.4,68.8,----,----,33.931745 S,151.221493 E,5,1,S,S,V
2015-07-13 22:34:31,30.3,2624,0.04,20.4,68.8,----,----,33.931743 S,151.221500 E,5,1,S,S,V
2015-07-13 22:34:33,25.7,2530,0.03,20.4,68.8,----,----,33.931745 S,151.221503 E,5,1,S,S,V
2015-07-13 22:34:35,20.8,2431,0.02,20.5,68.9,----,----,33.931740 S,151.221508 E,5,1,S,S,V
2015-07-13 22:34:37,26.0,2537,0.00,20.5,68.9,----,----,33.931733 S,151.221517 E,5,1,S,S,V
2015-07-13 22:34:39,26.0,2537,0.00,20.5,68.9,----,----,33.931735 S,151.221527 E,5,1,S,S,V
2015-07-13 22:34:40,29.7,2611,0.00,20.5,69.0,----,----,33.931735 S,151.221537 E,5,1,S,S,V
2015-07-13 22:34:42,24.0,2496,0.00,20.5,69.0,----,----,33.931740 S,151.221542 E,5,1,S,S,V
2015-07-13 22:34:44,24.5,2505,0.00,20.5,69.0,----,----,33.931740 S,151.221545 E,5,1,S,S,V
2015-07-13 22:34:46,22.2,2460,0.04,20.6,69.0,----,----,33.931522 S,151.221293 E,6,1,S,S,V
2015-07-13 22:34:48,26.3,2543,0.00,20.6,69.0,----,----,33.931463 S,151.221222 E,6,1,S,S,V
2015-07-13 22:34:49,23.8,2491,0.00,20.6,69.1,----,----,33.931433 S,151.221198 E,6,1,S,S,V
2015-07-13 22:34:51,27.2,2560,0.00,20.6,69.1,----,----,33.931410 S,151.221187 E,6,1,S,S,V
2015-07-13 22:34:53,32.4,2667,0.00,20.6,69.1,----,----,33.931403 S,151.221187 E,6,1,S,S,V
2015-07-13 22:34:55,26.3,2542,0.00,20.6,69.1,----,----,33.931395 S,151.221188 E,6,1,S,S,V
2015-07-13 22:34:57,30.5,2629,0.03,20.6,69.2,----,----,33.931392 S,151.221185 E,6,1,S,S,V
2015-07-13 22:34:59,24.5,2505,0.05,20.6,69.2,----,----,33.931395 S,151.221177 E,6,1,S,S,V
2015-07-13 22:35:01,28.0,2578,0.00,20.6,69.2,----,----,33.931388 S,151.221175 E,6,1,S,S,V
2015-07-13 22:35:03,38.2,2786,0.00,20.7,69.2,----,----,33.931390 S,151.221170 E,6,1,S,S,V
2015-07-13 22:35:05,26.1,2539,0.00,20.7,69.2,----,----,33.931387 S,151.221163 E,6,1,S,S,V
2015-07-13 22:35:07,27.1,2559,0.01,20.7,69.3,----,----,33.931383 S,151.221165 E,6,1,S,S,V
2015-07-13 22:35:09,27.0,2557,0.01,20.7,69.3,----,----,33.931373 S,151.221165 E,6,1,S,S,V
2015-07-13 22:35:11,24.2,2500,0.00,20.7,69.4,----,----,33.931363 S,151.221163 E,6,1,S,S,V
2015-07-13 22:35:13,26.2,2540,0.03,20.8,69.4,----,----,33.931377 S,151.221157 E,6,1,S,S,V
2015-07-13 22:35:22,24.1,2497,0.00,20.8,69.5,----,----,33.931398 S,151.221153 E,5,1,S,S,V
2015-07-13 22:35:24,34.3,2706,0.00,20.8,69.5,----,----,33.931398 S,151.221152 E,6,1,S,S,V
2015-07-13 22:35:26,22.7,2470,0.00,20.8,69.5,----,----,33.931397 S,151.221153 E,6,1,S,S,V
2015-07-13 22:35:28,26.3,2543,0.01,20.8,69.5,----,----,33.931383 S,151.221158 E,6,1,S,S,V
2015-07-13 22:35:30,28.8,2593,0.01,20.8,69.5,----,----,33.931377 S,151.221183 E,6,1,S,S,V
2015-07-13 22:35:33,24.9,2515,0.02,20.9,69.6,----,----,33.931365 S,151.221192 E,5,1,S,S,V
2015-07-13 22:35:36,28.7,2591,0.05,20.9,69.6,----,----,33.931363 S,151.221188 E,4,1,S,S,V
2015-07-13 22:35:38,24.0,2496,0.00,20.9,69.7,----,----,33.931368 S,151.221172 E,6,1,S,S,V
2015-07-13 22:35:40,24.6,2509,0.00,20.9,69.7,----,----,33.931358 S,151.221178 E,6,1,S,S,V
2015-07-13 22:35:42,25.3,2522,0.00,20.9,69.7,----,----,33.931363 S,151.221175 E,6,1,S,S,V
2015-07-13 22:35:46,26.2,2540,0.00,21.0,69.8,----,----,33.931368 S,151.221185 E,5,1,S,S,V
2015-07-13 22:35:48,28.2,2581,0.00,21.0,69.8,----,----,33.931365 S,151.221190 E,5,1,S,S,V
2015-07-13 22:35:50,33.2,2684,0.00,21.0,69.8,----,----,33.931360 S,151.221193 E,5,1,S,S,V
2015-07-13 22:35:53,30.9,2637,0.01,21.0,69.8,----,----,33.931355 S,151.221195 E,5,1,S,S,V
2015-07-13 22:35:55,29.7,2612,0.00,21.0,69.9,----,----,33.931358 S,151.221192 E,6,1,S,S,V
2015-07-13 22:36:05,27.0,2556,0.04,21.1,70.0,----,----,33.931347 S,151.221200 E,7,1,S,S,V
2015-07-13 22:36:08,26.7,2551,0.01,21.1,70.1,----,----,33.931340 S,151.221198 E,7,1,S,S,V
2015-07-13 22:36:10,31.5,2649,0.00,21.1,70.1,----,----,33.931335 S,151.221200 E,7,1,S,S,V
2015-07-13 22:36:12,26.0,2537,0.03,21.1,70.1,----,----,33.931328 S,151.221207 E,7,1,S,S,V
2015-07-13 22:36:14,30.7,2633,0.00,21.2,70.1,----,----,33.931327 S,151.221212 E,6,1,S,S,V
2015-07-13 22:36:17,20.8,2430,0.04,21.2,70.2,----,----,33.931322 S,151.221227 E,7,1,S,S,V
2015-07-13 22:36:19,21.6,2446,0.01,21.2,70.3,----,----,33.931317 S,151.221223 E,7,1,S,S,V
2015-07-13 22:36:22,25.4,2524,0.02,21.2,70.3,----,----,33.931312 S,151.221215 E,7,1,S,S,V
2015-07-13 22:36:23,22.7,2469,0.00,21.3,70.3,----,----,33.931297 S,151.221213 E,7,1,S,S,V
2015-07-13 22:36:26,22.3,2462,0.00,21.3,70.3,----,----,33.931293 S,151.221212 E,7,1,S,S,V
2015-07-13 22:36:30,26.2,2540,0.00,21.3,70.4,----,----,33.931287 S,151.221195 E,5,1,S,S,V
2015-07-13 22:36:32,23.9,2493,0.00,21.3,70.4,----,----,33.931280 S,151.221188 E,6,1,S,S,V
2015-07-13 22:36:34,21.9,2453,0.04,21.3,70.5,----,----,33.931283 S,151.221198 E,7,1,S,S,V
2015-07-13 22:36:36,26.4,2544,0.03,21.4,70.5,----,----,33.931283 S,151.221192 E,7,1,S,S,V
2015-07-13 22:36:39,24.2,2499,0.00,21.4,70.5,----,----,33.931290 S,151.221187 E,7,1,S,S,V
2015-07-13 22:36:41,19.1,2395,0.00,21.4,70.5,----,----,33.931297 S,151.221187 E,7,1,S,S,V
2015-07-13 22:36:43,20.0,2415,0.00,21.5,70.7,----,----,33.931297 S,151.221182 E,6,1,S,S,V
2015-07-13 22:36:45,26.9,2554,0.02,21.5,70.7,----,----,33.931305 S,151.221180 E,7,1,S,S,V
2015-07-13 22:36:47,18.7,2388,0.01,21.5,70.7,----,----,33.931308 S,151.221183 E,7,1,S,S,V
2015-07-13 22:36:49,18.1,2375,0.00,21.5,70.7,----,----,33.931308 S,151.221187 E,7,1,S,S,V
2015-07-13 22:36:51,16.0,2332,0.00,21.5,70.7,----,----,33.931312 S,151.221192 E,7,1,S,S,V
2015-07-13 22:36:53,21.2,2438,0.03,21.5,70.8,----,----,33.931317 S,151.221197 E,7,1,S,S,V
2015-07-13 22:36:55,22.4,2464,0.00,21.5,70.8,----,----,33.931317 S,151.221192 E,7,1,S,S,V
2015-07-13 22:36:57,18.3,2379,0.00,21.5,70.8,----,----,33.931317 S,151.221183 E,7,1,S,S,V
2015-07-13 22:36:59,18.8,2389,0.00,21.6,70.9,----,----,33.931323 S,151.221183 E,7,1,S,S,V
2015-07-13 22:37:01,14.9,2311,0.00,21.6,70.9,----,----,33.931322 S,151.221185 E,7,1,S,S,V
2015-07-13 22:37:03,21.1,2436,0.00,21.6,70.9,----,----,33.931323 S,151.221182 E,7,1,S,S,V
2015-07-13 22:37:06,23.2,2480,0.02,21.6,71.0,----,----,33.931315 S,151.221187 E,7,1,S,S,V
2015-07-13 22:37:09,19.3,2400,0.00,21.7,71.0,----,----,33.931317 S,151.221190 E,7,1,S,S,V
2015-07-13 22:37:11,22.2,2460,0.00,21.7,71.1,----,----,33.931318 S,151.221197 E,7,1,S,S,V
2015-07-13 22:37:14,19.7,2408,0.02,21.7,71.1,----,----,33.931302 S,151.221207 E,6,1,S,S,V
2015-07-13 22:37:16,24.2,2500,0.04,21.7,71.1,----,----,33.931295 S,151.221205 E,7,1,S,S,V
2015-07-13 22:37:18,18.5,2383,0.00,21.7,71.1,----,----,33.931285 S,151.221202 E,7,1,S,S,V
2015-07-13 22:37:20,23.7,2490,0.02,21.7,71.1,----,----,33.931283 S,151.221193 E,7,1,S,S,V
2015-07-13 22:37:22,24.1,2498,0.00,21.7,71.2,----,----,33.931288 S,151.221190 E,6,1,S,S,V
2015-07-13 22:37:45,26.1,2538,0.00,21.9,71.5,----,----,33.931437 S,151.221147 E,7,1,S,S,V
2015-07-13 22:37:47,25.3,2522,0.04,21.9,71.5,----,----,33.931433 S,151.221143 E,7,1,S,S,V
2015-07-13 22:37:49,24.9,2515,0.01,22.0,71.6,----,----,33.931413 S,151.221148 E,7,1,S,S,V
2015-07-13 22:37:51,25.1,2518,0.00,22.0,71.6,----,----,33.931400 S,151.221152 E,7,1,S,S,V
2015-07-13 22:37:54,32.4,2666,0.00,22.0,71.6,----,----,33.931400 S,151.221145 E,7,1,S,S,V
2015-07-13 22:37:56,24.8,2512,0.04,22.0,71.6,----,----,33.931415 S,151.221143 E,7,1,S,S,V
2015-07-13 22:37:58,32.5,2668,0.02,22.0,71.6,----,----,33.931410 S,151.221145 E,7,1,S,S,V
2015-07-13 22:38:00,30.3,2625,0.00,22.0,71.7,----,----,33.931403 S,151.221148 E,7,1,S,S,V
2015-07-13 22:38:02,27.0,2556,0.00,22.0,71.7,----,----,33.931400 S,151.221147 E,7,1,S,S,V
2015-07-13 22:38:04,29.1,2600,0.00,22.0,71.7,----,----,33.931392 S,151.221158 E,6,1,S,S,V
2015-07-13 22:38:07,31.1,2641,0.00,22.0,71.7,----,----,33.931395 S,151.221157 E,6,1,S,S,V
2015-07-13 22:38:09,29.7,2612,0.00,22.1,71.8,----,----,33.931390 S,151.221152 E,7,1,S,S,V
2015-07-13 22:38:11,31.3,2645,0.00,22.1,71.8,----,----,33.931387 S,151.221140 E,6,1,S,S,V
2015-07-13 22:38:13,24.8,2513,0.00,22.1,71.8,----,----,33.931382 S,151.221143 E,7,1,S,S,V
2015-07-13 22:38:15,29.9,2617,0.07,22.1,71.8,----,----,33.931378 S,151.221148 E,7,1,S,S,V
2015-07-13 22:38:18,25.4,2525,0.00,22.1,71.8,----,----,33.931377 S,151.221153 E,7,1,S,S,V
2015-07-13 22:38:20,29.3,2603,0.01,22.1,71.8,----,----,33.931368 S,151.221157 E,7,1,S,S,V
2015-07-13 22:38:22,31.4,2646,0.00,22.1,71.9,----,----,33.931365 S,151.221155 E,7,1,S,S,V
2015-07-13 22:38:24,27.1,2558,0.02,22.2,71.9,----,----,33.931362 S,151.221153 E,7,1,S,S,V
2015-07-13 22:38:26,36.2,2744,0.03,22.2,71.9,----,----,33.931363 S,151.221152 E,7,1,S,S,V
2015-07-13 22:38:29,35.6,2733,0.00,22.2,72.0,----,----,33.931368 S,151.221150 E,6,1,S,S,V
2015-07-13 22:38:31,34.4,2708,0.07,22.2,72.0,----,----,33.931360 S,151.221152 E,6,1,S,S,V
2015-07-13 22:38:33,30.4,2626,0.00,22.2,72.0,----,----,33.931350 S,151.221155 E,6,1,S,S,V
2015-07-13 22:38:35,35.7,2735,0.02,22.2,72.1,----,----,33.931345 S,151.221157 E,6,1,S,S,V
2015-07-13 22:38:37,29.7,2612,0.02,22.3,72.1,----,----,33.931343 S,151.221150 E,6,1,S,S,V
2015-07-13 22:38:39,29.9,2616,0.00,22.3,72.1,----,----,33.931343 S,151.221150 E,7,1,S,S,V
2015-07-13 22:38:41,31.3,2644,0.00,22.3,72.2,----,----,33.931348 S,151.221157 E,7,1,S,S,V
2015-07-13 22:38:43,31.1,2641,0.00,22.3,72.2,----,----,33.931338 S,151.221157 E,7,1,S,S,V
2015-07-13 22:38:45,29.0,2597,0.02,22.3,72.2,----,----,33.931328 S,151.221160 E,7,1,S,S,V
2015-07-13 22:38:47,27.1,2559,0.01,22.3,72.2,----,----,33.931323 S,151.221160 E,7,1,S,S,V
2015-07-13 22:38:50,23.1,2477,0.02,22.4,72.3,----,----,33.931325 S,151.221157 E,6,1,S,S,V
2015-07-13 22:38:52,28.1,2579,0.04,22.4,72.3,----,----,33.931323 S,151.221157 E,6,1,S,S,V
2015-07-13 22:38:55,34.2,2703,0.01,22.4,72.3,----,----,33.931323 S,151.221157 E,7,1,S,S,V
2015-07-13 22:38:56,30.3,2624,0.07,22.4,72.3,----,----,33.931323 S,151.221157 E,7,1,S,S,V
2015-07-13 22:38:59,30.4,2627,0.01,22.4,72.3,----,----,33.931332 S,151.221165 E,7,1,S,S,V
2015-07-13 22:39:01,31.8,2655,0.00,22.4,72.4,----,----,33.931340 S,151.221172 E,7,1,S,S,V
2015-07-13 22:39:03,27.1,2558,0.03,22.4,72.4,----,----,33.931335 S,151.221175 E,7,1,S,S,V
2015-07-13 22:39:05,30.8,2634,0.02,22.4,72.4,----,----,33.931332 S,151.221172 E,6,1,S,S,V
2015-07-13 22:39:07,26.5,2547,0.00,22.4,72.4,----,----,33.931328 S,151.221170 E,6,1,S,S,V
2015-07-13 22:39:09,28.7,2591,0.03,22.4,72.4,----,----,33.931327 S,151.221168 E,6,1,S,S,V
2015-07-13 22:39:11,29.7,2612,0.04,22.4,72.4,----,----,33.931325 S,151.221172 E,7,1,S,S,V
2015-07-13 22:39:14,31.1,2641,0.00,22.4,72.4,----,----,33.931327 S,151.221170 E,6,1,S,S,V
2015-07-13 22:39:16,23.6,2487,0.00,22.4,72.4,----,----,33.931322 S,151.221165 E,7,1,S,S,V
2015-07-13 22:39:18,28.1,2579,0.00,22.4,72.4,----,----,33.931322 S,151.221163 E,7,1,S,S,V
2015-07-13 22:39:20,33.9,2698,0.00,22.5,72.5,----,----,33.931330 S,151.221167 E,7,1,S,S,V
2015-07-13 22:39:24,31.4,2646,0.00,22.5,72.5,----,----,33.931327 S,151.221157 E,7,1,S,S,V
2015-07-13 22:39:27,29.2,2602,0.00,22.5,72.5,----,----,33.931323 S,151.221153 E,7,1,S,S,V
2015-07-13 22:39:29,26.1,2538,0.03,22.5,72.6,----,----,33.931318 S,151.221155 E,7,1,S,S,V
2015-07-13 22:39:31,29.3,2604,0.04,22.5,72.6,----,----,33.931320 S,151.221158 E,7,1,S,S,V
2015-07-13 22:39:33,26.3,2543,0.02,22.5,72.6,----,----,33.931325 S,151.221157 E,7,1,S,S,V
2015-07-13 22:39:36,20.3,2421,0.00,22.5,72.6,----,----,33.931322 S,151.221155 E,6,1,S,S,V
2015-07-13 22:39:38,23.9,2493,0.00,22.5,72.6,----,----,33.931318 S,151.221153 E,7,1,S,S,V
2015-07-13 22:39:40,22.0,2455,0.00,22.6,72.6,----,----,33.931320 S,151.221160 E,7,1,S,S,V
2015-07-13 22:39:42,29.5,2608,0.01,22.6,72.6,----,----,33.931313 S,151.221165 E,7,1,S,S,V
2015-07-13 22:39:45,25.2,2520,0.00,22.6,72.6,----,----,33.931310 S,151.221167 E,7,1,S,S,V
2015-07-13 22:39:47,22.2,2459,0.00,22.6,72.7,----,----,33.931312 S,151.221165 E,7,1,S,S,V
2015-07-13 22:39:49,24.7,2510,0.00,22.6,72.7,----,----,33.931310 S,151.221167 E,7,1,S,S,V
2015-07-13 22:39:51,22.5,2466,0.00,22.6,72.7,----,----,33.931310 S,151.221170 E,7,1,S,S,V
2015-07-13 22:39:53,21.2,2438,0.03,22.6,72.8,----,----,33.931327 S,151.221175 E,7,1,S,S,V
2015-07-13 22:39:55,23.0,2476,0.00,22.6,72.8,----,----,33.931328 S,151.221175 E,7,1,S,S,V
2015-07-13 22:39:58,21.9,2453,0.00,22.6,72.8,----,----,33.931318 S,151.221175 E,7,1,S,S,V
2015-07-13 22:40:00,18.0,2373,0.00,22.6,72.8,----,----,33.931318 S,151.221172 E,6,1,S,S,V
2015-07-13 22:40:02,20.1,2416,0.00,22.7,72.8,----,----,33.931315 S,151.221173 E,7,1,S,S,V
2015-07-13 22:40:04,18.6,2385,0.00,22.7,72.9,----,----,33.931307 S,151.221178 E,7,1,S,S,V
2015-07-13 22:40:06,18.0,2373,0.00,22.7,72.9,----,----,33.931308 S,151.221178 E,7,1,S,S,V
2015-07-13 22:40:08,23.1,2478,0.00,22.7,72.9,----,----,33.931290 S,151.221185 E,6,1,S,S,V
2015-07-13 22:40:10,22.2,2459,0.02,22.7,72.9,----,----,33.931283 S,151.221185 E,6,1,S,S,V
2015-07-13 22:40:12,23.0,2475,0.01,22.7,73.0,----,----,33.931278 S,151.221185 E,6,1,S,S,V
2015-07-13 22:40:14,25.3,2523,0.00,22.7,73.0,----,----,33.931272 S,151.221178 E,7,1,S,S,V
2015-07-13 22:40:16,24.6,2509,0.00,22.7,73.0,----,----,33.931262 S,151.221180 E,6,1,S,S,V
2015-07-13 22:40:20,26.8,2552,0.00,22.7,73.0,----,----,33.931247 S,151.221183 E,7,1,S,S,V
2015-07-13 22:40:22,18.5,2384,0.00,22.7,73.0,----,----,33.931247 S,151.221187 E,7,1,S,S,V
2015-07-13 22:40:24,22.9,2473,0.00,22.8,73.0,----,----,33.931253 S,151.221185 E,7,1,S,S,V
2015-07-13 22:40:25,20.9,2433,0.02,22.8,73.0,----,----,33.931280 S,151.221188 E,7,1,S,S,V
2015-07-13 22:40:27,26.1,2538,0.00,22.8,73.0,----,----,33.931282 S,151.221193 E,6,1,S,S,V
2015-07-13 22:40:46,31.7,2653,0.02,22.8,73.2,----,----,33.931452 S,151.221145 E,7,1,S,S,V
2015-07-13 22:40:48,28.4,2585,0.02,22.9,73.2,----,----,33.931442 S,151.221147 E,7,1,S,S,V
2015-07-13 22:40:50,27.7,2572,0.01,22.9,73.2,----,----,33.931432 S,151.221147 E,7,1,S,S,V
2015-07-13 22:40:52,24.2,2500,0.00,22.9,73.2,----,----,33.931435 S,151.221145 E,7,1,S,S,V
2015-07-13 22:40:54,28.6,2589,0.06,22.9,73.2,----,----,33.931437 S,151.221143 E,6,1,S,S,V
2015-07-13 22:40:56,30.4,2626,0.05,22.9,73.2,----,----,33.931432 S,151.221150 E,6,1,S,S,V
2015-07-13 22:40:57,26.8,2553,0.01,22.9,73.2,----,----,33.931428 S,151.221148 E,7,1,S,S,V
2015-07-13 22:40:59,31.9,2657,0.03,22.9,73.3,----,----,33.931422 S,151.221152 E,6,1,S,S,V
2015-07-13 22:41:01,31.0,2638,0.00,22.9,73.3,----,----,33.931415 S,151.221155 E,6,1,S,S,V
2015-07-13 22:41:03,32.2,2663,0.00,22.9,73.3,----,----,33.931415 S,151.221158 E,7,1,S,S,V
2015-07-13 22:41:05,25.6,2529,0.00,22.9,73.3,----,----,33.931410 S,151.221157 E,7,1,S,S,V
2015-07-13 22:41:07,28.7,2591,0.00,22.9,73.3,----,----,33.931403 S,151.221158 E,7,1,S,S,V
2015-07-13 22:41:09,27.1,2558,0.00,22.9,73.3,----,----,33.931407 S,151.221157 E,7,1,S,S,V
2015-07-13 22:41:11,25.8,2532,0.00,22.9,73.3,----,----,33.931413 S,151.221148 E,7,1,S,S,V
2015-07-13 22:41:13,30.0,2618,0.00,22.9,73.3,----,----,33.931413 S,151.221142 E,7,1,S,S,V
2015-07-13 22:41:15,23.1,2478,0.04,22.9,73.3,----,----,33.931407 S,151.221133 E,7,1,S,S,V
2015-07-13 22:41:17,27.7,2572,0.02,22.9,73.3,----,----,33.931407 S,151.221135 E,7,1,S,S,V
2015-07-13 22:41:19,21.7,2449,0.00,22.9,73.3,----,----,33.931405 S,151.221135 E,7,1,S,S,V
2015-07-13 22:41:21,25.9,2534,0.00,22.9,73.3,----,----,33.931407 S,151.221140 E,7,1,S,S,V
2015-07-13 22:41:23,27.6,2569,0.02,22.9,73.3,----,----,33.931415 S,151.221140 E,7,1,S,S,V
2015-07-13 22:41:25,33.1,2682,0.01,22.9,73.3,----,----,33.931415 S,151.221138 E,7,1,S,S,V
2015-07-13 22:41:27,30.6,2630,0.00,23.0,73.4,----,----,33.931407 S,151.221137 E,7,1,S,S,V
2015-07-13 22:41:29,34.9,2718,0.02,23.0,73.4,----,----,33.931407 S,151.221138 E,7,1,S,S,V
2015-07-13 22:41:30,31.2,2643,0.00,23.0,73.4,----,----,33.931400 S,151.221135 E,7,1,S,S,V
2015-07-13 22:41:32,33.1,2681,0.02,23.0,73.4,----,----,33.931400 S,151.221135 E,6,1,S,S,V
2015-07-13 22:41:34,31.2,2643,0.04,23.0,73.4,----,----,33.931395 S,151.221133 E,7,1,S,S,V
2015-07-13 22:41:36,34.3,2705,0.02,23.0,73.4,----,----,33.931395 S,151.221135 E,7,1,S,S,V
2015-07-13 22:41:38,28.6,2589,0.00,23.0,73.4,----,----,33.931387 S,151.221135 E,7,1,S,S,V
2015-07-13 22:41:39,32.1,2660,0.05,23.0,73.4,----,----,33.931382 S,151.221142 E,7,1,S,S,V
2015-07-13 22:41:41,25.9,2534,0.00,23.0,73.4,----,----,33.931387 S,151.221148 E,7,1,S,S,V
2015-07-13 22:41:43,34.3,2705,0.00,23.0,73.4,----,----,33.931385 S,151.221150 E,7,1,S,S,V
2015-07-13 22:41:45,34.9,2717,0.04,23.0,73.4,----,----,33.931390 S,151.221152 E,8,1,S,S,V
2015-07-13 22:41:47,30.2,2623,0.06,23.0,73.4,----,----,33.931402 S,151.221152 E,8,1,S,S,V
2015-07-13 22:41:49,28.4,2586,0.03,23.0,73.4,----,----,33.931395 S,151.221152 E,7,1,S,S,V
2015-07-13 22:41:51,29.3,2603,0.00,23.0,73.4,----,----,33.931397 S,151.221152 E,8,1,S,S,V
2015-07-13 22:41:53,28.7,2591,0.02,23.0,73.4,----,----,33.931395 S,151.221158 E,8,1,S,S,V
2015-07-13 22:41:55,27.8,2573,0.00,23.0,73.4,----,----,33.931388 S,151.221165 E,8,1,S,S,V
2015-07-13 22:41:57,27.6,2569,0.00,23.0,73.4,----,----,33.931387 S,151.221163 E,8,1,S,S,V
2015-07-13 22:41:59,26.0,2537,0.00,23.0,73.4,----,----,33.931380 S,151.221165 E,8,1,S,S,V
2015-07-13 22:42:01,25.8,2532,0.02,23.0,73.4,----,----,33.931377 S,151.221163 E,7,1,S,S,V
2015-07-13 22:42:03,29.1,2599,0.00,23.0,73.4,----,----,33.931370 S,151.221170 E,8,1,S,S,V
2015-07-13 22:42:05,29.0,2598,0.00,23.0,73.4,----,----,33.931365 S,151.221172 E,8,1,S,S,V
2015-07-13 22:42:07,30.6,2630,0.00,23.0,73.4,----,----,33.931360 S,151.221173 E,8,1,S,S,V
2015-07-13 22:42:09,29.5,2608,0.00,23.0,73.4,----,----,33.931357 S,151.221175 E,8,1,S,S,V
2015-07-13 22:42:11,26.1,2539,0.01,23.0,73.4,----,----,33.931355 S,151.221177 E,8,1,S,S,V
2015-07-13 22:42:13,29.7,2612,0.00,23.0,73.5,----,----,33.931352 S,151.221180 E,8,1,S,S,V
2015-07-13 22:42:15,25.9,2534,0.04,23.0,73.5,----,----,33.931348 S,151.221185 E,8,1,S,S,V
2015-07-13 22:42:17,26.4,2545,0.03,23.0,73.5,----,----,33.931347 S,151.221187 E,8,1,S,S,V
2015-07-13 22:42:19,29.8,2613,0.02,23.0,73.5,----,----,33.931348 S,151.221187 E,8,1,S,S,V
2015-07-13 22:42:20,25.5,2527,0.00,23.0,73.5,----,----,33.931347 S,151.221187 E,8,1,S,S,V
2015-07-13 22:42:23,26.7,2551,0.00,23.0,73.5,----,----,33.931342 S,151.221192 E,7,1,S,S,V
2015-07-13 22:42:25,28.0,2577,0.03,23.0,73.5,----,----,33.931343 S,151.221195 E,8,1,S,S,V
2015-07-13 22:42:27,27.5,2567,0.00,23.0,73.5,----,----,33.931347 S,151.221192 E,7,1,S,S,V
2015-07-13 22:42:28,22.4,2464,0.03,23.1,73.6,----,----,33.931345 S,151.221193 E,7,1,S,S,V
2015-07-13 22:42:30,27.1,2558,0.02,23.1,73.6,----,----,33.931352 S,151.221197 E,8,1,S,S,V
2015-07-13 22:42:32,25.5,2527,0.00,23.1,73.6,----,----,33.931350 S,151.221198 E,8,1,S,S,V
2015-07-13 22:42:34,31.3,2645,0.00,23.1,73.6,----,----,33.931343 S,151.221198 E,8,1,S,S,V
2015-07-13 22:42:36,33.3,2686,0.01,23.1,73.6,----,----,33.931327 S,151.221200 E,8,1,S,S,V
2015-07-13 22:42:38,24.7,2511,0.00,23.1,73.6,----,----,33.931322 S,151.221202 E,8,1,S,S,V
2015-07-13 22:42:39,24.2,2500,0.00,23.1,73.6,----,----,33.931320 S,151.221208 E,8,1,S,S,V
2015-07-13 22:42:41,25.0,2517,0.02,23.1,73.6,----,----,33.931320 S,151.221213 E,8,1,S,S,V
2015-07-13 22:42:43,29.7,2612,0.00,23.1,73.6,----,----,33.931325 S,151.221208 E,8,1,S,S,V
2015-07-13 22:42:49,27.7,2571,0.02,23.1,73.6,----,----,33.931330 S,151.221200 E,8,1,S,S,V
2015-07-13 22:42:51,23.3,2482,0.00,23.1,73.6,----,----,33.931330 S,151.221203 E,8,1,S,S,V
2015-07-13 22:42:53,19.2,2399,0.01,23.1,73.7,----,----,33.931353 S,151.221203 E,8,1,S,S,V
2015-07-13 22:42:56,20.0,2415,0.03,23.1,73.7,----,----,33.931353 S,151.221208 E,8,1,S,S,V
2015-07-13 22:42:58,24.1,2497,0.02,23.2,73.7,----,----,33.931348 S,151.221208 E,8,1,S,S,V
2015-07-13 22:43:00,21.4,2443,0.00,23.2,73.8,----,----,33.931335 S,151.221205 E,8,1,S,S,V
2015-07-13 22:43:01,23.8,2492,0.00,23.2,73.8,----,----,33.931323 S,151.221208 E,8,1,S,S,V
2015-07-13 22:43:04,25.3,2523,0.00,23.2,73.8,----,----,33.931312 S,151.221217 E,8,1,S,S,V
2015-07-13 22:43:06,20.2,2419,0.00,23.2,73.8,----,----,33.931310 S,151.221218 E,8,1,S,S,V
2015-07-13 22:43:08,30.3,2625,0.00,23.2,73.8,----,----,33.931302 S,151.221222 E,8,1,S,S,V
2015-07-13 22:43:10,25.4,2524,0.00,23.2,73.9,----,----,33.931288 S,151.221215 E,8,1,S,S,V
2015-07-13 22:43:12,26.3,2542,0.02,23.2,73.9,----,----,33.931273 S,151.221213 E,7,1,S,S,V
2015-07-13 22:43:14,26.9,2554,0.00,23.3,73.9,----,----,33.931278 S,151.221215 E,8,1,S,S,V
2015-07-14 02:19:07,04.1,2091,0.00,21.3,70.5,----,----,33.936395 S,151.220323 E,8,1,S,S,V
2015-07-14 02:19:11,04.6,2101,0.00,21.3,70.5,----,----,33.936387 S,151.220330 E,8,1,S,S,V
2015-07-14 02:19:16,03.6,2081,0.00,21.3,70.5,----,----,33.936378 S,151.220330 E,8,1,S,S,V
2015-07-14 02:19:20,09.2,2195,0.00,21.3,70.5,----,----,33.936383 S,151.220320 E,8,1,S,S,V
2015-07-14 02:19:23,07.3,2155,0.00,21.3,70.5,----,----,33.936377 S,151.220310 E,8,1,S,S,V
2015-07-14 02:19:28,06.6,2142,0.00,21.3,70.5,----,----,33.936345 S,151.220308 E,8,1,S,S,V
2015-07-14 02:19:32,05.9,2128,0.00,21.3,70.4,----,----,33.936333 S,151.220300 E,9,1,S,S,V
2015-07-14 02:19:39,05.6,2120,0.00,21.3,70.4,----,----,33.936298 S,151.220272 E,8,1,S,S,V
2015-07-14 02:19:50,06.3,2136,0.00,21.3,70.4,----,----,33.936278 S,151.220242 E,8,1,S,S,V
2015-07-14 02:19:56,05.6,2122,0.00,21.3,70.4,----,----,33.936242 S,151.220237 E,8,1,S,S,V
2015-07-14 02:20:03,03.9,2086,0.00,21.3,70.4,----,----,33.936240 S,151.220198 E,8,1,S,S,V
2015-07-14 02:20:06,05.4,2116,0.00,21.3,70.4,----,----,33.936248 S,151.220175 E,8,1,S,S,V
2015-07-14 02:20:10,06.5,2139,0.00,21.3,70.4,----,----,33.936272 S,151.220150 E,7,1,S,S,V
2015-07-14 02:27:25,05.6,2122,0.00,21.1,70.1,----,----,00.000000 N,000.000000 W,0,0,S,S,V
2015-07-14 02:27:30,05.1,2110,0.00,21.1,70.1,----,----,00.000000 N,000.000000 W,0,0,S,S,V
2015-07-14 02:27:35,05.5,2118,0.00,21.1,70.1,----,----,00.000000 N,000.000000 W,0,0,S,S,V
2015-07-14 02:27:40,04.7,2103,0.00,21.1,70.1,----,----,00.000000 N,000.000000 W,0,0,S,S,V
2015-07-14 02:27:45,06.3,2135,0.00,21.1,70.1,----,----,00.000000 N,000.000000 W,0,0,S,S,V
2015-07-14 02:27:51,06.8,2145,0.00,21.1,70.1,----,----,00.000000 N,000.000000 W,0,0,S,S,V
2015-07-14 02:27:59,05.9,2128,0.00,21.1,70.0,----,----,00.000000 N,000.000000 W,0,0,S,S,V
2015-07-14 02:28:05,05.4,2117,0.00,21.1,70.0,----,----,00.000000 N,000.000000 W,0,0,S,S,V
2015-07-14 02:28:14,06.0,2130,0.00,21.1,70.0,----,----,00.000000 N,000.000000 W,0,0,S,S,V
2015-07-14 02:28:21,08.3,2176,0.00,21.1,70.0,----,----,00.000000 N,000.000000 W,0,0,S,S,V
2015-07-14 02:28:33,06.9,2147,0.00,21.1,69.9,----,----,33.936458 S,151.220193 E,6,1,S,S,V
2015-07-14 02:28:43,04.4,2097,0.00,21.0,69.9,----,----,33.936527 S,151.220320 E,6,1,S,S,V
2015-07-14 21:02:35,13.0,2272,0.00,15.3,59.7,----,----,00.000000 N,000.000000 W,0,0,S,S,V
2015-07-14 21:02:40,08.9,2188,0.00,15.3,59.7,----,----,00.000000 N,000.000000 W,0,0,S,S,V
2015-07-14 21:02:46,10.8,2227,0.00,15.3,59.7,----,----,00.000000 N,000.000000 W,0,0,S,S,V
2015-07-14 21:02:51,07.0,2150,0.00,15.3,59.7,----,----,00.000000 N,000.000000 W,0,0,S,S,V
2015-07-14 21:02:53,08.9,2188,0.00,15.3,59.7,----,----,00.000000 N,000.000000 W,0,0,S,S,V
2015-07-14 21:02:59,07.6,2162,0.00,15.3,59.7,----,----,00.000000 N,000.000000 W,0,0,S,S,V
2015-07-14 21:03:01,08.9,2188,0.00,15.3,59.6,----,----,00.000000 N,000.000000 W,0,0,S,S,V
2015-07-14 21:03:05,14.1,2294,0.00,15.3,59.6,----,----,00.000000 N,000.000000 W,0,0,S,S,V
2015-07-14 21:03:10,11.0,2231,0.00,15.3,59.6,----,----,00.000000 N,000.000000 W,0,0,S,S,V
2015-07-14 21:03:15,07.9,2168,0.00,15.3,59.6,----,----,00.000000 N,000.000000 W,0,0,S,S,V
2015-07-14 21:03:18,12.3,2258,0.02,15.3,59.6,----,----,00.000000 N,000.000000 W,0,0,S,S,V
2015-07-14 21:03:23,10.4,2219,0.00,15.3,59.6,----,----,00.000000 N,000.000000 W,0,0,S,S,V
2015-07-14 21:03:30,11.3,2238,0.00,15.3,59.6,----,----,00.000000 N,000.000000 W,0,0,S,S,V
2015-07-14 21:03:38,13.3,2277,0.00,15.3,59.5,----,----,00.000000 N,000.000000 W,0,0,S,S,V
2015-07-14 21:03:44,10.7,2225,0.00,15.3,59.5,----,----,00.000000 N,000.000000 W,0,0,S,S,V
2015-07-14 21:03:54,12.3,2258,0.01,15.3,59.5,----,----,00.000000 N,000.000000 W,0,0,S,S,V
2015-07-14 21:07:43,15.1,2315,0.00,15.6,60.1,----,----,00.000000 N,000.000000 W,0,0,S,S,V
2015-07-14 21:07:48,11.4,2240,0.00,15.6,60.1,----,----,00.000000 N,000.000000 W,0,0,S,S,V
2015-07-14 21:08:05,11.9,2249,0.00,15.5,60.0,----,----,00.000000 N,000.000000 W,0,0,S,S,V
2015-07-14 21:08:09,12.2,2256,0.01,15.5,60.0,----,----,00.000000 N,000.000000 W,0,0,S,S,V
2015-07-14 21:08:13,12.8,2268,0.00,15.5,60.0,----,----,00.000000 N,000.000000 W,0,0,S,S,V
2015-07-14 21:08:16,10.9,2229,0.00,15.5,59.9,----,----,00.000000 N,000.000000 W,0,0,S,S,V
2015-07-14 21:08:21,11.2,2236,0.00,15.5,59.9,----,----,00.000000 N,000.000000 W,0,0,S,S,V
2015-07-14 21:08:24,12.9,2269,0.00,15.5,59.9,----,----,00.000000 N,000.000000 W,0,0,S,S,V
2015-07-14 23:38:21,13.7,2285,0.03,25.1,77.3,----,----,00.000000 N,000.000000 W,0,0,S,S,V
2015-07-14 23:38:26,12.8,2267,0.00,25.2,77.3,----,----,00.000000 N,000.000000 W,0,0,S,S,V
2015-07-14 23:38:33,16.4,2342,0.00,25.1,77.3,----,----,00.000000 N,000.000000 W,0,0,S,S,V
2015-07-14 23:38:39,09.7,2205,0.00,25.1,77.3,----,----,00.000000 N,000.000000 W,0,0,S,S,V
2015-07-14 23:38:42,12.1,2254,0.00,25.1,77.3,----,----,00.000000 N,000.000000 W,0,0,S,S,V
2015-07-14 23:38:50,13.7,2285,0.00,25.1,77.3,----,----,00.000000 N,000.000000 W,0,0,S,S,V
2015-07-14 23:38:55,10.0,2210,0.00,25.1,77.2,----,----,00.000000 N,000.000000 W,0,0,S,S,V
2015-07-14 23:44:45,10.7,2225,0.00,26.9,80.4,----,----,00.000000 N,000.000000 W,0,0,S,S,V
2015-07-14 23:44:51,13.5,2282,0.00,26.9,80.5,----,----,00.000000 N,000.000000 W,0,0,S,S,V
2015-07-14 23:44:58,07.9,2168,0.00,27.0,80.7,----,----,00.000000 N,000.000000 W,0,0,S,S,V
2015-07-14 23:45:03,09.3,2196,0.00,27.1,80.8,----,----,00.000000 N,000.000000 W,0,0,S,S,V
2015-07-14 23:45:10,06.7,2143,0.00,27.2,80.9,----,----,00.000000 N,000.000000 W,0,0,S,S,V
2015-07-14 23:45:14,10.8,2227,0.00,27.2,81.0,----,----,00.000000 N,000.000000 W,0,0,S,S,V
2015-07-14 23:59:30,17.1,2356,0.00,29.7,85.6,----,----,00.000000 N,000.000000 W,0,0,S,S,V
2015-07-14 23:59:35,17.5,2363,0.00,29.7,85.5,----,----,00.000000 N,000.000000 W,0,0,S,S,V
2015-07-14 23:59:39,15.4,2321,0.00,29.7,85.5,----,----,00.000000 N,000.000000 W,0,0,S,S,V
2015-07-14 23:59:44,16.2,2337,0.00,29.7,85.5,----,----,00.000000 N,000.000000 W,0,0,S,S,V
2015-07-14 23:59:50,15.9,2331,0.00,29.6,85.4,----,----,00.000000 N,000.000000 W,0,0,S,S,V
2015-07-14 23:59:55,20.8,2430,0.00,29.6,85.3,----,----,00.000000 N,000.000000 W,0,0,S,S,V
2015-07-15 00:00:00,15.9,2331,0.00,29.6,85.3,----,----,00.000000 N,000.000000 W,0,0,S,S,V
2015-07-15 00:00:05,16.8,2349,0.00,29.6,85.3,----,----,00.000000 N,000.000000 W,0,0,S,S,V
2015-07-15 00:06:10,17.0,2353,0.00,30.2,86.5,----,----,00.000000 N,000.000000 W,0,0,S,S,V
2015-07-15 00:06:14,11.9,2249,0.00,30.2,86.5,----,----,00.000000 N,000.000000 W,0,0,S,S,V
2015-07-15 00:06:18,11.9,2249,0.00,30.2,86.5,----,----,00.000000 N,000.000000 W,0,0,S,S,V
2015-07-15 00:06:22,14.1,2294,0.00,30.2,86.5,----,----,00.000000 N,000.000000 W,0,0,S,S,V
2015-07-15 00:06:42,22.2,2460,0.01,30.2,86.4,----,----,00.000000 N,000.000000 W,0,0,S,S,V
2015-07-15 00:06:45,22.0,2455,0.00,30.2,86.4,----,----,00.000000 N,000.000000 W,0,0,S,S,V
2015-07-15 00:14:32,12.7,2265,0.00,31.8,89.3,----,----,00.000000 N,000.000000 W,0,0,S,S,V
2015-07-15 00:14:39,06.3,2135,0.00,31.8,89.3,----,----,00.000000 N,000.000000 W,0,0,S,S,V
2015-07-15 00:14:43,08.1,2171,0.00,31.8,89.4,----,----,00.000000 N,000.000000 W,0,0,S,S,V
2015-07-15 00:14:48,05.7,2123,0.00,31.8,89.4,----,----,00.000000 N,000.000000 W,0,0,S,S,V
2015-07-15 00:14:53,06.6,2142,0.00,31.9,89.4,----,----,00.000000 N,000.000000 W,0,0,S,S,V
2015-07-15 00:29:05,11.0,2230,0.00,38.9,102.1,----,----,00.000000 N,000.000000 W,0,0,S,S,V
2015-07-15 00:29:10,11.5,2242,0.00,38.9,102.1,----,----,00.000000 N,000.000000 W,0,0,S,S,V
2015-07-15 00:29:17,12.2,2255,0.00,38.9,102.0,----,----,00.000000 N,000.000000 W,0,0,S,S,V
2015-07-15 00:29:25,09.5,2200,0.00,38.8,101.9,----,----,00.000000 N,000.000000 W,0,0,S,S,V
2015-07-15 00:41:27,18.2,2377,0.00,36.9,98.4,----,----,00.000000 N,000.000000 W,0,0,S,S,V
2015-07-15 00:41:32,17.4,2362,0.00,36.8,98.3,----,----,00.000000 N,000.000000 W,0,0,S,S,V
2015-07-15 00:41:36,14.7,2307,0.00,36.8,98.3,----,----,00.000000 N,000.000000 W,0,0,S,S,V
2015-07-15 00:41:41,16.2,2336,0.00,36.8,98.2,----,----,00.000000 N,000.000000 W,0,0,S,S,V
2015-07-15 00:41:46,20.5,2424,0.00,36.7,98.2,----,----,00.000000 N,000.000000 W,0,0,S,S,V
2015-07-15 00:41:52,15.4,2321,0.00,36.7,98.1,----,----,00.000000 N,000.000000 W,0,0,S,S,V
2015-07-15 00:41:59,17.1,2355,0.00,36.6,98.0,----,----,00.000000 N,000.000000 W,0,0,S,S,V
2015-07-15 00:42:06,22.7,2469,0.00,36.5,97.8,----,----,00.000000 N,000.000000 W,0,0,S,S,V
2015-07-15 00:45:37,12.9,2270,0.00,35.6,96.1,----,----,00.000000 N,000.000000 W,0,0,S,S,V
2015-07-15 00:45:41,14.5,2302,0.00,35.6,96.1,----,----,00.000000 N,000.000000 W,0,0,S,S,V
2015-07-15 00:45:46,18.3,2379,0.00,35.5,96.0,----,----,00.000000 N,000.000000 W,0,0,S,S,V
2015-07-15 00:45:52,15.4,2321,0.00,35.5,96.0,----,----,00.000000 N,000.000000 W,0,0,S,S,V
2015-07-15 00:45:57,15.3,2318,0.00,35.5,96.0,----,----,00.000000 N,000.000000 W,0,0,S,S,V
2015-07-15 00:54:06,25.4,2525,0.00,37.9,100.2,----,----,00.000000 N,000.000000 W,0,0,S,S,V
2015-07-15 00:54:10,16.4,2342,0.00,37.8,100.1,----,----,00.000000 N,000.000000 W,0,0,S,S,V
2015-07-15 00:54:14,18.4,2381,0.00,37.7,100.0,----,----,00.000000 N,000.000000 W,0,0,S,S,V
2015-07-15 00:54:19,21.0,2435,0.00,37.7,99.9,----,----,00.000000 N,000.000000 W,0,0,S,S,V
2015-07-15 00:54:25,20.4,2423,0.00,37.6,99.8,----,----,00.000000 N,000.000000 W,0,0,S,S,V
2015-07-15 00:54:30,23.7,2490,0.00,37.6,99.7,----,----,00.000000 N,000.000000 W,0,0,S,S,V
2015-07-15 00:54:37,16.9,2351,0.00,37.5,99.6,----,----,00.000000 N,000.000000 W,0,0,S,S,V
2015-07-15 00:54:43,16.2,2336,0.00,37.4,99.4,----,----,00.000000 N,000.000000 W,0,0,S,S,V
2015-07-15 00:54:49,23.2,2480,0.00,37.3,99.2,----,----,00.000000 N,000.000000 W,0,0,S,S,V
2015-07-15 00:54:53,21.6,2446,0.00,37.3,99.1,----,----,00.000000 N,000.000000 W,0,0,S,S,V
2015-07-15 00:54:57,24.2,2499,0.00,37.2,99.0,----,----,00.000000 N,000.000000 W,0,0,S,S,V
2015-07-15 01:02:35,19.9,2413,0.00,35.7,96.3,----,----,00.000000 N,000.000000 W,0,0,S,S,V
2015-07-15 01:02:42,15.1,2314,0.00,35.7,96.3,----,----,00.000000 N,000.000000 W,0,0,S,S,V
2015-07-15 01:02:46,15.5,2322,0.00,35.7,96.2,----,----,00.000000 N,000.000000 W,0,0,S,S,V
2015-07-15 01:02:51,17.1,2356,0.00,35.6,96.2,----,----,00.000000 N,000.000000 W,0,0,S,S,V
2015-07-15 01:02:56,21.9,2453,0.00,35.6,96.2,----,----,00.000000 N,000.000000 W,0,0,S,S,V
2015-07-15 01:03:03,15.9,2331,0.00,35.6,96.1,----,----,00.000000 N,000.000000 W,0,0,S,S,V
2015-07-15 01:10:46,11.5,2242,0.00,34.0,93.3,----,----,33.938838 S,151.222313 E,11,1,S,S,V
2015-07-15 01:10:50,13.9,2290,0.00,34.0,93.3,----,----,33.938833 S,151.222348 E,9,1,S,S,V
2015-07-15 01:33:23,19.6,2406,0.00,37.4,99.4,----,----,00.000000 N,000.000000 W,0,0,S,S,V
2015-07-15 01:33:28,15.9,2330,0.00,37.4,99.3,----,----,00.000000 N,000.000000 W,0,0,S,S,V
2015-07-15 01:33:34,19.2,2398,0.00,37.3,99.2,----,----,00.000000 N,000.000000 W,0,0,S,S,V
2015-07-15 01:33:39,14.6,2305,0.00,37.2,99.1,----,----,00.000000 N,000.000000 W,0,0,S,S,V
2015-07-15 01:33:43,14.6,2304,0.00,37.2,99.0,----,----,00.000000 N,000.000000 W,0,0,S,S,V
2015-07-15 01:45:18,17.4,2362,0.00,36.8,98.2,----,----,00.000000 N,000.000000 W,0,0,S,S,V
2015-07-15 01:45:36,12.8,2268,0.00,36.7,98.1,----,----,00.000000 N,000.000000 W,0,0,S,S,V
2015-07-15 01:45:43,17.1,2356,0.00,36.6,98.0,----,----,00.000000 N,000.000000 W,0,0,S,S,V
2015-07-15 01:45:51,13.5,2282,0.00,36.6,97.9,----,----,00.000000 N,000.000000 W,0,0,S,S,V
2015-07-15 01:45:57,16.3,2339,0.00,36.5,97.8,----,----,33.931363 S,151.222883 E,5,1,S,S,V
2015-07-15 02:00:27,17.3,2359,0.00,41.9,107.4,----,----,00.000000 N,000.000000 W,0,0,S,S,V
2015-07-15 02:00:33,17.8,2369,0.00,41.9,107.4,----,----,00.000000 N,000.000000 W,0,0,S,S,V
2015-07-15 02:00:37,13.5,2281,0.00,41.8,107.3,----,----,00.000000 N,000.000000 W,0,0,S,S,V
2015-07-15 02:00:45,11.8,2247,0.00,41.7,107.1,----,----,00.000000 N,000.000000 W,0,0,S,S,V
2015-07-15 02:16:13,06.3,2136,0.00,41.9,107.5,----,----,00.000000 N,000.000000 W,0,0,S,S,V
2015-07-15 02:16:20,06.5,2140,0.00,41.9,107.4,----,----,00.000000 N,000.000000 W,0,0,S,S,V
2015-07-15 02:16:29,07.8,2166,0.00,41.8,107.2,----,----,00.000000 N,000.000000 W,0,0,S,S,V
2015-07-15 02:44:54,25.8,2533,0.05,37.3,99.2,----,----,00.000000 N,000.000000 W,0,0,S,S,V
2015-07-15 02:44:59,11.9,2249,0.00,37.3,99.1,----,----,00.000000 N,000.000000 W,0,0,S,S,V
2015-07-15 02:45:06,10.2,2214,0.00,37.1,98.9,----,----,00.000000 N,000.000000 W,0,0,S,S,V
2015-07-15 02:45:12,10.2,2215,0.00,37.0,98.7,----,----,00.000000 N,000.000000 W,0,0,S,S,V
2015-07-15 02:45:17,09.7,2205,0.00,36.9,98.5,----,----,00.000000 N,000.000000 W,0,0,S,S,V
2015-07-15 02:57:28,17.7,2368,0.00,32.1,89.8,----,----,00.000000 N,000.000000 W,0,0,S,S,V
2015-07-15 02:57:32,11.5,2242,0.00,32.1,89.8,----,----,00.000000 N,000.000000 W,0,0,S,S,V
2015-07-15 02:57:36,12.2,2255,0.00,32.0,89.7,----,----,00.000000 N,000.000000 W,0,0,S,S,V
2015-07-15 02:57:40,09.5,2200,0.00,32.0,89.6,----,----,00.000000 N,000.000000 W,0,0,S,S,V
2015-07-15 02:57:45,07.9,2167,0.00,31.9,89.5,----,----,00.000000 N,000.000000 W,0,0,S,S,V
2015-07-15 02:57:49,07.3,2156,0.00,31.8,89.4,----,----,00.000000 N,000.000000 W,0,0,S,S,V
2015-07-15 03:14:18,16.1,2334,0.00,34.2,93.6,----,----,00.000000 N,000.000000 W,0,0,S,S,V
2015-07-15 03:14:19,16.1,2334,0.00,34.2,93.6,----,----,00.000000 N,000.000000 W,0,0,S,S,V
2015-07-15 03:14:24,12.4,2260,0.00,34.2,93.6,----,----,00.000000 N,000.000000 W,0,0,S,S,V
2015-07-15 03:14:32,08.0,2170,0.00,34.2,93.5,----,----,00.000000 N,000.000000 W,0,0,S,S,V
2015-07-15 03:24:17,14.1,2295,0.00,33.4,92.1,----,----,00.000000 N,000.000000 W,0,0,S,S,V
2015-07-15 03:24:23,12.5,2261,0.00,33.4,92.1,----,----,00.000000 N,000.000000 W,0,0,S,S,V
2015-07-15 03:24:28,13.5,2282,0.00,33.3,92.0,----,----,00.000000 N,000.000000 W,0,0,S,S,V
2015-07-15 03:24:33,09.1,2192,0.00,33.3,92.0,----,----,00.000000 N,000.000000 W,0,0,S,S,V
2015-07-15 03:24:39,09.0,2191,0.00,33.3,91.9,----,----,00.000000 N,000.000000 W,0,0,S,S,V
2015-07-15 03:24:45,12.4,2260,0.00,33.2,91.8,----,----,00.000000 N,000.000000 W,0,0,S,S,V
2015-07-15 03:24:51,11.5,2242,0.00,33.2,91.7,----,----,00.000000 N,000.000000 W,0,0,S,S,V
2015-07-15 03:25:05,11.5,2241,0.00,33.0,91.5,----,----,00.000000 N,000.000000 W,0,0,S,S,V
2015-07-15 03:25:11,11.3,2237,0.00,33.0,91.4,----,----,00.000000 N,000.000000 W,0,0,S,S,V
2015-07-15 03:25:19,09.6,2203,0.00,32.9,91.3,----,----,00.000000 N,000.000000 W,0,0,S,S,V
2015-07-15 03:25:25,13.1,2274,0.00,32.9,91.3,----,----,00.000000 N,000.000000 W,0,0,S,S,V
2015-07-15 03:25:29,13.0,2272,0.00,32.9,91.2,----,----,00.000000 N,000.000000 W,0,0,S,S,V
2015-07-15 03:25:34,09.0,2190,0.00,32.8,91.0,----,----,00.000000 N,000.000000 W,0,0,S,S,V
2015-07-15 03:36:24,11.3,2237,0.00,28.4,83.2,----,----,00.000000 N,000.000000 W,0,0,S,S,V
2015-07-15 03:36:29,13.4,2279,0.00,28.4,83.1,----,----,00.000000 N,000.000000 W,0,0,S,S,V
2015-07-15 03:36:36,11.5,2241,0.00,28.3,83.0,----,----,00.000000 N,000.000000 W,0,0,S,S,V
2015-07-15 17:31:39,11.6,2244,0.00,09.8,49.6,----,----,00.000000 N,000.000000 W,0,0,S,S,V
2015-07-15 17:31:45,13.2,2276,0.00,09.7,49.6,----,----,00.000000 N,000.000000 W,0,0,S,S,V
2015-07-15 17:31:52,11.1,2234,0.00,09.7,49.6,----,----,00.000000 N,000.000000 W,0,0,S,S,V
2015-07-15 17:31:57,09.4,2198,0.00,09.7,49.5,----,----,00.000000 N,000.000000 W,0,0,S,S,V
2015-07-15 17:32:01,09.8,2207,0.00,09.7,49.4,----,----,00.000000 N,000.000000 W,0,0,S,S,V
2015-07-15 17:32:07,09.1,2192,0.00,09.6,49.4,----,----,00.000000 N,000.000000 W,0,0,S,S,V
2015-07-15 17:32:13,12.1,2254,0.00,09.6,49.3,----,----,00.000000 N,000.000000 W,0,0,S,S,V
2015-07-15 17:32:19,07.4,2157,0.00,09.6,49.2,----,----,00.000000 N,000.000000 W,0,0,S,S,V
2015-07-15 17:32:25,11.0,2231,0.00,09.5,49.1,----,----,00.000000 N,000.000000 W,0,0,S,S,V
2015-07-15 17:32:31,18.9,2392,0.02,09.5,49.1,----,----,00.000000 N,000.000000 W,0,0,S,S,V
2015-07-15 17:32:37,11.9,2249,0.00,09.4,49.0,----,----,00.000000 N,000.000000 W,0,0,S,S,V
2015-07-15 17:32:43,10.2,2214,0.02,09.4,48.9,----,----,00.000000 N,000.000000 W,0,0,S,S,V
2015-07-15 17:32:49,12.3,2258,0.00,09.4,48.9,----,----,00.000000 N,000.000000 W,0,0,S,S,V
2015-07-15 17:32:54,13.9,2290,0.02,09.3,48.8,----,----,00.000000 N,000.000000 W,0,0,S,S,V
2015-07-15 17:33:01,17.1,2355,0.00,09.3,48.8,----,----,00.000000 N,000.000000 W,0,0,S,S,V
2015-07-15 17:33:09,14.9,2311,0.00,09.3,48.7,----,----,00.000000 N,000.000000 W,0,0,S,S,V
2015-07-15 17:40:33,10.3,2216,0.03,08.6,47.5,----,----,00.000000 N,000.000000 W,0,0,S,S,V
2015-07-15 17:40:39,09.0,2191,0.00,08.6,47.5,----,----,00.000000 N,000.000000 W,0,0,S,S,V
2015-07-15 17:40:45,08.2,2175,0.00,08.6,47.5,----,----,00.000000 N,000.000000 W,0,0,S,S,V
2015-07-15 17:40:51,07.8,2166,0.00,08.6,47.4,----,----,00.000000 N,000.000000 W,0,0,S,S,V
2015-07-15 17:40:58,08.6,2182,0.00,08.5,47.4,----,----,00.000000 N,000.000000 W,0,0,S,S,V
2015-07-15 17:41:05,11.0,2230,0.01,08.5,47.4,----,----,00.000000 N,000.000000 W,0,0,S,S,V
2015-07-15 17:41:11,10.4,2219,0.00,08.5,47.4,----,----,00.000000 N,000.000000 W,0,0,S,S,V
2015-07-15 17:41:18,09.9,2208,0.00,08.5,47.3,----,----,00.000000 N,000.000000 W,0,0,S,S,V
2015-07-15 17:41:25,08.4,2178,0.01,08.5,47.3,----,----,00.000000 N,000.000000 W,0,0,S,S,V
2015-07-15 17:41:31,07.9,2168,0.00,08.5,47.3,----,----,00.000000 N,000.000000 W,0,0,S,S,V
2015-07-15 17:41:37,13.9,2290,0.03,08.5,47.3,----,----,00.000000 N,000.000000 W,0,0,S,S,V
2015-07-15 17:41:43,10.9,2228,0.04,08.5,47.3,----,----,00.000000 N,000.000000 W,0,0,S,S,V
2015-07-15 17:41:48,10.1,2213,0.00,08.5,47.3,----,----,00.000000 N,000.000000 W,0,0,S,S,V
2015-07-15 17:41:59,08.2,2175,0.00,08.5,47.3,----,----,00.000000 N,000.000000 W,0,0,S,S,V
2015-07-15 17:42:08,07.3,2156,0.00,08.5,47.3,----,----,00.000000 N,000.000000 W,0,0,S,S,V
2015-07-15 17:42:12,05.3,2115,0.00,08.4,47.2,----,----,00.000000 N,000.000000 W,0,0,S,S,V
2015-07-15 17:42:17,12.0,2252,0.00,08.4,47.2,----,----,00.000000 N,000.000000 W,0,0,S,S,V
2015-07-15 17:42:33,09.9,2209,0.02,08.4,47.1,----,----,00.000000 N,000.000000 W,0,0,S,S,V
2015-07-15 17:42:40,08.2,2175,0.00,08.4,47.1,----,----,00.000000 N,000.000000 W,0,0,S,S,V
2015-07-15 17:42:48,06.0,2130,0.00,08.4,47.1,----,----,00.000000 N,000.000000 W,0,0,S,S,V
2015-07-15 17:42:55,06.3,2136,0.00,08.4,47.1,----,----,00.000000 N,000.000000 W,0,0,S,S,V
2015-07-15 17:43:02,07.1,2151,0.00,08.3,47.1,----,----,00.000000 N,000.000000 W,0,0,S,S,V
2015-07-15 17:43:09,13.0,2271,0.00,08.3,47.0,----,----,00.000000 N,000.000000 W,0,0,S,S,V
2015-07-15 17:43:16,10.3,2217,0.00,08.3,47.0,----,----,00.000000 N,000.000000 W,0,0,S,S,V
2015-07-15 17:43:22,09.1,2192,0.00,08.3,47.0,----,----,00.000000 N,000.000000 W,0,0,S,S,V
2015-07-15 17:43:27,06.3,2135,0.00,08.3,47.0,----,----,00.000000 N,000.000000 W,0,0,S,S,V
2015-07-15 17:43:31,08.2,2173,0.00,08.3,47.0,----,----,00.000000 N,000.000000 W,0,0,S,S,V
2015-07-15 18:00:23,22.2,2459,0.02,07.6,45.7,----,----,00.000000 N,000.000000 W,0,0,S,S,V
2015-07-15 18:00:28,14.5,2303,0.00,07.6,45.6,----,----,00.000000 N,000.000000 W,0,0,S,S,V
2015-07-15 18:00:35,14.1,2294,0.00,07.6,45.6,----,----,00.000000 N,000.000000 W,0,0,S,S,V
2015-07-15 18:00:41,16.8,2350,0.04,07.6,45.6,----,----,00.000000 N,000.000000 W,0,0,S,S,V
2015-07-15 18:00:47,18.4,2381,0.06,07.5,45.6,----,----,00.000000 N,000.000000 W,0,0,S,S,V
2015-07-15 18:00:53,18.9,2392,0.04,07.5,45.5,----,----,00.000000 N,000.000000 W,0,0,S,S,V
2015-07-15 18:00:59,13.4,2279,0.02,07.5,45.5,----,----,00.000000 N,000.000000 W,0,0,S,S,V
2015-07-15 18:01:04,16.4,2341,0.02,07.5,45.5,----,----,00.000000 N,000.000000 W,0,0,S,S,V
2015-07-15 18:01:13,17.2,2357,0.04,07.5,45.5,----,----,00.000000 N,000.000000 W,0,0,S,S,V
2015-07-15 18:01:19,17.5,2364,0.04,07.4,45.4,----,----,00.000000 N,000.000000 W,0,0,S,S,V
2015-07-15 18:01:26,17.4,2361,0.02,07.4,45.4,----,----,00.000000 N,000.000000 W,0,0,S,S,V
2015-07-15 18:01:39,19.6,2406,0.03,07.4,45.3,----,----,00.000000 N,000.000000 W,0,0,S,S,V
2015-07-15 18:01:45,17.4,2362,0.03,07.4,45.3,----,----,00.000000 N,000.000000 W,0,0,S,S,V
2015-07-15 18:01:52,15.5,2322,0.03,07.4,45.3,----,----,00.000000 N,000.000000 W,0,0,S,S,V
2015-07-15 18:01:58,16.6,2346,0.01,07.4,45.3,----,----,00.000000 N,000.000000 W,0,0,S,S,V
2015-07-15 18:02:06,14.2,2296,0.02,07.3,45.3,----,----,00.000000 N,000.000000 W,0,0,S,S,V
2015-07-15 18:02:10,15.9,2330,0.03,07.3,45.3,----,----,00.000000 N,000.000000 W,0,0,S,S,V
2015-07-15 18:02:16,15.6,2324,0.01,07.3,45.3,----,----,00.000000 N,000.000000 W,0,0,S,S,V
2015-07-15 18:09:56,20.4,2423,0.09,07.2,45.1,----,----,00.000000 N,000.000000 W,0,0,S,S,V
2015-07-15 18:10:00,24.8,2512,0.08,07.2,45.0,----,----,00.000000 N,000.000000 W,0,0,S,S,V
2015-07-15 18:10:17,15.6,2325,0.04,07.2,45.0,----,----,00.000000 N,000.000000 W,0,0,S,S,V
2015-07-15 18:10:23,13.4,2279,0.02,07.2,45.0,----,----,00.000000 N,000.000000 W,0,0,S,S,V
2015-07-15 18:10:29,18.1,2375,0.01,07.2,45.0,----,----,00.000000 N,000.000000 W,0,0,S,S,V
2015-07-15 18:10:36,17.1,2356,0.01,07.2,45.0,----,----,00.000000 N,000.000000 W,0,0,S,S,V
2015-07-15 18:10:41,16.6,2346,0.03,07.2,45.0,----,----,00.000000 N,000.000000 W,0,0,S,S,V
2015-07-15 18:10:47,14.8,2309,0.02,07.2,45.0,----,----,00.000000 N,000.000000 W,0,0,S,S,V
2015-07-15 18:16:09,18.8,2389,0.01,07.2,45.0,----,----,00.000000 N,000.000000 W,0,0,S,S,V
2015-07-15 18:16:15,18.5,2384,0.01,07.2,45.0,----,----,00.000000 N,000.000000 W,0,0,S,S,V
2015-07-15 18:16:19,20.1,2417,0.01,07.2,45.0,----,----,00.000000 N,000.000000 W,0,0,S,S,V
2015-07-15 18:16:27,18.6,2385,0.01,07.2,45.0,----,----,00.000000 N,000.000000 W,0,0,S,S,V
2015-07-15 18:16:30,21.6,2446,0.03,07.2,45.0,----,----,00.000000 N,000.000000 W,0,0,S,S,V
2015-07-15 18:16:37,19.3,2400,0.03,07.2,45.0,----,----,00.000000 N,000.000000 W,0,0,S,S,V
2015-07-15 18:16:41,21.1,2436,0.03,07.2,45.0,----,----,00.000000 N,000.000000 W,0,0,S,S,V
2015-07-15 18:16:47,21.9,2453,0.04,07.2,45.0,----,----,00.000000 N,000.000000 W,0,0,S,S,V
2015-07-15 18:16:53,19.8,2410,0.01,07.2,44.9,----,----,00.000000 N,000.000000 W,0,0,S,S,V
2015-07-15 18:16:59,15.1,2314,0.03,07.2,44.9,----,----,00.000000 N,000.000000 W,0,0,S,S,V
2015-07-15 18:17:04,18.3,2379,0.02,07.2,44.9,----,----,00.000000 N,000.000000 W,0,0,S,S,V
2015-07-15 18:17:09,17.1,2356,0.01,07.1,44.9,----,----,00.000000 N,000.000000 W,0,0,S,S,V
2015-07-15 18:17:14,18.2,2377,0.03,07.1,44.9,----,----,00.000000 N,000.000000 W,0,0,S,S,V
2015-07-15 18:17:20,18.1,2375,0.03,07.1,44.9,----,----,00.000000 N,000.000000 W,0,0,S,S,V
2015-07-15 18:17:24,17.7,2368,0.03,07.1,44.8,----,----,00.000000 N,000.000000 W,0,0,S,S,V
2015-07-15 18:17:29,16.2,2336,0.06,07.1,44.8,----,----,00.000000 N,000.000000 W,0,0,S,S,V
2015-07-15 18:17:35,15.9,2331,0.02,07.1,44.8,----,----,00.000000 N,000.000000 W,0,0,S,S,V
2015-07-15 18:17:40,19.8,2411,0.02,07.1,44.8,----,----,00.000000 N,000.000000 W,0,0,S,S,V
2015-07-15 18:17:45,22.1,2458,0.03,07.1,44.8,----,----,00.000000 N,000.000000 W,0,0,S,S,V
2015-07-15 18:24:54,18.2,2377,0.02,07.2,45.0,----,----,00.000000 N,000.000000 W,0,0,S,S,V
2015-07-15 18:24:58,20.4,2423,0.03,07.2,45.0,----,----,00.000000 N,000.000000 W,0,0,S,S,V
2015-07-15 18:25:02,17.2,2358,0.02,07.2,45.0,----,----,00.000000 N,000.000000 W,0,0,S,S,V
2015-07-15 18:25:06,26.2,2540,0.04,07.2,45.0,----,----,00.000000 N,000.000000 W,0,0,S,S,V
2015-07-15 18:25:12,17.1,2356,0.03,07.2,45.0,----,----,00.000000 N,000.000000 W,0,0,S,S,V
2015-07-15 18:25:16,17.3,2359,0.02,07.2,45.0,----,----,00.000000 N,000.000000 W,0,0,S,S,V
2015-07-15 18:25:21,13.8,2289,0.03,07.2,45.0,----,----,00.000000 N,000.000000 W,0,0,S,S,V
2015-07-15 18:25:25,14.6,2305,0.02,07.2,45.0,----,----,00.000000 N,000.000000 W,0,0,S,S,V
2015-07-15 18:25:29,13.0,2272,0.00,07.2,45.0,----,----,00.000000 N,000.000000 W,0,0,S,S,V
2015-07-15 18:25:33,19.5,2404,0.03,07.2,45.0,----,----,00.000000 N,000.000000 W,0,0,S,S,V
2015-07-15 18:25:39,26.1,2539,0.06,07.2,44.9,----,----,00.000000 N,000.000000 W,0,0,S,S,V
2015-07-15 18:25:45,19.7,2408,0.01,07.2,44.9,----,----,00.000000 N,000.000000 W,0,0,S,S,V
2015-07-15 18:25:49,15.8,2329,0.00,07.2,44.9,----,----,00.000000 N,000.000000 W,0,0,S,S,V
2015-07-15 18:25:54,13.5,2282,0.00,07.1,44.9,----,----,00.000000 N,000.000000 W,0,0,S,S,V
2015-07-15 18:26:00,14.1,2294,0.00,07.1,44.9,----,----,00.000000 N,000.000000 W,0,0,S,S,V
2015-07-15 18:26:04,14.4,2301,0.00,07.1,44.9,----,----,00.000000 N,000.000000 W,0,0,S,S,V
2015-07-15 18:26:09,16.9,2351,0.00,07.1,44.9,----,----,00.000000 N,000.000000 W,0,0,S,S,V
2015-07-15 18:26:14,14.2,2296,0.00,07.1,44.9,----,----,00.000000 N,000.000000 W,0,0,S,S,V
2015-07-15 18:26:19,14.5,2303,0.03,07.1,44.8,----,----,00.000000 N,000.000000 W,0,0,S,S,V
2015-07-15 18:26:23,16.3,2339,0.06,07.1,44.8,----,----,00.000000 N,000.000000 W,0,0,S,S,V
2015-07-15 18:26:28,15.1,2314,0.03,07.1,44.8,----,----,00.000000 N,000.000000 W,0,0,S,S,V
2015-07-15 18:26:33,17.3,2359,0.03,07.1,44.8,----,----,00.000000 N,000.000000 W,0,0,S,S,V
2015-07-15 18:33:52,08.8,2187,0.00,07.0,44.7,----,----,00.000000 N,000.000000 W,0,0,S,S,V
2015-07-15 18:33:58,09.5,2200,0.01,07.0,44.7,----,----,00.000000 N,000.000000 W,0,0,S,S,V
2015-07-15 18:34:04,10.3,2217,0.00,07.0,44.7,----,----,00.000000 N,000.000000 W,0,0,S,S,V
2015-07-15 18:34:11,13.4,2279,0.00,07.0,44.7,----,----,00.000000 N,000.000000 W,0,0,S,S,V
2015-07-15 18:34:18,08.5,2181,0.00,07.0,44.6,----,----,00.000000 N,000.000000 W,0,0,S,S,V
2015-07-15 18:34:24,17.3,2359,0.00,07.0,44.6,----,----,00.000000 N,000.000000 W,0,0,S,S,V
2015-07-15 18:34:30,07.6,2161,0.00,07.0,44.6,----,----,00.000000 N,000.000000 W,0,0,S,S,V
2015-07-15 18:34:35,10.6,2223,0.01,07.0,44.6,----,----,00.000000 N,000.000000 W,0,0,S,S,V
2015-07-15 18:34:43,13.3,2277,0.00,07.0,44.6,----,----,00.000000 N,000.000000 W,0,0,S,S,V
2015-07-15 18:34:48,08.5,2181,0.02,07.0,44.6,----,----,00.000000 N,000.000000 W,0,0,S,S,V
2015-07-15 18:34:53,06.2,2134,0.00,06.9,44.5,----,----,00.000000 N,000.000000 W,0,0,S,S,V
2015-07-15 18:34:58,03.4,2077,0.00,07.0,44.6,----,----,00.000000 N,000.000000 W,0,0,S,S,V
2015-07-15 18:35:01,03.6,2081,0.00,06.9,44.5,----,----,00.000000 N,000.000000 W,0,0,S,S,V
2015-07-15 18:35:05,04.4,2097,0.00,06.9,44.5,----,----,00.000000 N,000.000000 W,0,0,S,S,V
2015-07-15 18:35:09,08.0,2169,0.00,06.9,44.5,----,----,00.000000 N,000.000000 W,0,0,S,S,V
2015-07-15 18:35:15,12.3,2257,0.00,06.9,44.5,----,----,00.000000 N,000.000000 W,0,0,S,S,V
2015-07-15 18:45:28,07.6,2162,0.00,06.6,43.9,----,----,00.000000 N,000.000000 W,0,0,S,S,V
2015-07-15 18:45:33,07.5,2160,0.00,06.6,43.9,----,----,00.000000 N,000.000000 W,0,0,S,S,V
2015-07-15 18:45:39,09.0,2190,0.00,06.6,43.9,----,----,00.000000 N,000.000000 W,0,0,S,S,V
2015-07-15 18:45:44,05.0,2108,0.00,06.6,43.8,----,----,00.000000 N,000.000000 W,0,0,S,S,V
2015-07-15 18:45:50,04.0,2088,0.00,06.6,43.8,----,----,00.000000 N,000.000000 W,0,0,S,S,V
2015-07-15 18:45:54,06.6,2142,0.00,06.6,43.8,----,----,00.000000 N,000.000000 W,0,0,S,S,V
2015-07-15 18:46:00,05.2,2112,0.01,06.5,43.8,----,----,00.000000 N,000.000000 W,0,0,S,S,V
2015-07-15 18:46:09,10.9,2228,0.00,06.5,43.8,----,----,00.000000 N,000.000000 W,0,0,S,S,V
2015-07-15 18:46:12,08.6,2182,0.03,06.5,43.8,----,----,00.000000 N,000.000000 W,0,0,S,S,V
2015-07-15 18:46:18,05.4,2116,0.00,06.5,43.8,----,----,00.000000 N,000.000000 W,0,0,S,S,V
2015-07-15 19:00:15,12.6,2264,0.00,05.7,42.4,----,----,00.000000 N,000.000000 W,0,0,S,S,V
2015-07-15 19:00:20,10.6,2222,0.00,05.7,42.4,----,----,00.000000 N,000.000000 W,0,0,S,S,V
2015-07-15 19:00:25,13.6,2283,0.06,05.8,42.4,----,----,00.000000 N,000.000000 W,0,0,S,S,V
2015-07-15 19:00:31,07.2,2154,0.01,05.8,42.4,----,----,00.000000 N,000.000000 W,0,0,S,S,V
2015-07-15 19:00:36,08.8,2187,0.00,05.8,42.4,----,----,00.000000 N,000.000000 W,0,0,S,S,V
2015-07-15 19:00:43,09.3,2196,0.00,05.8,42.4,----,----,00.000000 N,000.000000 W,0,0,S,S,V
2015-07-15 19:00:48,08.6,2183,0.00,05.8,42.4,----,----,00.000000 N,000.000000 W,0,0,S,S,V
2015-07-15 19:00:52,09.8,2207,0.00,05.8,42.4,----,----,00.000000 N,000.000000 W,0,0,S,S,V
2015-07-15 19:00:59,08.5,2181,0.00,05.8,42.5,----,----,00.000000 N,000.000000 W,0,0,S,S,V
2015-07-15 19:01:04,05.4,2116,0.00,05.8,42.5,----,----,00.000000 N,000.000000 W,0,0,S,S,V
2015-07-15 19:01:11,11.9,2249,0.05,05.8,42.5,----,----,00.000000 N,000.000000 W,0,0,S,S,V
2015-07-15 19:01:16,06.0,2130,0.00,05.8,42.4,----,----,00.000000 N,000.000000 W,0,0,S,S,V
2015-07-15 19:01:20,09.2,2195,0.00,05.8,42.5,----,----,00.000000 N,000.000000 W,0,0,S,S,V
2015-07-15 19:11:21,19.9,2413,0.01,05.9,42.6,----,----,00.000000 N,000.000000 W,0,0,S,S,V
2015-07-15 19:11:22,20.1,2416,0.01,05.9,42.6,----,----,00.000000 N,000.000000 W,0,0,S,S,V
2015-07-15 19:11:30,18.0,2373,0.03,05.9,42.6,----,----,00.000000 N,000.000000 W,0,0,S,S,V
2015-07-15 19:11:35,16.9,2351,0.00,05.9,42.6,----,----,00.000000 N,000.000000 W,0,0,S,S,V
2015-07-15 19:11:43,13.7,2285,0.00,05.9,42.6,----,----,00.000000 N,000.000000 W,0,0,S,S,V
2015-07-15 19:11:51,16.6,2346,0.04,05.9,42.7,----,----,00.000000 N,000.000000 W,0,0,S,S,V
2015-07-15 19:11:58,17.9,2372,0.04,05.9,42.7,----,----,00.000000 N,000.000000 W,0,0,S,S,V
2015-07-15 19:12:05,18.1,2375,0.02,05.9,42.7,----,----,00.000000 N,000.000000 W,0,0,S,S,V
2015-07-15 19:12:13,15.0,2312,0.02,05.9,42.7,----,----,00.000000 N,000.000000 W,0,0,S,S,V
2015-07-15 19:12:20,18.2,2378,0.02,05.9,42.7,----,----,00.000000 N,000.000000 W,0,0,S,S,V
2015-07-15 19:19:02,21.4,2443,0.04,06.7,44.1,----,----,00.000000 N,000.000000 W,0,0,S,S,V
2015-07-15 19:19:08,14.9,2311,0.00,06.7,44.1,----,----,00.000000 N,000.000000 W,0,0,S,S,V
2015-07-15 19:19:13,15.2,2316,0.01,06.7,44.1,----,----,00.000000 N,000.000000 W,0,0,S,S,V
2015-07-15 19:19:17,17.6,2365,0.04,06.7,44.1,----,----,00.000000 N,000.000000 W,0,0,S,S,V
2015-07-15 19:19:25,16.4,2342,0.02,06.7,44.1,----,----,00.000000 N,000.000000 W,0,0,S,S,V
2015-07-15 19:19:30,14.6,2305,0.02,06.7,44.1,----,----,00.000000 N,000.000000 W,0,0,S,S,V
2015-07-15 19:19:36,15.9,2330,0.02,06.7,44.1,----,----,00.000000 N,000.000000 W,0,0,S,S,V
2015-07-15 19:19:41,14.3,2299,0.01,06.7,44.1,----,----,00.000000 N,000.000000 W,0,0,S,S,V
2015-07-15 19:21:05,15.6,2325,0.01,06.8,44.3,----,----,00.000000 N,000.000000 W,0,0,S,S,V
2015-07-15 19:21:12,12.7,2265,0.00,06.8,44.3,----,----,00.000000 N,000.000000 W,0,0,S,S,V
2015-07-15 19:21:18,17.5,2363,0.00,06.8,44.3,----,----,00.000000 N,000.000000 W,0,0,S,S,V
2015-07-15 19:21:22,17.5,2364,0.00,06.8,44.3,----,----,00.000000 N,000.000000 W,0,0,S,S,V
2015-07-15 19:21:29,15.1,2315,0.04,06.8,44.3,----,----,00.000000 N,000.000000 W,0,0,S,S,V
2015-07-15 19:21:35,20.5,2425,0.02,06.8,44.3,----,----,00.000000 N,000.000000 W,0,0,S,S,V
2015-07-15 19:21:42,13.3,2277,0.01,06.8,44.4,----,----,00.000000 N,000.000000 W,0,0,S,S,V
2015-07-15 19:21:48,18.1,2375,0.00,06.8,44.4,----,----,00.000000 N,000.000000 W,0,0,S,S,V
2015-07-15 19:21:55,14.2,2297,0.00,06.8,44.4,----,----,00.000000 N,000.000000 W,0,0,S,S,V
2015-07-15 19:22:00,14.5,2303,0.03,06.8,44.4,----,----,00.000000 N,000.000000 W,0,0,S,S,V
2015-07-15 19:22:07,16.4,2341,0.00,06.8,44.4,----,----,00.000000 N,000.000000 W,0,0,S,S,V
2015-07-15 19:30:49,14.2,2297,0.01,07.4,45.4,----,----,33.935525 S,151.220262 E,14,1,S,S,V
2015-07-15 19:30:55,19.0,2394,0.00,07.4,45.4,----,----,33.935555 S,151.220288 E,11,1,S,S,V
2015-07-15 19:31:00,21.5,2445,0.03,07.4,45.4,----,----,33.935568 S,151.220317 E,10,1,S,S,V
2015-07-15 19:31:05,12.9,2270,0.01,07.4,45.4,----,----,33.935572 S,151.220350 E,12,1,S,S,V
2015-07-15 19:31:10,16.5,2343,0.02,07.5,45.5,----,----,33.935533 S,151.220363 E,11,1,S,S,V
2015-07-15 19:31:15,16.3,2339,0.02,07.5,45.5,----,----,33.935527 S,151.220403 E,14,1,S,S,V
2015-07-15 19:31:21,14.8,2309,0.00,07.5,45.5,----,----,33.935522 S,151.220430 E,13,1,S,S,V
2015-07-15 19:31:29,20.2,2418,0.00,07.5,45.5,----,----,33.935485 S,151.220502 E,12,1,S,S,V
2015-07-15 19:31:35,12.3,2258,0.00,07.5,45.5,----,----,33.935500 S,151.220513 E,14,1,S,S,V
2015-07-15 19:31:41,12.0,2252,0.02,07.5,45.5,----,----,33.935527 S,151.220513 E,13,1,S,S,V
2015-07-15 19:31:47,16.6,2345,0.02,07.5,45.5,----,----,33.935542 S,151.220508 E,12,1,S,S,V
2015-07-15 19:31:54,15.1,2315,0.00,07.5,45.5,----,----,33.935598 S,151.220467 E,14,1,S,S,V
2015-07-15 19:32:03,18.5,2384,0.01,07.5,45.6,----,----,33.935680 S,151.220400 E,12,1,S,S,V
2015-07-15 19:32:10,24.0,2496,0.05,07.5,45.6,----,----,33.935697 S,151.220358 E,13,1,S,S,V
2015-07-15 19:32:16,23.6,2487,0.04,07.5,45.6,----,----,33.935662 S,151.220305 E,14,1,S,S,V
2015-07-15 19:32:20,20.2,2418,0.02,07.6,45.6,----,----,33.935645 S,151.220307 E,14,1,S,S,V
2015-07-15 19:40:00,14.3,2298,0.03,08.3,46.9,----,----,00.000000 N,000.000000 W,0,0,S,S,V
2015-07-15 19:40:05,08.3,2177,0.05,08.3,46.9,----,----,00.000000 N,000.000000 W,0,0,S,S,V
2015-07-15 19:40:11,07.4,2157,0.00,08.3,46.9,----,----,00.000000 N,000.000000 W,0,0,S,S,V
2015-07-15 19:40:16,13.9,2291,0.01,08.3,46.9,----,----,00.000000 N,000.000000 W,0,0,S,S,V
2015-07-15 19:40:21,12.0,2251,0.03,08.3,46.9,----,----,00.000000 N,000.000000 W,0,0,S,S,V
2015-07-15 19:40:26,07.1,2151,0.00,08.3,46.9,----,----,00.000000 N,000.000000 W,0,0,S,S,V
2015-07-15 19:40:38,08.7,2184,0.01,08.3,46.9,----,----,00.000000 N,000.000000 W,0,0,S,S,V
2015-07-15 19:40:44,07.7,2163,0.00,08.3,46.9,----,----,00.000000 N,000.000000 W,0,0,S,S,V
2015-07-15 19:40:52,08.4,2178,0.00,08.2,46.9,----,----,00.000000 N,000.000000 W,0,0,S,S,V
2015-07-15 19:41:01,12.0,2252,0.00,08.2,46.9,----,----,00.000000 N,000.000000 W,0,0,S,S,V
2015-07-15 19:41:07,11.1,2234,0.02,08.2,46.9,----,----,00.000000 N,000.000000 W,0,0,S,S,V
2015-07-15 19:41:16,13.8,2289,0.02,08.2,46.9,----,----,00.000000 N,000.000000 W,0,0,S,S,V
2015-07-15 19:41:22,05.1,2110,0.00,08.2,46.8,----,----,33.936415 S,151.220247 E,9,1,S,S,V
2015-07-15 19:41:26,05.7,2123,0.00,08.2,46.8,----,----,33.936432 S,151.220270 E,9,1,S,S,V
2015-07-15 19:59:17,11.3,2238,0.00,09.4,49.0,----,----,00.000000 N,000.000000 W,0,0,S,S,V
2015-07-15 19:59:23,12.2,2255,0.01,09.5,49.1,----,----,00.000000 N,000.000000 W,0,0,S,S,V
2015-07-15 19:59:30,12.5,2262,0.02,09.4,49.0,----,----,00.000000 N,000.000000 W,0,0,S,S,V
2015-07-15 19:59:36,16.3,2339,0.02,09.4,49.0,----,----,00.000000 N,000.000000 W,0,0,S,S,V
2015-07-15 19:59:43,12.3,2258,0.00,09.4,49.0,----,----,00.000000 N,000.000000 W,0,0,S,S,V
2015-07-15 19:59:49,14.5,2303,0.00,09.4,49.0,----,----,00.000000 N,000.000000 W,0,0,S,S,V
2015-07-15 19:59:56,08.3,2177,0.00,09.4,49.0,----,----,00.000000 N,000.000000 W,0,0,S,S,V
2015-07-15 20:00:01,12.9,2269,0.00,09.4,49.0,----,----,33.943227 S,151.221157 E,8,1,S,S,V
2015-07-15 20:09:03,19.3,2400,0.03,09.8,49.6,----,----,00.000000 N,000.000000 W,0,0,S,S,V
2015-07-15 20:09:11,14.1,2294,0.00,09.8,49.7,----,----,00.000000 N,000.000000 W,0,0,S,S,V
2015-07-15 20:09:41,13.5,2281,0.02,09.8,49.6,----,----,33.943203 S,151.220857 E,6,1,S,S,V
2015-07-15 20:09:50,13.6,2284,0.00,09.8,49.6,----,----,33.943310 S,151.220985 E,9,1,S,S,V
2015-07-15 20:09:58,17.2,2357,0.03,09.7,49.6,----,----,33.943273 S,151.220993 E,9,1,S,S,V
2015-07-15 20:10:07,18.3,2379,0.02,09.7,49.6,----,----,33.943290 S,151.220992 E,7,1,S,S,V
2015-07-15 20:10:16,17.4,2361,0.05,09.7,49.5,----,----,33.943417 S,151.220998 E,9,1,S,S,V
2015-07-15 20:10:28,14.3,2298,0.02,09.7,49.6,----,----,33.943438 S,151.221033 E,9,1,S,S,V
2015-07-15 20:10:43,15.6,2324,0.00,09.7,49.5,----,----,33.943287 S,151.221055 E,9,1,S,S,V
2015-07-15 20:10:48,14.2,2297,0.00,09.7,49.5,----,----,33.943227 S,151.221038 E,8,1,S,S,V
2015-07-15 20:14:11,19.2,2399,0.05,09.9,49.9,----,----,00.000000 N,000.000000 W,0,0,S,S,V
2015-07-15 20:14:16,17.0,2353,0.02,10.0,50.0,----,----,00.000000 N,000.000000 W,0,0,S,S,V
2015-07-15 20:14:21,16.6,2346,0.00,10.0,50.0,----,----,00.000000 N,000.000000 W,0,0,S,S,V
2015-07-15 20:14:26,11.5,2241,0.00,10.0,50.0,----,----,00.000000 N,000.000000 W,0,0,S,S,V
2015-07-15 20:14:32,14.1,2295,0.00,10.0,50.0,----,----,00.000000 N,000.000000 W,0,0,S,S,V
2015-07-15 20:14:38,16.5,2343,0.00,10.0,50.1,----,----,00.000000 N,000.000000 W,0,0,S,S,V
2015-07-15 20:14:44,12.5,2262,0.00,10.0,50.1,----,----,00.000000 N,000.000000 W,0,0,S,S,V
2015-07-15 20:14:52,12.9,2270,0.01,10.1,50.1,----,----,00.000000 N,000.000000 W,0,0,S,S,V
2015-07-15 20:26:40,10.3,2217,0.00,11.1,52.1,----,----,00.000000 N,000.000000 W,0,0,S,S,V
2015-07-15 20:26:45,13.4,2279,0.00,11.1,52.1,----,----,00.000000 N,000.000000 W,0,0,S,S,V
2015-07-15 20:26:53,14.2,2296,0.00,11.2,52.1,----,----,00.000000 N,000.000000 W,0,0,S,S,V
2015-07-15 20:27:13,09.6,2203,0.00,11.2,52.2,----,----,00.000000 N,000.000000 W,0,0,S,S,V
2015-07-15 20:28:13,13.7,2287,0.00,11.5,52.7,----,----,00.000000 N,000.000000 W,0,0,S,S,V
2015-07-15 20:28:52,10.5,2221,0.00,11.7,53.1,----,----,33.944287 S,151.221148 E,6,1,S,S,V
2015-07-15 20:28:57,11.2,2236,0.00,11.8,53.2,----,----,33.944407 S,151.221173 E,7,1,S,S,V
2015-07-15 20:39:06,12.9,2269,0.02,13.0,55.4,----,----,00.000000 N,000.000000 W,0,0,S,S,V
2015-07-15 20:39:11,10.6,2222,0.00,13.0,55.4,----,----,00.000000 N,000.000000 W,0,0,S,S,V
2015-07-15 20:39:15,10.4,2219,0.00,13.0,55.4,----,----,00.000000 N,000.000000 W,0,0,S,S,V
2015-07-15 20:39:20,13.0,2272,0.00,12.9,55.3,----,----,00.000000 N,000.000000 W,0,0,S,S,V
2015-07-15 20:39:25,12.8,2267,0.01,12.9,55.3,----,----,00.000000 N,000.000000 W,0,0,S,S,V
2015-07-15 20:39:35,11.3,2237,0.00,12.9,55.3,----,----,00.000000 N,000.000000 W,0,0,S,S,V
2015-07-15 20:39:40,16.1,2335,0.00,12.9,55.2,----,----,00.000000 N,000.000000 W,0,0,S,S,V
2015-07-15 20:47:39,16.4,2341,0.00,12.6,54.8,----,----,00.000000 N,000.000000 W,0,0,S,S,V
2015-07-15 20:47:40,16.3,2339,0.00,12.6,54.8,----,----,00.000000 N,000.000000 W,0,0,S,S,V
2015-07-15 20:47:45,12.1,2254,0.03,12.6,54.8,----,----,00.000000 N,000.000000 W,0,0,S,S,V
2015-07-15 20:59:10,12.5,2262,0.00,16.9,62.4,----,----,00.000000 N,000.000000 W,0,0,S,S,V
2015-07-15 20:59:14,10.9,2228,0.00,16.9,62.5,----,----,00.000000 N,000.000000 W,0,0,S,S,V
2015-07-16 23:41:28,11.5,2241,0.00,20.8,69.5,----,----,00.000000 N,000.000000 W,0,0,S,S,V
2015-07-16 23:41:29,11.5,2241,0.00,20.8,69.5,----,----,00.000000 N,000.000000 W,0,0,S,S,V
2015-07-16 23:41:33,12.5,2262,0.01,20.8,69.5,----,----,00.000000 N,000.000000 W,0,0,S,S,V
2015-07-16 23:41:39,08.0,2170,0.00,20.9,69.6,----,----,00.000000 N,000.000000 W,0,0,S,S,V
2015-07-16 23:41:44,07.3,2156,0.00,20.9,69.6,----,----,00.000000 N,000.000000 W,0,0,S,S,V
2015-07-16 23:41:47,09.5,2200,0.00,20.9,69.6,----,----,00.000000 N,000.000000 W,0,0,S,S,V
2015-07-16 23:41:53,11.0,2230,0.00,20.9,69.6,----,----,00.000000 N,000.000000 W,0,0,S,S,V
2015-07-16 23:41:58,09.3,2197,0.00,20.9,69.6,----,----,00.000000 N,000.000000 W,0,0,S,S,V
2015-07-16 23:42:04,09.5,2200,0.00,20.9,69.6,----,----,00.000000 N,000.000000 W,0,0,S,S,V
2015-07-16 23:42:10,08.0,2170,0.00,20.9,69.6,----,----,00.000000 N,000.000000 W,0,0,S,S,V
2015-07-16 23:42:16,09.5,2200,0.00,20.9,69.6,----,----,00.000000 N,000.000000 W,0,0,S,S,V
2015-07-16 23:48:36,04.9,2106,0.00,21.7,71.1,----,----,00.000000 N,000.000000 W,0,0,S,S,V
2015-07-16 23:48:42,10.9,2229,0.00,21.7,71.2,----,----,00.000000 N,000.000000 W,0,0,S,S,V
2015-07-16 23:48:50,08.8,2186,0.00,21.8,71.3,----,----,00.000000 N,000.000000 W,0,0,S,S,V
2015-07-16 23:48:57,08.0,2169,0.00,21.9,71.4,----,----,00.000000 N,000.000000 W,0,0,S,S,V
2015-07-16 23:49:00,07.2,2154,0.00,21.9,71.4,----,----,00.000000 N,000.000000 W,0,0,S,S,V
2015-07-16 23:49:06,06.9,2148,0.00,21.9,71.5,----,----,00.000000 N,000.000000 W,0,0,S,S,V
2015-07-16 23:49:11,07.6,2161,0.00,22.0,71.6,----,----,00.000000 N,000.000000 W,0,0,S,S,V
2015-07-16 23:49:18,11.9,2250,0.01,22.0,71.7,----,----,00.000000 N,000.000000 W,0,0,S,S,V
2015-07-16 23:49:27,11.7,2245,0.00,22.1,71.8,----,----,00.000000 N,000.000000 W,0,0,S,S,V
2015-07-16 23:49:34,08.5,2180,0.00,22.2,71.9,----,----,00.000000 N,000.000000 W,0,0,S,S,V
2015-07-16 23:49:39,09.6,2203,0.00,22.2,72.0,----,----,00.000000 N,000.000000 W,0,0,S,S,V
2015-07-16 23:49:45,07.6,2162,0.00,22.3,72.1,----,----,00.000000 N,000.000000 W,0,0,S,S,V
2015-07-16 23:49:50,06.0,2130,0.00,22.3,72.2,----,----,00.000000 N,000.000000 W,0,0,S,S,V
2015-07-16 23:49:54,14.2,2296,0.00,22.3,72.2,----,----,00.000000 N,000.000000 W,0,0,S,S,V
2015-07-17 00:05:07,08.2,2175,0.00,23.4,74.2,----,----,00.000000 N,000.000000 W,0,0,S,S,V
2015-07-17 00:05:10,09.5,2201,0.00,23.5,74.3,----,----,00.000000 N,000.000000 W,0,0,S,S,V
2015-07-17 00:05:15,11.5,2242,0.00,23.5,74.3,----,----,00.000000 N,000.000000 W,0,0,S,S,V
2015-07-17 00:05:19,06.1,2131,0.00,23.5,74.3,----,----,00.000000 N,000.000000 W,0,0,S,S,V
2015-07-17 00:05:26,06.7,2143,0.00,23.5,74.4,----,----,00.000000 N,000.000000 W,0,0,S,S,V
2015-07-17 00:05:30,06.2,2133,0.00,23.5,74.4,----,----,00.000000 N,000.000000 W,0,0,S,S,V
2015-07-17 00:05:36,09.3,2197,0.00,23.5,74.4,----,----,00.000000 N,000.000000 W,0,0,S,S,V
2015-07-17 00:18:46,09.2,2195,0.00,30.4,86.7,----,----,00.000000 N,000.000000 W,0,0,S,S,V
2015-07-17 00:18:50,09.5,2200,0.00,30.4,86.8,----,----,00.000000 N,000.000000 W,0,0,S,S,V
2015-07-17 00:18:54,08.0,2169,0.00,30.5,86.9,----,----,00.000000 N,000.000000 W,0,0,S,S,V
2015-07-17 00:19:04,06.7,2143,0.00,30.5,87.0,----,----,00.000000 N,000.000000 W,0,0,S,S,V
2015-07-17 00:19:10,10.6,2222,0.00,30.6,87.1,----,----,00.000000 N,000.000000 W,0,0,S,S,V
2015-07-17 00:19:15,10.7,2224,0.00,30.7,87.2,----,----,00.000000 N,000.000000 W,0,0,S,S,V
2015-07-17 00:34:01,09.3,2197,0.00,30.6,87.1,----,----,00.000000 N,000.000000 W,0,0,S,S,V
2015-07-17 00:34:05,09.6,2202,0.00,30.6,87.2,----,----,00.000000 N,000.000000 W,0,0,S,S,V
2015-07-17 00:34:10,05.6,2120,0.00,30.7,87.2,----,----,00.000000 N,000.000000 W,0,0,S,S,V
2015-07-17 00:34:14,06.6,2141,0.00,30.7,87.3,----,----,00.000000 N,000.000000 W,0,0,S,S,V
2015-07-17 00:35:22,07.2,2153,0.00,30.9,87.6,----,----,00.000000 N,000.000000 W,0,0,S,S,V
2015-07-17 00:35:30,11.2,2236,0.00,30.9,87.7,----,----,00.000000 N,000.000000 W,0,0,S,S,V
2015-07-17 00:35:42,06.9,2147,0.00,31.0,87.8,----,----,33.938737 S,151.223282 E,4,1,S,S,V
2015-07-17 01:19:14,18.7,2388,0.00,38.0,100.5,----,----,00.000000 N,000.000000 W,0,0,S,S,V
2015-07-17 01:19:20,16.3,2339,0.00,38.0,100.4,----,----,00.000000 N,000.000000 W,0,0,S,S,V
2015-07-17 01:19:23,17.2,2357,0.00,38.0,100.4,----,----,00.000000 N,000.000000 W,0,0,S,S,V
2015-07-17 01:19:31,17.2,2358,0.00,37.9,100.2,----,----,00.000000 N,000.000000 W,0,0,S,S,V
2015-07-17 01:19:39,17.4,2361,0.00,37.7,99.9,----,----,00.000000 N,000.000000 W,0,0,S,S,V
2015-07-17 01:19:45,13.3,2277,0.00,37.5,99.6,----,----,00.000000 N,000.000000 W,0,0,S,S,V
2015-07-17 01:19:53,12.9,2269,0.00,37.3,99.2,----,----,00.000000 N,000.000000 W,0,0,S,S,V
2015-07-17 01:20:00,19.8,2410,0.00,37.2,99.0,----,----,00.000000 N,000.000000 W,0,0,S,S,V
2015-07-17 01:20:07,13.9,2291,0.00,37.1,98.7,----,----,00.000000 N,000.000000 W,0,0,S,S,V
2015-07-17 01:20:12,13.8,2288,0.00,37.0,98.6,----,----,00.000000 N,000.000000 W,0,0,S,S,V
2015-07-17 01:20:20,21.8,2450,0.00,36.9,98.4,----,----,00.000000 N,000.000000 W,0,0,S,S,V
2015-07-17 01:20:25,16.8,2349,0.00,36.8,98.3,----,----,00.000000 N,000.000000 W,0,0,S,S,V
2015-07-17 01:20:32,23.7,2490,0.02,36.7,98.1,----,----,00.000000 N,000.000000 W,0,0,S,S,V
2015-07-17 01:20:39,16.3,2339,0.00,36.6,97.9,----,----,00.000000 N,000.000000 W,0,0,S,S,V
2015-07-17 01:38:29,13.7,2285,0.00,39.3,102.9,----,----,00.000000 N,000.000000 W,0,0,S,S,V
2015-07-17 01:38:35,10.5,2221,0.00,39.3,102.8,----,----,00.000000 N,000.000000 W,0,0,S,S,V
2015-07-17 01:52:55,27.1,2558,0.03,41.5,106.8,----,----,00.000000 N,000.000000 W,0,0,S,S,V
2015-07-17 01:53:00,11.3,2238,0.00,41.5,106.7,----,----,00.000000 N,000.000000 W,0,0,S,S,V
2015-07-17 01:53:05,11.3,2237,0.00,41.4,106.5,----,----,00.000000 N,000.000000 W,0,0,S,S,V
2015-07-17 01:53:10,13.8,2289,0.00,41.3,106.4,----,----,00.000000 N,000.000000 W,0,0,S,S,V
2015-07-17 01:53:19,13.5,2281,0.00,41.1,106.1,----,----,00.000000 N,000.000000 W,0,0,S,S,V
2015-07-17 01:53:26,12.6,2264,0.00,41.0,105.8,----,----,00.000000 N,000.000000 W,0,0,S,S,V
2015-07-17 02:05:24,08.6,2182,0.00,33.0,91.4,----,----,00.000000 N,000.000000 W,0,0,S,S,V
2015-07-17 02:05:29,10.6,2223,0.00,33.0,91.4,----,----,00.000000 N,000.000000 W,0,0,S,S,V
2015-07-17 02:05:34,06.8,2145,0.00,32.9,91.3,----,----,00.000000 N,000.000000 W,0,0,S,S,V
2015-07-17 02:05:37,08.9,2188,0.00,32.9,91.3,----,----,00.000000 N,000.000000 W,0,0,S,S,V
2015-07-17 02:05:44,09.1,2192,0.00,32.9,91.3,----,----,00.000000 N,000.000000 W,0,0,S,S,V
2015-07-17 02:32:25,20.1,2416,0.00,27.6,81.7,----,----,00.000000 N,000.000000 W,0,0,S,S,V
2015-07-17 02:32:29,19.6,2406,0.00,27.6,81.7,----,----,00.000000 N,000.000000 W,0,0,S,S,V
2015-07-17 02:32:41,16.6,2346,0.00,27.5,81.5,----,----,00.000000 N,000.000000 W,0,0,S,S,V
2015-07-17 02:32:49,22.4,2464,0.00,27.4,81.3,----,----,00.000000 N,000.000000 W,0,0,S,S,V
2015-07-17 02:32:55,24.2,2499,0.00,27.3,81.2,----,----,00.000000 N,000.000000 W,0,0,S,S,V
2015-07-17 02:33:00,27.7,2572,0.02,27.3,81.1,----,----,00.000000 N,000.000000 W,0,0,S,S,V
2015-07-17 02:33:07,20.0,2415,0.02,27.2,81.0,----,----,00.000000 N,000.000000 W,0,0,S,S,V
2015-07-17 02:33:12,22.4,2464,0.00,27.1,80.8,----,----,00.000000 N,000.000000 W,0,0,S,S,V
2015-07-17 02:33:18,22.2,2460,0.02,27.0,80.7,----,----,00.000000 N,000.000000 W,0,0,S,S,V
2015-07-17 02:33:24,14.4,2301,0.00,26.9,80.5,----,----,00.000000 N,000.000000 W,0,0,S,S,V
2015-07-17 02:33:27,14.8,2309,0.00,26.9,80.5,----,----,00.000000 N,000.000000 W,0,0,S,S,V
2015-07-17 02:33:32,17.2,2357,0.00,26.8,80.3,----,----,00.000000 N,000.000000 W,0,0,S,S,V
2015-07-17 02:33:37,24.6,2509,0.00,26.8,80.2,----,----,00.000000 N,000.000000 W,0,0,S,S,V
2015-07-17 02:33:46,21.4,2443,0.00,26.6,80.0,----,----,00.000000 N,000.000000 W,0,0,S,S,V
2015-07-17 02:33:55,31.7,2652,0.03,26.5,79.8,----,----,33.931670 S,151.221098 E,5,1,S,S,V
2015-07-17 02:34:08,11.4,2240,0.00,26.4,79.5,----,----,33.931737 S,151.221127 E,4,1,S,S,V
2015-07-17 02:34:12,14.4,2301,0.00,26.3,79.4,----,----,33.931742 S,151.221142 E,5,1,S,S,V
2015-07-17 02:34:17,20.8,2431,0.01,26.3,79.3,----,----,33.931712 S,151.221147 E,5,1,S,S,V
2015-07-17 02:34:21,25.3,2522,0.03,26.2,79.2,----,----,33.931702 S,151.221153 E,5,1,S,S,V
2015-07-17 02:34:46,17.3,2359,0.00,25.9,78.7,----,----,33.931460 S,151.221260 E,6,1,S,S,V
2015-07-17 02:34:57,16.8,2350,0.00,25.8,78.5,----,----,33.931457 S,151.221273 E,5,1,S,S,V
2015-07-17 02:35:12,12.8,2267,0.00,25.7,78.3,----,----,33.931405 S,151.221257 E,6,1,S,S,V
2015-07-17 02:49:53,16.1,2335,0.00,26.6,79.9,----,----,00.000000 N,000.000000 W,0,0,S,S,V
2015-07-17 02:49:54,16.1,2335,0.00,26.6,79.9,----,----,00.000000 N,000.000000 W,0,0,S,S,V
2015-07-17 02:49:58,13.8,2288,0.00,26.6,79.9,----,----,00.000000 N,000.000000 W,0,0,S,S,V
2015-07-17 02:50:02,12.6,2264,0.00,26.6,79.9,----,----,00.000000 N,000.000000 W,0,0,S,S,V
2015-07-17 02:50:10,15.4,2321,0.00,26.6,79.9,----,----,00.000000 N,000.000000 W,0,0,S,S,V
2015-07-17 02:50:42,18.5,2384,0.00,26.7,80.1,----,----,00.000000 N,000.000000 W,0,0,S,S,V
2015-07-17 03:03:44,16.4,2341,0.00,27.5,81.6,----,----,00.000000 N,000.000000 W,0,0,S,S,V
2015-07-17 03:03:48,16.5,2343,0.00,27.5,81.6,----,----,00.000000 N,000.000000 W,0,0,S,S,V
2015-07-17 03:03:51,18.8,2389,0.00,27.5,81.5,----,----,00.000000 N,000.000000 W,0,0,S,S,V
2015-07-17 03:03:55,19.8,2410,0.05,27.5,81.5,----,----,00.000000 N,000.000000 W,0,0,S,S,V
2015-07-17 03:08:12,15.2,2317,0.00,27.7,81.9,----,----,00.000000 N,000.000000 W,0,0,S,S,V
2015-07-17 03:08:15,14.7,2307,0.00,27.7,81.9,----,----,00.000000 N,000.000000 W,0,0,S,S,V
2015-07-17 21:29:57,13.7,2287,0.00,18.4,65.2,----,----,00.000000 N,000.000000 W,0,0,S,S,V
2015-07-17 21:30:03,16.1,2335,0.02,18.4,65.2,----,----,00.000000 N,000.000000 W,0,0,S,S,V
2015-07-17 21:30:11,15.2,2317,0.00,18.4,65.2,----,----,00.000000 N,000.000000 W,0,0,S,S,V
2015-07-17 21:30:19,21.1,2437,0.00,18.5,65.3,----,----,00.000000 N,000.000000 W,0,0,S,S,V
2015-07-17 21:30:27,22.6,2468,0.08,18.5,65.3,----,----,00.000000 N,000.000000 W,0,0,S,S,V
2015-07-17 21:30:33,19.2,2398,0.00,18.5,65.3,----,----,00.000000 N,000.000000 W,0,0,S,S,V
2015-07-17 21:30:40,20.8,2431,0.08,18.5,65.4,----,----,00.000000 N,000.000000 W,0,0,S,S,V
2015-07-17 21:30:47,16.6,2345,0.00,18.5,65.4,----,----,00.000000 N,000.000000 W,0,0,S,S,V
2015-07-17 21:30:52,17.4,2361,0.04,18.5,65.4,----,----,00.000000 N,000.000000 W,0,0,S,S,V
2015-07-17 21:31:00,22.6,2468,0.05,18.6,65.5,----,----,00.000000 N,000.000000 W,0,0,S,S,V
2015-07-17 21:31:08,26.8,2553,0.09,18.6,65.5,----,----,00.000000 N,000.000000 W,0,0,S,S,V
2015-07-17 21:31:13,23.8,2492,0.04,18.6,65.6,----,----,00.000000 N,000.000000 W,0,0,S,S,V
2015-07-17 21:31:18,19.2,2398,0.01,18.6,65.6,----,----,00.000000 N,000.000000 W,0,0,S,S,V
2015-07-17 21:31:25,15.6,2325,0.02,18.7,65.6,----,----,00.000000 N,000.000000 W,0,0,S,S,V
2015-07-17 21:31:33,16.1,2335,0.02,18.7,65.7,----,----,00.000000 N,000.000000 W,0,0,S,S,V
2015-07-17 21:31:40,18.2,2377,0.00,18.7,65.8,----,----,00.000000 N,000.000000 W,0,0,S,S,V
2015-07-17 21:31:45,18.5,2384,0.01,18.8,65.8,----,----,00.000000 N,000.000000 W,0,0,S,S,V
2015-07-17 21:31:50,13.4,2279,0.00,18.8,65.8,----,----,00.000000 N,000.000000 W,0,0,S,S,V
2015-07-17 22:21:52,13.9,2291,0.00,27.2,81.0,----,----,00.000000 N,000.000000 W,0,0,S,S,V
2015-07-17 22:21:57,19.4,2403,0.00,27.2,81.1,----,----,00.000000 N,000.000000 W,0,0,S,S,V
2015-07-17 22:22:04,15.6,2325,0.00,27.3,81.2,----,----,00.000000 N,000.000000 W,0,0,S,S,V
2015-07-17 22:22:10,16.2,2337,0.00,27.3,81.2,----,----,00.000000 N,000.000000 W,0,0,S,S,V
2015-07-17 22:22:17,15.1,2314,0.00,27.4,81.3,----,----,00.000000 N,000.000000 W,0,0,S,S,V
2015-07-17 22:22:22,17.1,2355,0.00,27.4,81.3,----,----,00.000000 N,000.000000 W,0,0,S,S,V
2015-07-17 22:22:29,13.5,2281,0.00,27.4,81.3,----,----,00.000000 N,000.000000 W,0,0,S,S,V
2015-07-17 22:22:34,12.0,2251,0.00,27.4,81.3,----,----,00.000000 N,000.000000 W,0,0,S,S,V
2015-07-17 22:22:43,12.3,2258,0.00,27.4,81.4,----,----,00.000000 N,000.000000 W,0,0,S,S,V
2015-07-17 22:22:54,14.7,2307,0.00,27.4,81.4,----,----,00.000000 N,000.000000 W,0,0,S,S,V
2015-07-17 22:23:00,15.3,2318,0.00,27.5,81.5,----,----,00.000000 N,000.000000 W,0,0,S,S,V
2015-07-17 22:23:06,15.8,2328,0.00,27.5,81.5,----,----,00.000000 N,000.000000 W,0,0,S,S,V
2015-07-17 22:23:12,11.5,2242,0.00,27.5,81.6,----,----,00.000000 N,000.000000 W,0,0,S,S,V
2015-07-17 22:23:18,15.1,2315,0.00,27.5,81.6,----,----,00.000000 N,000.000000 W,0,0,S,S,V
2015-07-17 22:24:27,23.0,2475,0.08,27.6,81.7,----,----,00.000000 N,000.000000 W,0,0,S,S,V
2015-07-17 22:24:34,12.5,2261,0.00,27.6,81.7,----,----,00.000000 N,000.000000 W,0,0,S,S,V
2015-07-17 22:24:39,13.1,2274,0.00,27.6,81.7,----,----,00.000000 N,000.000000 W,0,0,S,S,V
2015-07-17 22:24:42,14.5,2303,0.00,27.6,81.7,----,----,00.000000 N,000.000000 W,0,0,S,S,V
2015-07-17 22:24:48,15.3,2318,0.00,27.6,81.7,----,----,00.000000 N,000.000000 W,0,0,S,S,V
2015-07-17 22:24:55,15.3,2318,0.04,27.6,81.7,----,----,00.000000 N,000.000000 W,0,0,S,S,V
2015-07-17 22:25:02,14.4,2301,0.00,27.6,81.7,----,----,00.000000 N,000.000000 W,0,0,S,S,V
2015-07-17 22:25:08,14.3,2298,0.01,27.6,81.7,----,----,00.000000 N,000.000000 W,0,0,S,S,V
2015-07-17 22:25:13,17.1,2355,0.00,27.6,81.7,----,----,00.000000 N,000.000000 W,0,0,S,S,V
2015-07-17 22:25:21,09.6,2202,0.00,27.6,81.7,----,----,00.000000 N,000.000000 W,0,0,S,S,V
2015-07-17 22:33:40,19.0,2394,0.00,26.3,79.3,----,----,00.000000 N,000.000000 W,0,0,S,S,V
2015-07-17 22:33:45,17.4,2362,0.00,26.2,79.3,----,----,00.000000 N,000.000000 W,0,0,S,S,V
2015-07-17 22:33:50,17.4,2361,0.02,26.2,79.3,----,----,00.000000 N,000.000000 W,0,0,S,S,V
2015-07-17 22:33:56,14.4,2301,0.00,26.2,79.3,----,----,00.000000 N,000.000000 W,0,0,S,S,V
2015-07-17 22:34:03,15.0,2312,0.00,26.2,79.3,----,----,00.000000 N,000.000000 W,0,0,S,S,V
2015-07-17 22:34:10,14.5,2302,0.00,26.2,79.2,----,----,00.000000 N,000.000000 W,0,0,S,S,V
2015-07-17 22:34:16,11.2,2235,0.00,26.2,79.2,----,----,00.000000 N,000.000000 W,0,0,S,S,V
2015-07-17 22:34:21,18.2,2378,0.06,26.2,79.2,----,----,00.000000 N,000.000000 W,0,0,S,S,V
2015-07-17 22:34:27,15.5,2322,0.00,26.2,79.2,----,----,00.000000 N,000.000000 W,0,0,S,S,V
2015-07-17 22:34:36,11.0,2231,0.00,26.2,79.2,----,----,00.000000 N,000.000000 W,0,0,S,S,V
2015-07-17 22:34:39,13.8,2289,0.00,26.2,79.2,----,----,00.000000 N,000.000000 W,0,0,S,S,V
2015-07-17 23:31:54,20.6,2426,0.00,23.0,73.4,----,----,00.000000 N,000.000000 W,0,0,S,S,V
2015-07-17 23:31:58,17.9,2372,0.00,23.0,73.4,----,----,00.000000 N,000.000000 W,0,0,S,S,V
2015-07-17 23:32:02,17.4,2361,0.02,23.0,73.4,----,----,00.000000 N,000.000000 W,0,0,S,S,V
2015-07-17 23:32:06,22.5,2466,0.00,23.0,73.4,----,----,00.000000 N,000.000000 W,0,0,S,S,V
2015-07-17 23:32:10,22.2,2459,0.03,23.0,73.5,----,----,00.000000 N,000.000000 W,0,0,S,S,V
2015-07-17 23:32:14,22.9,2473,0.03,23.0,73.5,----,----,00.000000 N,000.000000 W,0,0,S,S,V
2015-07-17 23:32:18,22.4,2463,0.03,23.0,73.5,----,----,00.000000 N,000.000000 W,0,0,S,S,V
2015-07-17 23:32:21,20.2,2419,0.00,23.1,73.6,----,----,00.000000 N,000.000000 W,0,0,S,S,V
2015-07-17 23:32:25,21.1,2436,0.09,23.1,73.6,----,----,00.000000 N,000.000000 W,0,0,S,S,V
2015-07-17 23:32:30,20.0,2415,0.03,23.1,73.6,----,----,00.000000 N,000.000000 W,0,0,S,S,V
2015-07-17 23:32:42,22.1,2458,0.03,23.2,73.8,----,----,00.000000 N,000.000000 W,0,0,S,S,V
2015-07-17 23:32:46,23.8,2491,0.07,23.2,73.8,----,----,00.000000 N,000.000000 W,0,0,S,S,V
2015-07-17 23:32:50,21.4,2443,0.03,23.2,73.9,----,----,00.000000 N,000.000000 W,0,0,S,S,V
2015-07-17 23:32:55,29.8,2613,0.03,23.3,73.9,----,----,00.000000 N,000.000000 W,0,0,S,S,V
2015-07-17 23:33:53,12.8,2267,0.00,23.7,74.6,----,----,00.000000 N,000.000000 W,0,0,S,S,V
2015-07-17 23:33:54,13.0,2271,0.00,23.7,74.7,----,----,00.000000 N,000.000000 W,0,0,S,S,V
2015-07-17 23:33:57,14.5,2302,0.00,23.7,74.7,----,----,00.000000 N,000.000000 W,0,0,S,S,V
2015-07-17 23:34:02,17.4,2362,0.00,23.7,74.7,----,----,00.000000 N,000.000000 W,0,0,S,S,V
2015-07-17 23:34:07,17.0,2353,0.01,23.7,74.8,----,----,00.000000 N,000.000000 W,0,0,S,S,V
2015-07-17 23:34:13,13.7,2285,0.00,23.8,74.9,----,----,00.000000 N,000.000000 W,0,0,S,S,V
2015-07-17 23:34:18,13.5,2281,0.00,23.8,74.9,----,----,00.000000 N,000.000000 W,0,0,S,S,V
2015-07-17 23:34:24,12.8,2267,0.00,23.8,74.9,----,----,00.000000 N,000.000000 W,0,0,S,S,V
2015-07-17 23:34:28,11.5,2241,0.00,23.9,75.0,----,----,00.000000 N,000.000000 W,0,0,S,S,V
2015-07-17 23:34:37,15.8,2328,0.00,23.9,75.1,----,----,00.000000 N,000.000000 W,0,0,S,S,V
2015-07-17 23:34:43,15.5,2322,0.00,24.0,75.2,----,----,00.000000 N,000.000000 W,0,0,S,S,V
2015-07-17 23:34:56,12.5,2261,0.00,24.0,75.3,----,----,00.000000 N,000.000000 W,0,0,S,S,V
2015-07-17 23:35:02,12.3,2257,0.00,24.1,75.3,----,----,00.000000 N,000.000000 W,0,0,S,S,V
2015-07-17 23:45:50,16.9,2351,0.00,31.7,89.0,----,----,00.000000 N,000.000000 W,0,0,S,S,V
2015-07-17 23:45:51,17.0,2353,0.00,31.7,89.0,----,----,00.000000 N,000.000000 W,0,0,S,S,V
2015-07-17 23:45:57,12.1,2254,0.00,31.6,89.0,----,----,00.000000 N,000.000000 W,0,0,S,S,V
2015-07-17 23:46:01,13.9,2291,0.00,31.6,89.0,----,----,00.000000 N,000.000000 W,0,0,S,S,V
2015-07-17 23:46:05,16.8,2350,0.00,31.6,89.0,----,----,00.000000 N,000.000000 W,0,0,S,S,V
2015-07-17 23:46:12,16.2,2336,0.00,31.6,88.9,----,----,00.000000 N,000.000000 W,0,0,S,S,V
2015-07-17 23:46:19,16.4,2342,0.00,31.6,88.9,----,----,00.000000 N,000.000000 W,0,0,S,S,V
2015-07-17 23:46:25,14.1,2295,0.00,31.6,88.9,----,----,00.000000 N,000.000000 W,0,0,S,S,V
2015-07-17 23:46:30,12.3,2258,0.00,31.6,88.9,----,----,00.000000 N,000.000000 W,0,0,S,S,V
2015-07-17 23:55:50,13.9,2291,0.00,30.7,87.4,----,----,00.000000 N,000.000000 W,0,0,S,S,V
2015-07-17 23:55:51,13.9,2291,0.00,30.7,87.4,----,----,00.000000 N,000.000000 W,0,0,S,S,V
2015-07-17 23:55:54,14.4,2301,0.00,30.7,87.4,----,----,00.000000 N,000.000000 W,0,0,S,S,V
2015-07-17 23:56:02,09.3,2197,0.00,30.7,87.4,----,----,00.000000 N,000.000000 W,0,0,S,S,V
2015-07-17 23:56:19,08.7,2184,0.00,30.7,87.3,----,----,00.000000 N,000.000000 W,0,0,S,S,V
2015-07-17 23:56:26,12.8,2268,0.00,30.7,87.3,----,----,00.000000 N,000.000000 W,0,0,S,S,V
2015-07-17 23:56:32,09.4,2198,0.00,30.7,87.3,----,----,00.000000 N,000.000000 W,0,0,S,S,V
2015-07-17 23:56:38,09.9,2208,0.00,30.7,87.3,----,----,00.000000 N,000.000000 W,0,0,S,S,V
2015-07-17 23:56:46,17.6,2365,0.00,30.7,87.3,----,----,00.000000 N,000.000000 W,0,0,S,S,V
2015-07-17 23:56:51,13.8,2288,0.00,30.7,87.3,----,----,00.000000 N,000.000000 W,0,0,S,S,V
2015-07-17 23:56:58,14.1,2295,0.00,30.7,87.3,----,----,00.000000 N,000.000000 W,0,0,S,S,V
2015-07-17 23:57:04,10.9,2229,0.00,30.7,87.3,----,----,00.000000 N,000.000000 W,0,0,S,S,V
2015-07-17 23:57:10,10.9,2229,0.00,30.7,87.3,----,----,00.000000 N,000.000000 W,0,0,S,S,V
2015-07-17 23:57:16,11.3,2238,0.00,30.7,87.3,----,----,00.000000 N,000.000000 W,0,0,S,S,V
2015-07-18 00:10:19,12.9,2270,0.00,30.0,86.1,----,----,00.000000 N,000.000000 W,0,0,S,S,V
2015-07-18 00:10:20,13.0,2271,0.00,30.0,86.1,----,----,00.000000 N,000.000000 W,0,0,S,S,V
2015-07-18 00:10:24,13.6,2283,0.00,30.0,86.1,----,----,00.000000 N,000.000000 W,0,0,S,S,V
2015-07-18 00:10:27,12.3,2257,0.00,30.0,86.1,----,----,00.000000 N,000.000000 W,0,0,S,S,V
2015-07-18 00:10:32,14.9,2311,0.00,30.0,86.0,----,----,00.000000 N,000.000000 W,0,0,S,S,V
2015-07-18 00:10:36,12.5,2261,0.00,30.0,86.0,----,----,00.000000 N,000.000000 W,0,0,S,S,V
2015-07-18 00:10:40,09.7,2205,0.00,30.0,86.0,----,----,00.000000 N,000.000000 W,0,0,S,S,V
2015-07-18 00:10:43,08.6,2183,0.00,30.0,86.0,----,----,00.000000 N,000.000000 W,0,0,S,S,V
2015-07-18 00:10:48,11.9,2249,0.00,29.9,85.9,----,----,00.000000 N,000.000000 W,0,0,S,S,V
2015-07-18 00:10:54,11.2,2236,0.00,29.9,85.9,----,----,00.000000 N,000.000000 W,0,0,S,S,V
2015-07-18 00:10:57,11.0,2230,0.00,29.9,85.9,----,----,00.000000 N,000.000000 W,0,0,S,S,V
2015-07-18 00:10:59,11.5,2241,0.00,29.9,85.9,----,----,00.000000 N,000.000000 W,0,0,S,S,V
2015-07-18 00:11:04,09.6,2203,0.00,29.9,85.9,----,----,00.000000 N,000.000000 W,0,0,S,S,V
2015-07-18 00:11:12,13.1,2274,0.00,29.9,85.9,----,----,00.000000 N,000.000000 W,0,0,S,S,V
2015-07-18 00:11:16,11.9,2249,0.00,29.9,85.9,----,----,00.000000 N,000.000000 W,0,0,S,S,V
2015-07-18 00:11:24,12.6,2264,0.00,29.9,85.9,----,----,00.000000 N,000.000000 W,0,0,S,S,V
2015-07-18 00:11:45,12.2,2255,0.00,29.9,85.8,----,----,00.000000 N,000.000000 W,0,0,S,S,V
2015-07-18 00:11:46,12.2,2255,0.00,29.9,85.8,----,----,00.000000 N,000.000000 W,0,0,S,S,V
2015-07-18 00:21:38,10.0,2211,0.00,28.9,84.0,----,----,00.000000 N,000.000000 W,0,0,S,S,V
2015-07-18 00:21:44,10.2,2215,0.00,28.9,84.1,----,----,00.000000 N,000.000000 W,0,0,S,S,V
2015-07-18 00:21:48,10.3,2217,0.00,29.0,84.2,----,----,00.000000 N,000.000000 W,0,0,S,S,V
2015-07-18 00:21:55,11.3,2238,0.00,29.0,84.3,----,----,00.000000 N,000.000000 W,0,0,S,S,V
2015-07-18 00:22:00,10.7,2224,0.00,29.1,84.4,----,----,00.000000 N,000.000000 W,0,0,S,S,V
2015-07-18 00:22:05,09.3,2196,0.00,29.2,84.5,----,----,00.000000 N,000.000000 W,0,0,S,S,V
2015-07-18 00:22:09,10.6,2222,0.00,29.2,84.6,----,----,00.000000 N,000.000000 W,0,0,S,S,V
2015-07-18 00:22:13,10.4,2219,0.00,29.2,84.6,----,----,00.000000 N,000.000000 W,0,0,S,S,V
2015-07-18 00:22:19,11.9,2249,0.00,29.3,84.7,----,----,00.000000 N,000.000000 W,0,0,S,S,V
2015-07-18 00:32:19,17.9,2371,0.00,37.4,99.3,----,----,00.000000 N,000.000000 W,0,0,S,S,V
2015-07-18 00:32:25,17.2,2357,0.00,37.4,99.4,----,----,00.000000 N,000.000000 W,0,0,S,S,V
2015-07-18 00:32:30,12.2,2256,0.00,37.4,99.4,----,----,00.000000 N,000.000000 W,0,0,S,S,V
2015-07-18 00:32:36,11.5,2242,0.00,37.4,99.4,----,----,00.000000 N,000.000000 W,0,0,S,S,V
2015-07-18 00:32:44,15.3,2318,0.00,37.4,99.3,----,----,00.000000 N,000.000000 W,0,0,S,S,V
2015-07-18 00:41:43,28.0,2578,0.00,38.1,100.5,----,----,00.000000 N,000.000000 W,0,0,S,S,V
2015-07-18 00:41:44,26.6,2549,0.00,38.1,100.5,----,----,00.000000 N,000.000000 W,0,0,S,S,V
2015-07-18 00:41:47,20.1,2416,0.00,38.1,100.6,----,----,00.000000 N,000.000000 W,0,0,S,S,V
2015-07-18 00:41:52,24.0,2495,0.00,38.1,100.6,----,----,00.000000 N,000.000000 W,0,0,S,S,V
2015-07-18 00:41:56,27.7,2571,0.04,38.1,100.6,----,----,00.000000 N,000.000000 W,0,0,S,S,V
2015-07-18 00:41:59,19.0,2394,0.00,38.1,100.5,----,----,00.000000 N,000.000000 W,0,0,S,S,V
2015-07-18 00:42:04,18.8,2389,0.00,38.1,100.5,----,----,00.000000 N,000.000000 W,0,0,S,S,V
2015-07-18 00:42:09,15.4,2320,0.00,38.0,100.5,----,----,00.000000 N,000.000000 W,0,0,S,S,V
2015-07-18 00:42:13,17.0,2353,0.00,38.0,100.5,----,----,00.000000 N,000.000000 W,0,0,S,S,V
2015-07-18 00:42:16,15.9,2330,0.00,38.0,100.4,----,----,00.000000 N,000.000000 W,0,0,S,S,V
2015-07-18 00:42:20,17.1,2356,0.00,38.0,100.4,----,----,00.000000 N,000.000000 W,0,0,S,S,V
2015-07-18 00:42:24,14.3,2299,0.00,38.0,100.4,----,----,00.000000 N,000.000000 W,0,0,S,S,V
2015-07-18 00:42:30,22.4,2464,0.01,37.9,100.3,----,----,00.000000 N,000.000000 W,0,0,S,S,V
2015-07-18 00:42:33,19.5,2405,0.00,37.9,100.2,----,----,00.000000 N,000.000000 W,0,0,S,S,V
2015-07-18 00:42:39,19.0,2394,0.00,37.8,100.0,----,----,00.000000 N,000.000000 W,0,0,S,S,V
2015-07-18 00:42:44,17.5,2364,0.00,37.7,100.0,----,----,00.000000 N,000.000000 W,0,0,S,S,V
2015-07-18 00:50:03,22.0,2456,0.00,36.9,98.5,----,----,00.000000 N,000.000000 W,0,0,S,S,V
2015-07-18 00:50:07,18.5,2383,0.00,36.9,98.4,----,----,00.000000 N,000.000000 W,0,0,S,S,V
2015-07-18 00:50:13,16.6,2346,0.00,36.9,98.4,----,----,00.000000 N,000.000000 W,0,0,S,S,V
2015-07-18 00:50:17,14.9,2310,0.00,36.8,98.3,----,----,00.000000 N,000.000000 W,0,0,S,S,V
2015-07-18 00:50:22,18.2,2377,0.00,36.8,98.3,----,----,00.000000 N,000.000000 W,0,0,S,S,V
2015-07-18 00:50:28,16.8,2350,0.00,36.8,98.2,----,----,00.000000 N,000.000000 W,0,0,S,S,V
2015-07-18 00:50:33,17.1,2355,0.00,36.7,98.1,----,----,00.000000 N,000.000000 W,0,0,S,S,V
2015-07-18 00:50:38,14.7,2307,0.00,36.7,98.1,----,----,00.000000 N,000.000000 W,0,0,S,S,V
2015-07-18 00:50:42,15.5,2322,0.00,36.6,98.0,----,----,00.000000 N,000.000000 W,0,0,S,S,V
2015-07-18 00:50:46,14.3,2299,0.00,36.6,98.0,----,----,00.000000 N,000.000000 W,0,0,S,S,V
2015-07-18 00:50:51,12.9,2269,0.00,36.6,97.9,----,----,00.000000 N,000.000000 W,0,0,S,S,V
2015-07-18 00:59:42,17.5,2364,0.00,39.1,102.4,----,----,00.000000 N,000.000000 W,0,0,S,S,V
2015-07-18 00:59:46,20.4,2423,0.00,39.1,102.3,----,----,00.000000 N,000.000000 W,0,0,S,S,V
2015-07-18 00:59:52,17.6,2365,0.00,39.0,102.2,----,----,00.000000 N,000.000000 W,0,0,S,S,V
2015-07-18 00:59:56,23.2,2480,0.01,39.0,102.2,----,----,00.000000 N,000.000000 W,0,0,S,S,V
2015-07-18 01:00:02,14.1,2295,0.00,38.9,102.1,----,----,00.000000 N,000.000000 W,0,0,S,S,V
2015-07-18 01:00:06,21.4,2443,0.00,38.9,102.0,----,----,00.000000 N,000.000000 W,0,0,S,S,V
2015-07-18 01:00:11,19.9,2413,0.00,38.8,101.9,----,----,00.000000 N,000.000000 W,0,0,S,S,V
2015-07-18 01:00:16,18.5,2384,0.00,38.7,101.8,----,----,00.000000 N,000.000000 W,0,0,S,S,V
2015-07-18 01:00:20,18.4,2381,0.00,38.6,101.6,----,----,00.000000 N,000.000000 W,0,0,S,S,V
2015-07-18 01:00:25,25.7,2530,0.00,38.6,101.4,----,----,00.000000 N,000.000000 W,0,0,S,S,V
2015-07-18 01:00:29,19.1,2396,0.00,38.5,101.4,----,----,00.000000 N,000.000000 W,0,0,S,S,V
2015-07-18 01:00:33,13.4,2279,0.00,38.4,101.2,----,----,00.000000 N,000.000000 W,0,0,S,S,V
2015-07-18 01:00:37,14.1,2294,0.00,38.4,101.1,----,----,00.000000 N,000.000000 W,0,0,S,S,V
2015-07-18 01:00:40,16.5,2343,0.00,38.3,101.0,----,----,00.000000 N,000.000000 W,0,0,S,S,V
2015-07-18 01:09:32,14.8,2309,0.00,35.3,95.5,----,----,00.000000 N,000.000000 W,0,0,S,S,V
2015-07-18 01:09:32,14.9,2310,0.00,35.3,95.5,----,----,00.000000 N,000.000000 W,0,0,S,S,V
2015-07-18 01:09:37,21.7,2448,0.00,35.2,95.5,----,----,00.000000 N,000.000000 W,0,0,S,S,V
2015-07-18 01:09:40,17.8,2369,0.00,35.2,95.5,----,----,00.000000 N,000.000000 W,0,0,S,S,V
2015-07-18 01:09:44,22.2,2460,0.00,35.2,95.4,----,----,00.000000 N,000.000000 W,0,0,S,S,V
2015-07-18 01:09:48,16.1,2335,0.00,35.2,95.3,----,----,00.000000 N,000.000000 W,0,0,S,S,V
2015-07-18 01:09:52,18.8,2390,0.00,35.1,95.3,----,----,00.000000 N,000.000000 W,0,0,S,S,V
2015-07-18 01:09:56,22.0,2455,0.00,35.1,95.3,----,----,00.000000 N,000.000000 W,0,0,S,S,V
2015-07-18 01:10:00,16.0,2332,0.00,35.0,95.1,----,----,00.000000 N,000.000000 W,0,0,S,S,V
2015-07-18 01:10:06,17.8,2369,0.00,35.0,95.0,----,----,00.000000 N,000.000000 W,0,0,S,S,V
2015-07-18 01:10:10,18.1,2376,0.00,34.9,94.9,----,----,00.000000 N,000.000000 W,0,0,S,S,V
2015-07-18 01:10:14,17.0,2353,0.00,34.9,94.9,----,----,00.000000 N,000.000000 W,0,0,S,S,V
2015-07-18 01:10:18,14.6,2304,0.00,34.9,94.8,----,----,00.000000 N,000.000000 W,0,0,S,S,V
2015-07-18 01:10:22,16.6,2346,0.00,34.8,94.7,----,----,00.000000 N,000.000000 W,0,0,S,S,V
2015-07-18 01:10:27,16.8,2350,0.00,34.8,94.6,----,----,00.000000 N,000.000000 W,0,0,S,S,V
2015-07-18 01:10:33,17.4,2361,0.00,34.7,94.5,----,----,00.000000 N,000.000000 W,0,0,S,S,V
2015-07-18 01:10:37,21.1,2437,0.00,34.7,94.5,----,----,00.000000 N,000.000000 W,0,0,S,S,V
2015-07-18 01:10:42,18.6,2385,0.00,34.6,94.4,----,----,00.000000 N,000.000000 W,0,0,S,S,V
2015-07-18 01:10:46,15.9,2330,0.00,34.6,94.3,----,----,00.000000 N,000.000000 W,0,0,S,S,V
2015-07-18 01:10:50,13.6,2284,0.00,34.5,94.2,----,----,00.000000 N,000.000000 W,0,0,S,S,V
2015-07-18 01:10:55,15.4,2321,0.00,34.5,94.1,----,----,00.000000 N,000.000000 W,0,0,S,S,V
2015-07-18 01:11:00,15.4,2320,0.00,34.5,94.1,----,----,00.000000 N,000.000000 W,0,0,S,S,V
2015-07-18 01:23:38,26.8,2553,0.03,28.5,83.3,----,----,00.000000 N,000.000000 W,0,0,S,S,V
2015-07-18 01:23:43,16.7,2348,0.00,28.5,83.4,----,----,00.000000 N,000.000000 W,0,0,S,S,V
2015-07-18 01:23:49,19.2,2398,0.00,28.6,83.5,----,----,00.000000 N,000.000000 W,0,0,S,S,V
2015-07-18 01:23:54,14.6,2304,0.00,28.6,83.6,----,----,00.000000 N,000.000000 W,0,0,S,S,V
2015-07-18 01:23:58,18.2,2377,0.00,28.6,83.6,----,----,00.000000 N,000.000000 W,0,0,S,S,V
2015-07-18 01:24:03,23.4,2483,0.01,28.7,83.7,----,----,00.000000 N,000.000000 W,0,0,S,S,V
2015-07-18 01:24:06,24.8,2512,0.00,28.7,83.7,----,----,00.000000 N,000.000000 W,0,0,S,S,V
2015-07-18 01:24:11,27.0,2557,0.03,28.7,83.7,----,----,00.000000 N,000.000000 W,0,0,S,S,V
2015-07-18 01:24:15,22.2,2460,0.05,28.8,83.8,----,----,00.000000 N,000.000000 W,0,0,S,S,V
2015-07-18 01:24:20,19.1,2395,0.01,28.8,83.9,----,----,00.000000 N,000.000000 W,0,0,S,S,V
2015-07-18 01:24:33,20.9,2433,0.00,28.9,84.0,----,----,00.000000 N,000.000000 W,0,0,S,S,V
2015-07-18 01:24:41,23.0,2476,0.00,28.9,84.1,----,----,00.000000 N,000.000000 W,0,0,S,S,V
2015-07-18 01:24:51,18.2,2378,0.01,29.0,84.2,----,----,00.000000 N,000.000000 W,0,0,S,S,V
2015-07-18 01:24:57,18.2,2378,0.00,29.0,84.3,----,----,00.000000 N,000.000000 W,0,0,S,S,V
2015-07-18 01:25:01,16.6,2345,0.02,29.0,84.3,----,----,00.000000 N,000.000000 W,0,0,S,S,V
2015-07-18 01:25:05,16.1,2335,0.00,29.1,84.4,----,----,00.000000 N,000.000000 W,0,0,S,S,V
2015-07-18 01:25:09,24.4,2503,0.01,29.1,84.4,----,----,00.000000 N,000.000000 W,0,0,S,S,V
2015-07-18 01:25:14,10.0,2210,0.00,29.1,84.5,----,----,00.000000 N,000.000000 W,0,0,S,S,V
2015-07-18 01:25:17,12.8,2267,0.00,29.1,84.5,----,----,00.000000 N,000.000000 W,0,0,S,S,V
2015-07-18 01:25:21,12.2,2255,0.00,29.2,84.5,----,----,00.000000 N,000.000000 W,0,0,S,S,V
2015-07-18 01:25:25,13.6,2284,0.00,29.2,84.6,----,----,00.000000 N,000.000000 W,0,0,S,S,V
2015-07-18 01:25:30,15.5,2322,0.00,29.2,84.6,----,----,00.000000 N,000.000000 W,0,0,S,S,V
2015-07-18 01:25:35,09.3,2197,0.00,29.2,84.6,----,----,00.000000 N,000.000000 W,0,0,S,S,V
2015-07-18 01:25:39,11.9,2250,0.00,29.2,84.7,----,----,00.000000 N,000.000000 W,0,0,S,S,V
2015-07-18 01:25:43,13.9,2290,0.00,29.2,84.7,----,----,00.000000 N,000.000000 W,0,0,S,S,V
2015-07-18 01:36:12,18.8,2389,0.00,28.6,83.5,----,----,00.000000 N,000.000000 W,0,0,S,S,V
2015-07-18 01:36:13,17.4,2361,0.00,28.6,83.5,----,----,00.000000 N,000.000000 W,0,0,S,S,V
2015-07-18 01:36:17,12.3,2257,0.00,28.6,83.5,----,----,00.000000 N,000.000000 W,0,0,S,S,V
2015-07-18 01:36:22,07.8,2166,0.00,28.6,83.5,----,----,00.000000 N,000.000000 W,0,0,S,S,V
2015-07-18 01:36:25,11.7,2245,0.00,28.6,83.5,----,----,00.000000 N,000.000000 W,0,0,S,S,V
2015-07-18 01:36:30,13.0,2271,0.00,28.6,83.6,----,----,00.000000 N,000.000000 W,0,0,S,S,V
2015-07-18 01:36:36,12.3,2257,0.00,28.6,83.6,----,----,00.000000 N,000.000000 W,0,0,S,S,V
2015-07-18 01:36:41,10.2,2215,0.00,28.7,83.6,----,----,00.000000 N,000.000000 W,0,0,S,S,V
2015-07-18 01:36:48,12.1,2254,0.00,28.7,83.6,----,----,00.000000 N,000.000000 W,0,0,S,S,V
2015-07-18 01:59:42,25.1,2518,0.02,39.7,103.5,----,----,00.000000 N,000.000000 W,0,0,S,S,V
2015-07-18 01:59:47,28.8,2593,0.05,39.7,103.4,----,----,00.000000 N,000.000000 W,0,0,S,S,V
2015-07-18 01:59:51,17.7,2368,0.00,39.6,103.3,----,----,00.000000 N,000.000000 W,0,0,S,S,V
2015-07-18 01:59:56,17.9,2372,0.00,39.5,103.2,----,----,00.000000 N,000.000000 W,0,0,S,S,V
2015-07-18 02:00:00,19.1,2396,0.00,39.4,103.0,----,----,00.000000 N,000.000000 W,0,0,S,S,V
2015-07-18 02:00:06,14.9,2311,0.00,39.4,102.9,----,----,00.000000 N,000.000000 W,0,0,S,S,V
2015-07-18 02:00:22,13.8,2289,0.00,39.0,102.3,----,----,00.000000 N,000.000000 W,0,0,S,S,V
2015-07-18 02:00:26,12.8,2267,0.00,39.0,102.2,----,----,00.000000 N,000.000000 W,0,0,S,S,V
2015-07-18 02:00:31,16.2,2337,0.00,38.9,102.0,----,----,00.000000 N,000.000000 W,0,0,S,S,V
2015-07-18 02:00:36,15.8,2329,0.00,38.8,101.9,----,----,00.000000 N,000.000000 W,0,0,S,S,V
2015-07-18 02:00:41,18.4,2381,0.00,38.6,101.6,----,----,00.000000 N,000.000000 W,0,0,S,S,V
2015-07-18 02:00:46,14.9,2311,0.00,38.6,101.5,----,----,00.000000 N,000.000000 W,0,0,S,S,V
2015-07-18 02:12:51,26.0,2537,0.04,32.2,90.1,----,----,00.000000 N,000.000000 W,0,0,S,S,V
2015-07-18 02:12:51,25.4,2524,0.04,32.2,90.0,----,----,00.000000 N,000.000000 W,0,0,S,S,V
2015-07-18 02:12:55,20.5,2424,0.00,32.2,90.1,----,----,00.000000 N,000.000000 W,0,0,S,S,V
2015-07-18 02:13:00,18.7,2388,0.00,32.2,90.0,----,----,00.000000 N,000.000000 W,0,0,S,S,V
2015-07-18 02:13:04,18.1,2376,0.00,32.2,90.0,----,----,00.000000 N,000.000000 W,0,0,S,S,V
2015-07-18 02:13:11,20.2,2419,0.00,32.1,89.9,----,----,00.000000 N,000.000000 W,0,0,S,S,V
2015-07-18 02:13:16,16.0,2332,0.00,32.1,89.8,----,----,00.000000 N,000.000000 W,0,0,S,S,V
2015-07-18 02:13:22,16.5,2344,0.00,32.0,89.7,----,----,00.000000 N,000.000000 W,0,0,S,S,V
2015-07-18 02:13:47,24.5,2505,0.01,31.9,89.5,----,----,00.000000 N,000.000000 W,0,0,S,S,V
2015-07-18 02:13:51,18.4,2381,0.00,31.8,89.4,----,----,00.000000 N,000.000000 W,0,0,S,S,V
2015-07-18 02:13:57,13.7,2287,0.00,31.8,89.3,----,----,00.000000 N,000.000000 W,0,0,S,S,V
2015-07-18 02:14:01,15.2,2317,0.00,31.8,89.3,----,----,00.000000 N,000.000000 W,0,0,S,S,V
2015-07-18 02:14:05,19.1,2396,0.00,31.8,89.2,----,----,00.000000 N,000.000000 W,0,0,S,S,V
2015-07-18 02:14:15,20.4,2422,0.00,31.7,89.2,----,----,00.000000 N,000.000000 W,0,0,S,S,V
2015-07-18 02:14:20,14.5,2303,0.00,31.7,89.1,----,----,00.000000 N,000.000000 W,0,0,S,S,V
2015-07-18 02:14:27,13.0,2271,0.00,31.6,89.0,----,----,00.000000 N,000.000000 W,0,0,S,S,V
2015-07-18 02:14:32,23.7,2490,0.00,31.6,88.9,----,----,00.000000 N,000.000000 W,0,0,S,S,V
2015-07-18 02:14:36,17.8,2369,0.00,31.5,88.8,----,----,00.000000 N,000.000000 W,0,0,S,S,V
2015-07-18 02:14:45,19.2,2399,0.00,31.4,88.6,----,----,00.000000 N,000.000000 W,0,0,S,S,V
2015-07-18 17:38:14,09.3,2197,0.00,15.0,59.0,----,----,00.000000 N,000.000000 W,0,0,S,S,V
2015-07-18 17:38:17,16.1,2334,0.00,15.0,59.0,----,----,00.000000 N,000.000000 W,0,0,S,S,V
2015-07-18 17:38:20,10.0,2211,0.00,15.0,59.0,----,----,00.000000 N,000.000000 W,0,0,S,S,V
2015-07-18 17:38:24,15.9,2331,0.04,15.0,59.0,----,----,00.000000 N,000.000000 W,0,0,S,S,V
2015-07-18 17:38:27,10.6,2222,0.00,15.0,59.0,----,----,00.000000 N,000.000000 W,0,0,S,S,V
2015-07-18 17:38:30,13.8,2289,0.02,15.0,59.0,----,----,00.000000 N,000.000000 W,0,0,S,S,V
2015-07-18 17:38:33,14.9,2310,0.00,14.9,58.9,----,----,00.000000 N,000.000000 W,0,0,S,S,V
2015-07-18 17:38:36,09.2,2195,0.00,14.9,58.9,----,----,00.000000 N,000.000000 W,0,0,S,S,V
2015-07-18 17:38:39,15.6,2325,0.00,14.9,58.9,----,----,00.000000 N,000.000000 W,0,0,S,S,V
2015-07-18 17:38:42,18.0,2373,0.07,14.9,58.9,----,----,00.000000 N,000.000000 W,0,0,S,S,V
2015-07-18 17:38:45,18.3,2379,0.01,14.9,58.9,----,----,00.000000 N,000.000000 W,0,0,S,S,V
2015-07-18 17:38:48,17.7,2368,0.00,14.9,58.8,----,----,00.000000 N,000.000000 W,0,0,S,S,V
2015-07-18 17:38:51,12.7,2265,0.01,14.9,58.8,----,----,00.000000 N,000.000000 W,0,0,S,S,V
2015-07-18 17:38:54,08.2,2175,0.00,14.9,58.8,----,----,00.000000 N,000.000000 W,0,0,S,S,V
2015-07-18 17:38:57,10.4,2219,0.00,14.9,58.8,----,----,00.000000 N,000.000000 W,0,0,S,S,V
2015-07-18 17:39:00,12.1,2254,0.02,14.8,58.8,----,----,00.000000 N,000.000000 W,0,0,S,S,V
2015-07-18 17:39:03,11.5,2242,0.00,14.8,58.8,----,----,00.000000 N,000.000000 W,0,0,S,S,V
2015-07-18 17:39:06,10.2,2215,0.00,14.8,58.8,----,----,00.000000 N,000.000000 W,0,0,S,S,V
2015-07-18 17:39:08,11.6,2243,0.00,14.8,58.7,----,----,00.000000 N,000.000000 W,0,0,S,S,V
2015-07-18 17:39:11,11.3,2237,0.00,14.8,58.7,----,----,00.000000 N,000.000000 W,0,0,S,S,V
2015-07-18 17:39:15,10.9,2228,0.00,14.8,58.7,----,----,00.000000 N,000.000000 W,0,0,S,S,V
2015-07-18 17:50:48,13.1,2274,0.00,15.1,59.3,----,----,00.000000 N,000.000000 W,0,0,S,S,V
2015-07-18 17:50:52,16.4,2341,0.00,15.1,59.3,----,----,00.000000 N,000.000000 W,0,0,S,S,V
2015-07-18 17:50:55,18.6,2385,0.02,15.1,59.3,----,----,00.000000 N,000.000000 W,0,0,S,S,V
2015-07-18 17:50:58,16.3,2339,0.02,15.1,59.3,----,----,00.000000 N,000.000000 W,0,0,S,S,V
2015-07-18 17:51:01,14.6,2305,0.01,15.1,59.3,----,----,00.000000 N,000.000000 W,0,0,S,S,V
2015-07-18 17:51:04,19.1,2395,0.03,15.1,59.3,----,----,00.000000 N,000.000000 W,0,0,S,S,V
2015-07-18 17:51:08,22.9,2473,0.04,15.1,59.2,----,----,00.000000 N,000.000000 W,0,0,S,S,V
2015-07-18 17:51:11,17.9,2371,0.03,15.1,59.2,----,----,00.000000 N,000.000000 W,0,0,S,S,V
2015-07-18 17:51:14,15.9,2331,0.03,15.1,59.2,----,----,00.000000 N,000.000000 W,0,0,S,S,V
2015-07-18 17:51:17,12.8,2267,0.00,15.1,59.2,----,----,00.000000 N,000.000000 W,0,0,S,S,V
2015-07-18 17:51:20,17.0,2353,0.00,15.1,59.2,----,----,00.000000 N,000.000000 W,0,0,S,S,V
2015-07-18 17:51:24,17.9,2372,0.01,15.1,59.2,----,----,00.000000 N,000.000000 W,0,0,S,S,V
2015-07-18 17:51:40,24.5,2506,0.00,15.0,59.1,----,----,00.000000 N,000.000000 W,0,0,S,S,V
2015-07-18 17:51:43,27.3,2564,0.05,15.0,59.1,----,----,00.000000 N,000.000000 W,0,0,S,S,V
2015-07-18 17:51:47,15.5,2322,0.00,15.0,59.1,----,----,00.000000 N,000.000000 W,0,0,S,S,V
2015-07-18 17:51:50,27.6,2570,0.06,15.0,59.1,----,----,00.000000 N,000.000000 W,0,0,S,S,V
2015-07-18 17:51:54,19.5,2404,0.02,15.0,59.1,----,----,00.000000 N,000.000000 W,0,0,S,S,V
2015-07-18 17:51:57,23.4,2483,0.06,15.0,59.1,----,----,00.000000 N,000.000000 W,0,0,S,S,V
2015-07-18 17:52:00,27.6,2570,0.05,15.0,59.1,----,----,00.000000 N,000.000000 W,0,0,S,S,V
2015-07-18 17:52:05,33.6,2692,0.11,15.0,59.1,----,----,00.000000 N,000.000000 W,0,0,S,S,V
2015-07-18 17:52:09,23.2,2480,0.08,15.0,59.0,----,----,00.000000 N,000.000000 W,0,0,S,S,V
2015-07-18 17:52:13,16.5,2344,0.05,15.0,59.0,----,----,00.000000 N,000.000000 W,0,0,S,S,V
2015-07-18 17:52:29,28.9,2596,0.04,14.9,58.9,----,----,00.000000 N,000.000000 W,0,0,S,S,V
2015-07-18 17:52:32,22.5,2465,0.04,14.9,58.9,----,----,00.000000 N,000.000000 W,0,0,S,S,V
2015-07-18 17:52:35,19.7,2409,0.01,14.9,58.9,----,----,00.000000 N,000.000000 W,0,0,S,S,V
2015-07-18 17:52:38,14.6,2304,0.02,14.9,58.9,----,----,00.000000 N,000.000000 W,0,0,S,S,V
2015-07-18 17:52:41,16.0,2332,0.00,14.9,58.9,----,----,00.000000 N,000.000000 W,0,0,S,S,V
2015-07-18 17:52:45,14.5,2303,0.02,14.9,58.9,----,----,00.000000 N,000.000000 W,0,0,S,S,V
2015-07-18 17:52:47,16.1,2335,0.04,14.9,58.8,----,----,00.000000 N,000.000000 W,0,0,S,S,V
2015-07-18 17:52:50,20.4,2423,0.02,14.9,58.8,----,----,00.000000 N,000.000000 W,0,0,S,S,V
2015-07-18 17:52:53,19.8,2410,0.05,14.9,58.8,----,----,00.000000 N,000.000000 W,0,0,S,S,V
2015-07-18 17:52:56,21.1,2436,0.01,14.9,58.8,----,----,00.000000 N,000.000000 W,0,0,S,S,V
2015-07-18 17:52:59,19.4,2403,0.02,14.9,58.8,----,----,00.000000 N,000.000000 W,0,0,S,S,V
2015-07-18 17:53:01,23.3,2482,0.06,14.8,58.8,----,----,00.000000 N,000.000000 W,0,0,S,S,V
2015-07-18 17:53:04,29.0,2597,0.05,14.8,58.8,----,----,00.000000 N,000.000000 W,0,0,S,S,V
2015-07-18 17:53:07,09.1,2192,0.10,14.8,58.8,----,----,00.000000 N,000.000000 W,0,0,S,S,V
2015-07-18 17:53:10,17.5,2364,0.04,14.8,58.8,----,----,00.000000 N,000.000000 W,0,0,S,S,V
2015-07-18 17:53:13,23.4,2484,0.04,14.8,58.7,----,----,00.000000 N,000.000000 W,0,0,S,S,V
2015-07-18 17:53:16,22.9,2473,0.05,14.8,58.7,----,----,00.000000 N,000.000000 W,0,0,S,S,V
2015-07-18 17:53:20,18.3,2379,0.05,14.8,58.7,----,----,00.000000 N,000.000000 W,0,0,S,S,V
2015-07-18 17:53:23,18.1,2376,0.01,14.8,58.7,----,----,00.000000 N,000.000000 W,0,0,S,S,V
2015-07-18 17:53:27,14.9,2310,0.01,14.8,58.7,----,----,00.000000 N,000.000000 W,0,0,S,S,V
2015-07-18 17:53:29,17.5,2363,0.02,14.8,58.7,----,----,00.000000 N,000.000000 W,0,0,S,S,V
2015-07-18 17:53:32,18.3,2379,0.00,14.8,58.6,----,----,00.000000 N,000.000000 W,0,0,S,S,V
2015-07-18 17:53:35,22.6,2468,0.01,14.8,58.6,----,----,00.000000 N,000.000000 W,0,0,S,S,V
2015-07-18 17:53:40,30.0,2618,0.04,14.8,58.6,----,----,00.000000 N,000.000000 W,0,0,S,S,V
2015-07-18 17:57:41,29.1,2599,0.04,14.9,58.8,----,----,00.000000 N,000.000000 W,0,0,S,S,V
2015-07-18 17:57:46,20.2,2419,0.02,14.9,58.8,----,----,00.000000 N,000.000000 W,0,0,S,S,V
2015-07-18 17:57:49,15.3,2318,0.00,14.9,58.8,----,----,00.000000 N,000.000000 W,0,0,S,S,V
2015-07-18 17:57:52,16.0,2332,0.00,14.9,58.8,----,----,00.000000 N,000.000000 W,0,0,S,S,V
2015-07-18 17:57:55,21.7,2448,0.00,14.9,58.8,----,----,00.000000 N,000.000000 W,0,0,S,S,V
2015-07-18 17:57:58,20.9,2432,0.00,14.9,58.8,----,----,00.000000 N,000.000000 W,0,0,S,S,V
2015-07-18 17:58:01,16.6,2345,0.00,14.9,58.8,----,----,00.000000 N,000.000000 W,0,0,S,S,V
2015-07-18 17:58:04,20.9,2433,0.03,14.9,58.8,----,----,00.000000 N,000.000000 W,0,0,S,S,V
2015-07-18 17:58:07,23.2,2480,0.10,14.9,58.8,----,----,00.000000 N,000.000000 W,0,0,S,S,V
2015-07-18 17:58:10,23.9,2493,0.03,14.8,58.8,----,----,00.000000 N,000.000000 W,0,0,S,S,V
2015-07-18 17:58:17,26.7,2551,0.04,14.8,58.8,----,----,00.000000 N,000.000000 W,0,0,S,S,V
2015-07-18 17:58:22,24.0,2496,0.05,14.8,58.7,----,----,00.000000 N,000.000000 W,0,0,S,S,V
2015-07-18 17:58:25,23.4,2484,0.03,14.8,58.7,----,----,00.000000 N,000.000000 W,0,0,S,S,V
2015-07-18 17:58:29,23.4,2484,0.04,14.8,58.7,----,----,00.000000 N,000.000000 W,0,0,S,S,V
2015-07-18 17:58:43,24.2,2499,0.00,14.8,58.6,----,----,00.000000 N,000.000000 W,0,0,S,S,V
2015-07-18 17:58:46,21.8,2450,0.03,14.8,58.6,----,----,00.000000 N,000.000000 W,0,0,S,S,V
2015-07-18 17:58:50,26.8,2553,0.00,14.8,58.6,----,----,00.000000 N,000.000000 W,0,0,S,S,V
2015-07-18 17:58:52,23.8,2491,0.05,14.8,58.6,----,----,00.000000 N,000.000000 W,0,0,S,S,V
2015-07-18 17:58:55,24.5,2506,0.00,14.7,58.6,----,----,00.000000 N,000.000000 W,0,0,S,S,V
2015-07-18 17:58:58,20.8,2430,0.02,14.7,58.6,----,----,00.000000 N,000.000000 W,0,0,S,S,V
2015-07-18 17:59:01,16.2,2336,0.00,14.7,58.5,----,----,00.000000 N,000.000000 W,0,0,S,S,V
2015-07-18 17:59:05,20.5,2424,0.03,14.7,58.5,----,----,00.000000 N,000.000000 W,0,0,S,S,V
2015-07-18 17:59:08,24.7,2511,0.06,14.7,58.5,----,----,00.000000 N,000.000000 W,0,0,S,S,V
2015-07-18 18:14:58,20.9,2432,0.03,14.7,58.5,----,----,00.000000 N,000.000000 W,0,0,S,S,V
2015-07-18 18:15:01,21.8,2450,0.06,14.7,58.4,----,----,00.000000 N,000.000000 W,0,0,S,S,V
2015-07-18 18:15:04,17.7,2368,0.00,14.7,58.4,----,----,00.000000 N,000.000000 W,0,0,S,S,V
2015-07-18 18:15:07,21.2,2438,0.04,14.7,58.4,----,----,00.000000 N,000.000000 W,0,0,S,S,V
2015-07-18 18:15:10,18.2,2378,0.02,14.7,58.4,----,----,00.000000 N,000.000000 W,0,0,S,S,V
2015-07-18 18:15:14,26.1,2538,0.07,14.7,58.4,----,----,00.000000 N,000.000000 W,0,0,S,S,V
2015-07-18 18:15:20,18.6,2386,0.03,14.6,58.4,----,----,00.000000 N,000.000000 W,0,0,S,S,V
2015-07-18 18:15:28,21.4,2443,0.06,14.6,58.4,----,----,00.000000 N,000.000000 W,0,0,S,S,V
2015-07-18 18:15:31,20.9,2432,0.03,14.6,58.4,----,----,00.000000 N,000.000000 W,0,0,S,S,V
2015-07-18 18:15:35,25.6,2529,0.06,14.6,58.3,----,----,00.000000 N,000.000000 W,0,0,S,S,V
2015-07-18 18:15:38,22.0,2456,0.01,14.6,58.3,----,----,00.000000 N,000.000000 W,0,0,S,S,V
2015-07-18 18:15:46,24.0,2496,0.00,14.6,58.2,----,----,00.000000 N,000.000000 W,0,0,S,S,V
2015-07-18 18:15:52,24.2,2499,0.00,14.5,58.2,----,----,00.000000 N,000.000000 W,0,0,S,S,V
2015-07-18 18:15:58,25.3,2523,0.04,14.5,58.2,----,----,00.000000 N,000.000000 W,0,0,S,S,V
2015-07-18 18:16:28,22.0,2455,0.00,14.4,58.0,----,----,00.000000 N,000.000000 W,0,0,S,S,V
2015-07-18 18:16:31,19.8,2411,0.03,14.4,58.0,----,----,00.000000 N,000.000000 W,0,0,S,S,V
2015-07-18 18:16:36,20.9,2433,0.00,14.4,58.0,----,----,00.000000 N,000.000000 W,0,0,S,S,V
2015-07-18 18:29:27,26.3,2542,0.05,14.4,58.0,----,----,00.000000 N,000.000000 W,0,0,S,S,V
2015-07-18 18:29:31,17.2,2358,0.01,14.4,58.0,----,----,00.000000 N,000.000000 W,0,0,S,S,V
2015-07-18 18:29:34,20.9,2433,0.05,14.4,58.0,----,----,00.000000 N,000.000000 W,0,0,S,S,V
2015-07-18 18:29:37,21.0,2435,0.02,14.4,58.0,----,----,00.000000 N,000.000000 W,0,0,S,S,V
2015-07-18 18:29:40,23.5,2485,0.02,14.4,58.0,----,----,00.000000 N,000.000000 W,0,0,S,S,V
2015-07-18 18:29:42,30.3,2624,0.09,14.4,58.0,----,----,00.000000 N,000.000000 W,0,0,S,S,V
2015-07-18 18:29:45,21.2,2439,0.00,14.4,58.0,----,----,00.000000 N,000.000000 W,0,0,S,S,V
2015-07-18 18:29:48,23.4,2484,0.05,14.4,58.0,----,----,00.000000 N,000.000000 W,0,0,S,S,V
2015-07-18 18:29:52,19.5,2404,0.03,14.4,57.9,----,----,00.000000 N,000.000000 W,0,0,S,S,V
2015-07-18 18:29:55,21.2,2439,0.02,14.4,57.9,----,----,00.000000 N,000.000000 W,0,0,S,S,V
2015-07-18 18:29:59,26.6,2549,0.00,14.4,57.9,----,----,00.000000 N,000.000000 W,0,0,S,S,V
2015-07-18 18:30:03,27.7,2572,0.06,14.4,57.9,----,----,00.000000 N,000.000000 W,0,0,S,S,V
2015-07-18 18:30:07,13.8,2288,0.03,14.3,57.8,----,----,00.000000 N,000.000000 W,0,0,S,S,V
2015-07-18 18:30:09,23.3,2482,0.04,14.3,57.8,----,----,00.000000 N,000.000000 W,0,0,S,S,V
2015-07-18 18:30:13,16.6,2345,0.04,14.3,57.8,----,----,00.000000 N,000.000000 W,0,0,S,S,V
2015-07-18 18:30:16,20.4,2422,0.02,14.3,57.8,----,----,00.000000 N,000.000000 W,0,0,S,S,V
2015-07-18 18:30:21,21.1,2436,0.00,14.3,57.8,----,----,00.000000 N,000.000000 W,0,0,S,S,V
2015-07-18 18:39:13,17.9,2371,0.04,14.4,57.9,----,----,00.000000 N,000.000000 W,0,0,S,S,V
2015-07-18 18:39:16,14.9,2311,0.00,14.4,57.9,----,----,00.000000 N,000.000000 W,0,0,S,S,V
2015-07-18 18:39:20,11.8,2247,0.00,14.4,57.9,----,----,00.000000 N,000.000000 W,0,0,S,S,V
2015-07-18 18:39:22,12.8,2267,0.00,14.4,57.9,----,----,00.000000 N,000.000000 W,0,0,S,S,V
2015-07-18 18:39:25,14.4,2301,0.00,14.4,57.9,----,----,00.000000 N,000.000000 W,0,0,S,S,V
2015-07-18 18:39:28,13.0,2271,0.01,14.4,57.9,----,----,00.000000 N,000.000000 W,0,0,S,S,V
2015-07-18 18:39:30,14.5,2303,0.00,14.4,57.9,----,----,00.000000 N,000.000000 W,0,0,S,S,V
2015-07-18 18:39:34,12.0,2251,0.00,14.3,57.8,----,----,00.000000 N,000.000000 W,0,0,S,S,V
2015-07-18 18:39:36,14.1,2295,0.00,14.3,57.8,----,----,00.000000 N,000.000000 W,0,0,S,S,V
2015-07-18 18:39:39,11.6,2244,0.00,14.3,57.8,----,----,00.000000 N,000.000000 W,0,0,S,S,V
2015-07-18 18:39:43,09.3,2196,0.00,14.3,57.8,----,----,00.000000 N,000.000000 W,0,0,S,S,V
2015-07-18 18:39:47,12.8,2267,0.00,14.3,57.8,----,----,00.000000 N,000.000000 W,0,0,S,S,V
2015-07-18 19:03:06,22.0,2456,0.06,14.5,58.1,----,----,00.000000 N,000.000000 W,0,0,S,S,V
2015-07-18 19:04:47,18.1,2375,0.01,14.3,57.8,----,----,33.934103 S,151.222090 E,10,1,S,S,V
2015-07-18 19:04:51,16.6,2346,0.00,14.3,57.8,----,----,33.934107 S,151.222085 E,10,1,S,S,V
2015-07-18 19:04:55,29.0,2598,0.07,14.3,57.8,----,----,33.934115 S,151.222050 E,10,1,S,S,V
2015-07-18 19:04:59,17.9,2371,0.03,14.3,57.8,----,----,33.934123 S,151.222003 E,10,1,S,S,V
2015-07-18 19:05:02,19.7,2409,0.03,14.3,57.8,----,----,33.934118 S,151.221977 E,10,1,S,S,V
2015-07-18 19:05:05,17.2,2357,0.02,14.3,57.8,----,----,33.934107 S,151.221935 E,10,1,S,S,V
2015-07-18 19:05:08,21.6,2446,0.00,14.3,57.8,----,----,33.934092 S,151.221880 E,10,1,S,S,V
2015-07-18 19:05:12,25.5,2526,0.08,14.3,57.8,----,----,33.934088 S,151.221870 E,10,1,S,S,V
2015-07-18 19:05:16,21.5,2445,0.04,14.3,57.8,----,----,33.934055 S,151.221863 E,10,1,S,S,V
2015-07-18 19:05:20,21.0,2435,0.02,14.3,57.8,----,----,33.934030 S,151.221912 E,9,1,S,S,V
2015-07-18 19:05:23,25.3,2523,0.06,14.3,57.7,----,----,33.934005 S,151.221965 E,9,1,S,S,V
2015-07-18 19:05:27,18.8,2390,0.02,14.3,57.7,----,----,33.933980 S,151.221997 E,9,1,S,S,V
2015-07-18 19:05:31,17.7,2368,0.03,14.3,57.7,----,----,33.933977 S,151.222018 E,8,1,S,S,V
2015-07-18 19:05:35,20.7,2429,0.02,14.2,57.7,----,----,33.933987 S,151.222045 E,9,1,S,S,V
2015-07-18 19:05:39,21.0,2435,0.03,14.2,57.7,----,----,33.933995 S,151.222090 E,9,1,S,S,V
2015-07-18 19:05:43,23.0,2475,0.03,14.2,57.7,----,----,33.934047 S,151.222157 E,9,1,S,S,V
2015-07-18 19:12:33,26.1,2538,0.01,14.4,58.0,----,----,00.000000 N,000.000000 W,0,0,S,S,V
2015-07-18 19:12:38,21.8,2451,0.03,14.4,58.0,----,----,00.000000 N,000.000000 W,0,0,S,S,V
2015-07-18 19:12:41,18.2,2378,0.00,14.4,58.0,----,----,00.000000 N,000.000000 W,0,0,S,S,V
2015-07-18 19:12:44,20.9,2432,0.06,14.4,58.0,----,----,00.000000 N,000.000000 W,0,0,S,S,V
2015-07-18 19:12:46,24.4,2504,0.02,14.4,58.0,----,----,00.000000 N,000.000000 W,0,0,S,S,V
2015-07-18 19:12:49,22.8,2472,0.04,14.4,58.0,----,----,00.000000 N,000.000000 W,0,0,S,S,V
2015-07-18 19:12:52,22.4,2463,0.03,14.4,58.0,----,----,00.000000 N,000.000000 W,0,0,S,S,V
2015-07-18 19:12:55,24.8,2512,0.00,14.4,58.0,----,----,00.000000 N,000.000000 W,0,0,S,S,V
2015-07-18 19:12:58,24.6,2509,0.04,14.4,58.0,----,----,00.000000 N,000.000000 W,0,0,S,S,V
2015-07-18 19:13:02,24.5,2507,0.03,14.4,58.0,----,----,00.000000 N,000.000000 W,0,0,S,S,V
2015-07-18 19:13:06,24.2,2500,0.07,14.4,57.9,----,----,00.000000 N,000.000000 W,0,0,S,S,V
2015-07-18 19:13:10,13.9,2291,0.00,14.4,57.9,----,----,33.932352 S,151.222610 E,6,1,S,S,V
2015-07-18 19:13:13,24.7,2510,0.00,14.3,57.8,----,----,33.932572 S,151.223150 E,8,1,S,S,V
2015-07-18 19:13:15,23.7,2489,0.04,14.3,57.8,----,----,33.932525 S,151.223050 E,8,1,S,S,V
2015-07-18 19:13:19,20.6,2426,0.02,14.3,57.8,----,----,33.932558 S,151.223062 E,8,1,S,S,V
2015-07-18 19:13:22,14.6,2305,0.01,14.3,57.8,----,----,33.932598 S,151.223068 E,8,1,S,S,V
2015-07-18 19:13:25,15.6,2324,0.00,14.3,57.8,----,----,33.932632 S,151.223035 E,8,1,S,S,V
2015-07-18 19:13:28,22.7,2469,0.04,14.3,57.8,----,----,33.932643 S,151.222967 E,8,1,S,S,V
2015-07-18 19:13:31,26.4,2545,0.04,14.3,57.8,----,----,33.932673 S,151.222962 E,8,1,S,S,V
2015-07-18 19:13:35,20.0,2415,0.02,14.3,57.8,----,----,33.932660 S,151.222930 E,8,1,S,S,V
2015-07-18 19:13:38,18.1,2376,0.01,14.3,57.8,----,----,33.932633 S,151.222955 E,8,1,S,S,V
2015-07-18 19:13:41,25.0,2517,0.02,14.3,57.8,----,----,33.932595 S,151.222962 E,8,1,S,S,V
2015-07-18 19:13:45,14.1,2295,0.00,14.3,57.7,----,----,33.932562 S,151.223002 E,8,1,S,S,V
2015-07-18 19:13:49,16.1,2335,0.00,14.3,57.7,----,----,33.932528 S,151.222972 E,8,1,S,S,V
2015-07-18 19:13:51,17.1,2355,0.00,14.3,57.7,----,----,33.932537 S,151.222937 E,8,1,S,S,V
2015-07-18 19:13:55,14.5,2303,0.02,14.2,57.7,----,----,33.932505 S,151.222952 E,8,1,S,S,V
2015-07-18 19:13:59,20.7,2429,0.00,14.2,57.7,----,----,33.932485 S,151.222972 E,7,1,S,S,V
2015-07-18 19:14:03,18.6,2385,0.01,14.2,57.6,----,----,33.932468 S,151.223002 E,8,1,S,S,V
2015-07-18 19:14:06,23.2,2479,0.04,14.2,57.6,----,----,33.932392 S,151.223065 E,8,1,S,S,V
2015-07-18 19:26:30,21.5,2445,0.00,14.4,58.0,----,----,00.000000 N,000.000000 W,0,0,S,S,V
2015-07-18 19:26:34,26.3,2543,0.02,14.4,58.0,----,----,00.000000 N,000.000000 W,0,0,S,S,V
2015-07-18 19:26:38,27.6,2569,0.03,14.4,58.0,----,----,00.000000 N,000.000000 W,0,0,S,S,V
2015-07-18 19:26:42,22.4,2464,0.01,14.4,58.0,----,----,00.000000 N,000.000000 W,0,0,S,S,V
2015-07-18 19:26:51,26.6,2549,0.05,14.4,58.0,----,----,00.000000 N,000.000000 W,0,0,S,S,V
2015-07-18 19:26:56,18.5,2384,0.04,14.4,58.0,----,----,00.000000 N,000.000000 W,0,0,S,S,V
2015-07-18 19:26:59,19.5,2404,0.03,14.4,58.0,----,----,00.000000 N,000.000000 W,0,0,S,S,V
2015-07-18 19:27:02,16.0,2332,0.00,14.4,57.9,----,----,00.000000 N,000.000000 W,0,0,S,S,V
2015-07-18 19:27:05,22.0,2455,0.04,14.4,57.9,----,----,00.000000 N,000.000000 W,0,0,S,S,V
2015-07-18 19:27:08,20.9,2432,0.00,14.4,57.9,----,----,00.000000 N,000.000000 W,0,0,S,S,V
2015-07-18 19:27:11,12.5,2262,0.00,14.3,57.8,----,----,00.000000 N,000.000000 W,0,0,S,S,V
2015-07-18 19:27:14,37.3,2767,0.09,14.3,57.8,----,----,00.000000 N,000.000000 W,0,0,S,S,V
2015-07-18 19:27:18,34.0,2699,0.11,14.3,57.8,----,----,00.000000 N,000.000000 W,0,0,S,S,V
2015-07-18 19:27:24,27.4,2566,0.08,14.3,57.8,----,----,00.000000 N,000.000000 W,0,0,S,S,V
2015-07-18 19:27:28,20.9,2433,0.01,14.3,57.8,----,----,00.000000 N,000.000000 W,0,0,S,S,V
2015-07-18 19:27:32,16.9,2351,0.00,14.3,57.7,----,----,00.000000 N,000.000000 W,0,0,S,S,V
2015-07-18 19:27:35,18.4,2381,0.00,14.2,57.7,----,----,00.000000 N,000.000000 W,0,0,S,S,V
2015-07-18 19:27:38,21.2,2439,0.04,14.2,57.7,----,----,00.000000 N,000.000000 W,0,0,S,S,V
2015-07-18 19:27:42,27.0,2557,0.07,14.2,57.6,----,----,00.000000 N,000.000000 W,0,0,S,S,V
2015-07-18 19:27:48,26.4,2544,0.03,14.2,57.6,----,----,00.000000 N,000.000000 W,0,0,S,S,V
2015-07-18 19:27:52,26.0,2536,0.07,14.2,57.6,----,----,00.000000 N,000.000000 W,0,0,S,S,V
2015-07-18 19:27:58,23.5,2485,0.06,14.2,57.6,----,----,00.000000 N,000.000000 W,0,0,S,S,V
2015-07-18 19:28:02,24.4,2503,0.07,14.2,57.5,----,----,00.000000 N,000.000000 W,0,0,S,S,V
2015-07-18 19:28:06,25.3,2523,0.04,14.1,57.5,----,----,00.000000 N,000.000000 W,0,0,S,S,V
2015-07-18 19:31:25,17.1,2356,0.02,14.3,57.8,----,----,00.000000 N,000.000000 W,0,0,S,S,V
2015-07-18 19:31:29,17.0,2353,0.00,14.3,57.8,----,----,00.000000 N,000.000000 W,0,0,S,S,V
2015-07-18 19:31:32,15.8,2329,0.01,14.3,57.8,----,----,00.000000 N,000.000000 W,0,0,S,S,V
2015-07-18 19:31:35,16.2,2336,0.00,14.3,57.8,----,----,00.000000 N,000.000000 W,0,0,S,S,V
2015-07-18 19:31:38,16.8,2349,0.02,14.3,57.8,----,----,00.000000 N,000.000000 W,0,0,S,S,V
2015-07-18 19:31:42,22.5,2465,0.05,14.3,57.8,----,----,00.000000 N,000.000000 W,0,0,S,S,V
2015-07-18 19:31:45,15.9,2331,0.04,14.3,57.8,----,----,00.000000 N,000.000000 W,0,0,S,S,V
2015-07-18 19:31:49,16.1,2335,0.01,14.3,57.8,----,----,00.000000 N,000.000000 W,0,0,S,S,V
2015-07-18 19:31:52,18.9,2391,0.00,14.3,57.8,----,----,00.000000 N,000.000000 W,0,0,S,S,V
2015-07-18 19:31:56,22.0,2455,0.02,14.3,57.7,----,----,00.000000 N,000.000000 W,0,0,S,S,V
2015-07-18 19:31:59,16.5,2343,0.00,14.3,57.7,----,----,00.000000 N,000.000000 W,0,0,S,S,V
2015-07-18 19:32:03,16.4,2341,0.00,14.2,57.7,----,----,00.000000 N,000.000000 W,0,0,S,S,V
2015-07-18 19:32:06,17.0,2353,0.01,14.2,57.7,----,----,00.000000 N,000.000000 W,0,0,S,S,V
2015-07-18 19:32:09,19.8,2410,0.01,14.2,57.7,----,----,00.000000 N,000.000000 W,0,0,S,S,V
2015-07-18 19:32:13,21.7,2448,0.00,14.2,57.6,----,----,00.000000 N,000.000000 W,0,0,S,S,V
2015-07-18 19:32:17,16.6,2346,0.00,14.2,57.6,----,----,00.000000 N,000.000000 W,0,0,S,S,V
2015-07-18 19:32:21,12.4,2260,0.00,14.2,57.6,----,----,00.000000 N,000.000000 W,0,0,S,S,V
2015-07-18 19:32:24,16.5,2344,0.05,14.2,57.6,----,----,00.000000 N,000.000000 W,0,0,S,S,V
2015-07-18 19:59:59,13.8,2288,0.00,14.8,58.8,----,----,00.000000 N,000.000000 W,0,0,S,S,V
2015-07-18 20:00:02,15.5,2322,0.00,14.8,58.8,----,----,00.000000 N,000.000000 W,0,0,S,S,V
2015-07-18 20:00:04,19.1,2396,0.03,14.8,58.8,----,----,00.000000 N,000.000000 W,0,0,S,S,V
2015-07-18 20:00:07,18.6,2386,0.00,14.8,58.8,----,----,00.000000 N,000.000000 W,0,0,S,S,V
2015-07-18 20:00:10,19.7,2408,0.03,14.8,58.8,----,----,00.000000 N,000.000000 W,0,0,S,S,V
2015-07-18 20:00:13,22.0,2455,0.03,14.8,58.7,----,----,00.000000 N,000.000000 W,0,0,S,S,V
2015-07-18 20:00:15,21.5,2444,0.00,14.8,58.7,----,----,00.000000 N,000.000000 W,0,0,S,S,V
2015-07-18 20:00:18,14.8,2309,0.00,14.8,58.7,----,----,00.000000 N,000.000000 W,0,0,S,S,V
2015-07-18 20:00:21,19.5,2405,0.00,14.8,58.7,----,----,00.000000 N,000.000000 W,0,0,S,S,V
2015-07-18 20:00:24,19.3,2400,0.00,14.8,58.7,----,----,00.000000 N,000.000000 W,0,0,S,S,V
2015-07-18 20:00:26,17.5,2363,0.02,14.8,58.7,----,----,00.000000 N,000.000000 W,0,0,S,S,V
2015-07-18 20:00:29,18.0,2373,0.00,14.8,58.7,----,----,00.000000 N,000.000000 W,0,0,S,S,V
2015-07-18 20:00:31,16.3,2339,0.01,14.8,58.7,----,----,00.000000 N,000.000000 W,0,0,S,S,V
2015-07-18 20:00:34,18.2,2377,0.00,14.8,58.7,----,----,00.000000 N,000.000000 W,0,0,S,S,V
2015-07-18 20:00:37,14.8,2309,0.01,14.8,58.7,----,----,00.000000 N,000.000000 W,0,0,S,S,V
2015-07-18 20:00:40,14.5,2303,0.00,14.8,58.6,----,----,00.000000 N,000.000000 W,0,0,S,S,V
2015-07-18 20:00:44,14.2,2296,0.00,14.8,58.6,----,----,00.000000 N,000.000000 W,0,0,S,S,V
2015-07-18 20:02:28,22.6,2468,0.06,14.8,58.7,----,----,00.000000 N,000.000000 W,0,0,S,S,V
2015-07-18 20:02:32,17.9,2372,0.00,14.8,58.7,----,----,00.000000 N,000.000000 W,0,0,S,S,V
2015-07-18 20:02:36,18.4,2381,0.00,14.8,58.7,----,----,00.000000 N,000.000000 W,0,0,S,S,V
2015-07-18 20:02:40,15.9,2330,0.02,14.8,58.8,----,----,00.000000 N,000.000000 W,0,0,S,S,V
2015-07-18 20:02:45,22.2,2460,0.00,14.8,58.8,----,----,00.000000 N,000.000000 W,0,0,S,S,V
2015-07-18 20:02:49,17.1,2355,0.05,14.8,58.7,----,----,00.000000 N,000.000000 W,0,0,S,S,V
2015-07-18 20:02:53,21.7,2448,0.02,14.8,58.7,----,----,00.000000 N,000.000000 W,0,0,S,S,V
2015-07-18 20:02:58,19.7,2409,0.00,14.8,58.7,----,----,00.000000 N,000.000000 W,0,0,S,S,V
2015-07-18 20:03:02,16.1,2334,0.00,14.8,58.7,----,----,00.000000 N,000.000000 W,0,0,S,S,V
2015-07-18 20:03:07,17.5,2364,0.03,14.8,58.7,----,----,00.000000 N,000.000000 W,0,0,S,S,V
2015-07-18 20:03:11,18.5,2383,0.01,14.8,58.7,----,----,00.000000 N,000.000000 W,0,0,S,S,V
2015-07-18 20:03:15,19.8,2411,0.09,14.8,58.7,----,----,00.000000 N,000.000000 W,0,0,S,S,V
2015-07-18 20:03:19,20.5,2424,0.02,14.8,58.7,----,----,00.000000 N,000.000000 W,0,0,S,S,V
2015-07-18 20:21:56,09.5,2200,0.00,15.4,59.7,----,----,00.000000 N,000.000000 W,0,0,S,S,V
2015-07-18 20:22:00,13.6,2283,0.00,15.4,59.7,----,----,00.000000 N,000.000000 W,0,0,S,S,V
2015-07-18 20:22:04,16.6,2346,0.00,15.4,59.7,----,----,00.000000 N,000.000000 W,0,0,S,S,V
2015-07-18 20:22:06,17.1,2356,0.01,15.4,59.7,----,----,00.000000 N,000.000000 W,0,0,S,S,V
2015-07-18 20:22:10,20.5,2425,0.00,15.4,59.7,----,----,00.000000 N,000.000000 W,0,0,S,S,V
2015-07-18 20:22:13,22.4,2464,0.00,15.4,59.7,----,----,00.000000 N,000.000000 W,0,0,S,S,V
2015-07-18 20:22:17,19.8,2410,0.00,15.4,59.7,----,----,00.000000 N,000.000000 W,0,0,S,S,V
2015-07-18 20:22:20,16.1,2334,0.05,15.4,59.7,----,----,00.000000 N,000.000000 W,0,0,S,S,V
2015-07-18 20:22:23,15.9,2330,0.00,15.4,59.7,----,----,00.000000 N,000.000000 W,0,0,S,S,V
2015-07-18 20:22:26,13.7,2287,0.00,15.4,59.7,----,----,00.000000 N,000.000000 W,0,0,S,S,V
2015-07-18 20:22:29,16.4,2341,0.01,15.4,59.7,----,----,00.000000 N,000.000000 W,0,0,S,S,V
2015-07-18 20:22:32,14.4,2301,0.00,15.4,59.7,----,----,00.000000 N,000.000000 W,0,0,S,S,V
2015-07-18 20:22:35,17.2,2357,0.00,15.4,59.7,----,----,00.000000 N,000.000000 W,0,0,S,S,V
2015-07-18 20:22:38,11.9,2250,0.00,15.4,59.7,----,----,00.000000 N,000.000000 W,0,0,S,S,V
2015-07-18 20:22:43,09.9,2209,0.00,15.4,59.7,----,----,00.000000 N,000.000000 W,0,0,S,S,V
2015-07-18 20:22:47,18.7,2388,0.00,15.4,59.7,----,----,00.000000 N,000.000000 W,0,0,S,S,V
2015-07-18 20:22:51,16.6,2346,0.00,15.3,59.7,----,----,00.000000 N,000.000000 W,0,0,S,S,V
2015-07-18 20:22:56,20.7,2429,0.01,15.4,59.7,----,----,00.000000 N,000.000000 W,0,0,S,S,V
2015-07-18 20:35:01,28.6,2589,0.08,16.3,61.5,----,----,00.000000 N,000.000000 W,0,0,S,S,V
2015-07-18 20:35:04,18.7,2388,0.07,16.4,61.5,----,----,00.000000 N,000.000000 W,0,0,S,S,V
2015-07-18 20:35:07,14.7,2307,0.00,16.4,61.5,----,----,00.000000 N,000.000000 W,0,0,S,S,V
2015-07-18 20:35:10,17.7,2368,0.03,16.3,61.5,----,----,00.000000 N,000.000000 W,0,0,S,S,V
2015-07-18 20:35:14,25.2,2520,0.04,16.3,61.5,----,----,00.000000 N,000.000000 W,0,0,S,S,V
2015-07-18 20:35:17,27.4,2566,0.15,16.3,61.5,----,----,00.000000 N,000.000000 W,0,0,S,S,V
2015-07-18 20:35:21,21.4,2443,0.07,16.3,61.5,----,----,00.000000 N,000.000000 W,0,0,S,S,V
2015-07-18 20:35:24,20.7,2429,0.04,16.3,61.4,----,----,00.000000 N,000.000000 W,0,0,S,S,V
2015-07-18 20:35:28,25.2,2520,0.06,16.3,61.3,----,----,00.000000 N,000.000000 W,0,0,S,S,V
2015-07-18 20:35:34,26.0,2536,0.08,16.3,61.3,----,----,00.000000 N,000.000000 W,0,0,S,S,V
2015-07-18 20:35:45,23.1,2477,0.08,16.2,61.3,----,----,00.000000 N,000.000000 W,0,0,S,S,V
2015-07-18 20:45:17,21.8,2451,0.07,16.1,61.0,----,----,00.000000 N,000.000000 W,0,0,S,S,V
2015-07-18 20:45:21,20.1,2417,0.05,16.1,61.0,----,----,00.000000 N,000.000000 W,0,0,S,S,V
2015-07-18 20:45:25,16.7,2348,0.00,16.1,61.0,----,----,00.000000 N,000.000000 W,0,0,S,S,V
2015-07-18 20:45:29,15.4,2320,0.00,16.1,61.0,----,----,00.000000 N,000.000000 W,0,0,S,S,V
2015-07-18 20:45:32,11.9,2250,0.00,16.1,61.0,----,----,00.000000 N,000.000000 W,0,0,S,S,V
2015-07-18 20:45:36,17.6,2365,0.01,16.1,61.0,----,----,00.000000 N,000.000000 W,0,0,S,S,V
2015-07-18 20:45:39,20.2,2419,0.02,16.1,61.0,----,----,00.000000 N,000.000000 W,0,0,S,S,V
2015-07-18 20:45:44,17.5,2363,0.02,16.1,61.0,----,----,00.000000 N,000.000000 W,0,0,S,S,V
2015-07-18 20:45:47,19.7,2409,0.03,16.1,60.9,----,----,00.000000 N,000.000000 W,0,0,S,S,V
2015-07-18 20:45:51,20.5,2424,0.00,16.1,60.9,----,----,33.939683 S,151.222348 E,5,1,S,S,V
2015-07-18 20:45:54,14.3,2299,0.00,16.1,60.9,----,----,33.939672 S,151.222233 E,5,1,S,S,V
2015-07-18 20:45:58,21.2,2438,0.00,16.1,60.9,----,----,33.939643 S,151.222262 E,5,1,S,S,V
2015-07-18 20:46:02,20.0,2415,0.00,16.0,60.9,----,----,33.939613 S,151.222252 E,5,1,S,S,V
2015-07-18 20:46:05,20.4,2422,0.00,16.0,60.9,----,----,33.939573 S,151.222245 E,5,1,S,S,V
2015-07-18 20:46:09,18.1,2375,0.00,16.0,60.9,----,----,33.939563 S,151.222273 E,5,1,S,S,V
2015-07-18 20:46:12,20.7,2429,0.00,16.0,60.9,----,----,33.939557 S,151.222247 E,5,1,S,S,V
2015-07-18 20:46:17,19.8,2410,0.00,16.0,60.9,----,----,33.939577 S,151.222175 E,5,1,S,S,V
2015-07-18 20:46:21,19.5,2405,0.00,16.0,60.9,----,----,33.939618 S,151.222137 E,3,1,S,S,V
2015-07-18 20:53:12,27.5,2567,0.06,16.1,60.9,----,----,00.000000 N,000.000000 W,0,0,S,S,V
2015-07-18 20:53:16,16.4,2341,0.02,16.1,60.9,----,----,00.000000 N,000.000000 W,0,0,S,S,V
2015-07-18 20:53:19,21.7,2448,0.04,16.1,60.9,----,----,00.000000 N,000.000000 W,0,0,S,S,V
2015-07-18 20:53:21,20.2,2419,0.04,16.1,60.9,----,----,00.000000 N,000.000000 W,0,0,S,S,V
2015-07-18 20:53:25,19.6,2406,0.02,16.1,60.9,----,----,00.000000 N,000.000000 W,0,0,S,S,V
2015-07-18 20:53:27,15.1,2315,0.00,16.0,60.9,----,----,00.000000 N,000.000000 W,0,0,S,S,V
2015-07-18 20:53:30,17.6,2365,0.00,16.0,60.9,----,----,00.000000 N,000.000000 W,0,0,S,S,V
2015-07-18 20:53:33,25.8,2533,0.06,16.0,60.9,----,----,00.000000 N,000.000000 W,0,0,S,S,V
2015-07-18 20:53:36,20.1,2416,0.01,16.0,60.9,----,----,00.000000 N,000.000000 W,0,0,S,S,V
2015-07-19 17:38:11,19.9,2413,0.06,13.2,55.8,----,----,00.000000 N,000.000000 W,0,0,S,S,V
2015-07-19 17:38:20,21.9,2453,0.00,13.2,55.7,----,----,00.000000 N,000.000000 W,0,0,S,S,V
2015-07-19 17:38:24,20.8,2430,0.04,13.1,55.7,----,----,00.000000 N,000.000000 W,0,0,S,S,V
2015-07-19 17:38:29,31.7,2653,0.06,13.1,55.6,----,----,00.000000 N,000.000000 W,0,0,S,S,V
2015-07-19 17:38:35,26.9,2554,0.05,13.1,55.5,----,----,00.000000 N,000.000000 W,0,0,S,S,V
2015-07-19 17:38:39,23.5,2485,0.04,13.0,55.5,----,----,00.000000 N,000.000000 W,0,0,S,S,V
2015-07-19 17:38:42,36.0,2740,0.12,13.0,55.5,----,----,00.000000 N,000.000000 W,0,0,S,S,V
2015-07-19 17:38:46,29.5,2607,0.07,13.0,55.4,----,----,00.000000 N,000.000000 W,0,0,S,S,V
2015-07-19 17:38:51,13.2,2275,0.06,12.9,55.3,----,----,00.000000 N,000.000000 W,0,0,S,S,V
2015-07-19 17:38:54,09.3,2196,0.00,12.9,55.3,----,----,00.000000 N,000.000000 W,0,0,S,S,V
2015-07-19 17:38:58,10.1,2213,0.01,12.9,55.3,----,----,00.000000 N,000.000000 W,0,0,S,S,V
2015-07-19 17:39:01,13.7,2287,0.01,12.9,55.2,----,----,00.000000 N,000.000000 W,0,0,S,S,V
2015-07-19 17:39:05,19.8,2411,0.05,12.8,55.1,----,----,00.000000 N,000.000000 W,0,0,S,S,V
2015-07-19 17:39:08,24.0,2495,0.05,12.8,55.1,----,----,00.000000 N,000.000000 W,0,0,S,S,V
2015-07-19 17:39:11,20.8,2430,0.06,12.8,55.1,----,----,00.000000 N,000.000000 W,0,0,S,S,V
2015-07-19 17:39:14,33.7,2694,0.09,12.7,55.0,----,----,00.000000 N,000.000000 W,0,0,S,S,V
2015-07-19 17:39:18,17.9,2372,0.02,12.7,54.9,----,----,00.000000 N,000.000000 W,0,0,S,S,V
2015-07-19 17:39:22,32.4,2666,0.08,12.7,54.9,----,----,00.000000 N,000.000000 W,0,0,S,S,V
2015-07-19 17:39:25,17.4,2361,0.00,12.7,54.9,----,----,00.000000 N,000.000000 W,0,0,S,S,V
2015-07-19 17:39:28,13.5,2282,0.00,12.7,54.8,----,----,00.000000 N,000.000000 W,0,0,S,S,V
2015-07-19 17:39:31,23.4,2483,0.06,12.6,54.8,----,----,00.000000 N,000.000000 W,0,0,S,S,V
2015-07-19 17:39:33,15.6,2325,0.00,12.6,54.7,----,----,00.000000 N,000.000000 W,0,0,S,S,V
2015-07-19 17:39:36,13.3,2277,0.00,12.6,54.7,----,----,00.000000 N,000.000000 W,0,0,S,S,V
2015-07-19 17:39:39,20.9,2432,0.05,12.6,54.7,----,----,00.000000 N,000.000000 W,0,0,S,S,V
2015-07-19 17:39:42,23.6,2487,0.08,12.5,54.6,----,----,00.000000 N,000.000000 W,0,0,S,S,V
2015-07-19 17:39:45,17.1,2356,0.03,12.5,54.6,----,----,00.000000 N,000.000000 W,0,0,S,S,V
2015-07-19 17:39:48,19.0,2394,0.05,12.5,54.5,----,----,00.000000 N,000.000000 W,0,0,S,S,V
2015-07-19 17:39:50,25.9,2534,0.06,12.5,54.5,----,----,00.000000 N,000.000000 W,0,0,S,S,V
2015-07-19 17:39:53,25.8,2532,0.08,12.5,54.5,----,----,00.000000 N,000.000000 W,0,0,S,S,V
2015-07-19 17:39:56,24.1,2497,0.07,12.5,54.5,----,----,00.000000 N,000.000000 W,0,0,S,S,V
2015-07-19 17:39:59,24.8,2512,0.04,12.5,54.5,----,----,00.000000 N,000.000000 W,0,0,S,S,V
2015-07-19 17:40:01,32.0,2658,0.05,12.4,54.4,----,----,00.000000 N,000.000000 W,0,0,S,S,V
2015-07-19 17:40:04,36.4,2748,0.12,12.4,54.4,----,----,00.000000 N,000.000000 W,0,0,S,S,V
2015-07-19 17:40:07,28.0,2578,0.06,12.4,54.3,----,----,00.000000 N,000.000000 W,0,0,S,S,V
2015-07-19 17:40:09,38.6,2794,0.08,12.4,54.3,----,----,00.000000 N,000.000000 W,0,0,S,S,V
2015-07-19 17:40:12,21.2,2439,0.08,12.4,54.3,----,----,00.000000 N,000.000000 W,0,0,S,S,V
2015-07-19 17:40:15,25.3,2523,0.06,12.3,54.3,----,----,00.000000 N,000.000000 W,0,0,S,S,V
2015-07-19 17:40:18,27.7,2571,0.07,12.3,54.2,----,----,00.000000 N,000.000000 W,0,0,S,S,V
2015-07-19 17:40:21,25.5,2526,0.06,12.3,54.2,----,----,00.000000 N,000.000000 W,0,0,S,S,V
2015-07-19 17:40:24,27.9,2575,0.06,12.3,54.2,----,----,00.000000 N,000.000000 W,0,0,S,S,V
2015-07-19 17:40:27,25.4,2525,0.04,12.3,54.1,----,----,00.000000 N,000.000000 W,0,0,S,S,V
2015-07-19 17:40:29,29.3,2603,0.08,12.3,54.1,----,----,00.000000 N,000.000000 W,0,0,S,S,V
2015-07-19 17:40:33,29.9,2616,0.08,12.2,54.1,----,----,00.000000 N,000.000000 W,0,0,S,S,V
2015-07-19 17:40:35,23.9,2493,0.01,12.2,54.0,----,----,00.000000 N,000.000000 W,0,0,S,S,V
2015-07-19 17:40:39,33.1,2682,0.07,12.2,54.0,----,----,00.000000 N,000.000000 W,0,0,S,S,V
2015-07-19 17:49:24,13.5,2282,0.02,11.4,52.6,----,----,00.000000 N,000.000000 W,0,0,S,S,V
2015-07-19 17:49:28,19.0,2394,0.05,11.4,52.5,----,----,00.000000 N,000.000000 W,0,0,S,S,V
2015-07-19 17:49:33,13.7,2287,0.01,11.4,52.5,----,----,00.000000 N,000.000000 W,0,0,S,S,V
2015-07-19 17:49:36,13.1,2274,0.04,11.4,52.5,----,----,00.000000 N,000.000000 W,0,0,S,S,V
2015-07-19 17:49:39,15.9,2330,0.05,11.4,52.5,----,----,00.000000 N,000.000000 W,0,0,S,S,V
2015-07-19 17:49:42,14.9,2310,0.02,11.4,52.5,----,----,00.000000 N,000.000000 W,0,0,S,S,V
2015-07-19 17:49:46,16.8,2349,0.00,11.3,52.4,----,----,00.000000 N,000.000000 W,0,0,S,S,V
2015-07-19 17:49:51,22.0,2456,0.05,11.3,52.4,----,----,00.000000 N,000.000000 W,0,0,S,S,V
2015-07-19 17:49:56,17.6,2365,0.03,11.3,52.4,----,----,00.000000 N,000.000000 W,0,0,S,S,V
2019-09-29 04:35:27,20.0,2415,0.05,11.3,52.3,----,----,00.000000 N,000.000000 W,0,0,S,S,V
2019-09-29 04:35:31,12.6,2264,0.04,11.3,52.3,----,----,33.932523 S,151.226553 E,7,1,S,S,V
2019-09-29 04:35:34,17.5,2364,0.06,11.3,52.3,----,----,33.932610 S,151.225928 E,7,1,S,S,V
2019-09-29 04:35:38,17.0,2353,0.01,11.3,52.3,----,----,33.932693 S,151.225677 E,7,1,S,S,V
2019-09-29 04:35:42,13.8,2288,0.00,11.2,52.3,----,----,33.932752 S,151.225587 E,7,1,S,S,V
2019-09-29 04:35:46,13.7,2287,0.02,11.2,52.3,----,----,33.932763 S,151.225575 E,7,1,S,S,V
2019-09-29 04:36:08,23.1,2477,0.05,11.2,52.2,----,----,33.932792 S,151.225448 E,6,1,S,S,V
2019-09-29 04:36:12,27.1,2558,0.07,11.2,52.2,----,----,33.932767 S,151.225393 E,5,1,S,S,V
2019-09-29 04:36:15,25.1,2518,0.08,11.2,52.2,----,----,33.932768 S,151.225330 E,5,1,S,S,V
2019-09-29 04:36:18,16.5,2344,0.01,11.2,52.2,----,----,33.932763 S,151.225295 E,5,1,S,S,V
2019-09-29 04:36:25,17.1,2356,0.02,11.2,52.1,----,----,33.932723 S,151.225337 E,5,1,S,S,V
2019-09-29 04:36:30,14.6,2305,0.02,11.2,52.1,----,----,33.932822 S,151.225408 E,6,1,S,S,V
2019-09-29 04:36:35,25.4,2524,0.06,11.1,52.1,----,----,33.932943 S,151.224852 E,7,1,S,S,V
2019-09-29 04:36:44,28.3,2584,0.08,11.1,52.1,----,----,33.933052 S,151.224755 E,9,1,S,S,V
2019-09-29 04:36:48,26.5,2547,0.06,11.1,52.1,----,----,33.933065 S,151.224723 E,9,1,S,S,V
2019-09-29 04:36:52,16.6,2345,0.04,11.1,52.0,----,----,33.933092 S,151.224673 E,9,1,S,S,V
2019-09-29 04:36:57,30.7,2633,0.08,11.1,52.0,----,----,33.933078 S,151.224597 E,9,1,S,S,V
2019-09-29 04:42:11,17.4,2362,0.00,11.0,51.9,----,----,00.000000 N,000.000000 W,0,0,S,S,V
2019-09-29 04:42:15,23.0,2475,0.02,11.1,51.9,----,----,00.000000 N,000.000000 W,0,0,S,S,V
2019-09-29 04:42:19,17.1,2355,0.00,11.0,51.9,----,----,00.000000 N,000.000000 W,0,0,S,S,V
2019-09-29 04:42:22,17.9,2371,0.02,11.0,51.9,----,----,00.000000 N,000.000000 W,0,0,S,S,V
2019-09-29 04:42:25,20.8,2430,0.00,11.0,51.9,----,----,00.000000 N,000.000000 W,0,0,S,S,V
2019-09-29 04:42:28,17.8,2370,0.00,11.0,51.9,----,----,00.000000 N,000.000000 W,0,0,S,S,V
2019-09-29 04:42:32,13.0,2271,0.00,11.0,51.9,----,----,00.000000 N,000.000000 W,0,0,S,S,V
2019-09-29 04:42:34,19.9,2413,0.02,11.0,51.9,----,----,00.000000 N,000.000000 W,0,0,S,S,V
2019-09-29 04:42:38,16.8,2349,0.02,11.0,51.9,----,----,00.000000 N,000.000000 W,0,0,S,S,V
2019-09-29 04:42:40,14.3,2299,0.00,11.0,51.9,----,----,00.000000 N,000.000000 W,0,0,S,S,V
2019-09-29 04:42:43,13.6,2283,0.00,11.0,51.9,----,----,00.000000 N,000.000000 W,0,0,S,S,V
2019-09-29 04:42:46,13.4,2279,0.00,11.0,51.9,----,----,00.000000 N,000.000000 W,0,0,S,S,V
2019-09-29 04:42:48,16.6,2346,0.00,11.0,51.9,----,----,00.000000 N,000.000000 W,0,0,S,S,V
2019-09-29 04:42:51,16.4,2342,0.00,11.0,51.9,----,----,00.000000 N,000.000000 W,0,0,S,S,V
2019-09-29 04:42:54,15.1,2314,0.00,11.0,51.9,----,----,00.000000 N,000.000000 W,0,0,S,S,V
2019-09-29 04:42:56,20.1,2416,0.04,11.0,51.9,----,----,00.000000 N,000.000000 W,0,0,S,S,V
2019-09-29 04:42:59,16.7,2348,0.00,11.0,51.9,----,----,00.000000 N,000.000000 W,0,0,S,S,V
2019-09-29 04:43:02,15.1,2315,0.02,11.0,51.9,----,----,00.000000 N,000.000000 W,0,0,S,S,V
2019-09-29 04:44:01,16.4,2342,0.02,11.1,51.9,----,----,33.933462 S,151.225180 E,13,1,S,S,V
2019-09-29 04:44:05,17.9,2371,0.02,11.1,51.9,----,----,33.933485 S,151.225173 E,13,1,S,S,V
2019-09-29 04:44:09,15.9,2331,0.00,11.1,51.9,----,----,33.933522 S,151.225187 E,14,1,S,S,V
2019-09-29 04:44:13,12.7,2265,0.00,11.1,51.9,----,----,33.933545 S,151.225213 E,13,1,S,S,V
2019-09-29 04:44:17,14.6,2305,0.00,11.1,51.9,----,----,33.933567 S,151.225227 E,14,1,S,S,V
2019-09-29 04:44:21,13.8,2288,0.04,11.1,51.9,----,----,33.933592 S,151.225200 E,14,1,S,S,V
2019-09-29 04:44:24,13.7,2287,0.00,11.1,51.9,----,----,33.933622 S,151.225190 E,14,1,S,S,V
2019-09-29 04:44:27,17.9,2371,0.00,11.0,51.9,----,----,33.933653 S,151.225195 E,14,1,S,S,V
2019-09-29 04:44:31,16.6,2345,0.00,11.0,51.9,----,----,33.933682 S,151.225210 E,14,1,S,S,V
2019-09-29 04:44:34,18.1,2376,0.00,11.0,51.9,----,----,33.933705 S,151.225215 E,15,1,S,S,V
2019-09-29 04:44:37,15.7,2326,0.02,11.0,51.9,----,----,33.933730 S,151.225203 E,14,1,S,S,V
2019-09-29 04:44:40,17.7,2368,0.02,11.0,51.9,----,----,33.933747 S,151.225180 E,13,1,S,S,V
2019-09-29 04:44:43,15.5,2322,0.01,11.0,51.9,----,----,33.933755 S,151.225132 E,13,1,S,S,V
2019-09-29 04:44:47,14.9,2311,0.00,11.0,51.9,----,----,33.933752 S,151.225085 E,14,1,S,S,V
2019-09-29 04:44:52,16.3,2339,0.00,11.0,51.9,----,----,33.933725 S,151.225050 E,14,1,S,S,V
2019-09-29 04:44:57,17.5,2363,0.02,11.0,51.9,----,----,33.933687 S,151.225035 E,14,1,S,S,V
2019-09-29 04:45:00,15.0,2312,0.02,11.0,51.9,----,----,33.933662 S,151.225037 E,15,1,S,S,V
2019-09-29 04:45:04,13.8,2288,0.01,11.0,51.9,----,----,33.933638 S,151.225075 E,15,1,S,S,V
2019-09-29 04:45:08,13.9,2290,0.01,11.0,51.8,----,----,33.933617 S,151.225105 E,15,1,S,S,V
2019-09-29 04:45:11,14.9,2310,0.00,11.0,51.8,----,----,33.933600 S,151.225105 E,15,1,S,S,V
2019-09-29 04:45:16,14.6,2304,0.00,11.0,51.8,----,----,33.933565 S,151.225068 E,15,1,S,S,V
2019-09-29 04:56:42,18.1,2376,0.00,10.7,51.3,----,----,00.000000 N,000.000000 W,0,0,S,S,V
2019-09-29 04:56:46,15.6,2324,0.00,10.7,51.3,----,----,00.000000 N,000.000000 W,0,0,S,S,V
2019-09-29 04:56:49,12.7,2265,0.00,10.7,51.3,----,----,00.000000 N,000.000000 W,0,0,S,S,V
2019-09-29 04:56:52,15.4,2320,0.01,10.7,51.3,----,----,00.000000 N,000.000000 W,0,0,S,S,V
2019-09-29 04:56:55,16.9,2351,0.00,10.7,51.3,----,----,00.000000 N,000.000000 W,0,0,S,S,V
2019-09-29 04:56:59,23.1,2478,0.00,10.7,51.3,----,----,00.000000 N,000.000000 W,0,0,S,S,V
2019-09-29 04:57:03,20.5,2425,0.00,10.7,51.2,----,----,00.000000 N,000.000000 W,0,0,S,S,V
2019-09-29 04:57:06,23.1,2478,0.03,10.7,51.2,----,----,00.000000 N,000.000000 W,0,0,S,S,V
2019-09-29 04:57:09,18.4,2381,0.00,10.7,51.2,----,----,00.000000 N,000.000000 W,0,0,S,S,V
2019-09-29 04:57:12,18.9,2392,0.00,10.6,51.2,----,----,00.000000 N,000.000000 W,0,0,S,S,V
2019-09-29 04:57:15,18.1,2375,0.00,10.6,51.2,----,----,00.000000 N,000.000000 W,0,0,S,S,V
2019-09-29 04:57:18,16.8,2350,0.02,10.6,51.2,----,----,00.000000 N,000.000000 W,0,0,S,S,V
2019-09-29 04:57:21,15.1,2314,0.00,10.6,51.2,----,----,00.000000 N,000.000000 W,0,0,S,S,V
2019-09-29 04:57:23,14.1,2295,0.00,10.6,51.2,----,----,00.000000 N,000.000000 W,0,0,S,S,V
2019-09-29 04:57:26,15.9,2330,0.00,10.6,51.2,----,----,00.000000 N,000.000000 W,0,0,S,S,V
2019-09-29 04:57:28,16.5,2344,0.00,10.6,51.2,----,----,00.000000 N,000.000000 W,0,0,S,S,V
2019-09-29 04:57:31,16.4,2341,0.00,10.6,51.2,----,----,00.000000 N,000.000000 W,0,0,S,S,V
2019-09-29 04:57:34,16.4,2342,0.00,10.6,51.2,----,----,00.000000 N,000.000000 W,0,0,S,S,V
2019-09-29 04:57:38,17.1,2355,0.03,10.6,51.2,----,----,00.000000 N,000.000000 W,0,0,S,S,V
2019-09-29 04:57:41,15.4,2321,0.01,10.6,51.1,----,----,00.000000 N,000.000000 W,0,0,S,S,V
2019-09-29 04:57:44,20.1,2416,0.00,10.6,51.1,----,----,00.000000 N,000.000000 W,0,0,S,S,V
2019-09-29 04:57:48,20.1,2417,0.02,10.6,51.1,----,----,33.934585 S,151.225093 E,6,1,S,S,V
2019-09-29 04:57:51,20.9,2432,0.04,10.6,51.1,----,----,33.934650 S,151.225005 E,7,1,S,S,V
2019-09-29 04:57:54,18.8,2390,0.02,10.6,51.1,----,----,33.934693 S,151.224903 E,7,1,S,S,V
2019-09-29 04:57:57,18.7,2388,0.00,10.6,51.1,----,----,33.934742 S,151.224818 E,8,1,S,S,V
2019-09-29 04:58:00,21.4,2443,0.01,10.6,51.0,----,----,33.934742 S,151.224778 E,8,1,S,S,V
2019-09-29 04:58:02,20.2,2419,0.01,10.6,51.0,----,----,33.934733 S,151.224742 E,8,1,S,S,V
2019-09-29 04:58:05,21.6,2446,0.02,10.6,51.0,----,----,33.934735 S,151.224712 E,8,1,S,S,V
2019-09-29 04:58:08,20.9,2433,0.02,10.6,51.0,----,----,33.934743 S,151.224710 E,8,1,S,S,V
2019-09-29 04:58:11,19.7,2409,0.00,10.6,51.0,----,----,33.934760 S,151.224728 E,8,1,S,S,V
2019-09-29 04:58:14,18.3,2379,0.01,10.6,51.0,----,----,33.934778 S,151.224752 E,7,1,S,S,V
2019-09-29 04:58:17,19.2,2398,0.02,10.5,51.0,----,----,33.934802 S,151.224778 E,8,1,S,S,V
2019-09-29 04:58:20,17.8,2369,0.01,10.5,51.0,----,----,33.934820 S,151.224803 E,7,1,S,S,V
2019-09-29 04:58:22,15.7,2326,0.00,10.5,51.0,----,----,33.934825 S,151.224822 E,7,1,S,S,V
2019-09-29 04:58:25,09.6,2202,0.00,10.5,51.0,----,----,33.934848 S,151.224850 E,8,1,S,S,V
2019-09-29 04:58:28,07.0,2150,0.00,10.5,51.0,----,----,33.934867 S,151.224852 E,8,1,S,S,V
2019-09-29 04:58:30,06.3,2136,0.00,10.5,51.0,----,----,33.934882 S,151.224853 E,8,1,S,S,V
2019-09-29 04:58:33,06.6,2141,0.00,10.5,51.0,----,----,33.934890 S,151.224840 E,8,1,S,S,V
2019-09-29 04:58:36,06.9,2147,0.00,10.5,51.0,----,----,33.934902 S,151.224817 E,7,1,S,S,V
2019-09-29 04:58:38,11.6,2244,0.01,10.5,51.0,----,----,33.934892 S,151.224787 E,7,1,S,S,V
2019-09-29 04:58:41,12.5,2262,0.00,10.5,51.0,----,----,33.934880 S,151.224787 E,8,1,S,S,V
2019-09-29 04:58:44,14.2,2296,0.00,10.5,50.9,----,----,33.934870 S,151.224782 E,9,1,S,S,V
2019-09-29 04:58:47,20.0,2415,0.02,10.5,50.9,----,----,33.934860 S,151.224760 E,9,1,S,S,V
2019-09-29 04:58:50,17.6,2365,0.01,10.5,50.9,----,----,33.934863 S,151.224720 E,9,1,S,S,V
2019-09-29 04:58:54,19.3,2400,0.00,10.5,50.9,----,----,33.934827 S,151.224707 E,9,1,S,S,V
2019-09-29 05:04:29,22.0,2455,0.02,10.0,50.1,----,----,00.000000 N,000.000000 W,0,0,S,S,V
2019-09-29 05:04:34,13.5,2281,0.00,10.0,50.1,----,----,00.000000 N,000.000000 W,0,0,S,S,V
2019-09-29 05:04:37,17.1,2356,0.00,10.0,50.1,----,----,00.000000 N,000.000000 W,0,0,S,S,V
2019-09-29 05:04:40,14.5,2302,0.00,10.0,50.1,----,----,00.000000 N,000.000000 W,0,0,S,S,V
2019-09-29 05:04:42,16.2,2337,0.00,10.0,50.1,----,----,00.000000 N,000.000000 W,0,0,S,S,V
2019-09-29 05:04:45,17.7,2368,0.02,10.0,50.1,----,----,00.000000 N,000.000000 W,0,0,S,S,V
2019-09-29 05:04:48,19.1,2396,0.01,10.0,50.1,----,----,00.000000 N,000.000000 W,0,0,S,S,V
2019-09-29 05:04:51,15.8,2328,0.01,10.0,50.0,----,----,00.000000 N,000.000000 W,0,0,S,S,V
2019-09-29 05:04:54,14.2,2297,0.00,10.0,50.0,----,----,00.000000 N,000.000000 W,0,0,S,S,V
2019-09-29 05:04:56,17.0,2353,0.00,10.0,50.0,----,----,00.000000 N,000.000000 W,0,0,S,S,V
2019-09-29 05:04:59,17.2,2357,0.00,10.0,50.0,----,----,00.000000 N,000.000000 W,0,0,S,S,V
2019-09-29 05:05:01,15.2,2316,0.01,10.0,50.0,----,----,00.000000 N,000.000000 W,0,0,S,S,V
2019-09-29 05:05:03,13.2,2275,0.00,10.0,50.0,----,----,00.000000 N,000.000000 W,0,0,S,S,V
2019-09-29 05:05:06,16.9,2351,0.04,10.0,50.0,----,----,00.000000 N,000.000000 W,0,0,S,S,V
2019-09-29 05:05:09,11.9,2250,0.00,10.0,50.0,----,----,00.000000 N,000.000000 W,0,0,S,S,V
2019-09-29 05:05:12,12.5,2261,0.00,10.0,50.0,----,----,00.000000 N,000.000000 W,0,0,S,S,V
2019-09-29 05:05:14,14.5,2303,0.00,10.0,50.0,----,----,00.000000 N,000.000000 W,0,0,S,S,V
2019-09-29 05:05:17,14.2,2296,0.00,10.0,50.0,----,----,00.000000 N,000.000000 W,0,0,S,S,V
2019-09-29 05:05:20,16.0,2332,0.02,10.0,50.0,----,----,00.000000 N,000.000000 W,0,0,S,S,V
2019-09-29 05:05:22,15.9,2331,0.00,09.9,49.9,----,----,00.000000 N,000.000000 W,0,0,S,S,V
2019-09-29 05:05:25,16.8,2350,0.00,10.0,50.0,----,----,00.000000 N,000.000000 W,0,0,S,S,V
2019-09-29 05:05:27,19.1,2396,0.02,10.0,50.0,----,----,00.000000 N,000.000000 W,0,0,S,S,V
2019-09-29 05:05:31,18.9,2392,0.06,10.0,50.0,----,----,00.000000 N,000.000000 W,0,0,S,S,V
2019-09-29 05:05:33,16.1,2334,0.08,10.0,50.0,----,----,00.000000 N,000.000000 W,0,0,S,S,V
2019-09-29 05:05:36,18.2,2377,0.02,10.0,50.0,----,----,00.000000 N,000.000000 W,0,0,S,S,V
2019-09-29 05:05:40,18.3,2379,0.04,09.9,49.9,----,----,00.000000 N,000.000000 W,0,0,S,S,V
2019-09-29 05:05:44,14.2,2296,0.03,10.0,50.0,----,----,00.000000 N,000.000000 W,0,0,S,S,V
2019-09-29 05:05:49,16.8,2350,0.02,09.9,49.9,----,----,33.937110 S,151.223373 E,8,1,S,S,V
2019-09-29 05:05:52,09.4,2198,0.00,09.9,49.9,----,----,33.937018 S,151.223317 E,8,1,S,S,V
2019-09-29 05:05:55,18.8,2389,0.02,09.9,49.9,----,----,33.936978 S,151.223310 E,8,1,S,S,V
2019-09-29 05:26:44,22.4,2464,0.00,08.8,47.9,----,----,33.939010 S,151.223678 E,10,1,S,S,V
2019-09-29 05:26:50,14.6,2305,0.00,08.8,47.9,----,----,33.938993 S,151.223623 E,11,1,S,S,V
2019-09-29 05:26:54,17.5,2364,0.03,08.9,48.0,----,----,33.938995 S,151.223582 E,11,1,S,S,V
2019-09-29 05:27:28,16.6,2346,0.00,08.9,48.1,----,----,33.938977 S,151.223543 E,11,1,S,S,V
2019-09-29 05:27:34,16.4,2341,0.02,09.0,48.2,----,----,33.938965 S,151.223520 E,11,1,S,S,V
2019-09-29 05:27:39,15.4,2321,0.00,09.0,48.2,----,----,33.938933 S,151.223517 E,12,1,S,S,V
2019-09-29 05:27:49,16.2,2336,0.00,09.0,48.2,----,----,33.938872 S,151.223538 E,11,1,S,S,V
2019-09-29 05:27:57,17.9,2372,0.00,09.0,48.2,----,----,33.938852 S,151.223532 E,12,1,S,S,V
2019-09-29 05:28:14,19.0,2394,0.02,09.0,48.2,----,----,33.938857 S,151.223458 E,12,1,S,S,V
2019-09-29 05:28:18,15.9,2330,0.01,09.0,48.2,----,----,33.938872 S,151.223425 E,11,1,S,S,V
2019-09-29 05:28:32,15.9,2330,0.04,09.0,48.2,----,----,33.938902 S,151.223412 E,12,1,S,S,V
2019-09-29 05:28:36,16.7,2348,0.00,09.0,48.2,----,----,33.938925 S,151.223412 E,10,1,S,S,V
2019-09-29 05:28:40,15.7,2326,0.01,09.0,48.2,----,----,33.938955 S,151.223428 E,11,1,S,S,V
2019-09-29 05:28:43,17.5,2363,0.00,09.0,48.2,----,----,33.938972 S,151.223422 E,11,1,S,S,V
2019-09-29 05:28:46,14.2,2297,0.04,09.0,48.2,----,----,33.938972 S,151.223395 E,11,1,S,S,V
2019-09-29 05:28:46,00.0,1984,0.00,09.0,48.2,----,----,33.938965 S,151.223380 E,10,1,S,S,V
2019-09-29 05:28:49,15.8,2329,0.00,09.0,48.2,----,----,33.938975 S,151.223367 E,12,1,S,S,V
2019-09-29 05:28:51,13.2,2275,0.00,09.0,48.2,----,----,33.938988 S,151.223357 E,12,1,S,S,V
2019-09-29 05:28:54,19.5,2405,0.04,09.0,48.2,----,----,33.939018 S,151.223362 E,12,1,S,S,V
2019-09-29 05:28:57,13.6,2284,0.01,09.0,48.3,----,----,33.939032 S,151.223392 E,12,1,S,S,V
2019-09-29 05:28:59,18.9,2392,0.02,09.0,48.2,----,----,33.939045 S,151.223412 E,12,1,S,S,V
2019-09-29 05:29:03,15.7,2326,0.02,09.0,48.2,----,----,33.939045 S,151.223468 E,12,1,S,S,V
2019-09-29 05:29:07,19.0,2394,0.05,09.0,48.2,----,----,33.939037 S,151.223522 E,12,1,S,S,V
2019-09-29 05:33:51,19.4,2403,0.00,08.7,47.7,----,----,00.000000 N,000.000000 W,0,0,S,S,V
2019-09-29 05:33:57,18.8,2389,0.03,08.7,47.7,----,----,00.000000 N,000.000000 W,0,0,S,S,V
2019-09-29 05:34:14,13.9,2290,0.01,08.7,47.7,----,----,00.000000 N,000.000000 W,0,0,S,S,V
2019-09-29 05:34:17,15.1,2314,0.00,08.7,47.7,----,----,33.936587 S,151.222800 E,7,1,S,S,V
2019-09-29 05:34:20,12.6,2264,0.01,08.7,47.7,----,----,33.936612 S,151.222753 E,7,1,S,S,V
2019-09-29 05:34:23,13.6,2283,0.02,08.7,47.7,----,----,33.936618 S,151.222732 E,7,1,S,S,V
2019-09-29 05:34:26,14.9,2311,0.03,08.7,47.7,----,----,33.936643 S,151.222742 E,7,1,S,S,V
2019-09-29 05:34:28,18.0,2373,0.02,08.7,47.7,----,----,33.936677 S,151.222738 E,7,1,S,S,V
2019-09-29 05:34:31,14.9,2311,0.01,08.7,47.7,----,----,33.936712 S,151.222738 E,7,1,S,S,V
2019-09-29 05:34:36,07.5,2160,0.00,08.7,47.7,----,----,33.936737 S,151.222708 E,7,1,S,S,V
2019-09-29 05:34:40,09.1,2192,0.00,08.7,47.7,----,----,33.936735 S,151.222708 E,7,1,S,S,V
2019-09-29 05:34:43,12.3,2258,0.00,08.7,47.8,----,----,33.936727 S,151.222688 E,7,1,S,S,V
2019-09-29 05:34:46,17.9,2371,0.03,08.7,47.8,----,----,33.936710 S,151.222677 E,6,1,S,S,V
2019-09-29 05:34:50,19.5,2404,0.02,08.7,47.8,----,----,33.936662 S,151.222647 E,7,1,S,S,V
2019-09-29 05:34:54,18.1,2375,0.04,08.7,47.8,----,----,33.936632 S,151.222683 E,7,1,S,S,V
2019-09-29 05:34:57,14.6,2305,0.03,08.7,47.8,----,----,33.936568 S,151.222693 E,7,1,S,S,V
2019-09-29 05:35:00,15.6,2324,0.02,08.7,47.7,----,----,33.936522 S,151.222707 E,7,1,S,S,V
2019-09-29 05:35:03,16.2,2337,0.00,08.7,47.8,----,----,33.936508 S,151.222637 E,7,1,S,S,V
2019-09-29 05:35:06,15.9,2331,0.00,08.7,47.8,----,----,33.936517 S,151.222602 E,7,1,S,S,V
2019-09-29 05:35:09,16.1,2335,0.00,08.8,47.8,----,----,33.936490 S,151.222588 E,8,1,S,S,V
2019-09-29 05:35:13,15.0,2312,0.02,08.8,47.8,----,----,33.936470 S,151.222598 E,8,1,S,S,V
2019-09-29 05:35:17,09.2,2195,0.02,08.8,47.8,----,----,33.936442 S,151.222678 E,8,1,S,S,V
2019-09-29 05:41:06,20.2,2418,0.05,08.6,47.5,----,----,00.000000 N,000.000000 W,0,0,S,S,V
2019-09-29 05:41:09,26.0,2536,0.11,08.6,47.5,----,----,00.000000 N,000.000000 W,0,0,S,S,V
2019-09-29 05:41:12,19.8,2411,0.04,08.6,47.5,----,----,00.000000 N,000.000000 W,0,0,S,S,V
2019-09-29 05:41:15,23.5,2485,0.05,08.6,47.5,----,----,00.000000 N,000.000000 W,0,0,S,S,V
2019-09-29 05:41:18,18.1,2376,0.00,08.6,47.5,----,----,00.000000 N,000.000000 W,0,0,S,S,V
2019-09-29 05:41:21,22.0,2455,0.00,08.6,47.5,----,----,00.000000 N,000.000000 W,0,0,S,S,V
2019-09-29 05:41:24,23.3,2482,0.07,08.6,47.5,----,----,00.000000 N,000.000000 W,0,0,S,S,V
2019-09-29 05:41:26,25.7,2530,0.09,08.6,47.5,----,----,00.000000 N,000.000000 W,0,0,S,S,V
2019-09-29 05:41:29,25.2,2520,0.10,08.6,47.6,----,----,00.000000 N,000.000000 W,0,0,S,S,V
2019-09-29 05:41:32,24.7,2510,0.05,08.6,47.5,----,----,00.000000 N,000.000000 W,0,0,S,S,V
2019-09-29 05:41:36,22.5,2465,0.04,08.6,47.6,----,----,00.000000 N,000.000000 W,0,0,S,S,V
2019-09-29 05:41:39,20.8,2430,0.05,08.6,47.6,----,----,00.000000 N,000.000000 W,0,0,S,S,V
2019-09-29 05:41:41,20.2,2419,0.06,08.6,47.6,----,----,00.000000 N,000.000000 W,0,0,S,S,V
2019-09-29 05:41:44,24.1,2498,0.05,08.6,47.6,----,----,00.000000 N,000.000000 W,0,0,S,S,V
2019-09-29 05:41:47,18.2,2377,0.02,08.6,47.6,----,----,00.000000 N,000.000000 W,0,0,S,S,V
2019-09-29 05:41:50,18.3,2379,0.04,08.6,47.6,----,----,00.000000 N,000.000000 W,0,0,S,S,V
2019-09-29 05:41:53,23.7,2490,0.06,08.6,47.6,----,----,00.000000 N,000.000000 W,0,0,S,S,V
2019-09-29 05:41:56,24.8,2512,0.08,08.6,47.6,----,----,00.000000 N,000.000000 W,0,0,S,S,V
2019-09-29 05:41:59,19.7,2408,0.03,08.6,47.6,----,----,00.000000 N,000.000000 W,0,0,S,S,V
2019-09-29 05:42:01,26.0,2536,0.10,08.6,47.6,----,----,00.000000 N,000.000000 W,0,0,S,S,V
2019-09-29 05:42:04,25.2,2520,0.05,08.7,47.7,----,----,00.000000 N,000.000000 W,0,0,S,S,V
2019-09-29 05:42:07,27.6,2570,0.09,08.6,47.6,----,----,00.000000 N,000.000000 W,0,0,S,S,V
2019-09-29 05:42:12,18.5,2384,0.00,08.7,47.7,----,----,33.935667 S,151.221060 E,4,1,S,S,V
2019-09-29 05:45:18,24.9,2515,0.04,08.8,47.8,----,----,00.000000 N,000.000000 W,0,0,S,S,V
2019-09-29 05:45:22,24.1,2497,0.02,08.8,47.8,----,----,00.000000 N,000.000000 W,0,0,S,S,V
2019-09-29 05:45:25,22.8,2472,0.06,08.8,47.8,----,----,00.000000 N,000.000000 W,0,0,S,S,V
2019-09-29 05:45:28,17.2,2358,0.00,08.8,47.9,----,----,00.000000 N,000.000000 W,0,0,S,S,V
2019-09-29 05:45:31,21.5,2445,0.04,08.8,47.9,----,----,00.000000 N,000.000000 W,0,0,S,S,V
2019-09-29 05:45:34,25.4,2525,0.07,08.8,47.9,----,----,00.000000 N,000.000000 W,0,0,S,S,V
2019-09-29 05:45:37,25.3,2523,0.07,08.8,47.9,----,----,00.000000 N,000.000000 W,0,0,S,S,V
2019-09-29 05:45:39,27.6,2569,0.06,08.8,47.9,----,----,00.000000 N,000.000000 W,0,0,S,S,V
2019-09-29 05:45:42,24.8,2512,0.05,08.8,47.9,----,----,00.000000 N,000.000000 W,0,0,S,S,V
2019-09-29 05:45:45,21.4,2443,0.06,08.8,47.9,----,----,33.937037 S,151.219247 E,3,1,S,S,V
2019-09-29 05:45:47,13.8,2288,0.00,08.8,47.9,----,----,33.936750 S,151.219470 E,6,1,S,S,V
2019-09-29 05:45:50,24.0,2496,0.04,08.8,47.9,----,----,33.936728 S,151.219475 E,6,1,S,S,V
2019-09-29 05:45:53,16.0,2332,0.00,08.8,47.9,----,----,33.936722 S,151.219520 E,5,1,S,S,V
2019-09-29 05:45:56,20.7,2429,0.05,08.8,47.9,----,----,33.936695 S,151.219528 E,6,1,S,S,V
2019-09-29 05:45:59,24.7,2510,0.03,08.8,47.9,----,----,33.936683 S,151.219533 E,6,1,S,S,V
2019-09-29 05:46:02,20.1,2416,0.00,08.8,47.9,----,----,33.936653 S,151.219527 E,6,1,S,S,V
2019-09-29 05:46:07,24.8,2513,0.06,08.8,47.9,----,----,33.936643 S,151.219508 E,6,1,S,S,V
2019-09-29 05:46:10,23.8,2491,0.11,08.8,47.9,----,----,33.936658 S,151.219467 E,6,1,S,S,V
2019-09-29 05:46:12,21.5,2445,0.05,08.8,47.9,----,----,33.936688 S,151.219490 E,6,1,S,S,V
2019-09-29 05:46:15,22.7,2470,0.03,08.8,47.9,----,----,33.936708 S,151.219527 E,6,1,S,S,V
2019-09-29 05:46:18,16.4,2342,0.03,08.8,47.9,----,----,33.936748 S,151.219560 E,6,1,S,S,V
2019-09-29 05:46:21,24.0,2496,0.09,08.8,47.9,----,----,33.936767 S,151.219580 E,6,1,S,S,V
2019-09-29 05:46:23,24.5,2506,0.05,08.8,47.9,----,----,33.936793 S,151.219608 E,4,1,S,S,V
2019-09-29 05:46:26,23.1,2478,0.06,08.9,48.0,----,----,33.936798 S,151.219628 E,6,1,S,S,V
2019-09-29 05:46:29,17.7,2368,0.04,08.9,48.0,----,----,33.936815 S,151.219615 E,6,1,S,S,V
2019-09-29 05:46:32,11.2,2236,0.00,08.8,47.9,----,----,33.936832 S,151.219567 E,6,1,S,S,V
2019-09-29 05:46:35,18.8,2389,0.06,08.9,48.0,----,----,33.936832 S,151.219527 E,6,1,S,S,V
2019-09-29 05:51:38,22.3,2462,0.07,08.9,48.0,----,----,00.000000 N,000.000000 W,0,0,S,S,V
2019-09-29 05:51:41,22.0,2455,0.05,08.9,48.0,----,----,00.000000 N,000.000000 W,0,0,S,S,V
2019-09-29 05:51:44,22.1,2458,0.03,08.9,48.0,----,----,00.000000 N,000.000000 W,0,0,S,S,V
2019-09-29 05:51:47,18.6,2386,0.06,08.9,48.0,----,----,00.000000 N,000.000000 W,0,0,S,S,V
2019-09-29 05:51:49,24.4,2503,0.11,08.9,48.0,----,----,00.000000 N,000.000000 W,0,0,S,S,V
2019-09-29 05:51:52,27.8,2573,0.06,08.9,48.1,----,----,00.000000 N,000.000000 W,0,0,S,S,V
2019-09-29 05:51:56,23.0,2476,0.05,08.9,48.0,----,----,00.000000 N,000.000000 W,0,0,S,S,V
2019-09-29 05:51:58,23.3,2482,0.04,08.9,48.1,----,----,00.000000 N,000.000000 W,0,0,S,S,V
2019-09-29 05:52:01,31.7,2653,0.06,08.9,48.0,----,----,00.000000 N,000.000000 W,0,0,S,S,V
2019-09-29 05:52:04,26.4,2544,0.07,08.9,48.1,----,----,00.000000 N,000.000000 W,0,0,S,S,V
2019-09-29 05:52:08,20.4,2423,0.05,08.9,48.1,----,----,00.000000 N,000.000000 W,0,0,S,S,V
2019-09-29 05:52:12,20.8,2430,0.04,08.9,48.1,----,----,00.000000 N,000.000000 W,0,0,S,S,V
2019-09-29 05:52:14,22.2,2459,0.06,08.9,48.1,----,----,33.933955 S,151.221452 E,5,1,S,S,V
2019-09-29 05:52:17,24.5,2505,0.05,08.9,48.1,----,----,33.933912 S,151.221502 E,6,1,S,S,V
2019-09-29 05:52:20,21.8,2450,0.06,08.9,48.1,----,----,33.933818 S,151.221633 E,6,1,S,S,V
2019-09-29 05:52:23,18.7,2388,0.06,08.9,48.1,----,----,33.933838 S,151.221710 E,7,1,S,S,V
2019-09-29 05:52:25,25.8,2532,0.09,08.9,48.1,----,----,33.933883 S,151.221712 E,6,1,S,S,V
2019-09-29 05:52:28,19.7,2408,0.02,08.9,48.1,----,----,33.933883 S,151.221733 E,6,1,S,S,V
2019-09-29 05:52:31,25.7,2530,0.05,09.0,48.2,----,----,33.933890 S,151.221745 E,5,1,S,S,V
2019-09-29 05:52:33,26.1,2539,0.06,09.0,48.2,----,----,33.933903 S,151.221745 E,6,1,S,S,V
2019-09-29 05:52:36,16.9,2351,0.01,09.0,48.2,----,----,33.933900 S,151.221740 E,6,1,S,S,V
2019-09-29 05:52:38,20.5,2424,0.03,09.0,48.2,----,----,33.933897 S,151.221722 E,6,1,S,S,V
2019-09-29 05:52:41,19.5,2404,0.02,09.0,48.2,----,----,33.933908 S,151.221695 E,7,1,S,S,V
2019-09-29 05:52:43,19.5,2404,0.03,09.0,48.2,----,----,33.933945 S,151.221670 E,7,1,S,S,V
2019-09-29 05:52:46,27.4,2566,0.07,09.0,48.2,----,----,33.933943 S,151.221652 E,7,1,S,S,V
2019-09-29 05:52:49,23.4,2484,0.06,09.0,48.2,----,----,33.933925 S,151.221622 E,7,1,S,S,V
2019-09-29 05:52:52,19.7,2408,0.04,09.0,48.2,----,----,33.933952 S,151.221625 E,7,1,S,S,V
2019-09-29 05:52:54,14.5,2302,0.00,09.0,48.2,----,----,33.933960 S,151.221628 E,7,1,S,S,V
2019-09-29 05:52:59,11.9,2250,0.01,09.0,48.2,----,----,33.933963 S,151.221615 E,7,1,S,S,V
2019-09-29 05:58:24,19.0,2394,0.00,09.2,48.7,----,----,00.000000 N,000.000000 W,0,0,S,S,V
2019-09-29 05:58:27,20.6,2426,0.04,09.3,48.7,----,----,00.000000 N,000.000000 W,0,0,S,S,V
2019-09-29 05:58:30,17.6,2365,0.02,09.2,48.7,----,----,00.000000 N,000.000000 W,0,0,S,S,V
2019-09-29 05:58:33,23.0,2476,0.04,09.2,48.7,----,----,00.000000 N,000.000000 W,0,0,S,S,V
2019-09-29 05:58:36,27.9,2575,0.04,09.3,48.7,----,----,00.000000 N,000.000000 W,0,0,S,S,V
2019-09-29 05:58:38,20.7,2429,0.02,09.2,48.7,----,----,00.000000 N,000.000000 W,0,0,S,S,V
2019-09-29 05:58:41,22.5,2465,0.03,09.3,48.7,----,----,00.000000 N,000.000000 W,0,0,S,S,V
2019-09-29 05:58:44,24.1,2498,0.13,09.3,48.7,----,----,00.000000 N,000.000000 W,0,0,S,S,V
2019-09-29 05:58:46,28.1,2579,0.08,09.3,48.7,----,----,00.000000 N,000.000000 W,0,0,S,S,V
2019-09-29 05:58:49,23.4,2483,0.04,09.3,48.7,----,----,00.000000 N,000.000000 W,0,0,S,S,V
2019-09-29 05:58:54,30.0,2618,0.06,09.3,48.7,----,----,00.000000 N,000.000000 W,0,0,S,S,V
2019-09-29 05:58:57,28.5,2587,0.11,09.3,48.7,----,----,00.000000 N,000.000000 W,0,0,S,S,V
2019-09-29 05:59:00,19.2,2399,0.04,09.3,48.7,----,----,00.000000 N,000.000000 W,0,0,S,S,V
2019-09-29 05:59:03,23.0,2476,0.06,09.3,48.7,----,----,00.000000 N,000.000000 W,0,0,S,S,V
2019-09-29 05:59:05,19.9,2413,0.00,09.3,48.7,----,----,00.000000 N,000.000000 W,0,0,S,S,V
2019-09-29 05:59:08,20.1,2416,0.03,09.3,48.7,----,----,00.000000 N,000.000000 W,0,0,S,S,V
2019-09-29 05:59:11,23.9,2493,0.03,09.3,48.7,----,----,00.000000 N,000.000000 W,0,0,S,S,V
2019-09-29 05:59:13,17.1,2356,0.01,09.3,48.7,----,----,00.000000 N,000.000000 W,0,0,S,S,V
2019-09-29 05:59:16,21.7,2448,0.04,09.3,48.7,----,----,33.932228 S,151.222392 E,6,1,S,S,V
2019-09-29 05:59:18,14.1,2295,0.00,09.3,48.7,----,----,33.932347 S,151.222567 E,5,1,S,S,V
2019-09-29 05:59:21,18.5,2384,0.02,09.3,48.7,----,----,33.932390 S,151.222610 E,5,1,S,S,V
2019-09-29 05:59:24,17.5,2364,0.01,09.3,48.7,----,----,00.000000 N,000.000000 W,0,0,S,S,V
2019-09-29 05:59:27,14.2,2296,0.00,09.3,48.7,----,----,00.000000 N,000.000000 W,0,0,S,S,V
2019-09-29 05:59:30,18.7,2388,0.00,09.3,48.8,----,----,33.932498 S,151.222945 E,5,1,S,S,V
2019-09-29 05:59:34,15.6,2324,0.00,09.3,48.8,----,----,33.932522 S,151.222968 E,5,1,S,S,V
2019-09-29 05:59:39,21.9,2453,0.03,09.3,48.8,----,----,33.932502 S,151.222890 E,5,1,S,S,V
2019-09-29 05:59:42,21.6,2446,0.03,09.3,48.8,----,----,33.932485 S,151.222785 E,5,1,S,S,V
2019-09-29 05:59:45,17.8,2370,0.03,09.3,48.8,----,----,33.932502 S,151.222773 E,4,1,S,S,V
2019-09-29 05:59:48,15.4,2321,0.01,09.3,48.8,----,----,33.932513 S,151.222782 E,5,1,S,S,V
2019-09-29 05:59:50,19.0,2394,0.01,09.3,48.8,----,----,33.932533 S,151.222788 E,5,1,S,S,V
2019-09-29 05:59:54,14.9,2310,0.00,09.3,48.8,----,----,33.932548 S,151.222778 E,5,1,S,S,V
2019-09-29 05:59:56,17.9,2371,0.03,09.3,48.8,----,----,33.932557 S,151.222777 E,5,1,S,S,V
2019-09-29 06:00:00,15.6,2325,0.02,09.3,48.9,----,----,33.932548 S,151.222748 E,5,1,S,S,V
2019-09-29 06:00:04,19.0,2394,0.03,09.3,48.9,----,----,33.932522 S,151.222750 E,5,1,S,S,V
2019-09-29 06:00:07,19.7,2408,0.05,09.3,48.9,----,----,33.932505 S,151.222757 E,5,1,S,S,V
2019-09-29 06:00:10,18.4,2381,0.09,09.4,48.9,----,----,33.932483 S,151.222788 E,5,1,S,S,V
2019-09-29 06:00:14,18.6,2385,0.01,09.4,48.9,----,----,33.932452 S,151.222772 E,5,1,S,S,V
2019-09-29 06:00:17,24.1,2498,0.04,09.4,48.9,----,----,33.932445 S,151.222827 E,5,1,S,S,V
2019-09-29 06:00:21,23.9,2493,0.06,09.4,48.9,----,----,33.932422 S,151.222872 E,5,1,S,S,V
2019-09-29 06:00:23,18.8,2390,0.04,09.4,48.9,----,----,33.932367 S,151.222802 E,5,1,S,S,V
2019-09-29 06:00:26,15.3,2318,0.00,09.4,48.9,----,----,33.932347 S,151.222803 E,5,1,S,S,V
2019-09-29 06:00:29,19.5,2404,0.05,09.4,48.9,----,----,33.932307 S,151.222823 E,5,1,S,S,V
2019-09-29 06:00:32,20.9,2432,0.06,09.4,48.9,----,----,33.932290 S,151.222850 E,5,1,S,S,V
2019-09-29 06:00:35,12.1,2254,0.01,09.4,48.9,----,----,33.932303 S,151.222825 E,5,1,S,S,V
2019-09-29 06:00:37,15.0,2312,0.02,09.4,48.9,----,----,33.932318 S,151.222808 E,5,1,S,S,V
2019-09-29 06:00:40,14.4,2301,0.01,09.4,48.9,----,----,33.932368 S,151.222733 E,5,1,S,S,V
2019-09-29 06:00:43,19.0,2394,0.03,09.4,49.0,----,----,33.932380 S,151.222712 E,5,1,S,S,V
2019-09-29 06:00:46,15.7,2326,0.01,09.4,49.0,----,----,33.932413 S,151.222700 E,5,1,S,S,V
2019-09-29 06:00:49,13.2,2275,0.00,09.4,49.0,----,----,33.932435 S,151.222667 E,5,1,S,S,V
2019-09-29 06:00:51,18.5,2384,0.04,09.4,49.0,----,----,33.932440 S,151.222663 E,5,1,S,S,V
2019-09-29 06:00:54,31.0,2638,0.09,09.4,49.0,----,----,33.932428 S,151.222653 E,5,1,S,S,V
2019-09-29 06:00:57,29.5,2608,0.09,09.4,49.0,----,----,33.932393 S,151.222662 E,5,1,S,S,V
2019-09-29 06:01:00,16.4,2342,0.00,09.4,49.0,----,----,33.932360 S,151.222680 E,5,1,S,S,V
2019-09-29 06:01:04,25.8,2532,0.04,09.4,49.0,----,----,33.932340 S,151.222743 E,5,1,S,S,V
2019-09-29 06:01:06,16.8,2349,0.04,09.4,49.0,----,----,33.932323 S,151.222788 E,5,1,S,S,V
2019-09-29 06:01:09,15.4,2321,0.02,09.4,49.0,----,----,33.932303 S,151.222827 E,5,1,S,S,V
2019-09-29 06:07:04,20.9,2432,0.04,09.5,49.2,----,----,00.000000 N,000.000000 W,0,0,S,S,V
2019-09-29 06:07:08,23.8,2492,0.07,09.5,49.2,----,----,00.000000 N,000.000000 W,0,0,S,S,V
2019-09-29 06:07:11,25.4,2525,0.07,09.5,49.2,----,----,00.000000 N,000.000000 W,0,0,S,S,V
2019-09-29 06:07:16,23.5,2485,0.05,09.6,49.2,----,----,00.000000 N,000.000000 W,0,0,S,S,V
2019-09-29 06:07:22,31.6,2651,0.07,09.6,49.2,----,----,00.000000 N,000.000000 W,0,0,S,S,V
2019-09-29 06:07:26,26.8,2552,0.09,09.6,49.3,----,----,00.000000 N,000.000000 W,0,0,S,S,V
2019-09-29 06:07:29,27.3,2564,0.07,09.6,49.3,----,----,00.000000 N,000.000000 W,0,0,S,S,V
2019-09-29 06:07:33,28.7,2591,0.07,09.6,49.3,----,----,00.000000 N,000.000000 W,0,0,S,S,V
2019-09-29 06:07:42,22.5,2465,0.05,09.6,49.3,----,----,33.935248 S,151.219473 E,4,1,S,S,V
2019-09-29 06:08:13,24.4,2504,0.07,09.6,49.4,----,----,33.935603 S,151.220315 E,10,1,S,S,V
2019-09-29 06:08:25,21.8,2452,0.07,09.7,49.4,----,----,33.935617 S,151.220293 E,10,1,S,S,V
2019-09-29 06:09:05,28.7,2591,0.06,09.8,49.6,----,----,33.935608 S,151.220372 E,9,1,S,S,V
2019-09-29 06:09:21,15.3,2318,0.02,09.8,49.6,----,----,33.935598 S,151.220360 E,13,1,S,S,V
2019-09-29 06:09:30,12.7,2265,0.00,09.8,49.7,----,----,33.935590 S,151.220392 E,13,1,S,S,V
2019-09-29 06:10:13,21.5,2445,0.06,09.9,49.8,----,----,33.935568 S,151.220408 E,14,1,S,S,V
2019-09-29 06:10:55,17.2,2357,0.04,10.0,50.0,----,----,33.935603 S,151.220402 E,14,1,S,S,V
2019-09-29 06:11:17,20.3,2421,0.04,10.0,50.0,----,----,33.935622 S,151.220362 E,15,1,S,S,V
2019-09-29 06:11:26,20.5,2424,0.03,10.0,50.1,----,----,33.935630 S,151.220342 E,15,1,S,S,V
2019-09-29 06:11:30,14.1,2294,0.00,10.0,50.1,----,----,33.935623 S,151.220315 E,14,1,S,S,V
2019-09-29 06:11:33,13.8,2288,0.00,10.0,50.1,----,----,33.935628 S,151.220302 E,14,1,S,S,V
2019-09-29 06:11:36,13.5,2282,0.03,10.0,50.1,----,----,33.935632 S,151.220293 E,13,1,S,S,V
2019-09-29 06:11:38,16.5,2344,0.02,10.0,50.1,----,----,33.935635 S,151.220293 E,14,1,S,S,V
2019-09-29 06:11:40,25.1,2519,0.02,10.0,50.1,----,----,33.935642 S,151.220295 E,15,1,S,S,V
2019-09-29 06:11:44,28.3,2583,0.06,10.1,50.1,----,----,33.935660 S,151.220320 E,15,1,S,S,V
2019-09-29 06:11:47,24.0,2496,0.04,10.1,50.1,----,----,33.935650 S,151.220345 E,15,1,S,S,V
2019-09-29 06:11:49,22.0,2456,0.02,10.1,50.1,----,----,33.935647 S,151.220368 E,15,1,S,S,V
2019-09-29 06:11:52,25.9,2534,0.03,10.1,50.1,----,----,33.935633 S,151.220397 E,15,1,S,S,V
2019-09-29 06:11:54,24.1,2498,0.04,10.1,50.2,----,----,33.935645 S,151.220408 E,15,1,S,S,V
2019-09-29 06:11:57,18.1,2375,0.05,10.1,50.2,----,----,33.935645 S,151.220432 E,15,1,S,S,V
2019-09-29 06:12:00,23.4,2483,0.08,10.1,50.2,----,----,33.935640 S,151.220455 E,15,1,S,S,V
2019-09-29 06:12:04,31.3,2645,0.06,10.1,50.2,----,----,33.935635 S,151.220477 E,14,1,S,S,V
2019-09-29 06:12:07,26.4,2545,0.09,10.1,50.2,----,----,33.935622 S,151.220470 E,14,1,S,S,V
2019-09-29 06:12:10,16.6,2345,0.08,10.1,50.2,----,----,33.935620 S,151.220452 E,14,1,S,S,V
2019-09-29 06:12:12,11.9,2249,0.00,10.1,50.3,----,----,33.935598 S,151.220443 E,14,1,S,S,V
2019-09-29 06:12:17,13.2,2276,0.00,10.1,50.3,----,----,33.935595 S,151.220437 E,14,1,S,S,V
2019-09-29 06:12:19,13.6,2284,0.03,10.1,50.3,----,----,33.935597 S,151.220433 E,14,1,S,S,V
2019-09-29 06:12:22,15.2,2316,0.00,10.1,50.3,----,----,33.935595 S,151.220430 E,14,1,S,S,V
2019-09-29 06:12:27,19.5,2404,0.04,10.1,50.3,----,----,33.935592 S,151.220455 E,14,1,S,S,V
2019-09-29 06:12:29,21.0,2435,0.04,10.1,50.3,----,----,33.935585 S,151.220495 E,14,1,S,S,V
2019-09-29 06:12:32,29.9,2617,0.10,10.1,50.3,----,----,33.935585 S,151.220522 E,14,1,S,S,V
2019-09-29 06:12:34,33.6,2692,0.07,10.1,50.3,----,----,33.935568 S,151.220553 E,14,1,S,S,V
2019-09-29 06:12:37,33.4,2687,0.09,10.2,50.3,----,----,33.935552 S,151.220567 E,14,1,S,S,V
2019-09-29 06:12:39,33.0,2679,0.07,10.2,50.3,----,----,33.935518 S,151.220568 E,14,1,S,S,V
2019-09-29 06:12:42,24.5,2505,0.05,10.2,50.3,----,----,33.935507 S,151.220558 E,14,1,S,S,V
2019-09-29 06:12:44,24.9,2515,0.05,10.2,50.3,----,----,33.935508 S,151.220538 E,14,1,S,S,V
2019-09-29 06:12:46,23.2,2480,0.04,10.2,50.3,----,----,33.935515 S,151.220517 E,13,1,S,S,V
2019-09-29 06:12:48,31.0,2638,0.14,10.2,50.4,----,----,33.935510 S,151.220507 E,13,1,S,S,V
2019-09-29 06:12:51,32.0,2659,0.09,10.2,50.4,----,----,33.935507 S,151.220508 E,13,1,S,S,V
2019-09-29 06:12:53,30.2,2623,0.08,10.2,50.4,----,----,33.935503 S,151.220523 E,14,1,S,S,V
2019-09-29 06:12:56,19.4,2403,0.05,10.2,50.4,----,----,33.935508 S,151.220555 E,14,1,S,S,V
2019-09-29 06:16:30,17.9,2372,0.04,10.6,51.2,----,----,00.000000 N,000.000000 W,0,0,S,S,V
2019-09-29 06:16:34,17.0,2353,0.02,10.6,51.2,----,----,00.000000 N,000.000000 W,0,0,S,S,V
2019-09-29 06:16:37,13.8,2288,0.00,10.6,51.2,----,----,00.000000 N,000.000000 W,0,0,S,S,V
2019-09-29 06:16:40,13.5,2281,0.01,10.6,51.2,----,----,00.000000 N,000.000000 W,0,0,S,S,V
2019-09-29 06:16:42,14.6,2305,0.03,10.6,51.2,----,----,00.000000 N,000.000000 W,0,0,S,S,V
2019-09-29 06:16:45,18.5,2383,0.00,10.6,51.2,----,----,00.000000 N,000.000000 W,0,0,S,S,V
2019-09-29 06:16:48,16.7,2348,0.00,10.6,51.2,----,----,00.000000 N,000.000000 W,0,0,S,S,V
2019-09-29 06:16:50,21.5,2445,0.01,10.6,51.2,----,----,00.000000 N,000.000000 W,0,0,S,S,V
2019-09-29 06:16:53,16.2,2337,0.00,10.6,51.2,----,----,00.000000 N,000.000000 W,0,0,S,S,V
2019-09-29 06:16:56,12.8,2267,0.00,10.6,51.2,----,----,00.000000 N,000.000000 W,0,0,S,S,V
2019-09-29 06:16:58,16.1,2335,0.00,10.6,51.2,----,----,00.000000 N,000.000000 W,0,0,S,S,V
2019-09-29 06:17:01,16.2,2337,0.00,10.6,51.2,----,----,00.000000 N,000.000000 W,0,0,S,S,V
2019-09-29 06:17:04,15.0,2312,0.00,10.7,51.2,----,----,00.000000 N,000.000000 W,0,0,S,S,V
2019-09-29 06:17:07,18.2,2377,0.03,10.7,51.2,----,----,00.000000 N,000.000000 W,0,0,S,S,V
2019-09-29 06:17:09,15.4,2321,0.00,10.7,51.2,----,----,00.000000 N,000.000000 W,0,0,S,S,V
2019-09-29 06:17:12,17.9,2372,0.01,10.7,51.2,----,----,00.000000 N,000.000000 W,0,0,S,S,V
2019-09-29 06:17:15,15.2,2317,0.00,10.7,51.2,----,----,00.000000 N,000.000000 W,0,0,S,S,V
2019-09-29 06:17:17,13.5,2282,0.02,10.7,51.2,----,----,00.000000 N,000.000000 W,0,0,S,S,V
2019-09-29 06:17:25,17.2,2357,0.02,10.7,51.3,----,----,00.000000 N,000.000000 W,0,0,S,S,V
2019-09-29 06:17:29,15.9,2330,0.01,10.7,51.3,----,----,00.000000 N,000.000000 W,0,0,S,S,V
2019-09-29 06:17:32,16.5,2343,0.02,10.7,51.3,----,----,00.000000 N,000.000000 W,0,0,S,S,V
2019-09-29 06:17:34,17.1,2356,0.01,10.7,51.3,----,----,00.000000 N,000.000000 W,0,0,S,S,V
2019-09-29 06:17:37,14.1,2294,0.00,10.7,51.3,----,----,00.000000 N,000.000000 W,0,0,S,S,V
2019-09-29 06:17:40,12.5,2262,0.00,10.7,51.3,----,----,00.000000 N,000.000000 W,0,0,S,S,V
2019-09-29 06:17:43,17.7,2368,0.03,10.7,51.3,----,----,00.000000 N,000.000000 W,0,0,S,S,V
2019-09-29 06:17:45,12.8,2268,0.00,10.7,51.3,----,----,33.936202 S,151.220273 E,5,1,S,S,V
2019-09-29 06:17:48,18.1,2375,0.04,10.7,51.3,----,----,33.936178 S,151.220407 E,8,1,S,S,V
2019-09-29 06:17:51,13.8,2288,0.02,10.7,51.3,----,----,33.936193 S,151.220367 E,9,1,S,S,V
2019-09-29 06:17:54,16.7,2348,0.01,10.7,51.3,----,----,33.936233 S,151.220318 E,9,1,S,S,V
2019-09-29 06:17:56,19.0,2394,0.02,10.7,51.3,----,----,33.936305 S,151.220258 E,8,1,S,S,V
2019-09-29 06:18:00,17.1,2356,0.02,10.7,51.3,----,----,33.936325 S,151.220240 E,9,1,S,S,V
2019-09-29 06:18:03,16.2,2336,0.01,10.7,51.3,----,----,33.936317 S,151.220217 E,9,1,S,S,V
2019-09-29 06:18:06,13.8,2289,0.01,10.7,51.3,----,----,33.936303 S,151.220198 E,9,1,S,S,V
2019-09-29 06:18:08,15.8,2328,0.00,10.7,51.3,----,----,33.936285 S,151.220190 E,8,1,S,S,V
2019-09-29 06:18:11,15.4,2321,0.02,10.7,51.3,----,----,33.936280 S,151.220193 E,8,1,S,S,V
2019-09-29 06:18:14,16.9,2351,0.01,10.7,51.3,----,----,33.936258 S,151.220210 E,9,1,S,S,V
2019-09-29 06:18:17,17.2,2357,0.00,10.7,51.4,----,----,33.936247 S,151.220192 E,9,1,S,S,V
2019-09-29 06:18:21,11.5,2241,0.03,10.7,51.3,----,----,33.936247 S,151.220173 E,9,1,S,S,V
2019-09-29 06:18:23,16.8,2349,0.00,10.7,51.4,----,----,33.936263 S,151.220172 E,9,1,S,S,V
2019-09-29 06:18:31,15.7,2326,0.00,10.7,51.4,----,----,33.936272 S,151.220187 E,9,1,S,S,V
2019-09-29 06:31:11,25.8,2532,0.00,11.3,52.4,----,----,00.000000 N,000.000000 W,0,0,S,S,V
2019-09-29 06:31:15,24.4,2504,0.04,11.3,52.4,----,----,00.000000 N,000.000000 W,0,0,S,S,V
2019-09-29 06:31:18,23.0,2475,0.04,11.3,52.4,----,----,00.000000 N,000.000000 W,0,0,S,S,V
2019-09-29 06:31:21,22.2,2459,0.05,11.4,52.5,----,----,00.000000 N,000.000000 W,0,0,S,S,V
2019-09-29 06:31:24,19.1,2396,0.00,11.4,52.5,----,----,00.000000 N,000.000000 W,0,0,S,S,V
2019-09-29 06:31:26,21.6,2446,0.02,11.4,52.5,----,----,00.000000 N,000.000000 W,0,0,S,S,V
2019-09-29 06:31:29,21.2,2438,0.02,11.4,52.5,----,----,00.000000 N,000.000000 W,0,0,S,S,V
2019-09-29 06:31:32,22.0,2456,0.06,11.4,52.5,----,----,00.000000 N,000.000000 W,0,0,S,S,V
2019-09-29 06:31:35,23.2,2479,0.06,11.4,52.5,----,----,00.000000 N,000.000000 W,0,0,S,S,V
2019-09-29 06:31:37,22.0,2456,0.05,11.4,52.5,----,----,00.000000 N,000.000000 W,0,0,S,S,V
2019-09-29 06:31:39,21.1,2436,0.03,11.4,52.5,----,----,00.000000 N,000.000000 W,0,0,S,S,V
2019-09-29 06:31:42,27.7,2572,0.05,11.4,52.5,----,----,00.000000 N,000.000000 W,0,0,S,S,V
2019-09-29 06:31:44,25.0,2517,0.04,11.4,52.5,----,----,00.000000 N,000.000000 W,0,0,S,S,V
2019-09-29 06:31:47,23.1,2478,0.01,11.4,52.5,----,----,00.000000 N,000.000000 W,0,0,S,S,V
2019-09-29 06:31:49,17.9,2371,0.02,11.4,52.6,----,----,00.000000 N,000.000000 W,0,0,S,S,V
2019-09-29 06:31:52,20.3,2421,0.00,11.4,52.5,----,----,00.000000 N,000.000000 W,0,0,S,S,V
2019-09-29 06:31:54,21.9,2453,0.02,11.4,52.5,----,----,00.000000 N,000.000000 W,0,0,S,S,V
2019-09-29 06:31:56,19.3,2400,0.03,11.4,52.6,----,----,00.000000 N,000.000000 W,0,0,S,S,V
2019-09-29 06:31:59,20.2,2419,0.05,11.4,52.5,----,----,00.000000 N,000.000000 W,0,0,S,S,V
2019-09-29 06:32:01,20.3,2421,0.11,11.4,52.6,----,----,00.000000 N,000.000000 W,0,0,S,S,V
2019-09-29 06:32:03,19.4,2403,0.03,11.4,52.6,----,----,00.000000 N,000.000000 W,0,0,S,S,V
2019-09-29 06:32:06,15.9,2330,0.00,11.4,52.6,----,----,00.000000 N,000.000000 W,0,0,S,S,V
2019-09-29 06:32:08,27.4,2565,0.06,11.4,52.6,----,----,00.000000 N,000.000000 W,0,0,S,S,V
2019-09-29 06:32:10,24.8,2512,0.07,11.4,52.6,----,----,00.000000 N,000.000000 W,0,0,S,S,V
2019-09-29 06:32:12,21.2,2439,0.05,11.4,52.6,----,----,00.000000 N,000.000000 W,0,0,S,S,V
2019-09-29 06:32:15,20.3,2421,0.02,11.4,52.6,----,----,00.000000 N,000.000000 W,0,0,S,S,V
2019-09-29 06:32:22,20.6,2426,0.00,11.4,52.6,----,----,00.000000 N,000.000000 W,0,0,S,S,V
2019-09-29 06:32:25,20.3,2421,0.02,11.4,52.6,----,----,00.000000 N,000.000000 W,0,0,S,S,V
2019-09-29 06:32:28,18.9,2391,0.04,11.4,52.6,----,----,00.000000 N,000.000000 W,0,0,S,S,V
2019-09-29 06:32:30,22.5,2465,0.04,11.4,52.6,----,----,00.000000 N,000.000000 W,0,0,S,S,V
2019-09-29 06:32:33,27.1,2559,0.08,11.4,52.6,----,----,00.000000 N,000.000000 W,0,0,S,S,V
2019-09-29 06:32:35,28.1,2580,0.09,11.4,52.6,----,----,00.000000 N,000.000000 W,0,0,S,S,V
2019-09-29 06:32:38,24.5,2507,0.04,11.4,52.6,----,----,00.000000 N,000.000000 W,0,0,S,S,V
2019-09-29 06:32:40,20.3,2421,0.02,11.4,52.6,----,----,00.000000 N,000.000000 W,0,0,S,S,V
2019-09-29 06:32:43,20.9,2433,0.00,11.4,52.6,----,----,00.000000 N,000.000000 W,0,0,S,S,V
2019-09-29 06:32:45,22.5,2466,0.05,11.4,52.6,----,----,00.000000 N,000.000000 W,0,0,S,S,V
2019-09-29 06:32:48,21.8,2450,0.04,11.4,52.6,----,----,00.000000 N,000.000000 W,0,0,S,S,V
2019-09-29 06:32:51,22.2,2459,0.03,11.5,52.7,----,----,00.000000 N,000.000000 W,0,0,S,S,V
2019-09-29 06:32:53,15.5,2322,0.04,11.5,52.7,----,----,00.000000 N,000.000000 W,0,0,S,S,V
2019-09-29 06:32:56,25.8,2532,0.03,11.5,52.7,----,----,00.000000 N,000.000000 W,0,0,S,S,V
2019-09-29 06:32:59,24.2,2499,0.01,11.5,52.7,----,----,00.000000 N,000.000000 W,0,0,S,S,V
2019-09-29 06:34:36,20.4,2422,0.02,11.6,53.0,----,----,00.000000 N,000.000000 W,0,0,S,S,V
2019-09-29 06:34:39,17.3,2359,0.01,11.6,53.0,----,----,00.000000 N,000.000000 W,0,0,S,S,V
2019-09-29 06:34:42,18.7,2388,0.01,11.6,53.0,----,----,00.000000 N,000.000000 W,0,0,S,S,V
2019-09-29 06:34:45,23.7,2490,0.03,11.6,53.0,----,----,00.000000 N,000.000000 W,0,0,S,S,V
2019-09-29 06:34:48,22.7,2469,0.10,11.7,53.0,----,----,00.000000 N,000.000000 W,0,0,S,S,V
2019-09-29 06:34:51,27.8,2573,0.04,11.7,53.0,----,----,00.000000 N,000.000000 W,0,0,S,S,V
2019-09-29 06:34:54,21.8,2451,0.02,11.7,53.0,----,----,00.000000 N,000.000000 W,0,0,S,S,V
2019-09-29 06:34:56,22.2,2460,0.06,11.7,53.1,----,----,00.000000 N,000.000000 W,0,0,S,S,V
2019-09-29 06:34:59,20.1,2416,0.03,11.7,53.1,----,----,00.000000 N,000.000000 W,0,0,S,S,V
2019-09-29 06:35:01,19.8,2411,0.04,11.7,53.1,----,----,00.000000 N,000.000000 W,0,0,S,S,V
2019-09-29 06:35:03,20.8,2431,0.06,11.7,53.1,----,----,00.000000 N,000.000000 W,0,0,S,S,V
2019-09-29 06:35:06,19.7,2409,0.06,11.7,53.1,----,----,00.000000 N,000.000000 W,0,0,S,S,V
2019-09-29 06:35:09,16.8,2349,0.02,11.7,53.1,----,----,00.000000 N,000.000000 W,0,0,S,S,V
2019-09-29 06:35:11,14.3,2299,0.00,11.7,53.1,----,----,00.000000 N,000.000000 W,0,0,S,S,V
2019-09-29 06:35:14,19.2,2399,0.00,11.7,53.2,----,----,00.000000 N,000.000000 W,0,0,S,S,V
2019-09-29 06:35:16,20.1,2416,0.07,11.7,53.2,----,----,00.000000 N,000.000000 W,0,0,S,S,V
2019-09-29 06:35:19,24.4,2504,0.00,11.7,53.2,----,----,00.000000 N,000.000000 W,0,0,S,S,V
2019-09-29 06:35:21,23.4,2484,0.08,11.7,53.2,----,----,00.000000 N,000.000000 W,0,0,S,S,V
2019-09-29 06:35:24,22.5,2466,0.06,11.8,53.2,----,----,00.000000 N,000.000000 W,0,0,S,S,V
2019-09-29 06:35:27,16.0,2332,0.00,11.8,53.2,----,----,00.000000 N,000.000000 W,0,0,S,S,V
2019-09-29 06:35:29,17.1,2355,0.01,11.8,53.2,----,----,00.000000 N,000.000000 W,0,0,S,S,V
2019-09-29 06:35:32,18.8,2389,0.04,11.8,53.2,----,----,00.000000 N,000.000000 W,0,0,S,S,V
2019-09-29 06:35:35,21.2,2439,0.19,11.8,53.2,----,----,00.000000 N,000.000000 W,0,0,S,S,V
2019-09-29 06:35:37,13.9,2291,0.10,11.8,53.2,----,----,00.000000 N,000.000000 W,0,0,S,S,V
2019-09-29 06:35:40,20.4,2422,0.04,11.8,53.2,----,----,00.000000 N,000.000000 W,0,0,S,S,V
2019-09-29 06:35:42,24.7,2510,0.04,11.8,53.2,----,----,33.938952 S,151.222670 E,6,1,S,S,V
2019-09-29 06:35:44,24.9,2515,0.07,11.8,53.3,----,----,33.938878 S,151.222627 E,6,1,S,S,V
2019-09-29 06:35:47,25.2,2520,0.05,11.8,53.3,----,----,33.938892 S,151.222575 E,6,1,S,S,V
2019-09-29 06:35:51,18.5,2383,0.00,11.8,53.3,----,----,33.938917 S,151.222573 E,6,1,S,S,V
2019-09-29 06:35:58,17.4,2362,0.00,11.8,53.3,----,----,33.938850 S,151.222520 E,6,1,S,S,V
2019-09-29 06:36:01,17.9,2372,0.02,11.8,53.3,----,----,33.938833 S,151.222515 E,6,1,S,S,V
2019-09-29 06:36:03,13.0,2271,0.00,11.8,53.4,----,----,33.938840 S,151.222505 E,7,1,S,S,V
2019-09-29 06:36:06,14.9,2310,0.00,11.8,53.4,----,----,33.938832 S,151.222497 E,7,1,S,S,V
2019-09-29 06:36:08,17.4,2361,0.02,11.9,53.4,----,----,33.938825 S,151.222460 E,7,1,S,S,V
2019-09-29 06:40:11,24.6,2509,0.04,12.4,54.3,----,----,00.000000 N,000.000000 W,0,0,S,S,V
2019-09-29 06:40:15,15.4,2321,0.02,12.4,54.3,----,----,00.000000 N,000.000000 W,0,0,S,S,V
2019-09-29 06:40:18,20.4,2423,0.04,12.4,54.3,----,----,00.000000 N,000.000000 W,0,0,S,S,V
2019-09-29 06:40:22,18.1,2375,0.03,12.4,54.3,----,----,00.000000 N,000.000000 W,0,0,S,S,V
2019-09-29 06:40:25,22.0,2455,0.05,12.4,54.3,----,----,00.000000 N,000.000000 W,0,0,S,S,V
2019-09-29 06:40:29,19.9,2413,0.02,12.4,54.4,----,----,00.000000 N,000.000000 W,0,0,S,S,V
2019-09-29 06:40:32,22.2,2459,0.02,12.4,54.4,----,----,00.000000 N,000.000000 W,0,0,S,S,V
2019-09-29 06:40:35,20.1,2417,0.00,12.4,54.4,----,----,00.000000 N,000.000000 W,0,0,S,S,V
2019-09-29 06:40:39,18.3,2379,0.00,12.4,54.4,----,----,00.000000 N,000.000000 W,0,0,S,S,V
2019-09-29 06:40:41,18.9,2391,0.00,12.4,54.4,----,----,33.940660 S,151.222810 E,6,1,S,S,V
2019-09-29 06:40:45,24.6,2509,0.09,12.4,54.4,----,----,33.940650 S,151.222630 E,7,1,S,S,V
2019-09-29 06:40:48,23.4,2483,0.06,12.4,54.4,----,----,33.940692 S,151.222587 E,7,1,S,S,V
2019-09-29 06:40:51,19.9,2413,0.02,12.4,54.4,----,----,33.940755 S,151.222503 E,7,1,S,S,V
2019-09-29 06:40:54,22.3,2462,0.04,12.4,54.4,----,----,33.940790 S,151.222512 E,7,1,S,S,V
2019-09-29 06:40:57,22.2,2460,0.03,12.4,54.4,----,----,33.940812 S,151.222533 E,7,1,S,S,V
2019-09-29 06:41:03,23.6,2487,0.07,12.4,54.4,----,----,33.940777 S,151.222572 E,8,1,S,S,V
2019-09-29 06:41:07,21.1,2436,0.06,12.5,54.5,----,----,33.940750 S,151.222592 E,8,1,S,S,V
2019-09-29 06:41:20,24.5,2506,0.00,12.5,54.5,----,----,33.940720 S,151.222620 E,8,1,S,S,V
2019-09-29 06:41:24,24.4,2503,0.06,12.5,54.5,----,----,33.940718 S,151.222658 E,8,1,S,S,V
2019-09-29 06:41:27,20.4,2423,0.02,12.5,54.5,----,----,33.940737 S,151.222657 E,8,1,S,S,V
2019-09-29 06:41:31,17.9,2372,0.00,12.5,54.5,----,----,33.940768 S,151.222648 E,8,1,S,S,V
2019-09-29 06:41:34,21.8,2452,0.07,12.5,54.5,----,----,33.940800 S,151.222627 E,8,1,S,S,V
2019-09-29 06:41:36,24.2,2499,0.06,12.5,54.5,----,----,33.940813 S,151.222600 E,7,1,S,S,V
2019-09-29 06:41:39,20.9,2432,0.00,12.5,54.5,----,----,33.940825 S,151.222555 E,7,1,S,S,V
2019-09-29 06:41:42,22.6,2468,0.04,12.5,54.6,----,----,33.940843 S,151.222548 E,7,1,S,S,V
2019-09-29 06:41:45,13.7,2285,0.01,12.5,54.6,----,----,33.940882 S,151.222562 E,7,1,S,S,V
2019-09-29 06:41:48,15.8,2328,0.00,12.5,54.6,----,----,33.940892 S,151.222573 E,7,1,S,S,V
2019-09-29 06:41:51,10.1,2213,0.00,12.5,54.6,----,----,33.940912 S,151.222587 E,7,1,S,S,V
2019-09-29 06:41:54,12.3,2257,0.00,12.5,54.6,----,----,33.940908 S,151.222590 E,7,1,S,S,V
2019-09-29 06:41:57,20.2,2419,0.04,12.5,54.6,----,----,33.940892 S,151.222615 E,7,1,S,S,V
2019-09-29 06:42:00,21.2,2439,0.00,12.6,54.7,----,----,33.940872 S,151.222642 E,7,1,S,S,V
2019-09-29 06:42:04,22.5,2466,0.03,12.6,54.7,----,----,33.940833 S,151.222638 E,7,1,S,S,V
2019-09-29 06:42:07,20.1,2416,0.04,12.6,54.7,----,----,33.940790 S,151.222650 E,6,1,S,S,V
2019-09-29 06:42:11,16.4,2342,0.00,12.6,54.7,----,----,33.940735 S,151.222695 E,8,1,S,S,V
2019-09-29 06:42:14,18.8,2389,0.01,12.6,54.7,----,----,33.940717 S,151.222703 E,8,1,S,S,V
2019-09-29 06:42:17,19.8,2411,0.05,12.6,54.8,----,----,33.940685 S,151.222723 E,8,1,S,S,V
2019-09-29 06:42:21,20.1,2417,0.02,12.6,54.8,----,----,33.940672 S,151.222728 E,7,1,S,S,V
2019-09-29 06:42:33,20.5,2424,0.02,12.7,54.8,----,----,33.940673 S,151.222745 E,6,1,S,S,V
2019-09-29 06:42:41,18.2,2377,0.03,12.7,54.9,----,----,33.940675 S,151.222757 E,8,1,S,S,V
2019-09-29 06:42:44,12.3,2257,0.00,12.7,54.9,----,----,33.940700 S,151.222767 E,9,1,S,S,V
2019-09-29 06:42:47,18.2,2378,0.02,12.7,54.9,----,----,33.940718 S,151.222782 E,9,1,S,S,V
2019-09-29 06:42:50,06.6,2142,0.00,12.7,54.9,----,----,33.940707 S,151.222823 E,10,1,S,S,V
2019-09-29 06:42:53,06.5,2140,0.00,12.7,55.0,----,----,33.940698 S,151.222857 E,10,1,S,S,V
2019-09-29 06:42:56,10.8,2227,0.00,12.8,55.0,----,----,33.940672 S,151.222867 E,10,1,S,S,V
2019-09-29 06:42:59,13.2,2275,0.00,12.8,55.0,----,----,33.940665 S,151.222860 E,10,1,S,S,V
2019-09-29 06:43:02,11.5,2242,0.00,12.8,55.1,----,----,33.940670 S,151.222843 E,10,1,S,S,V
2019-09-29 06:43:05,15.8,2328,0.00,12.8,55.1,----,----,33.940687 S,151.222813 E,8,1,S,S,V
2019-09-29 06:43:07,15.2,2316,0.00,12.8,55.1,----,----,33.940690 S,151.222810 E,10,1,S,S,V
2019-09-29 06:43:10,14.2,2297,0.00,12.8,55.1,----,----,33.940685 S,151.222802 E,10,1,S,S,V
2019-09-29 06:43:14,13.7,2285,0.00,12.8,55.1,----,----,33.940675 S,151.222780 E,10,1,S,S,V
2019-09-29 06:50:28,30.2,2623,0.03,14.5,58.2,----,----,00.000000 N,000.000000 W,0,0,S,S,V
2019-09-29 06:50:32,23.4,2483,0.03,14.5,58.2,----,----,00.000000 N,000.000000 W,0,0,S,S,V
2019-09-29 06:50:35,23.2,2480,0.00,14.5,58.2,----,----,00.000000 N,000.000000 W,0,0,S,S,V
2019-09-29 06:50:38,20.7,2429,0.04,14.5,58.2,----,----,00.000000 N,000.000000 W,0,0,S,S,V
2019-09-29 06:50:41,14.4,2301,0.00,14.5,58.2,----,----,00.000000 N,000.000000 W,0,0,S,S,V
2019-09-29 06:50:43,21.2,2439,0.03,14.5,58.1,----,----,33.943113 S,151.221083 E,6,1,S,S,V
2019-09-29 06:50:46,13.6,2284,0.00,14.5,58.1,----,----,33.943117 S,151.220945 E,7,1,S,S,V
2019-09-29 06:50:48,14.5,2302,0.00,14.5,58.1,----,----,33.943118 S,151.220947 E,6,1,S,S,V
2019-09-29 06:50:58,15.6,2325,0.02,14.4,58.0,----,----,33.943148 S,151.221000 E,7,1,S,S,V
2019-09-29 06:51:02,17.6,2365,0.00,14.4,58.0,----,----,33.943140 S,151.221012 E,7,1,S,S,V
2019-09-29 06:51:24,20.7,2429,0.06,14.4,57.9,----,----,33.943225 S,151.221082 E,7,1,S,S,V
2019-09-29 06:51:28,15.6,2325,0.02,14.3,57.8,----,----,33.943245 S,151.221093 E,8,1,S,S,V
2019-09-29 06:51:31,17.7,2368,0.00,14.3,57.8,----,----,33.943257 S,151.221118 E,8,1,S,S,V
2019-09-29 06:51:34,25.1,2519,0.04,14.3,57.8,----,----,33.943253 S,151.221150 E,7,1,S,S,V
2019-09-29 06:51:38,13.4,2279,0.00,14.3,57.8,----,----,33.943250 S,151.221167 E,8,1,S,S,V
2019-09-29 06:51:42,15.0,2312,0.01,14.3,57.8,----,----,33.943283 S,151.221178 E,8,1,S,S,V
2019-09-29 06:51:46,17.4,2362,0.04,14.3,57.8,----,----,33.943298 S,151.221162 E,7,1,S,S,V
2019-09-29 06:51:49,18.1,2376,0.02,14.3,57.8,----,----,33.943307 S,151.221130 E,8,1,S,S,V
2019-09-29 06:51:54,18.4,2381,0.04,14.3,57.8,----,----,33.943283 S,151.221083 E,8,1,S,S,V
2019-09-29 06:52:24,16.6,2346,0.00,14.2,57.6,----,----,33.943290 S,151.221100 E,9,1,S,S,V
2019-09-29 06:52:27,21.7,2448,0.01,14.2,57.6,----,----,33.943308 S,151.221107 E,8,1,S,S,V
2019-09-29 06:52:30,24.5,2507,0.04,14.2,57.6,----,----,33.943325 S,151.221105 E,7,1,S,S,V
2019-09-29 06:52:34,19.4,2403,0.00,14.2,57.6,----,----,33.943368 S,151.221117 E,8,1,S,S,V
2019-09-29 06:52:37,23.3,2482,0.03,14.2,57.6,----,----,33.943403 S,151.221113 E,7,1,S,S,V
2019-09-29 06:52:40,22.5,2466,0.06,14.2,57.6,----,----,33.943397 S,151.221088 E,8,1,S,S,V
2019-09-29 06:52:43,20.8,2430,0.02,14.2,57.6,----,----,33.943378 S,151.221070 E,8,1,S,S,V
2019-09-29 06:52:46,20.8,2431,0.01,14.2,57.6,----,----,33.943362 S,151.221038 E,8,1,S,S,V
2019-09-29 06:52:48,22.2,2460,0.03,14.2,57.6,----,----,33.943352 S,151.221013 E,9,1,S,S,V
2019-09-29 06:52:51,20.8,2430,0.00,14.2,57.6,----,----,33.943365 S,151.221007 E,9,1,S,S,V
2019-09-29 06:52:54,21.1,2436,0.05,14.2,57.6,----,----,33.943372 S,151.220998 E,9,1,S,S,V
2019-09-29 06:52:57,20.2,2419,0.01,14.2,57.5,----,----,33.943393 S,151.221023 E,9,1,S,S,V
2019-09-29 06:53:00,18.8,2389,0.00,14.2,57.5,----,----,33.943420 S,151.221008 E,9,1,S,S,V
2019-09-29 06:53:03,20.0,2415,0.00,14.1,57.5,----,----,33.943410 S,151.220992 E,8,1,S,S,V
2019-09-29 06:53:06,16.4,2341,0.00,14.1,57.5,----,----,33.943397 S,151.220967 E,9,1,S,S,V
2019-09-29 06:53:09,21.8,2450,0.00,14.1,57.5,----,----,33.943397 S,151.220948 E,9,1,S,S,V
2019-09-29 06:53:14,16.8,2349,0.00,14.1,57.4,----,----,33.943383 S,151.220932 E,9,1,S,S,V
2019-09-29 06:53:16,18.6,2385,0.02,14.1,57.4,----,----,33.943377 S,151.220918 E,9,1,S,S,V
2019-09-29 06:53:19,11.5,2242,0.00,14.1,57.4,----,----,33.943353 S,151.220913 E,8,1,S,S,V
2019-09-29 06:53:23,12.4,2260,0.00,14.1,57.4,----,----,33.943338 S,151.220913 E,8,1,S,S,V
2019-09-29 06:53:26,18.6,2385,0.01,14.1,57.4,----,----,33.943323 S,151.220902 E,8,1,S,S,V
2019-09-29 06:53:30,19.4,2402,0.00,14.1,57.4,----,----,33.943292 S,151.220920 E,8,1,S,S,V
2019-09-29 06:53:32,15.2,2317,0.00,14.1,57.4,----,----,33.943263 S,151.220947 E,8,1,S,S,V
2019-09-29 06:53:35,16.7,2348,0.00,14.1,57.4,----,----,33.943237 S,151.220953 E,8,1,S,S,V
2019-09-29 06:53:38,23.4,2483,0.04,14.1,57.4,----,----,33.943212 S,151.220930 E,8,1,S,S,V
2019-09-29 06:53:41,30.9,2637,0.07,14.1,57.4,----,----,33.943198 S,151.220898 E,8,1,S,S,V
2019-09-29 07:02:24,17.4,2362,0.00,16.8,62.3,----,----,00.000000 N,000.000000 W,0,0,S,S,V
2019-09-29 07:02:31,15.1,2314,0.02,16.8,62.3,----,----,00.000000 N,000.000000 W,0,0,S,S,V
2019-09-29 07:02:36,20.2,2419,0.04,16.8,62.3,----,----,00.000000 N,000.000000 W,0,0,S,S,V
2019-09-29 07:02:50,20.1,2416,0.01,16.8,62.2,----,----,33.944240 S,151.221333 E,6,1,S,S,V
2019-09-29 07:02:54,20.8,2431,0.03,16.8,62.2,----,----,33.944278 S,151.221353 E,6,1,S,S,V
2019-09-29 07:02:57,18.4,2381,0.02,16.8,62.2,----,----,33.944292 S,151.221417 E,6,1,S,S,V
2019-09-29 07:03:00,20.1,2417,0.00,16.7,62.2,----,----,33.944308 S,151.221460 E,6,1,S,S,V
2019-09-29 07:03:04,22.0,2455,0.05,16.7,62.1,----,----,33.944308 S,151.221473 E,6,1,S,S,V
2019-09-29 07:03:07,20.4,2422,0.00,16.7,62.1,----,----,33.944307 S,151.221458 E,6,1,S,S,V
2019-09-29 07:03:10,21.3,2441,0.01,16.7,62.0,----,----,33.944328 S,151.221440 E,5,1,S,S,V
2019-09-29 07:03:13,19.2,2398,0.03,16.7,62.0,----,----,33.944348 S,151.221447 E,5,1,S,S,V
2019-09-29 07:03:14,00.0,1978,0.00,16.7,62.0,----,----,33.944350 S,151.221438 E,5,1,S,S,V
2019-09-29 07:03:16,19.4,2402,0.01,16.6,62.0,----,----,33.944348 S,151.221447 E,5,1,S,S,V
2019-09-29 07:03:19,21.2,2438,0.00,16.6,62.0,----,----,33.944325 S,151.221495 E,6,1,S,S,V
2019-09-29 07:03:23,19.3,2400,0.00,16.6,61.9,----,----,33.944353 S,151.221507 E,6,1,S,S,V
2019-09-29 07:03:26,15.5,2322,0.03,16.6,61.9,----,----,33.944378 S,151.221520 E,5,1,S,S,V
2019-09-29 07:03:29,08.0,2170,0.00,16.6,61.9,----,----,33.944408 S,151.221528 E,5,1,S,S,V
2019-09-29 07:03:33,08.3,2177,0.00,16.5,61.8,----,----,33.944425 S,151.221515 E,5,1,S,S,V
2019-09-29 07:03:40,18.3,2379,0.00,16.5,61.7,----,----,33.944463 S,151.221508 E,7,1,S,S,V
2019-09-29 07:03:43,23.3,2482,0.00,16.5,61.7,----,----,33.944490 S,151.221500 E,7,1,S,S,V
2019-09-29 07:04:00,20.2,2418,0.03,16.4,61.6,----,----,33.944538 S,151.221478 E,5,1,S,S,V
2019-09-29 07:04:03,20.3,2421,0.06,16.4,61.6,----,----,33.944533 S,151.221410 E,6,1,S,S,V
2019-09-29 07:04:06,19.1,2395,0.00,16.4,61.6,----,----,33.944558 S,151.221385 E,6,1,S,S,V
2019-09-29 07:04:09,21.6,2446,0.00,16.4,61.5,----,----,33.944542 S,151.221372 E,5,1,S,S,V
2019-09-29 07:04:12,19.6,2406,0.00,16.4,61.5,----,----,33.944523 S,151.221398 E,6,1,S,S,V
2019-09-29 07:04:15,17.1,2356,0.00,16.4,61.5,----,----,33.944495 S,151.221415 E,6,1,S,S,V
2019-09-29 07:04:19,20.2,2419,0.01,16.3,61.5,----,----,33.944455 S,151.221422 E,7,1,S,S,V
2019-09-29 07:04:22,20.9,2432,0.01,16.3,61.5,----,----,33.944440 S,151.221405 E,7,1,S,S,V
2019-09-29 07:04:24,16.4,2342,0.00,16.3,61.4,----,----,33.944455 S,151.221348 E,6,1,S,S,V
2019-09-29 07:04:27,15.9,2330,0.00,16.3,61.4,----,----,33.944477 S,151.221322 E,7,1,S,S,V
2019-09-29 07:04:30,15.7,2326,0.02,16.3,61.4,----,----,33.944497 S,151.221312 E,6,1,S,S,V
2019-09-29 07:04:34,09.4,2198,0.00,16.3,61.3,----,----,33.944520 S,151.221253 E,6,1,S,S,V
2019-09-29 07:04:37,12.8,2268,0.00,16.3,61.3,----,----,33.944518 S,151.221248 E,5,1,S,S,V
2019-09-29 07:04:39,14.3,2299,0.00,16.3,61.3,----,----,33.944500 S,151.221228 E,5,1,S,S,V
2019-09-29 07:04:43,12.7,2265,0.00,16.3,61.3,----,----,33.944502 S,151.221228 E,5,1,S,S,V
2019-09-29 07:04:46,13.8,2288,0.00,16.3,61.3,----,----,33.944478 S,151.221242 E,4,1,S,S,V
2019-09-29 07:04:49,19.5,2404,0.03,16.2,61.3,----,----,33.944448 S,151.221243 E,5,1,S,S,V
2019-09-29 07:04:53,18.9,2391,0.03,16.2,61.3,----,----,33.944437 S,151.221240 E,5,1,S,S,V
2019-09-29 07:04:58,18.9,2392,0.03,16.2,61.3,----,----,33.944437 S,151.221312 E,6,1,S,S,V
2019-09-29 07:05:01,14.9,2311,0.00,16.2,61.3,----,----,33.944418 S,151.221362 E,6,1,S,S,V
2019-09-29 07:10:58,19.4,2402,0.00,17.0,62.6,----,----,00.000000 N,000.000000 W,0,0,S,S,V
2019-09-29 07:11:03,23.7,2489,0.02,17.0,62.6,----,----,00.000000 N,000.000000 W,0,0,S,S,V
2019-09-29 07:11:06,26.4,2544,0.08,17.0,62.6,----,----,00.000000 N,000.000000 W,0,0,S,S,V
2019-09-29 07:11:10,20.7,2429,0.00,17.0,62.6,----,----,00.000000 N,000.000000 W,0,0,S,S,V
2019-09-29 07:11:14,20.1,2417,0.03,17.0,62.6,----,----,00.000000 N,000.000000 W,0,0,S,S,V
2019-09-29 07:11:18,21.1,2437,0.04,17.0,62.6,----,----,00.000000 N,000.000000 W,0,0,S,S,V
2019-09-29 07:11:21,23.9,2493,0.07,17.0,62.6,----,----,00.000000 N,000.000000 W,0,0,S,S,V
2019-09-29 07:11:24,23.1,2477,0.06,16.9,62.5,----,----,00.000000 N,000.000000 W,0,0,S,S,V
2019-09-29 07:11:27,27.3,2564,0.13,16.9,62.5,----,----,00.000000 N,000.000000 W,0,0,S,S,V
2019-09-29 07:11:30,24.9,2515,0.09,16.9,62.5,----,----,00.000000 N,000.000000 W,0,0,S,S,V
2019-09-29 07:11:33,18.0,2373,0.00,16.9,62.4,----,----,00.000000 N,000.000000 W,0,0,S,S,V
2019-09-29 07:11:35,15.0,2312,0.01,16.9,62.4,----,----,00.000000 N,000.000000 W,0,0,S,S,V
2019-09-29 07:11:39,23.1,2477,0.09,16.9,62.4,----,----,00.000000 N,000.000000 W,0,0,S,S,V
2019-09-29 07:11:42,19.2,2398,0.03,16.8,62.4,----,----,00.000000 N,000.000000 W,0,0,S,S,V
2019-09-29 07:11:46,20.3,2421,0.00,16.8,62.3,----,----,33.943770 S,151.220443 E,7,1,S,S,V
2019-09-29 07:11:50,15.0,2312,0.04,16.8,62.2,----,----,33.943728 S,151.220513 E,7,1,S,S,V
2019-09-29 07:11:51,20.4,2422,0.00,16.8,62.2,----,----,33.943725 S,151.220520 E,7,1,S,S,V
2019-09-29 07:11:59,22.1,2458,0.00,16.7,62.2,----,----,33.943702 S,151.220547 E,6,1,S,S,V
2019-09-29 07:12:08,19.7,2408,0.02,16.7,62.0,----,----,33.943683 S,151.220563 E,6,1,S,S,V
2019-09-29 07:12:12,17.4,2362,0.00,16.6,62.0,----,----,33.943675 S,151.220595 E,8,1,S,S,V
2019-09-29 07:12:21,17.3,2359,0.00,16.6,61.9,----,----,33.943677 S,151.220650 E,7,1,S,S,V
2019-09-29 07:12:24,21.2,2438,0.02,16.5,61.8,----,----,33.943693 S,151.220650 E,7,1,S,S,V
2019-09-29 07:12:33,17.8,2370,0.02,16.5,61.7,----,----,33.943710 S,151.220605 E,7,1,S,S,V
2019-09-29 07:12:36,19.8,2411,0.00,16.4,61.6,----,----,33.943717 S,151.220590 E,7,1,S,S,V
2019-09-29 07:12:39,18.3,2379,0.03,16.4,61.6,----,----,33.943715 S,151.220572 E,8,1,S,S,V
2019-09-29 07:12:42,18.8,2390,0.04,16.4,61.6,----,----,33.943708 S,151.220515 E,8,1,S,S,V
2019-09-29 07:12:45,18.9,2391,0.00,16.4,61.6,----,----,33.943722 S,151.220508 E,8,1,S,S,V
2019-09-29 07:12:48,18.1,2376,0.02,16.4,61.5,----,----,33.943733 S,151.220505 E,8,1,S,S,V
2019-09-29 07:12:51,18.8,2390,0.02,16.3,61.5,----,----,33.943752 S,151.220512 E,8,1,S,S,V
2019-09-29 07:12:53,28.4,2585,0.05,16.3,61.5,----,----,33.943772 S,151.220523 E,8,1,S,S,V
2019-09-29 07:12:56,19.8,2411,0.05,16.3,61.4,----,----,33.943780 S,151.220537 E,8,1,S,S,V
2019-09-29 07:12:58,21.5,2444,0.00,16.3,61.3,----,----,33.943772 S,151.220563 E,8,1,S,S,V
2019-09-29 07:13:01,18.5,2384,0.00,16.3,61.3,----,----,33.943777 S,151.220565 E,8,1,S,S,V
2019-09-29 07:13:04,20.3,2421,0.02,16.3,61.3,----,----,33.943768 S,151.220585 E,8,1,S,S,V
2019-09-29 07:13:30,14.8,2309,0.00,16.1,61.1,----,----,33.943785 S,151.220577 E,8,1,S,S,V
2019-09-29 07:13:33,18.6,2386,0.01,16.1,61.0,----,----,33.943777 S,151.220612 E,8,1,S,S,V
2019-09-29 07:13:35,21.2,2439,0.04,16.1,61.0,----,----,33.943778 S,151.220633 E,8,1,S,S,V
2019-09-29 07:13:38,19.7,2409,0.03,16.1,61.0,----,----,33.943772 S,151.220640 E,8,1,S,S,V
2019-09-29 07:13:58,24.2,2500,0.00,16.0,60.8,----,----,33.943768 S,151.220645 E,9,1,S,S,V
2019-09-29 07:14:02,19.7,2409,0.09,16.0,60.8,----,----,33.943752 S,151.220642 E,9,1,S,S,V
2019-09-29 07:14:04,20.9,2433,0.09,15.9,60.7,----,----,33.943732 S,151.220648 E,9,1,S,S,V
2019-09-29 07:14:08,19.8,2410,0.00,15.9,60.7,----,----,33.943683 S,151.220682 E,9,1,S,S,V
2019-09-29 07:14:11,18.6,2386,0.00,15.9,60.7,----,----,33.943670 S,151.220690 E,9,1,S,S,V
2019-09-29 07:20:03,27.2,2560,0.02,15.3,59.7,----,----,00.000000 N,000.000000 W,0,0,S,S,V
2019-09-29 07:20:06,22.5,2466,0.04,15.3,59.7,----,----,00.000000 N,000.000000 W,0,0,S,S,V
2019-09-29 07:20:09,19.6,2406,0.04,15.3,59.7,----,----,00.000000 N,000.000000 W,0,0,S,S,V
2019-09-29 07:20:12,16.5,2343,0.00,15.3,59.7,----,----,00.000000 N,000.000000 W,0,0,S,S,V
2019-09-29 07:20:14,20.1,2416,0.02,15.3,59.7,----,----,00.000000 N,000.000000 W,0,0,S,S,V
2019-09-29 07:20:17,19.5,2405,0.00,15.3,59.7,----,----,00.000000 N,000.000000 W,0,0,S,S,V
2019-09-29 07:20:20,21.5,2444,0.03,15.3,59.7,----,----,00.000000 N,000.000000 W,0,0,S,S,V
2019-09-29 07:20:26,19.2,2398,0.04,15.3,59.7,----,----,00.000000 N,000.000000 W,0,0,S,S,V
2019-09-29 07:20:35,14.3,2298,0.00,15.3,59.6,----,----,00.000000 N,000.000000 W,0,0,S,S,V
2019-09-29 07:20:39,17.4,2362,0.00,15.3,59.6,----,----,00.000000 N,000.000000 W,0,0,S,S,V
2019-09-29 07:20:44,20.5,2425,0.00,15.3,59.6,----,----,00.000000 N,000.000000 W,0,0,S,S,V
2019-09-29 07:20:48,26.6,2549,0.03,15.3,59.6,----,----,00.000000 N,000.000000 W,0,0,S,S,V
2019-09-29 07:20:58,21.9,2453,0.04,15.3,59.6,----,----,00.000000 N,000.000000 W,0,0,S,S,V
2019-09-29 07:21:10,19.9,2413,0.03,15.3,59.6,----,----,33.939403 S,151.222242 E,3,1,S,S,V
2019-09-29 07:21:16,21.6,2446,0.02,15.3,59.6,----,----,33.939572 S,151.221935 E,5,1,S,S,V
2019-09-29 07:21:24,16.5,2344,0.00,15.3,59.6,----,----,33.939580 S,151.221982 E,5,1,S,S,V
2019-09-29 07:21:27,17.9,2371,0.00,15.3,59.6,----,----,33.939592 S,151.222008 E,5,1,S,S,V
2019-09-29 07:21:30,14.8,2309,0.00,15.3,59.6,----,----,33.939627 S,151.222032 E,6,1,S,S,V
2019-09-29 07:21:33,18.1,2376,0.00,15.3,59.6,----,----,33.939618 S,151.222052 E,6,1,S,S,V
2019-09-29 07:21:37,16.9,2351,0.00,15.3,59.6,----,----,33.939627 S,151.222072 E,6,1,S,S,V
2019-09-29 07:21:40,20.1,2416,0.02,15.3,59.6,----,----,33.939642 S,151.222090 E,8,1,S,S,V
2019-09-29 07:21:43,21.8,2452,0.04,15.3,59.6,----,----,33.939678 S,151.222095 E,8,1,S,S,V
2019-09-29 07:21:46,18.9,2391,0.00,15.3,59.6,----,----,33.939702 S,151.222075 E,8,1,S,S,V
2019-09-29 07:21:49,17.4,2362,0.00,15.3,59.6,----,----,33.939688 S,151.222042 E,8,1,S,S,V
2019-09-29 07:21:52,17.1,2355,0.02,15.3,59.6,----,----,33.939675 S,151.222018 E,8,1,S,S,V
2019-09-29 07:21:54,21.4,2443,0.00,15.3,59.6,----,----,33.939662 S,151.221995 E,8,1,S,S,V
2019-09-29 07:21:57,18.3,2379,0.00,15.3,59.6,----,----,33.939658 S,151.221978 E,8,1,S,S,V
2019-09-29 07:22:00,18.2,2377,0.04,15.3,59.6,----,----,33.939647 S,151.221958 E,8,1,S,S,V
2019-09-29 07:22:02,18.3,2379,0.00,15.3,59.6,----,----,33.939647 S,151.221935 E,8,1,S,S,V
2019-09-29 07:22:04,17.4,2361,0.00,15.3,59.6,----,----,33.939653 S,151.221903 E,8,1,S,S,V
2019-09-29 07:22:07,21.8,2451,0.00,15.3,59.6,----,----,33.939667 S,151.221888 E,8,1,S,S,V
2019-09-29 07:22:10,17.4,2361,0.00,15.3,59.6,----,----,33.939683 S,151.221920 E,8,1,S,S,V
2019-09-29 07:22:13,17.4,2362,0.00,15.3,59.6,----,----,33.939710 S,151.221968 E,8,1,S,S,V
2019-09-29 07:22:16,15.5,2322,0.00,15.3,59.6,----,----,33.939712 S,151.221997 E,8,1,S,S,V
2019-09-29 07:22:19,14.1,2295,0.01,15.3,59.6,----,----,33.939707 S,151.222020 E,8,1,S,S,V
2019-09-29 07:22:22,20.4,2422,0.03,15.3,59.6,----,----,33.939712 S,151.222033 E,8,1,S,S,V
2019-09-29 07:22:25,16.4,2341,0.02,15.3,59.6,----,----,33.939720 S,151.222027 E,8,1,S,S,V
2019-09-29 07:22:28,21.1,2436,0.04,15.3,59.6,----,----,33.939745 S,151.222007 E,8,1,S,S,V
2019-09-29 07:22:31,09.9,2208,0.00,15.3,59.6,----,----,33.939752 S,151.221987 E,8,1,S,S,V
2019-09-29 07:22:34,14.3,2298,0.00,15.3,59.6,----,----,33.939733 S,151.221958 E,8,1,S,S,V
2019-09-29 07:22:37,13.8,2289,0.00,15.3,59.6,----,----,33.939733 S,151.221935 E,8,1,S,S,V
2019-09-29 07:22:39,10.2,2215,0.00,15.3,59.6,----,----,33.939733 S,151.221915 E,8,1,S,S,V
2019-09-29 07:22:42,14.6,2304,0.00,15.3,59.7,----,----,33.939747 S,151.221887 E,8,1,S,S,V
2019-09-29 07:32:32,22.4,2464,0.03,15.4,59.7,----,----,00.000000 N,000.000000 W,0,0,S,S,V
2019-09-29 07:32:36,24.6,2509,0.03,15.4,59.7,----,----,00.000000 N,000.000000 W,0,0,S,S,V
2019-09-29 07:32:39,22.7,2469,0.05,15.4,59.7,----,----,00.000000 N,000.000000 W,0,0,S,S,V
2019-09-29 07:32:42,22.9,2473,0.07,15.4,59.7,----,----,00.000000 N,000.000000 W,0,0,S,S,V
2019-09-29 07:32:45,27.8,2573,0.04,15.3,59.7,----,----,00.000000 N,000.000000 W,0,0,S,S,V
2019-09-29 07:32:48,22.0,2455,0.04,15.4,59.7,----,----,00.000000 N,000.000000 W,0,0,S,S,V
2019-09-29 07:32:50,23.5,2485,0.04,15.3,59.7,----,----,00.000000 N,000.000000 W,0,0,S,S,V
2019-09-29 07:32:53,27.1,2558,0.05,15.3,59.7,----,----,00.000000 N,000.000000 W,0,0,S,S,V
2019-09-29 07:32:56,19.4,2403,0.03,15.3,59.7,----,----,00.000000 N,000.000000 W,0,0,S,S,V
2019-09-29 07:32:58,22.9,2473,0.04,15.3,59.7,----,----,00.000000 N,000.000000 W,0,0,S,S,V
2019-09-29 07:33:01,25.1,2518,0.05,15.3,59.7,----,----,00.000000 N,000.000000 W,0,0,S,S,V
2019-09-29 07:33:04,20.9,2432,0.02,15.3,59.7,----,----,00.000000 N,000.000000 W,0,0,S,S,V
2019-09-29 07:33:07,24.0,2496,0.04,15.3,59.7,----,----,00.000000 N,000.000000 W,0,0,S,S,V
2019-09-29 07:33:10,21.5,2444,0.06,15.3,59.6,----,----,00.000000 N,000.000000 W,0,0,S,S,V
2019-09-29 07:33:12,21.8,2450,0.01,15.3,59.6,----,----,00.000000 N,000.000000 W,0,0,S,S,V
2019-09-29 07:33:15,22.7,2470,0.00,15.3,59.7,----,----,00.000000 N,000.000000 W,0,0,S,S,V
2019-09-29 07:33:17,24.4,2504,0.08,15.3,59.6,----,----,00.000000 N,000.000000 W,0,0,S,S,V
2019-09-29 07:33:19,23.7,2490,0.04,15.3,59.6,----,----,00.000000 N,000.000000 W,0,0,S,S,V
2019-09-29 07:33:22,21.8,2452,0.04,15.3,59.6,----,----,00.000000 N,000.000000 W,0,0,S,S,V
2019-09-29 07:33:25,14.5,2302,0.00,15.3,59.6,----,----,00.000000 N,000.000000 W,0,0,S,S,V
2019-09-29 07:33:27,20.4,2422,0.00,15.3,59.6,----,----,00.000000 N,000.000000 W,0,0,S,S,V
2019-09-29 07:33:30,23.8,2492,0.04,15.3,59.6,----,----,00.000000 N,000.000000 W,0,0,S,S,V
2019-09-29 07:33:33,27.4,2565,0.09,15.3,59.6,----,----,00.000000 N,000.000000 W,0,0,S,S,V
2019-09-29 07:33:36,26.7,2550,0.00,15.3,59.6,----,----,00.000000 N,000.000000 W,0,0,S,S,V
2019-09-29 07:33:39,24.1,2498,0.03,15.3,59.7,----,----,00.000000 N,000.000000 W,0,0,S,S,V
2019-09-29 07:33:41,28.3,2584,0.04,15.3,59.7,----,----,00.000000 N,000.000000 W,0,0,S,S,V
2019-09-29 07:33:44,18.8,2389,0.00,15.3,59.7,----,----,00.000000 N,000.000000 W,0,0,S,S,V
2019-09-29 07:33:47,16.7,2348,0.00,15.3,59.7,----,----,00.000000 N,000.000000 W,0,0,S,S,V
2019-09-29 07:33:50,20.2,2418,0.00,15.3,59.7,----,----,00.000000 N,000.000000 W,0,0,S,S,V
2019-09-29 07:33:52,16.9,2351,0.00,15.3,59.7,----,----,00.000000 N,000.000000 W,0,0,S,S,V
2019-09-29 07:33:55,16.2,2337,0.03,15.3,59.7,----,----,00.000000 N,000.000000 W,0,0,S,S,V
2019-09-29 07:33:58,19.2,2398,0.01,15.3,59.7,----,----,00.000000 N,000.000000 W,0,0,S,S,V
2019-09-29 07:34:00,21.3,2441,0.03,15.4,59.7,----,----,00.000000 N,000.000000 W,0,0,S,S,V
2019-09-29 07:34:03,27.6,2569,0.05,15.4,59.7,----,----,00.000000 N,000.000000 W,0,0,S,S,V
2019-09-29 07:34:06,24.4,2504,0.07,15.4,59.7,----,----,00.000000 N,000.000000 W,0,0,S,S,V
2019-09-29 07:34:09,21.1,2436,0.05,15.4,59.7,----,----,00.000000 N,000.000000 W,0,0,S,S,V
2019-09-29 07:34:11,17.5,2363,0.02,15.4,59.7,----,----,00.000000 N,000.000000 W,0,0,S,S,V
2019-09-29 07:34:14,18.2,2378,0.02,15.4,59.8,----,----,00.000000 N,000.000000 W,0,0,S,S,V
2019-09-29 07:34:16,22.8,2472,0.07,15.4,59.7,----,----,33.932645 S,151.223538 E,5,1,S,S,V
2019-09-29 07:34:29,25.8,2533,0.08,15.4,59.8,----,----,33.932660 S,151.223535 E,6,1,S,S,V
2019-09-29 07:38:46,00.0,1979,0.00,15.9,60.7,----,----,00.000000 N,000.000000 W,0,0,S,S,V
2019-09-29 07:38:48,19.1,2395,0.00,15.9,60.7,----,----,00.000000 N,000.000000 W,0,0,S,S,V
2019-09-29 07:38:51,16.3,2339,0.02,15.9,60.7,----,----,00.000000 N,000.000000 W,0,0,S,S,V
2019-09-29 07:38:54,13.5,2281,0.00,15.9,60.7,----,----,00.000000 N,000.000000 W,0,0,S,S,V
2019-09-29 07:38:56,15.7,2326,0.00,15.9,60.7,----,----,00.000000 N,000.000000 W,0,0,S,S,V
2019-09-29 07:38:59,25.3,2523,0.03,15.9,60.7,----,----,00.000000 N,000.000000 W,0,0,S,S,V
2019-09-29 07:39:02,21.2,2438,0.03,15.9,60.7,----,----,00.000000 N,000.000000 W,0,0,S,S,V
2019-09-29 07:39:05,22.0,2455,0.03,15.9,60.7,----,----,00.000000 N,000.000000 W,0,0,S,S,V
2019-09-29 07:39:08,22.2,2460,0.00,15.9,60.7,----,----,00.000000 N,000.000000 W,0,0,S,S,V
2019-09-29 07:39:11,25.0,2517,0.04,15.9,60.7,----,----,00.000000 N,000.000000 W,0,0,S,S,V
2019-09-29 07:39:13,19.8,2411,0.03,15.9,60.7,----,----,00.000000 N,000.000000 W,0,0,S,S,V
2019-09-29 07:39:16,21.1,2436,0.02,15.9,60.7,----,----,33.933267 S,151.224435 E,5,1,S,S,V
2019-09-29 07:39:19,17.8,2370,0.00,15.9,60.7,----,----,33.933292 S,151.224410 E,6,1,S,S,V
2019-09-29 07:39:21,16.4,2341,0.00,15.9,60.7,----,----,33.933297 S,151.224392 E,6,1,S,S,V
2019-09-29 07:39:24,18.5,2384,0.03,15.9,60.7,----,----,33.933292 S,151.224343 E,6,1,S,S,V
2019-09-29 07:39:27,17.8,2369,0.01,15.9,60.7,----,----,33.933297 S,151.224332 E,6,1,S,S,V
2019-09-29 07:39:31,21.6,2446,0.00,15.9,60.7,----,----,33.933255 S,151.224330 E,6,1,S,S,V
2019-09-29 07:39:35,23.5,2485,0.02,16.0,60.8,----,----,33.933238 S,151.224300 E,6,1,S,S,V
2019-09-29 07:39:37,22.1,2458,0.00,16.0,60.8,----,----,33.933248 S,151.224260 E,6,1,S,S,V
2019-09-29 07:39:40,23.0,2475,0.03,15.9,60.7,----,----,33.933248 S,151.224225 E,6,1,S,S,V
2019-09-29 07:39:43,25.1,2518,0.04,15.9,60.7,----,----,33.933258 S,151.224212 E,6,1,S,S,V
2019-09-29 07:39:46,23.8,2492,0.00,15.9,60.7,----,----,33.933267 S,151.224222 E,5,1,S,S,V
2019-09-29 07:39:49,16.7,2348,0.00,16.0,60.8,----,----,33.933287 S,151.224250 E,6,1,S,S,V
2019-09-29 07:39:53,18.1,2376,0.02,15.9,60.7,----,----,33.933302 S,151.224292 E,5,1,S,S,V
2019-09-29 07:39:56,19.1,2395,0.00,15.9,60.7,----,----,33.933333 S,151.224337 E,5,1,S,S,V
2019-09-29 07:39:58,22.1,2458,0.00,15.9,60.7,----,----,33.933343 S,151.224327 E,6,1,S,S,V
2019-09-29 07:40:01,19.4,2403,0.02,15.9,60.7,----,----,33.933357 S,151.224305 E,6,1,S,S,V
2019-09-29 07:40:04,20.1,2416,0.00,16.0,60.8,----,----,33.933368 S,151.224283 E,6,1,S,S,V
2019-09-29 07:40:07,23.2,2480,0.03,16.0,60.8,----,----,33.933390 S,151.224267 E,6,1,S,S,V
2019-09-29 07:40:10,28.5,2587,0.09,16.0,60.8,----,----,33.933420 S,151.224257 E,6,1,S,S,V
2019-09-29 07:40:13,33.2,2684,0.09,16.0,60.8,----,----,33.933457 S,151.224267 E,6,1,S,S,V
2019-09-29 07:40:16,34.6,2711,0.08,16.0,60.8,----,----,33.933482 S,151.224278 E,6,1,S,S,V
2019-09-29 07:40:20,24.4,2503,0.07,16.0,60.8,----,----,33.933493 S,151.224297 E,6,1,S,S,V
2019-09-29 07:40:22,19.7,2409,0.00,16.0,60.9,----,----,33.933458 S,151.224323 E,6,1,S,S,V
2019-09-29 07:40:26,18.2,2377,0.00,16.0,60.9,----,----,33.933442 S,151.224350 E,6,1,S,S,V
2019-09-29 07:40:28,19.1,2395,0.00,16.0,60.9,----,----,33.933447 S,151.224365 E,6,1,S,S,V
2019-09-29 07:40:31,18.3,2379,0.03,16.0,60.9,----,----,33.933478 S,151.224337 E,6,1,S,S,V
2019-09-29 07:40:35,28.6,2589,0.09,16.0,60.9,----,----,33.933495 S,151.224313 E,6,1,S,S,V
2019-09-29 07:40:37,29.3,2604,0.09,16.0,60.9,----,----,33.933500 S,151.224320 E,6,1,S,S,V
2019-09-29 07:40:40,26.8,2553,0.02,16.0,60.9,----,----,33.933485 S,151.224360 E,6,1,S,S,V
2019-09-29 07:40:43,25.8,2532,0.04,16.1,60.9,----,----,33.933453 S,151.224392 E,6,1,S,S,V
2019-09-29 07:40:46,20.8,2430,0.03,16.1,60.9,----,----,33.933425 S,151.224410 E,6,1,S,S,V
2019-09-29 07:40:49,20.4,2423,0.01,16.1,60.9,----,----,33.933423 S,151.224428 E,6,1,S,S,V
2019-10-02 04:19:33,17.3,2359,0.00,14.5,58.1,----,----,00.000000 N,000.000000 W,0,0,S,S,V
2019-10-02 04:19:37,24.7,2510,0.02,14.4,58.0,----,----,00.000000 N,000.000000 W,0,0,S,S,V
2019-10-02 04:19:40,23.7,2490,0.03,14.4,58.0,----,----,00.000000 N,000.000000 W,0,0,S,S,V
2019-10-02 04:19:42,19.1,2396,0.06,14.4,58.0,----,----,00.000000 N,000.000000 W,0,0,S,S,V
2019-10-02 04:19:45,20.0,2415,0.06,14.4,57.9,----,----,00.000000 N,000.000000 W,0,0,S,S,V
2019-10-02 04:19:48,18.2,2378,0.04,14.3,57.8,----,----,00.000000 N,000.000000 W,0,0,S,S,V
2019-10-02 04:19:51,17.9,2371,0.00,14.3,57.8,----,----,00.000000 N,000.000000 W,0,0,S,S,V
2019-10-02 04:19:53,27.2,2560,0.04,14.3,57.7,----,----,00.000000 N,000.000000 W,0,0,S,S,V
2019-10-02 04:19:56,29.1,2600,0.04,14.2,57.6,----,----,00.000000 N,000.000000 W,0,0,S,S,V
2019-10-02 04:19:58,29.4,2606,0.09,14.2,57.6,----,----,00.000000 N,000.000000 W,0,0,S,S,V
2019-10-02 04:20:01,18.1,2375,0.06,14.2,57.5,----,----,00.000000 N,000.000000 W,0,0,S,S,V
2019-10-02 04:20:03,15.5,2322,0.03,14.1,57.4,----,----,00.000000 N,000.000000 W,0,0,S,S,V
2019-10-02 04:20:06,12.9,2270,0.01,14.1,57.4,----,----,00.000000 N,000.000000 W,0,0,S,S,V
2019-10-02 04:20:09,16.5,2344,0.03,14.0,57.3,----,----,00.000000 N,000.000000 W,0,0,S,S,V
2019-10-02 04:20:11,25.8,2532,0.04,14.0,57.2,----,----,00.000000 N,000.000000 W,0,0,S,S,V
2019-10-02 04:20:14,28.4,2586,0.06,14.0,57.2,----,----,00.000000 N,000.000000 W,0,0,S,S,V
2019-10-02 04:20:16,20.5,2424,0.05,13.9,57.1,----,----,00.000000 N,000.000000 W,0,0,S,S,V
2019-10-02 04:20:19,23.6,2487,0.02,13.9,57.0,----,----,00.000000 N,000.000000 W,0,0,S,S,V
2019-10-02 04:20:21,18.8,2390,0.04,13.8,57.0,----,----,00.000000 N,000.000000 W,0,0,S,S,V
2019-10-02 04:20:26,09.1,2192,0.00,13.8,56.8,----,----,00.000000 N,000.000000 W,0,0,S,S,V
2019-10-02 04:20:28,24.9,2515,0.07,13.7,56.8,----,----,00.000000 N,000.000000 W,0,0,S,S,V
2019-10-02 04:20:31,24.8,2512,0.05,13.7,56.6,----,----,00.000000 N,000.000000 W,0,0,S,S,V
2019-10-02 04:20:34,25.1,2519,0.07,13.6,56.6,----,----,00.000000 N,000.000000 W,0,0,S,S,V
2019-10-02 04:20:37,22.8,2472,0.06,13.6,56.5,----,----,00.000000 N,000.000000 W,0,0,S,S,V
2019-10-02 04:20:40,25.8,2532,0.04,13.6,56.5,----,----,00.000000 N,000.000000 W,0,0,S,S,V
2019-10-02 04:20:42,24.5,2505,0.07,13.5,56.4,----,----,00.000000 N,000.000000 W,0,0,S,S,V
2019-10-02 04:20:45,27.1,2559,0.06,13.5,56.4,----,----,00.000000 N,000.000000 W,0,0,S,S,V
2019-10-02 04:20:48,28.0,2577,0.03,13.4,56.2,----,----,00.000000 N,000.000000 W,0,0,S,S,V
2019-10-02 04:20:52,32.1,2661,0.11,13.4,56.2,----,----,00.000000 N,000.000000 W,0,0,S,S,V
2019-10-02 04:20:55,26.9,2554,0.07,13.4,56.1,----,----,00.000000 N,000.000000 W,0,0,S,S,V
2019-10-02 04:20:58,18.4,2381,0.03,13.3,56.0,----,----,00.000000 N,000.000000 W,0,0,S,S,V
2019-10-02 04:21:01,25.5,2526,0.08,13.3,56.0,----,----,00.000000 N,000.000000 W,0,0,S,S,V
2019-10-02 04:21:03,29.1,2600,0.08,13.3,55.9,----,----,00.000000 N,000.000000 W,0,0,S,S,V
2019-10-02 04:21:06,19.4,2402,0.05,13.2,55.8,----,----,00.000000 N,000.000000 W,0,0,S,S,V
2019-10-02 04:21:09,31.7,2652,0.07,13.2,55.8,----,----,00.000000 N,000.000000 W,0,0,S,S,V
2019-10-02 04:21:12,26.1,2538,0.02,13.2,55.8,----,----,00.000000 N,000.000000 W,0,0,S,S,V
2019-10-02 04:21:15,25.1,2519,0.02,13.1,55.7,----,----,00.000000 N,000.000000 W,0,0,S,S,V
2019-10-02 04:21:18,19.2,2398,0.02,13.1,55.5,----,----,00.000000 N,000.000000 W,0,0,S,S,V
2019-10-02 04:21:22,15.7,2326,0.06,13.0,55.5,----,----,00.000000 N,000.000000 W,0,0,S,S,V
2019-10-02 04:21:25,20.1,2417,0.06,13.0,55.5,----,----,00.000000 N,000.000000 W,0,0,S,S,V
2019-10-02 04:30:31,18.6,2385,0.00,11.9,53.4,----,----,00.000000 N,000.000000 W,0,0,S,S,V
2019-10-02 04:30:35,20.4,2422,0.03,11.8,53.4,----,----,00.000000 N,000.000000 W,0,0,S,S,V
2019-10-02 04:30:40,16.2,2337,0.04,11.8,53.3,----,----,00.000000 N,000.000000 W,0,0,S,S,V
2019-10-02 04:30:44,16.1,2334,0.01,11.8,53.3,----,----,00.000000 N,000.000000 W,0,0,S,S,V
2019-10-02 04:30:51,11.5,2242,0.00,11.8,53.2,----,----,00.000000 N,000.000000 W,0,0,S,S,V
2019-10-02 04:30:55,13.3,2277,0.00,11.8,53.2,----,----,00.000000 N,000.000000 W,0,0,S,S,V
2019-10-02 04:30:58,16.8,2350,0.05,11.8,53.2,----,----,00.000000 N,000.000000 W,0,0,S,S,V
2019-10-02 04:31:01,16.6,2345,0.03,11.7,53.2,----,----,00.000000 N,000.000000 W,0,0,S,S,V
2019-10-02 04:31:05,20.5,2424,0.03,11.7,53.2,----,----,00.000000 N,000.000000 W,0,0,S,S,V
2019-10-02 04:31:12,18.3,2379,0.03,11.7,53.1,----,----,00.000000 N,000.000000 W,0,0,S,S,V
2019-10-02 04:31:15,21.9,2453,0.03,11.7,53.0,----,----,00.000000 N,000.000000 W,0,0,S,S,V
2019-10-02 04:31:18,16.5,2344,0.01,11.7,53.0,----,----,00.000000 N,000.000000 W,0,0,S,S,V
2019-10-02 04:31:21,16.9,2351,0.02,11.6,53.0,----,----,00.000000 N,000.000000 W,0,0,S,S,V
2019-10-02 04:31:24,18.1,2375,0.01,11.6,53.0,----,----,00.000000 N,000.000000 W,0,0,S,S,V
2019-10-02 04:31:27,18.4,2381,0.03,11.6,53.0,----,----,00.000000 N,000.000000 W,0,0,S,S,V
2019-10-02 04:31:30,17.4,2362,0.00,11.6,52.9,----,----,00.000000 N,000.000000 W,0,0,S,S,V
2019-10-02 04:31:33,17.1,2356,0.00,11.6,52.9,----,----,00.000000 N,000.000000 W,0,0,S,S,V
2019-10-02 04:31:36,15.4,2321,0.02,11.6,52.9,----,----,00.000000 N,000.000000 W,0,0,S,S,V
2019-10-02 04:31:38,09.6,2202,0.00,11.6,52.8,----,----,00.000000 N,000.000000 W,0,0,S,S,V
2019-10-02 04:31:41,13.7,2287,0.00,11.6,52.8,----,----,00.000000 N,000.000000 W,0,0,S,S,V
2019-10-02 04:39:18,32.7,2673,0.03,11.3,52.4,----,----,00.000000 N,000.000000 W,0,0,S,S,V
2019-10-02 04:39:22,26.3,2542,0.07,11.3,52.4,----,----,00.000000 N,000.000000 W,0,0,S,S,V
2019-10-02 04:39:25,18.8,2389,0.09,11.3,52.4,----,----,00.000000 N,000.000000 W,0,0,S,S,V
2019-10-02 04:39:28,20.2,2419,0.03,11.3,52.4,----,----,00.000000 N,000.000000 W,0,0,S,S,V
2019-10-02 04:39:30,21.2,2438,0.05,11.3,52.3,----,----,00.000000 N,000.000000 W,0,0,S,S,V
2019-10-02 04:39:33,22.0,2455,0.08,11.3,52.3,----,----,00.000000 N,000.000000 W,0,0,S,S,V
2019-10-02 04:39:36,28.8,2594,0.08,11.3,52.3,----,----,00.000000 N,000.000000 W,0,0,S,S,V
2019-10-02 04:39:40,27.7,2571,0.06,11.3,52.3,----,----,00.000000 N,000.000000 W,0,0,S,S,V
2019-10-02 04:39:43,24.2,2499,0.07,11.2,52.3,----,----,00.000000 N,000.000000 W,0,0,S,S,V
2019-10-02 04:39:45,22.6,2468,0.01,11.2,52.3,----,----,00.000000 N,000.000000 W,0,0,S,S,V
2019-10-02 04:39:48,26.0,2537,0.12,11.2,52.2,----,----,00.000000 N,000.000000 W,0,0,S,S,V
2019-10-02 04:39:51,24.9,2515,0.08,11.2,52.2,----,----,00.000000 N,000.000000 W,0,0,S,S,V
2019-10-02 04:39:54,25.9,2534,0.13,11.2,52.2,----,----,00.000000 N,000.000000 W,0,0,S,S,V
2019-10-02 04:39:57,24.1,2497,0.05,11.2,52.2,----,----,00.000000 N,000.000000 W,0,0,S,S,V
2019-10-02 04:40:00,19.8,2411,0.06,11.2,52.2,----,----,00.000000 N,000.000000 W,0,0,S,S,V
2019-10-02 04:40:03,22.2,2460,0.00,11.2,52.2,----,----,00.000000 N,000.000000 W,0,0,S,S,V
2019-10-02 04:40:07,21.6,2446,0.03,11.2,52.1,----,----,00.000000 N,000.000000 W,0,0,S,S,V
2019-10-02 04:40:10,19.2,2399,0.03,11.1,52.1,----,----,00.000000 N,000.000000 W,0,0,S,S,V
2019-10-02 04:40:13,19.7,2408,0.05,11.1,52.1,----,----,00.000000 N,000.000000 W,0,0,S,S,V
2019-10-02 04:40:16,22.2,2459,0.04,11.1,52.1,----,----,00.000000 N,000.000000 W,0,0,S,S,V
2019-10-02 04:40:19,20.4,2423,0.04,11.1,52.0,----,----,00.000000 N,000.000000 W,0,0,S,S,V
2019-10-02 04:40:22,18.1,2375,0.00,11.1,52.0,----,----,00.000000 N,000.000000 W,0,0,S,S,V
2019-10-02 04:40:25,21.1,2436,0.00,11.1,52.0,----,----,00.000000 N,000.000000 W,0,0,S,S,V
2019-10-02 04:40:28,21.5,2444,0.03,11.1,52.0,----,----,00.000000 N,000.000000 W,0,0,S,S,V
2019-10-02 04:40:31,21.1,2437,0.03,11.1,52.0,----,----,00.000000 N,000.000000 W,0,0,S,S,V
2019-10-02 04:40:34,20.9,2432,0.01,11.1,52.0,----,----,00.000000 N,000.000000 W,0,0,S,S,V
2019-10-02 04:40:36,19.9,2413,0.00,11.1,52.0,----,----,00.000000 N,000.000000 W,0,0,S,S,V
2019-10-02 04:40:40,20.1,2417,0.03,11.1,51.9,----,----,00.000000 N,000.000000 W,0,0,S,S,V
2019-10-02 04:40:44,21.1,2437,0.04,11.1,51.9,----,----,00.000000 N,000.000000 W,0,0,S,S,V
2019-10-02 04:40:48,23.0,2475,0.07,11.0,51.9,----,----,00.000000 N,000.000000 W,0,0,S,S,V
2019-10-02 04:49:31,24.9,2515,0.03,10.6,51.1,----,----,00.000000 N,000.000000 W,0,0,S,S,V
2019-10-02 04:49:35,27.3,2564,0.04,10.6,51.1,----,----,00.000000 N,000.000000 W,0,0,S,S,V
2019-10-02 04:49:39,22.4,2464,0.05,10.6,51.1,----,----,00.000000 N,000.000000 W,0,0,S,S,V
2019-10-02 04:49:42,21.2,2439,0.02,10.6,51.1,----,----,00.000000 N,000.000000 W,0,0,S,S,V
2019-10-02 04:49:44,26.7,2551,0.06,10.6,51.1,----,----,00.000000 N,000.000000 W,0,0,S,S,V
2019-10-02 04:49:47,22.2,2460,0.03,10.6,51.1,----,----,00.000000 N,000.000000 W,0,0,S,S,V
2019-10-02 04:49:50,26.5,2547,0.00,10.6,51.0,----,----,00.000000 N,000.000000 W,0,0,S,S,V
2019-10-02 04:49:53,23.7,2489,0.06,10.6,51.0,----,----,00.000000 N,000.000000 W,0,0,S,S,V
2019-10-02 04:49:56,24.0,2495,0.04,10.5,51.0,----,----,00.000000 N,000.000000 W,0,0,S,S,V
2019-10-02 04:49:59,22.2,2459,0.04,10.5,51.0,----,----,00.000000 N,000.000000 W,0,0,S,S,V
2019-10-02 04:50:02,23.7,2489,0.06,10.5,51.0,----,----,00.000000 N,000.000000 W,0,0,S,S,V
2019-10-02 04:50:04,21.8,2450,0.02,10.5,51.0,----,----,00.000000 N,000.000000 W,0,0,S,S,V
2019-10-02 04:50:06,23.5,2485,0.05,10.5,51.0,----,----,00.000000 N,000.000000 W,0,0,S,S,V
2019-10-02 04:50:09,26.8,2552,0.06,10.5,51.0,----,----,00.000000 N,000.000000 W,0,0,S,S,V
2019-10-02 04:50:11,21.8,2450,0.04,10.5,51.0,----,----,00.000000 N,000.000000 W,0,0,S,S,V
2019-10-02 04:50:14,19.6,2406,0.00,10.5,51.0,----,----,00.000000 N,000.000000 W,0,0,S,S,V
2019-10-02 04:50:16,21.5,2444,0.05,10.5,51.0,----,----,00.000000 N,000.000000 W,0,0,S,S,V
2019-10-02 04:50:19,21.8,2452,0.06,10.5,51.0,----,----,00.000000 N,000.000000 W,0,0,S,S,V
2019-10-02 04:50:21,20.4,2422,0.04,10.5,51.0,----,----,00.000000 N,000.000000 W,0,0,S,S,V
2019-10-02 04:50:24,21.5,2445,0.04,10.5,51.0,----,----,00.000000 N,000.000000 W,0,0,S,S,V
2019-10-02 04:50:26,17.4,2362,0.02,10.5,51.0,----,----,00.000000 N,000.000000 W,0,0,S,S,V
2019-10-02 04:50:29,20.0,2415,0.04,10.5,51.0,----,----,00.000000 N,000.000000 W,0,0,S,S,V
2019-10-02 04:50:32,24.8,2512,0.05,10.5,50.9,----,----,00.000000 N,000.000000 W,0,0,S,S,V
2019-10-02 04:50:35,26.4,2544,0.03,10.5,50.9,----,----,00.000000 N,000.000000 W,0,0,S,S,V
2019-10-02 04:50:37,26.4,2545,0.09,10.5,50.9,----,----,00.000000 N,000.000000 W,0,0,S,S,V
2019-10-02 04:50:40,26.5,2547,0.04,10.5,50.9,----,----,00.000000 N,000.000000 W,0,0,S,S,V
2019-10-02 04:50:43,25.1,2519,0.02,10.5,50.9,----,----,00.000000 N,000.000000 W,0,0,S,S,V
2019-10-02 04:50:46,15.4,2321,0.03,10.5,50.9,----,----,00.000000 N,000.000000 W,0,0,S,S,V
2019-10-02 04:50:49,20.6,2426,0.02,10.5,50.9,----,----,00.000000 N,000.000000 W,0,0,S,S,V
2019-10-02 04:50:51,20.7,2429,0.04,10.5,50.9,----,----,00.000000 N,000.000000 W,0,0,S,S,V
2019-10-02 04:50:54,22.3,2462,0.05,10.5,50.9,----,----,00.000000 N,000.000000 W,0,0,S,S,V
2019-10-02 04:50:56,28.3,2584,0.10,10.5,50.9,----,----,00.000000 N,000.000000 W,0,0,S,S,V
2019-10-02 04:50:59,26.6,2549,0.05,10.5,50.9,----,----,00.000000 N,000.000000 W,0,0,S,S,V
2019-10-02 04:51:02,28.1,2579,0.10,10.4,50.8,----,----,00.000000 N,000.000000 W,0,0,S,S,V
2019-10-02 04:51:06,18.7,2388,0.01,10.4,50.8,----,----,00.000000 N,000.000000 W,0,0,S,S,V
2019-10-02 04:51:09,22.3,2462,0.02,10.4,50.8,----,----,00.000000 N,000.000000 W,0,0,S,S,V
2019-10-02 04:51:12,22.3,2462,0.04,10.4,50.8,----,----,00.000000 N,000.000000 W,0,0,S,S,V
2019-10-02 04:58:18,13.9,2291,0.00,10.2,50.4,----,----,00.000000 N,000.000000 W,0,0,S,S,V
2019-10-02 04:58:22,16.4,2342,0.03,10.2,50.4,----,----,00.000000 N,000.000000 W,0,0,S,S,V
2019-10-02 04:58:26,13.8,2288,0.00,10.2,50.3,----,----,00.000000 N,000.000000 W,0,0,S,S,V
2019-10-02 04:58:30,17.2,2358,0.00,10.2,50.3,----,----,00.000000 N,000.000000 W,0,0,S,S,V
2019-10-02 04:58:34,14.7,2307,0.00,10.2,50.3,----,----,00.000000 N,000.000000 W,0,0,S,S,V
2019-10-02 04:58:38,12.5,2262,0.03,10.2,50.3,----,----,00.000000 N,000.000000 W,0,0,S,S,V
2019-10-02 04:58:41,17.4,2362,0.01,10.2,50.3,----,----,00.000000 N,000.000000 W,0,0,S,S,V
2019-10-02 04:58:44,12.6,2264,0.00,10.2,50.3,----,----,00.000000 N,000.000000 W,0,0,S,S,V
2019-10-02 04:58:47,10.7,2224,0.00,10.2,50.3,----,----,00.000000 N,000.000000 W,0,0,S,S,V
2019-10-02 04:58:51,12.5,2261,0.00,10.2,50.3,----,----,00.000000 N,000.000000 W,0,0,S,S,V
2019-10-02 04:58:55,12.5,2262,0.00,10.2,50.4,----,----,00.000000 N,000.000000 W,0,0,S,S,V
2019-10-02 04:58:58,13.1,2274,0.00,10.2,50.4,----,----,00.000000 N,000.000000 W,0,0,S,S,V
2019-10-02 04:59:02,12.9,2270,0.00,10.2,50.3,----,----,00.000000 N,000.000000 W,0,0,S,S,V
2019-10-02 04:59:05,12.9,2269,0.00,10.2,50.4,----,----,00.000000 N,000.000000 W,0,0,S,S,V
2019-10-02 04:59:09,13.8,2289,0.01,10.2,50.4,----,----,00.000000 N,000.000000 W,0,0,S,S,V
2019-10-02 04:59:14,11.9,2249,0.00,10.2,50.4,----,----,00.000000 N,000.000000 W,0,0,S,S,V
2019-10-02 04:59:18,12.2,2256,0.02,10.2,50.4,----,----,00.000000 N,000.000000 W,0,0,S,S,V
2019-10-02 04:59:23,12.0,2251,0.00,10.2,50.4,----,----,00.000000 N,000.000000 W,0,0,S,S,V
2019-10-02 04:59:26,11.2,2235,0.00,10.2,50.4,----,----,00.000000 N,000.000000 W,0,0,S,S,V
2019-10-02 04:59:29,12.6,2264,0.00,10.2,50.4,----,----,00.000000 N,000.000000 W,0,0,S,S,V
2019-10-02 04:59:32,15.6,2325,0.00,10.2,50.4,----,----,00.000000 N,000.000000 W,0,0,S,S,V
2019-10-02 04:59:35,15.2,2316,0.00,10.2,50.4,----,----,00.000000 N,000.000000 W,0,0,S,S,V
2019-10-02 04:59:39,16.0,2332,0.00,10.2,50.4,----,----,00.000000 N,000.000000 W,0,0,S,S,V
2019-10-02 04:59:44,13.0,2271,0.00,10.2,50.4,----,----,00.000000 N,000.000000 W,0,0,S,S,V
2019-10-02 04:59:48,14.4,2301,0.00,10.2,50.4,----,----,00.000000 N,000.000000 W,0,0,S,S,V
2019-10-02 04:59:54,11.0,2231,0.02,10.2,50.4,----,----,00.000000 N,000.000000 W,0,0,S,S,V
2019-10-02 04:59:59,11.6,2243,0.02,10.2,50.4,----,----,00.000000 N,000.000000 W,0,0,S,S,V
2019-10-02 05:00:04,11.0,2230,0.02,10.2,50.4,----,----,00.000000 N,000.000000 W,0,0,S,S,V
2019-10-02 05:00:08,09.3,2196,0.01,10.2,50.4,----,----,00.000000 N,000.000000 W,0,0,S,S,V
2019-10-02 05:00:13,11.9,2250,0.00,10.2,50.4,----,----,00.000000 N,000.000000 W,0,0,S,S,V
2019-10-02 05:15:02,26.2,2540,0.09,09.9,49.9,----,----,00.000000 N,000.000000 W,0,0,S,S,V
2019-10-02 05:15:06,28.1,2580,0.05,09.9,49.9,----,----,00.000000 N,000.000000 W,0,0,S,S,V
2019-10-02 05:15:09,24.6,2509,0.03,09.9,49.9,----,----,00.000000 N,000.000000 W,0,0,S,S,V
2019-10-02 05:15:13,27.1,2559,0.05,09.9,49.9,----,----,00.000000 N,000.000000 W,0,0,S,S,V
2019-10-02 05:15:17,23.3,2482,0.04,09.9,49.9,----,----,00.000000 N,000.000000 W,0,0,S,S,V
2019-10-02 05:15:20,12.6,2264,0.00,09.9,49.9,----,----,00.000000 N,000.000000 W,0,0,S,S,V
2019-10-02 05:15:23,15.9,2330,0.00,09.9,49.9,----,----,00.000000 N,000.000000 W,0,0,S,S,V
2019-10-02 05:15:26,20.2,2418,0.04,09.9,49.9,----,----,00.000000 N,000.000000 W,0,0,S,S,V
2019-10-02 05:15:29,24.9,2515,0.05,09.9,49.9,----,----,00.000000 N,000.000000 W,0,0,S,S,V
2019-10-02 05:15:33,14.6,2304,0.00,09.9,49.9,----,----,00.000000 N,000.000000 W,0,0,S,S,V
2019-10-02 05:15:36,14.1,2294,0.00,09.9,49.9,----,----,00.000000 N,000.000000 W,0,0,S,S,V
2019-10-02 05:15:39,15.1,2315,0.00,09.9,49.9,----,----,00.000000 N,000.000000 W,0,0,S,S,V
2019-10-02 05:15:41,21.3,2441,0.02,09.9,49.9,----,----,00.000000 N,000.000000 W,0,0,S,S,V
2019-10-02 05:15:45,24.7,2511,0.05,09.9,49.9,----,----,00.000000 N,000.000000 W,0,0,S,S,V
2019-10-02 05:15:48,21.9,2453,0.06,09.9,49.9,----,----,00.000000 N,000.000000 W,0,0,S,S,V
2019-10-02 05:15:51,20.5,2425,0.05,09.9,49.9,----,----,00.000000 N,000.000000 W,0,0,S,S,V
2019-10-02 05:15:53,21.2,2439,0.09,09.9,49.9,----,----,00.000000 N,000.000000 W,0,0,S,S,V
2019-10-02 05:15:56,22.5,2466,0.06,09.9,49.9,----,----,00.000000 N,000.000000 W,0,0,S,S,V
2019-10-02 05:15:58,27.0,2556,0.07,09.9,49.9,----,----,00.000000 N,000.000000 W,0,0,S,S,V
2019-10-02 05:16:01,21.2,2439,0.02,09.9,49.9,----,----,00.000000 N,000.000000 W,0,0,S,S,V
2019-10-02 05:16:04,17.5,2364,0.02,09.9,49.9,----,----,00.000000 N,000.000000 W,0,0,S,S,V
2019-10-02 05:16:07,21.2,2439,0.01,09.9,49.9,----,----,00.000000 N,000.000000 W,0,0,S,S,V
2019-10-02 05:16:09,19.1,2395,0.02,09.9,49.9,----,----,00.000000 N,000.000000 W,0,0,S,S,V
2019-10-02 05:16:12,18.3,2379,0.03,09.9,49.9,----,----,00.000000 N,000.000000 W,0,0,S,S,V
2019-10-02 05:16:14,16.1,2334,0.00,09.9,49.9,----,----,00.000000 N,000.000000 W,0,0,S,S,V
2019-10-02 05:16:17,20.2,2418,0.03,09.9,49.9,----,----,00.000000 N,000.000000 W,0,0,S,S,V
2019-10-02 05:16:19,21.1,2436,0.04,09.9,49.9,----,----,00.000000 N,000.000000 W,0,0,S,S,V
2019-10-02 05:16:22,12.6,2264,0.04,09.9,49.9,----,----,00.000000 N,000.000000 W,0,0,S,S,V
2019-10-02 05:16:24,19.5,2404,0.00,09.9,49.9,----,----,00.000000 N,000.000000 W,0,0,S,S,V
2019-10-02 05:16:27,21.6,2446,0.06,09.9,49.9,----,----,00.000000 N,000.000000 W,0,0,S,S,V
2019-10-02 05:16:32,18.2,2377,0.04,09.9,49.9,----,----,00.000000 N,000.000000 W,0,0,S,S,V
2019-10-02 05:25:25,24.2,2499,0.05,09.9,49.9,----,----,00.000000 N,000.000000 W,0,0,S,S,V
2019-10-02 05:25:28,20.4,2423,0.04,09.9,49.9,----,----,00.000000 N,000.000000 W,0,0,S,S,V
2019-10-02 05:25:31,21.8,2451,0.04,09.9,49.9,----,----,00.000000 N,000.000000 W,0,0,S,S,V
2019-10-02 05:25:34,29.7,2612,0.06,09.9,49.9,----,----,00.000000 N,000.000000 W,0,0,S,S,V
2019-10-02 05:25:37,27.6,2570,0.11,09.9,49.9,----,----,00.000000 N,000.000000 W,0,0,S,S,V
2019-10-02 05:25:39,19.1,2395,0.08,09.9,49.9,----,----,00.000000 N,000.000000 W,0,0,S,S,V
2019-10-02 05:25:42,20.0,2415,0.04,09.9,49.9,----,----,00.000000 N,000.000000 W,0,0,S,S,V
2019-10-02 05:25:45,23.4,2484,0.06,09.9,49.9,----,----,00.000000 N,000.000000 W,0,0,S,S,V
2019-10-02 05:25:48,26.8,2553,0.04,09.9,49.9,----,----,00.000000 N,000.000000 W,0,0,S,S,V
2019-10-02 05:25:55,26.0,2537,0.07,09.9,49.8,----,----,00.000000 N,000.000000 W,0,0,S,S,V
2019-10-02 05:26:00,26.2,2540,0.06,09.9,49.9,----,----,00.000000 N,000.000000 W,0,0,S,S,V
2019-10-02 05:26:09,16.8,2349,0.02,09.9,49.8,----,----,00.000000 N,000.000000 W,0,0,S,S,V
2019-10-02 05:26:12,19.2,2398,0.03,09.9,49.8,----,----,00.000000 N,000.000000 W,0,0,S,S,V
2019-10-02 05:26:33,17.3,2359,0.01,09.8,49.8,----,----,33.932563 S,151.222942 E,4,1,S,S,V
2019-10-02 05:26:36,20.7,2429,0.01,09.8,49.8,----,----,33.932588 S,151.222933 E,4,1,S,S,V
2019-10-02 05:26:39,21.6,2446,0.06,09.8,49.8,----,----,33.932602 S,151.222870 E,4,1,S,S,V
2019-10-02 05:26:42,16.5,2344,0.04,09.8,49.8,----,----,00.000000 N,000.000000 W,0,0,S,S,V
2019-10-02 05:26:46,18.1,2375,0.03,09.8,49.8,----,----,00.000000 N,000.000000 W,0,0,S,S,V
2019-10-02 05:26:49,19.6,2406,0.06,09.8,49.8,----,----,00.000000 N,000.000000 W,0,0,S,S,V
2019-10-02 05:26:52,18.3,2379,0.06,09.8,49.8,----,----,00.000000 N,000.000000 W,0,0,S,S,V
2019-10-02 05:26:55,23.7,2490,0.05,09.8,49.8,----,----,00.000000 N,000.000000 W,0,0,S,S,V
2019-10-02 05:26:57,18.2,2378,0.04,09.8,49.7,----,----,00.000000 N,000.000000 W,0,0,S,S,V
2019-10-02 05:27:00,20.6,2426,0.04,09.8,49.7,----,----,00.000000 N,000.000000 W,0,0,S,S,V
2019-10-02 05:27:05,18.4,2381,0.03,09.8,49.7,----,----,00.000000 N,000.000000 W,0,0,S,S,V
2019-10-02 05:27:10,20.8,2430,0.06,09.8,49.7,----,----,00.000000 N,000.000000 W,0,0,S,S,V
2019-10-02 05:27:13,17.8,2369,0.02,09.8,49.7,----,----,33.932625 S,151.223395 E,5,1,S,S,V
2019-10-02 05:27:17,20.4,2422,0.02,09.8,49.7,----,----,33.932623 S,151.223777 E,5,1,S,S,V
2019-10-02 05:27:20,22.3,2462,0.04,09.8,49.7,----,----,33.932610 S,151.223862 E,5,1,S,S,V
2019-10-02 05:27:24,20.3,2421,0.01,09.8,49.7,----,----,33.932593 S,151.223903 E,5,1,S,S,V
2019-10-02 05:27:28,20.8,2430,0.02,09.8,49.7,----,----,33.932588 S,151.223948 E,5,1,S,S,V
2019-10-02 05:27:34,21.3,2441,0.00,09.8,49.7,----,----,33.932570 S,151.223993 E,5,1,S,S,V
2019-10-02 05:27:46,24.4,2503,0.04,09.8,49.7,----,----,33.932562 S,151.224027 E,5,1,S,S,V
2019-10-02 05:27:48,22.4,2464,0.05,09.8,49.7,----,----,33.932537 S,151.223988 E,5,1,S,S,V
2019-10-02 05:27:51,18.5,2384,0.03,09.8,49.7,----,----,33.932520 S,151.223960 E,5,1,S,S,V
2019-10-02 05:27:53,18.1,2376,0.07,09.8,49.6,----,----,33.932508 S,151.223937 E,5,1,S,S,V
2019-10-02 05:27:55,18.5,2383,0.04,09.8,49.7,----,----,33.932515 S,151.223917 E,5,1,S,S,V
2019-10-02 05:27:58,18.9,2392,0.00,09.8,49.7,----,----,33.932530 S,151.223907 E,5,1,S,S,V
2019-10-02 05:28:01,20.4,2422,0.02,09.8,49.6,----,----,33.932557 S,151.223910 E,5,1,S,S,V
2019-10-02 05:28:03,22.2,2459,0.05,09.8,49.7,----,----,33.932572 S,151.223902 E,5,1,S,S,V
2019-10-02 05:28:06,18.9,2392,0.02,09.8,49.6,----,----,33.932583 S,151.223863 E,5,1,S,S,V
2019-10-02 05:28:08,15.2,2317,0.03,09.8,49.7,----,----,33.932587 S,151.223797 E,6,1,S,S,V
2019-10-02 05:28:11,15.8,2328,0.00,09.8,49.6,----,----,33.932595 S,151.223513 E,6,1,S,S,V
2019-10-02 05:28:13,18.1,2376,0.03,09.8,49.6,----,----,33.932605 S,151.223468 E,6,1,S,S,V
2019-10-02 05:28:16,15.9,2330,0.00,09.8,49.6,----,----,33.932602 S,151.223412 E,6,1,S,S,V
2019-10-02 05:28:18,15.4,2321,0.01,09.8,49.6,----,----,33.932602 S,151.223365 E,6,1,S,S,V
2019-10-02 05:28:21,16.8,2349,0.02,09.8,49.6,----,----,33.932587 S,151.223305 E,6,1,S,S,V
2019-10-02 05:28:23,13.7,2287,0.00,09.8,49.6,----,----,33.932573 S,151.223242 E,6,1,S,S,V
2019-10-02 05:28:26,18.6,2385,0.03,09.8,49.6,----,----,33.932555 S,151.223218 E,6,1,S,S,V
2019-10-02 05:28:29,24.5,2505,0.05,09.8,49.6,----,----,33.932528 S,151.223185 E,6,1,S,S,V
2019-10-02 05:28:32,23.0,2476,0.10,09.8,49.6,----,----,33.932510 S,151.223175 E,6,1,S,S,V
2019-10-02 05:28:37,19.4,2403,0.04,09.8,49.6,----,----,33.932493 S,151.223163 E,6,1,S,S,V
2019-10-02 05:28:42,21.8,2450,0.03,09.7,49.6,----,----,33.932462 S,151.223165 E,6,1,S,S,V
2019-10-02 05:28:46,19.1,2395,0.05,09.7,49.6,----,----,33.932442 S,151.223175 E,6,1,S,S,V
2019-10-02 05:28:49,12.5,2261,0.02,09.7,49.6,----,----,33.932447 S,151.223188 E,6,1,S,S,V
2019-10-02 05:28:53,11.7,2245,0.00,09.7,49.6,----,----,33.932483 S,151.223173 E,7,1,S,S,V
2019-10-02 05:28:56,19.9,2413,0.05,09.7,49.6,----,----,33.932517 S,151.223175 E,7,1,S,S,V
2019-10-02 05:28:59,19.3,2400,0.07,09.7,49.6,----,----,33.932523 S,151.223188 E,7,1,S,S,V
2019-10-02 05:29:04,08.5,2180,0.02,09.7,49.6,----,----,33.932497 S,151.223192 E,7,1,S,S,V
2019-10-02 05:29:07,16.0,2332,0.03,09.7,49.5,----,----,33.932520 S,151.223162 E,7,1,S,S,V
2019-10-02 05:29:10,19.5,2404,0.02,09.7,49.5,----,----,33.932528 S,151.223130 E,7,1,S,S,V
2019-10-02 05:29:13,19.5,2405,0.04,09.7,49.5,----,----,33.932502 S,151.223103 E,7,1,S,S,V
2019-10-02 05:30:42,18.8,2389,0.05,09.7,49.5,----,----,33.932493 S,151.223082 E,11,1,S,S,V
2019-10-02 05:30:45,16.7,2348,0.01,09.7,49.6,----,----,33.932462 S,151.223088 E,12,1,S,S,V
2019-10-02 05:30:48,19.1,2395,0.02,09.7,49.6,----,----,33.932450 S,151.223115 E,11,1,S,S,V
2019-10-02 05:38:53,21.2,2439,0.00,09.7,49.5,----,----,00.000000 N,000.000000 W,0,0,S,S,V
2019-10-02 05:38:57,16.6,2346,0.00,09.7,49.5,----,----,00.000000 N,000.000000 W,0,0,S,S,V
2019-10-02 05:38:59,15.5,2322,0.00,09.7,49.5,----,----,00.000000 N,000.000000 W,0,0,S,S,V
2019-10-02 05:39:02,16.5,2344,0.00,09.7,49.5,----,----,00.000000 N,000.000000 W,0,0,S,S,V
2019-10-02 05:39:05,14.6,2304,0.00,09.7,49.5,----,----,00.000000 N,000.000000 W,0,0,S,S,V
2019-10-02 05:39:07,14.9,2311,0.00,09.7,49.5,----,----,00.000000 N,000.000000 W,0,0,S,S,V
2019-10-02 05:39:09,12.0,2252,0.00,09.7,49.5,----,----,00.000000 N,000.000000 W,0,0,S,S,V
2019-10-02 05:39:12,10.0,2210,0.00,09.7,49.5,----,----,00.000000 N,000.000000 W,0,0,S,S,V
2019-10-02 05:39:14,13.2,2275,0.00,09.7,49.5,----,----,00.000000 N,000.000000 W,0,0,S,S,V
2019-10-02 05:39:18,17.2,2358,0.00,09.7,49.5,----,----,00.000000 N,000.000000 W,0,0,S,S,V
2019-10-02 05:39:26,15.7,2326,0.00,09.7,49.5,----,----,00.000000 N,000.000000 W,0,0,S,S,V
2019-10-02 05:39:29,19.5,2404,0.00,09.7,49.5,----,----,00.000000 N,000.000000 W,0,0,S,S,V
2019-10-02 05:39:31,18.1,2375,0.01,09.7,49.5,----,----,00.000000 N,000.000000 W,0,0,S,S,V
2019-10-02 05:39:41,13.6,2284,0.00,09.7,49.5,----,----,33.934480 S,151.225137 E,5,1,S,S,V
2019-10-02 05:39:48,15.3,2318,0.00,09.7,49.6,----,----,33.934445 S,151.225090 E,5,1,S,S,V
2019-10-02 05:39:55,14.4,2301,0.00,09.7,49.6,----,----,33.934408 S,151.225090 E,5,1,S,S,V
2019-10-02 05:40:11,14.2,2297,0.00,09.8,49.6,----,----,33.934343 S,151.225185 E,5,1,S,S,V
2019-10-02 05:40:31,15.6,2325,0.00,09.8,49.6,----,----,33.934452 S,151.224943 E,7,1,S,S,V
2019-10-02 05:40:34,11.0,2230,0.00,09.8,49.6,----,----,33.934467 S,151.224923 E,7,1,S,S,V
2019-10-02 05:40:38,17.4,2361,0.00,09.8,49.6,----,----,33.934490 S,151.224892 E,7,1,S,S,V
2019-10-02 05:40:53,11.6,2243,0.00,09.8,49.6,----,----,33.934505 S,151.224872 E,7,1,S,S,V
2019-10-02 05:40:57,15.5,2322,0.01,09.8,49.6,----,----,33.934502 S,151.224923 E,7,1,S,S,V
2019-10-02 05:41:00,14.6,2305,0.00,09.8,49.6,----,----,33.934533 S,151.224952 E,8,1,S,S,V
2019-10-02 05:41:03,14.1,2295,0.00,09.8,49.6,----,----,33.934573 S,151.224953 E,8,1,S,S,V
2019-10-02 05:41:06,15.9,2330,0.00,09.8,49.6,----,----,33.934613 S,151.224963 E,8,1,S,S,V
2019-10-02 05:41:09,12.3,2258,0.00,09.8,49.7,----,----,33.934623 S,151.224955 E,8,1,S,S,V
2019-10-02 05:41:12,13.2,2275,0.00,09.8,49.7,----,----,33.934618 S,151.224928 E,8,1,S,S,V
2019-10-02 05:41:15,13.5,2282,0.00,09.8,49.7,----,----,33.934578 S,151.224908 E,8,1,S,S,V
2019-10-02 05:41:17,21.5,2445,0.00,09.8,49.6,----,----,33.934588 S,151.224878 E,7,1,S,S,V
2019-10-02 05:41:20,20.9,2432,0.02,09.8,49.7,----,----,33.934612 S,151.224852 E,7,1,S,S,V
2019-10-02 05:41:23,20.1,2417,0.00,09.8,49.7,----,----,33.934638 S,151.224817 E,8,1,S,S,V
2019-10-02 05:41:25,18.2,2377,0.00,09.8,49.7,----,----,33.934648 S,151.224810 E,7,1,S,S,V
2019-10-02 05:41:28,13.9,2291,0.01,09.8,49.7,----,----,33.934687 S,151.224822 E,7,1,S,S,V
2019-10-02 05:41:31,13.4,2279,0.03,09.8,49.7,----,----,33.934710 S,151.224830 E,8,1,S,S,V
2019-10-02 05:46:33,20.4,2422,0.00,10.0,50.0,----,----,00.000000 N,000.000000 W,0,0,S,S,V
2019-10-02 05:46:37,18.5,2384,0.00,10.0,50.0,----,----,00.000000 N,000.000000 W,0,0,S,S,V
2019-10-02 05:46:40,19.1,2396,0.02,10.0,50.0,----,----,00.000000 N,000.000000 W,0,0,S,S,V
2019-10-02 05:46:43,15.2,2317,0.00,10.0,50.0,----,----,00.000000 N,000.000000 W,0,0,S,S,V
2019-10-02 05:46:46,16.1,2334,0.00,10.0,50.0,----,----,00.000000 N,000.000000 W,0,0,S,S,V
2019-10-02 05:46:49,16.4,2341,0.00,10.0,50.0,----,----,00.000000 N,000.000000 W,0,0,S,S,V
2019-10-02 05:46:51,20.1,2417,0.00,10.0,50.0,----,----,00.000000 N,000.000000 W,0,0,S,S,V
2019-10-02 05:46:54,18.1,2376,0.00,10.0,50.0,----,----,00.000000 N,000.000000 W,0,0,S,S,V
2019-10-02 05:46:57,12.0,2251,0.00,10.0,50.0,----,----,00.000000 N,000.000000 W,0,0,S,S,V
2019-10-02 05:46:59,13.2,2275,0.00,10.0,50.0,----,----,00.000000 N,000.000000 W,0,0,S,S,V
2019-10-02 05:47:02,10.2,2215,0.00,10.0,50.0,----,----,00.000000 N,000.000000 W,0,0,S,S,V
2019-10-02 05:47:04,11.2,2235,0.00,10.0,50.0,----,----,33.936960 S,151.223580 E,6,1,S,S,V
2019-10-02 05:47:07,11.0,2230,0.00,10.0,50.0,----,----,33.936872 S,151.223587 E,6,1,S,S,V
2019-10-02 05:47:09,13.6,2283,0.00,10.0,50.0,----,----,33.936823 S,151.223598 E,6,1,S,S,V
2019-10-02 05:47:12,15.6,2324,0.00,10.0,50.0,----,----,33.936782 S,151.223598 E,6,1,S,S,V
2019-10-02 05:47:14,13.1,2274,0.01,10.0,50.0,----,----,33.936753 S,151.223548 E,6,1,S,S,V
2019-10-02 05:47:17,15.0,2312,0.00,10.0,50.0,----,----,33.936753 S,151.223502 E,6,1,S,S,V
2019-10-02 05:47:20,14.4,2301,0.00,10.0,50.0,----,----,33.936718 S,151.223522 E,6,1,S,S,V
2019-10-02 05:47:22,11.7,2245,0.00,10.0,50.0,----,----,33.936705 S,151.223530 E,6,1,S,S,V
2019-10-02 05:47:25,12.9,2270,0.00,10.0,50.0,----,----,33.936705 S,151.223540 E,6,1,S,S,V
2019-10-02 05:47:28,13.9,2290,0.01,10.0,50.0,----,----,33.936710 S,151.223573 E,6,1,S,S,V
2019-10-02 05:47:30,12.2,2256,0.00,10.0,50.0,----,----,33.936702 S,151.223592 E,7,1,S,S,V
2019-10-02 05:47:33,10.7,2225,0.00,10.0,50.0,----,----,33.936683 S,151.223600 E,7,1,S,S,V
2019-10-02 05:47:36,14.9,2311,0.01,10.0,50.0,----,----,33.936665 S,151.223608 E,7,1,S,S,V
2019-10-02 06:02:35,17.6,2365,0.00,10.5,51.0,----,----,00.000000 N,000.000000 W,0,0,S,S,V
2019-10-02 06:02:38,17.4,2361,0.00,10.5,51.0,----,----,00.000000 N,000.000000 W,0,0,S,S,V
2019-10-02 06:02:41,13.6,2284,0.00,10.5,51.0,----,----,00.000000 N,000.000000 W,0,0,S,S,V
2019-10-02 06:02:44,12.3,2257,0.00,10.5,51.0,----,----,00.000000 N,000.000000 W,0,0,S,S,V
2019-10-02 06:02:47,14.4,2301,0.00,10.5,51.0,----,----,00.000000 N,000.000000 W,0,0,S,S,V
2019-10-02 06:02:50,13.9,2290,0.00,10.5,51.0,----,----,00.000000 N,000.000000 W,0,0,S,S,V
2019-10-02 06:02:53,20.1,2417,0.00,10.5,51.0,----,----,00.000000 N,000.000000 W,0,0,S,S,V
2019-10-02 06:02:55,10.2,2214,0.00,10.5,51.0,----,----,00.000000 N,000.000000 W,0,0,S,S,V
2019-10-02 06:02:58,11.6,2243,0.00,10.5,51.0,----,----,00.000000 N,000.000000 W,0,0,S,S,V
2019-10-02 06:03:00,14.1,2294,0.00,10.5,51.0,----,----,00.000000 N,000.000000 W,0,0,S,S,V
2019-10-02 06:03:03,10.7,2224,0.00,10.5,51.0,----,----,00.000000 N,000.000000 W,0,0,S,S,V
2019-10-02 06:03:06,09.6,2203,0.00,10.5,51.0,----,----,00.000000 N,000.000000 W,0,0,S,S,V
2019-10-02 06:03:09,19.7,2409,0.01,10.5,51.0,----,----,00.000000 N,000.000000 W,0,0,S,S,V
2019-10-02 06:03:12,11.2,2236,0.00,10.5,51.0,----,----,00.000000 N,000.000000 W,0,0,S,S,V
2019-10-02 06:03:15,16.4,2341,0.01,10.5,51.0,----,----,00.000000 N,000.000000 W,0,0,S,S,V
2019-10-02 06:03:18,13.2,2275,0.00,10.5,51.0,----,----,00.000000 N,000.000000 W,0,0,S,S,V
2019-10-02 06:03:48,15.3,2318,0.00,10.5,51.0,----,----,00.000000 N,000.000000 W,0,0,S,S,V
2019-10-02 06:03:51,15.1,2314,0.00,10.5,51.0,----,----,00.000000 N,000.000000 W,0,0,S,S,V
2019-10-02 06:03:54,14.2,2296,0.01,10.5,51.0,----,----,00.000000 N,000.000000 W,0,0,S,S,V
2019-10-02 06:03:58,13.8,2288,0.03,10.5,51.0,----,----,00.000000 N,000.000000 W,0,0,S,S,V
2019-10-02 06:04:02,16.8,2349,0.03,10.5,51.0,----,----,33.938985 S,151.223472 E,5,1,S,S,V
2019-10-02 06:04:06,13.9,2291,0.02,10.5,51.0,----,----,33.938953 S,151.223442 E,5,1,S,S,V
2019-10-02 06:04:10,13.7,2285,0.00,10.5,51.0,----,----,33.938923 S,151.223555 E,5,1,S,S,V
2019-10-02 06:04:13,15.1,2314,0.03,10.5,51.0,----,----,33.938935 S,151.223600 E,5,1,S,S,V
2019-10-02 06:04:16,17.4,2361,0.00,10.5,51.0,----,----,33.938950 S,151.223620 E,5,1,S,S,V
2019-10-02 06:04:20,15.0,2312,0.00,10.5,51.0,----,----,33.938963 S,151.223607 E,5,1,S,S,V
2019-10-02 06:04:24,13.3,2277,0.00,10.5,51.0,----,----,33.938945 S,151.223625 E,5,1,S,S,V
2019-10-02 06:04:28,17.6,2365,0.00,10.5,51.0,----,----,33.938922 S,151.223637 E,5,1,S,S,V
2019-10-02 06:10:45,25.3,2522,0.03,10.7,51.4,----,----,00.000000 N,000.000000 W,0,0,S,S,V
2019-10-02 06:10:49,27.7,2572,0.05,10.7,51.4,----,----,00.000000 N,000.000000 W,0,0,S,S,V
2019-10-02 06:10:52,22.8,2472,0.00,10.7,51.4,----,----,00.000000 N,000.000000 W,0,0,S,S,V
2019-10-02 06:10:55,23.0,2475,0.01,10.7,51.4,----,----,00.000000 N,000.000000 W,0,0,S,S,V
2019-10-02 06:10:58,24.1,2498,0.00,10.8,51.4,----,----,00.000000 N,000.000000 W,0,0,S,S,V
2019-10-02 06:11:00,21.0,2435,0.00,10.7,51.4,----,----,00.000000 N,000.000000 W,0,0,S,S,V
2019-10-02 06:11:03,21.1,2437,0.00,10.8,51.4,----,----,00.000000 N,000.000000 W,0,0,S,S,V
2019-10-02 06:11:06,19.8,2411,0.02,10.8,51.4,----,----,00.000000 N,000.000000 W,0,0,S,S,V
2019-10-02 06:11:08,26.6,2549,0.10,10.8,51.4,----,----,00.000000 N,000.000000 W,0,0,S,S,V
2019-10-02 06:11:14,20.9,2432,0.02,10.8,51.4,----,----,00.000000 N,000.000000 W,0,0,S,S,V
2019-10-02 06:11:19,25.4,2524,0.01,10.8,51.4,----,----,00.000000 N,000.000000 W,0,0,S,S,V
2019-10-02 06:11:23,19.3,2400,0.02,10.8,51.4,----,----,00.000000 N,000.000000 W,0,0,S,S,V
2019-10-02 06:11:26,21.5,2444,0.00,10.8,51.4,----,----,00.000000 N,000.000000 W,0,0,S,S,V
2019-10-02 06:11:31,28.9,2596,0.09,10.8,51.4,----,----,00.000000 N,000.000000 W,0,0,S,S,V
2019-10-02 06:11:35,26.6,2549,0.00,10.8,51.4,----,----,00.000000 N,000.000000 W,0,0,S,S,V
2019-10-02 06:11:39,25.0,2517,0.00,10.8,51.5,----,----,33.938142 S,151.221237 E,6,1,S,S,V
2019-10-02 06:11:43,28.0,2578,0.00,10.8,51.5,----,----,33.938128 S,151.221147 E,6,1,S,S,V
2019-10-02 06:17:40,25.4,2525,0.01,11.6,52.9,----,----,00.000000 N,000.000000 W,0,0,S,S,V
2019-10-02 06:17:44,25.0,2517,0.06,11.6,52.9,----,----,00.000000 N,000.000000 W,0,0,S,S,V
2019-10-02 06:17:47,29.2,2602,0.07,11.6,52.9,----,----,00.000000 N,000.000000 W,0,0,S,S,V
2019-10-02 06:17:51,27.9,2575,0.06,11.6,52.9,----,----,00.000000 N,000.000000 W,0,0,S,S,V
2019-10-02 06:17:54,30.9,2637,0.06,11.6,53.0,----,----,00.000000 N,000.000000 W,0,0,S,S,V
2019-10-02 06:17:57,25.1,2519,0.02,11.6,53.0,----,----,00.000000 N,000.000000 W,0,0,S,S,V
2019-10-02 06:17:59,15.5,2322,0.00,11.6,53.0,----,----,00.000000 N,000.000000 W,0,0,S,S,V
2019-10-02 06:18:02,19.7,2409,0.05,11.6,53.0,----,----,00.000000 N,000.000000 W,0,0,S,S,V
2019-10-02 06:18:05,20.2,2419,0.03,11.6,53.0,----,----,00.000000 N,000.000000 W,0,0,S,S,V
2019-10-02 06:18:08,20.4,2422,0.05,11.6,53.0,----,----,33.935085 S,151.219455 E,4,1,S,S,V
2019-10-02 06:18:11,15.3,2318,0.03,11.6,53.0,----,----,33.935083 S,151.219407 E,4,1,S,S,V
2019-10-02 06:18:13,22.7,2469,0.08,11.6,53.0,----,----,33.935075 S,151.219390 E,4,1,S,S,V
2019-10-02 06:18:16,26.8,2553,0.08,11.6,53.0,----,----,33.935063 S,151.219427 E,4,1,S,S,V
2019-10-02 06:18:19,21.1,2437,0.03,11.6,53.0,----,----,33.935052 S,151.219462 E,4,1,S,S,V
2019-10-02 06:18:22,34.4,2707,0.07,11.6,53.0,----,----,33.935048 S,151.219517 E,4,1,S,S,V
2019-10-02 06:18:25,34.0,2699,0.13,11.6,53.0,----,----,33.935145 S,151.219755 E,5,1,S,S,V
2019-10-02 06:18:28,25.8,2533,0.09,11.6,53.0,----,----,33.935482 S,151.220097 E,5,1,S,S,V
2019-10-02 06:18:30,23.0,2475,0.04,11.6,53.0,----,----,33.935575 S,151.220223 E,5,1,S,S,V
2019-10-02 06:18:34,28.9,2596,0.07,11.6,53.0,----,----,33.935645 S,151.220388 E,5,1,S,S,V
2019-10-02 06:18:37,22.0,2455,0.07,11.6,53.0,----,----,33.935642 S,151.220405 E,5,1,S,S,V
2019-10-02 06:18:40,25.0,2517,0.06,11.6,53.0,----,----,33.935673 S,151.220370 E,5,1,S,S,V
2019-10-02 06:18:43,27.0,2557,0.04,11.6,53.0,----,----,33.935657 S,151.220348 E,5,1,S,S,V
2019-10-02 06:18:46,27.1,2559,0.06,11.6,53.0,----,----,33.935655 S,151.220407 E,5,1,S,S,V
2019-10-02 06:18:48,21.2,2439,0.03,11.6,53.0,----,----,33.935653 S,151.220423 E,5,1,S,S,V
2019-10-02 06:18:51,22.6,2468,0.04,11.6,53.0,----,----,33.935662 S,151.220417 E,5,1,S,S,V
2019-10-02 06:18:54,23.4,2483,0.08,11.6,53.0,----,----,33.935675 S,151.220397 E,5,1,S,S,V
2019-10-02 06:18:57,24.9,2515,0.03,11.6,53.0,----,----,33.935670 S,151.220402 E,5,1,S,S,V
2019-10-02 06:19:00,20.2,2419,0.03,11.6,53.0,----,----,33.935660 S,151.220395 E,5,1,S,S,V
2019-10-02 06:19:03,21.8,2450,0.02,11.6,53.0,----,----,33.935640 S,151.220403 E,5,1,S,S,V
2019-10-02 06:19:05,23.8,2491,0.04,11.6,53.0,----,----,33.935655 S,151.220378 E,5,1,S,S,V
2019-10-02 06:19:10,20.8,2431,0.05,11.6,53.0,----,----,33.935642 S,151.220333 E,5,1,S,S,V
2019-10-02 06:19:14,23.0,2475,0.02,11.6,53.0,----,----,33.935617 S,151.220332 E,5,1,S,S,V
2019-10-02 06:19:16,21.7,2449,0.04,11.6,53.0,----,----,33.935607 S,151.220312 E,5,1,S,S,V
2019-10-02 06:19:19,25.9,2534,0.04,11.6,53.0,----,----,33.935587 S,151.220338 E,5,1,S,S,V
2019-10-02 06:19:22,25.2,2520,0.04,11.6,53.0,----,----,33.935597 S,151.220330 E,5,1,S,S,V
2019-10-02 06:19:24,26.2,2540,0.04,11.6,53.0,----,----,33.935610 S,151.220313 E,5,1,S,S,V
2019-10-02 06:19:27,21.5,2444,0.03,11.6,53.0,----,----,33.935615 S,151.220292 E,5,1,S,S,V
2019-10-02 06:19:30,27.4,2565,0.05,11.6,53.0,----,----,33.935598 S,151.220297 E,5,1,S,S,V
2019-10-02 06:19:33,24.8,2512,0.05,11.6,53.0,----,----,33.935577 S,151.220338 E,5,1,S,S,V
2019-10-02 06:19:36,24.5,2507,0.05,11.6,53.0,----,----,33.935572 S,151.220355 E,5,1,S,S,V
2019-10-02 06:19:39,24.2,2500,0.05,11.6,53.0,----,----,33.935525 S,151.220370 E,5,1,S,S,V
2019-10-02 06:23:01,16.8,2349,0.03,12.3,54.1,----,----,00.000000 N,000.000000 W,0,0,S,S,V
2019-10-02 06:23:20,18.1,2375,0.03,12.3,54.1,----,----,00.000000 N,000.000000 W,0,0,S,S,V
2019-10-02 06:24:05,16.2,2336,0.00,12.2,54.0,----,----,33.936002 S,151.220090 E,6,1,S,S,V
2019-10-02 06:24:10,15.7,2326,0.02,12.2,54.0,----,----,33.936070 S,151.220118 E,6,1,S,S,V
2019-10-02 06:24:13,14.5,2302,0.00,12.2,54.0,----,----,33.936128 S,151.220135 E,6,1,S,S,V
2019-10-02 06:24:17,17.4,2361,0.00,12.2,54.0,----,----,33.936158 S,151.220190 E,6,1,S,S,V
2019-10-02 06:24:20,19.1,2395,0.00,12.2,54.0,----,----,33.936150 S,151.220235 E,6,1,S,S,V
2019-10-02 06:24:23,16.4,2342,0.00,12.2,54.0,----,----,33.936162 S,151.220293 E,6,1,S,S,V
2019-10-02 06:24:27,17.7,2368,0.00,12.2,54.0,----,----,33.936150 S,151.220308 E,6,1,S,S,V
2019-10-02 06:24:30,14.3,2298,0.00,12.2,54.0,----,----,33.936173 S,151.220278 E,6,1,S,S,V
2019-10-02 06:24:33,17.8,2369,0.00,12.2,53.9,----,----,33.936168 S,151.220293 E,6,1,S,S,V
2019-10-02 06:24:36,08.8,2186,0.00,12.2,54.0,----,----,33.936148 S,151.220310 E,6,1,S,S,V
2019-10-02 06:24:38,14.5,2302,0.03,12.2,53.9,----,----,33.936145 S,151.220300 E,5,1,S,S,V
2019-10-02 06:24:42,15.4,2320,0.03,12.2,53.9,----,----,33.936132 S,151.220260 E,5,1,S,S,V
2019-10-02 06:24:48,20.4,2423,0.03,12.2,53.9,----,----,33.936150 S,151.220205 E,6,1,S,S,V
2019-10-02 06:24:54,16.6,2346,0.00,12.2,53.9,----,----,33.936175 S,151.220140 E,6,1,S,S,V
2019-10-02 06:25:13,14.3,2299,0.00,12.1,53.9,----,----,33.936225 S,151.220172 E,6,1,S,S,V
2019-10-02 06:25:16,18.3,2379,0.00,12.1,53.9,----,----,33.936232 S,151.220218 E,7,1,S,S,V
2019-10-02 06:25:19,18.5,2383,0.08,12.1,53.9,----,----,33.936213 S,151.220258 E,7,1,S,S,V
2019-10-02 06:25:20,00.0,1978,0.00,12.1,53.9,----,----,33.936213 S,151.220258 E,7,1,S,S,V
2019-10-02 06:25:24,13.5,2281,0.02,12.1,53.9,----,----,33.936212 S,151.220342 E,7,1,S,S,V
2019-10-02 06:25:26,12.0,2252,0.01,12.1,53.9,----,----,33.936215 S,151.220363 E,7,1,S,S,V
2019-10-02 06:25:30,16.3,2339,0.00,12.1,53.9,----,----,33.936177 S,151.220343 E,7,1,S,S,V
2019-10-02 06:25:32,18.8,2389,0.00,12.1,53.9,----,----,33.936187 S,151.220267 E,7,1,S,S,V
2019-10-02 06:25:35,13.5,2281,0.00,12.1,53.9,----,----,33.936217 S,151.220223 E,7,1,S,S,V
2019-10-02 06:32:47,16.4,2342,0.00,12.4,54.4,----,----,00.000000 N,000.000000 W,0,0,S,S,V
2019-10-02 06:32:50,16.1,2334,0.00,12.4,54.4,----,----,00.000000 N,000.000000 W,0,0,S,S,V
2019-10-02 06:32:52,18.4,2381,0.02,12.4,54.4,----,----,00.000000 N,000.000000 W,0,0,S,S,V
2019-10-02 06:32:55,21.3,2441,0.04,12.4,54.4,----,----,00.000000 N,000.000000 W,0,0,S,S,V
2019-10-02 06:32:58,21.7,2448,0.05,12.4,54.4,----,----,00.000000 N,000.000000 W,0,0,S,S,V
2019-10-02 06:33:01,21.9,2453,0.05,12.4,54.4,----,----,00.000000 N,000.000000 W,0,0,S,S,V
2019-10-02 06:33:04,15.6,2325,0.08,12.4,54.4,----,----,00.000000 N,000.000000 W,0,0,S,S,V
2019-10-02 06:33:06,19.8,2410,0.00,12.4,54.3,----,----,00.000000 N,000.000000 W,0,0,S,S,V
2019-10-02 06:33:09,22.4,2464,0.04,12.4,54.4,----,----,00.000000 N,000.000000 W,0,0,S,S,V
2019-10-02 06:33:12,20.7,2429,0.02,12.4,54.4,----,----,00.000000 N,000.000000 W,0,0,S,S,V
2019-10-02 06:33:14,25.3,2523,0.00,12.4,54.4,----,----,00.000000 N,000.000000 W,0,0,S,S,V
2019-10-02 06:33:17,22.7,2470,0.01,12.4,54.3,----,----,00.000000 N,000.000000 W,0,0,S,S,V
2019-10-02 06:33:20,19.8,2411,0.02,12.4,54.3,----,----,00.000000 N,000.000000 W,0,0,S,S,V
2019-10-02 06:33:22,18.1,2376,0.02,12.4,54.4,----,----,00.000000 N,000.000000 W,0,0,S,S,V
2019-10-02 06:33:25,14.6,2305,0.01,12.4,54.3,----,----,00.000000 N,000.000000 W,0,0,S,S,V
2019-10-02 06:33:27,15.7,2326,0.00,12.4,54.3,----,----,00.000000 N,000.000000 W,0,0,S,S,V
2019-10-02 06:33:30,17.5,2363,0.00,12.4,54.4,----,----,00.000000 N,000.000000 W,0,0,S,S,V
2019-10-02 06:33:32,15.7,2326,0.00,12.4,54.4,----,----,00.000000 N,000.000000 W,0,0,S,S,V
2019-10-02 06:33:34,14.9,2311,0.00,12.4,54.4,----,----,00.000000 N,000.000000 W,0,0,S,S,V
2019-10-02 06:33:37,16.8,2349,0.00,12.4,54.4,----,----,00.000000 N,000.000000 W,0,0,S,S,V
2019-10-02 06:33:40,17.5,2364,0.00,12.4,54.4,----,----,00.000000 N,000.000000 W,0,0,S,S,V
2019-10-02 06:33:42,16.9,2351,0.02,12.4,54.4,----,----,00.000000 N,000.000000 W,0,0,S,S,V
2019-10-02 06:33:45,15.6,2324,0.05,12.4,54.4,----,----,00.000000 N,000.000000 W,0,0,S,S,V
2019-10-02 06:33:47,13.9,2290,0.01,12.4,54.4,----,----,00.000000 N,000.000000 W,0,0,S,S,V
2019-10-02 06:33:50,14.2,2296,0.03,12.4,54.4,----,----,00.000000 N,000.000000 W,0,0,S,S,V
2019-10-02 06:33:52,17.4,2361,0.00,12.5,54.5,----,----,00.000000 N,000.000000 W,0,0,S,S,V
2019-10-02 06:46:54,26.5,2547,0.12,13.1,55.5,----,----,00.000000 N,000.000000 W,0,0,S,S,V
2019-10-02 06:46:57,18.2,2377,0.06,13.1,55.5,----,----,00.000000 N,000.000000 W,0,0,S,S,V
2019-10-02 06:47:00,19.2,2399,0.04,13.1,55.5,----,----,00.000000 N,000.000000 W,0,0,S,S,V
2019-10-02 06:47:03,20.6,2426,0.06,13.1,55.5,----,----,00.000000 N,000.000000 W,0,0,S,S,V
2019-10-02 06:47:06,16.7,2348,0.04,13.1,55.6,----,----,00.000000 N,000.000000 W,0,0,S,S,V
2019-10-02 06:47:08,19.7,2409,0.02,13.1,55.5,----,----,00.000000 N,000.000000 W,0,0,S,S,V
2019-10-02 06:47:11,14.7,2307,0.00,13.1,55.5,----,----,00.000000 N,000.000000 W,0,0,S,S,V
2019-10-02 06:47:14,17.0,2353,0.01,13.1,55.5,----,----,00.000000 N,000.000000 W,0,0,S,S,V
2019-10-02 06:47:17,16.5,2344,0.02,13.1,55.6,----,----,00.000000 N,000.000000 W,0,0,S,S,V
2019-10-02 06:47:20,20.2,2419,0.06,13.1,55.6,----,----,00.000000 N,000.000000 W,0,0,S,S,V
2019-10-02 06:47:25,25.8,2533,0.09,13.1,55.6,----,----,00.000000 N,000.000000 W,0,0,S,S,V
2019-10-02 06:47:29,21.1,2437,0.00,13.1,55.6,----,----,00.000000 N,000.000000 W,0,0,S,S,V
2019-10-02 06:47:33,17.2,2358,0.02,13.1,55.6,----,----,00.000000 N,000.000000 W,0,0,S,S,V
2019-10-02 06:47:36,21.2,2439,0.04,13.1,55.6,----,----,00.000000 N,000.000000 W,0,0,S,S,V
2019-10-02 06:47:39,19.2,2398,0.00,13.1,55.5,----,----,00.000000 N,000.000000 W,0,0,S,S,V
2019-10-02 06:47:44,20.3,2421,0.05,13.1,55.6,----,----,00.000000 N,000.000000 W,0,0,S,S,V
2019-10-02 06:47:48,18.5,2384,0.03,13.1,55.6,----,----,00.000000 N,000.000000 W,0,0,S,S,V
2019-10-02 06:47:59,18.0,2373,0.00,13.1,55.6,----,----,33.937687 S,151.225197 E,4,1,S,S,V
2019-10-02 06:48:03,20.8,2430,0.06,13.1,55.6,----,----,33.939272 S,151.223798 E,6,1,S,S,V
2019-10-02 06:48:06,21.1,2436,0.09,13.1,55.6,----,----,33.940683 S,151.222580 E,6,1,S,S,V
2019-10-02 06:48:10,23.3,2482,0.08,13.1,55.6,----,----,33.940718 S,151.222607 E,6,1,S,S,V
2019-10-02 06:48:16,27.3,2564,0.09,13.1,55.6,----,----,33.940768 S,151.222622 E,6,1,S,S,V
2019-10-02 06:48:19,27.6,2570,0.10,13.1,55.7,----,----,33.940788 S,151.222630 E,6,1,S,S,V
2019-10-02 06:48:22,26.4,2545,0.11,13.1,55.7,----,----,33.940810 S,151.222615 E,6,1,S,S,V
2019-10-02 06:48:25,27.4,2566,0.07,13.1,55.7,----,----,33.940818 S,151.222600 E,5,1,S,S,V
2019-10-02 06:48:28,23.0,2475,0.05,13.1,55.7,----,----,33.940838 S,151.222582 E,5,1,S,S,V
2019-10-02 06:48:30,19.8,2410,0.00,13.2,55.7,----,----,33.940862 S,151.222563 E,6,1,S,S,V
2019-10-02 06:48:33,18.2,2377,0.03,13.1,55.7,----,----,33.940865 S,151.222555 E,5,1,S,S,V
2019-10-02 06:48:36,17.1,2355,0.00,13.2,55.7,----,----,33.940865 S,151.222542 E,5,1,S,S,V
2019-10-02 06:48:38,20.4,2422,0.03,13.2,55.7,----,----,33.940850 S,151.222513 E,5,1,S,S,V
2019-10-02 06:48:41,22.0,2455,0.11,13.2,55.8,----,----,33.940838 S,151.222487 E,5,1,S,S,V
2019-10-02 06:48:44,23.3,2482,0.05,13.2,55.8,----,----,33.940793 S,151.222460 E,5,1,S,S,V
2019-10-02 06:48:47,25.2,2520,0.05,13.2,55.8,----,----,33.940763 S,151.222475 E,6,1,S,S,V
2019-10-02 06:48:50,24.9,2515,0.04,13.2,55.8,----,----,33.940717 S,151.222522 E,6,1,S,S,V
2019-10-02 06:49:05,21.8,2450,0.05,13.3,55.9,----,----,33.940703 S,151.222478 E,6,1,S,S,V
2019-10-02 06:49:09,19.0,2394,0.00,13.3,55.9,----,----,33.940678 S,151.222532 E,6,1,S,S,V
2019-10-02 06:49:11,18.0,2373,0.00,13.3,56.0,----,----,33.940655 S,151.222550 E,6,1,S,S,V
2019-10-02 06:49:14,17.2,2357,0.00,13.3,56.0,----,----,33.940635 S,151.222572 E,6,1,S,S,V
2019-10-02 06:49:17,18.5,2383,0.00,13.3,56.0,----,----,33.940622 S,151.222613 E,6,1,S,S,V
2019-10-02 06:52:41,28.0,2578,0.06,14.2,57.6,----,----,00.000000 N,000.000000 W,0,0,S,S,V
2019-10-02 06:52:45,23.0,2475,0.05,14.2,57.6,----,----,00.000000 N,000.000000 W,0,0,S,S,V
2019-10-02 06:52:49,24.2,2499,0.06,14.2,57.6,----,----,00.000000 N,000.000000 W,0,0,S,S,V
2019-10-02 06:52:53,23.6,2487,0.03,14.2,57.6,----,----,00.000000 N,000.000000 W,0,0,S,S,V
2019-10-02 06:53:08,22.6,2468,0.01,14.2,57.6,----,----,00.000000 N,000.000000 W,0,0,S,S,V
2019-10-02 06:53:14,22.6,2468,0.01,14.2,57.5,----,----,00.000000 N,000.000000 W,0,0,S,S,V
2019-10-02 06:53:41,21.5,2445,0.06,14.1,57.4,----,----,33.943327 S,151.220987 E,8,1,S,S,V
2019-10-02 06:53:53,21.2,2438,0.04,14.0,57.3,----,----,33.943325 S,151.220987 E,8,1,S,S,V
2019-10-02 06:53:58,22.5,2465,0.03,14.0,57.3,----,----,33.943318 S,151.220978 E,8,1,S,S,V
2019-10-02 06:54:01,22.2,2460,0.02,14.0,57.3,----,----,33.943308 S,151.220958 E,8,1,S,S,V
2019-10-02 06:54:03,22.7,2470,0.05,14.0,57.3,----,----,33.943290 S,151.220933 E,7,1,S,S,V
2019-10-02 06:54:06,20.8,2431,0.01,14.0,57.2,----,----,33.943235 S,151.220903 E,7,1,S,S,V
2019-10-02 06:54:09,23.2,2480,0.06,14.0,57.2,----,----,33.943208 S,151.220910 E,7,1,S,S,V
2019-10-02 06:54:12,22.7,2469,0.06,14.0,57.2,----,----,33.943193 S,151.220920 E,7,1,S,S,V
2019-10-02 06:54:15,24.5,2506,0.06,14.0,57.2,----,----,33.943173 S,151.220927 E,8,1,S,S,V
2019-10-02 06:54:17,26.0,2537,0.05,14.0,57.2,----,----,33.943153 S,151.220928 E,8,1,S,S,V
2019-10-02 06:54:20,28.1,2580,0.06,14.0,57.2,----,----,33.943143 S,151.220942 E,7,1,S,S,V
2019-10-02 06:54:24,27.6,2570,0.05,14.0,57.2,----,----,33.943135 S,151.220967 E,8,1,S,S,V
2019-10-02 06:54:27,26.6,2549,0.09,14.0,57.2,----,----,33.943155 S,151.220993 E,8,1,S,S,V
2019-10-02 06:54:30,17.8,2369,0.03,14.0,57.2,----,----,33.943178 S,151.221013 E,8,1,S,S,V
2019-10-02 06:54:32,20.4,2423,0.01,14.0,57.2,----,----,33.943207 S,151.221020 E,8,1,S,S,V
2019-10-02 06:54:35,21.5,2444,0.04,14.0,57.2,----,----,33.943238 S,151.221000 E,8,1,S,S,V
2019-10-02 06:54:38,21.7,2448,0.00,14.0,57.2,----,----,33.943252 S,151.221008 E,8,1,S,S,V
2019-10-02 06:54:41,21.3,2441,0.03,14.0,57.2,----,----,33.943262 S,151.221033 E,8,1,S,S,V
2019-10-02 06:54:43,18.7,2388,0.00,14.0,57.2,----,----,33.943252 S,151.221095 E,8,1,S,S,V
2019-10-02 06:54:46,26.4,2545,0.08,14.0,57.2,----,----,33.943237 S,151.221122 E,8,1,S,S,V
2019-10-02 06:54:48,22.4,2464,0.05,14.0,57.2,----,----,33.943230 S,151.221148 E,8,1,S,S,V
2019-10-02 06:54:53,20.2,2419,0.03,14.0,57.2,----,----,33.943257 S,151.221167 E,8,1,S,S,V
2019-10-02 06:55:50,25.0,2517,0.00,14.0,57.2,----,----,00.000000 N,000.000000 W,0,0,S,S,V
2019-10-02 06:55:56,20.1,2417,0.07,14.0,57.2,----,----,00.000000 N,000.000000 W,0,0,S,S,V
2019-10-02 06:59:56,20.6,2426,0.05,14.6,58.3,----,----,33.944313 S,151.221360 E,8,1,S,S,V
2019-10-02 07:00:03,21.0,2435,0.07,14.6,58.3,----,----,33.944320 S,151.221388 E,8,1,S,S,V
2019-10-02 07:00:07,20.2,2418,0.04,14.6,58.3,----,----,33.944315 S,151.221418 E,9,1,S,S,V
2019-10-02 07:00:10,26.2,2540,0.06,14.6,58.4,----,----,33.944292 S,151.221457 E,9,1,S,S,V
2019-10-02 07:00:13,21.9,2453,0.03,14.6,58.4,----,----,33.944273 S,151.221502 E,9,1,S,S,V
2019-10-02 07:00:16,20.5,2425,0.06,14.6,58.4,----,----,33.944283 S,151.221525 E,9,1,S,S,V
2019-10-02 07:00:19,19.6,2406,0.07,14.6,58.4,----,----,33.944327 S,151.221528 E,8,1,S,S,V
2019-10-02 07:00:22,22.7,2470,0.02,14.6,58.4,----,----,33.944352 S,151.221520 E,8,1,S,S,V
2019-10-02 07:00:26,19.5,2404,0.02,14.7,58.4,----,----,33.944387 S,151.221498 E,8,1,S,S,V
2019-10-02 07:00:29,20.2,2419,0.02,14.7,58.4,----,----,33.944395 S,151.221513 E,8,1,S,S,V
2019-10-02 07:00:32,22.7,2469,0.03,14.7,58.5,----,----,33.944390 S,151.221545 E,8,1,S,S,V
2019-10-02 07:00:35,12.3,2258,0.00,14.7,58.5,----,----,33.944413 S,151.221558 E,9,1,S,S,V
2019-10-02 07:00:38,12.2,2256,0.00,14.7,58.5,----,----,33.944442 S,151.221538 E,8,1,S,S,V
2019-10-02 07:00:44,13.3,2277,0.00,14.7,58.6,----,----,33.944455 S,151.221505 E,7,1,S,S,V
2019-10-02 07:00:47,23.3,2482,0.06,14.7,58.6,----,----,33.944472 S,151.221485 E,7,1,S,S,V
2019-10-02 07:00:50,23.6,2487,0.06,14.8,58.6,----,----,33.944468 S,151.221473 E,8,1,S,S,V
2019-10-02 07:00:52,21.2,2439,0.05,14.8,58.6,----,----,33.944453 S,151.221477 E,8,1,S,S,V
2019-10-02 07:00:55,21.5,2444,0.03,14.8,58.6,----,----,33.944455 S,151.221458 E,7,1,S,S,V
2019-10-02 07:00:58,18.6,2385,0.02,14.8,58.7,----,----,33.944480 S,151.221455 E,8,1,S,S,V
2019-10-02 07:01:00,22.9,2473,0.05,14.8,58.7,----,----,33.944505 S,151.221465 E,7,1,S,S,V
2019-10-02 07:01:03,19.3,2400,0.05,14.8,58.7,----,----,33.944530 S,151.221473 E,8,1,S,S,V
2019-10-02 07:01:06,25.5,2526,0.07,14.8,58.7,----,----,33.944537 S,151.221458 E,8,1,S,S,V
2019-10-02 07:01:09,24.5,2506,0.06,14.8,58.7,----,----,33.944533 S,151.221430 E,9,1,S,S,V
2019-10-02 07:01:11,22.4,2463,0.07,14.8,58.8,----,----,33.944508 S,151.221408 E,9,1,S,S,V
2019-10-02 07:01:15,19.5,2404,0.06,14.8,58.8,----,----,33.944487 S,151.221350 E,8,1,S,S,V
2019-10-02 07:01:18,13.9,2290,0.00,14.9,58.8,----,----,33.944465 S,151.221340 E,9,1,S,S,V
2019-10-02 07:01:22,19.8,2410,0.01,14.9,58.8,----,----,33.944383 S,151.221372 E,9,1,S,S,V
2019-10-02 07:01:25,21.8,2451,0.04,14.9,58.9,----,----,33.944352 S,151.221372 E,9,1,S,S,V
2019-10-02 07:01:28,16.2,2336,0.01,14.9,58.9,----,----,33.944362 S,151.221322 E,8,1,S,S,V
2019-10-02 07:07:21,22.2,2460,0.00,16.5,61.8,----,----,00.000000 N,000.000000 W,0,0,S,S,V
2019-10-02 07:07:26,20.2,2419,0.00,16.5,61.8,----,----,00.000000 N,000.000000 W,0,0,S,S,V
2019-10-02 07:07:29,18.7,2388,0.00,16.5,61.8,----,----,00.000000 N,000.000000 W,0,0,S,S,V
2019-10-02 07:07:32,15.9,2331,0.03,16.5,61.8,----,----,00.000000 N,000.000000 W,0,0,S,S,V
2019-10-02 07:07:34,24.1,2497,0.05,16.5,61.8,----,----,00.000000 N,000.000000 W,0,0,S,S,V
2019-10-02 07:07:37,17.9,2372,0.00,16.5,61.8,----,----,00.000000 N,000.000000 W,0,0,S,S,V
2019-10-02 07:07:40,17.9,2371,0.00,16.5,61.8,----,----,00.000000 N,000.000000 W,0,0,S,S,V
2019-10-02 07:07:43,19.2,2399,0.00,16.5,61.8,----,----,00.000000 N,000.000000 W,0,0,S,S,V
2019-10-02 07:07:45,22.2,2460,0.00,16.5,61.8,----,----,00.000000 N,000.000000 W,0,0,S,S,V
2019-10-02 07:07:48,22.2,2459,0.06,16.5,61.8,----,----,00.000000 N,000.000000 W,0,0,S,S,V
2019-10-02 07:07:51,20.5,2425,0.03,16.5,61.8,----,----,00.000000 N,000.000000 W,0,0,S,S,V
2019-10-02 07:07:54,21.5,2444,0.03,16.5,61.8,----,----,00.000000 N,000.000000 W,0,0,S,S,V
2019-10-02 07:07:56,17.0,2353,0.03,16.5,61.8,----,----,00.000000 N,000.000000 W,0,0,S,S,V
2019-10-02 07:07:59,23.0,2475,0.06,16.5,61.8,----,----,00.000000 N,000.000000 W,0,0,S,S,V
2019-10-02 07:08:02,20.7,2429,0.00,16.5,61.8,----,----,00.000000 N,000.000000 W,0,0,S,S,V
2019-10-02 07:08:04,17.9,2371,0.02,16.5,61.8,----,----,00.000000 N,000.000000 W,0,0,S,S,V
2019-10-02 07:08:07,20.5,2424,0.00,16.5,61.8,----,----,00.000000 N,000.000000 W,0,0,S,S,V
2019-10-02 07:08:11,23.7,2489,0.07,16.5,61.8,----,----,00.000000 N,000.000000 W,0,0,S,S,V
2019-10-02 07:08:14,22.5,2466,0.02,16.5,61.8,----,----,00.000000 N,000.000000 W,0,0,S,S,V
2019-10-02 07:08:48,21.3,2441,0.00,16.5,61.7,----,----,33.939445 S,151.222035 E,8,1,S,S,V
2019-10-02 07:08:51,19.3,2400,0.02,16.5,61.7,----,----,33.939430 S,151.222072 E,8,1,S,S,V
2019-10-02 07:08:55,23.0,2476,0.04,16.5,61.7,----,----,33.939435 S,151.222095 E,8,1,S,S,V
2019-10-02 07:08:57,24.8,2513,0.03,16.5,61.7,----,----,33.939452 S,151.222103 E,8,1,S,S,V
2019-10-02 07:09:00,20.5,2424,0.00,16.5,61.7,----,----,33.939463 S,151.222122 E,8,1,S,S,V
2019-10-02 07:09:03,23.1,2477,0.05,16.5,61.7,----,----,33.939487 S,151.222117 E,8,1,S,S,V
2019-10-02 07:09:06,22.9,2473,0.10,16.5,61.7,----,----,33.939508 S,151.222118 E,8,1,S,S,V
2019-10-02 07:09:08,20.2,2419,0.02,16.5,61.7,----,----,33.939527 S,151.222105 E,9,1,S,S,V
2019-10-02 07:09:11,21.2,2439,0.05,16.5,61.7,----,----,33.939528 S,151.222090 E,9,1,S,S,V
2019-10-02 07:09:15,18.9,2392,0.00,16.5,61.7,----,----,33.939532 S,151.222063 E,9,1,S,S,V
2019-10-02 07:09:18,18.8,2390,0.00,16.5,61.7,----,----,33.939538 S,151.222048 E,8,1,S,S,V
2019-10-02 07:09:21,20.3,2421,0.00,16.5,61.7,----,----,33.939572 S,151.222025 E,9,1,S,S,V
2019-10-02 07:09:24,18.0,2373,0.03,16.5,61.7,----,----,33.939595 S,151.222003 E,9,1,S,S,V
2019-10-02 07:10:04,18.7,2388,0.02,16.5,61.8,----,----,33.939622 S,151.221992 E,11,1,S,S,V
2019-10-02 07:10:07,17.1,2355,0.03,16.5,61.8,----,----,33.939638 S,151.221987 E,11,1,S,S,V
2019-10-02 07:10:09,18.9,2391,0.03,16.5,61.8,----,----,33.939653 S,151.222000 E,11,1,S,S,V
2019-10-02 07:10:12,21.4,2443,0.03,16.5,61.8,----,----,33.939653 S,151.222027 E,10,1,S,S,V
2019-10-02 07:10:15,25.0,2517,0.03,16.5,61.8,----,----,33.939652 S,151.222042 E,11,1,S,S,V
2019-10-02 07:17:34,11.8,2247,0.00,18.9,66.0,----,----,00.000000 N,000.000000 W,0,0,S,S,V
2019-10-02 07:17:40,20.7,2429,0.03,18.9,66.0,----,----,00.000000 N,000.000000 W,0,0,S,S,V
2019-10-02 07:17:43,20.9,2433,0.00,18.9,66.0,----,----,00.000000 N,000.000000 W,0,0,S,S,V
2019-10-02 07:17:46,21.6,2446,0.04,18.9,66.0,----,----,00.000000 N,000.000000 W,0,0,S,S,V
2019-10-02 07:17:48,21.6,2446,0.00,18.8,66.0,----,----,00.000000 N,000.000000 W,0,0,S,S,V
2019-10-02 07:17:51,24.2,2499,0.02,18.8,66.0,----,----,00.000000 N,000.000000 W,0,0,S,S,V
2019-10-02 07:17:54,18.6,2386,0.00,18.8,66.0,----,----,00.000000 N,000.000000 W,0,0,S,S,V
2019-10-02 07:17:57,19.4,2403,0.00,18.8,65.9,----,----,00.000000 N,000.000000 W,0,0,S,S,V
2019-10-02 07:18:00,21.6,2446,0.02,18.8,65.9,----,----,00.000000 N,000.000000 W,0,0,S,S,V
2019-10-02 07:18:03,23.7,2489,0.02,18.8,65.9,----,----,00.000000 N,000.000000 W,0,0,S,S,V
2019-10-02 07:18:06,22.6,2468,0.03,18.8,65.8,----,----,00.000000 N,000.000000 W,0,0,S,S,V
2019-10-02 07:18:12,20.1,2417,0.00,18.8,65.8,----,----,00.000000 N,000.000000 W,0,0,S,S,V
2019-10-02 07:18:16,18.6,2386,0.01,18.8,65.8,----,----,00.000000 N,000.000000 W,0,0,S,S,V
2019-10-02 07:18:19,20.5,2424,0.02,18.8,65.8,----,----,00.000000 N,000.000000 W,0,0,S,S,V
2019-10-02 07:18:25,19.9,2413,0.00,18.7,65.8,----,----,00.000000 N,000.000000 W,0,0,S,S,V
2019-10-02 07:18:32,17.8,2370,0.02,18.7,65.7,----,----,00.000000 N,000.000000 W,0,0,S,S,V
2019-10-02 07:18:35,18.8,2389,0.00,18.7,65.7,----,----,00.000000 N,000.000000 W,0,0,S,S,V
2019-10-02 07:18:38,22.4,2463,0.00,18.7,65.7,----,----,00.000000 N,000.000000 W,0,0,S,S,V
2019-10-02 07:18:40,25.4,2524,0.02,18.7,65.6,----,----,00.000000 N,000.000000 W,0,0,S,S,V
2019-10-02 07:18:43,15.1,2315,0.00,18.7,65.6,----,----,00.000000 N,000.000000 W,0,0,S,S,V
2019-10-02 07:18:46,23.3,2482,0.00,18.7,65.6,----,----,00.000000 N,000.000000 W,0,0,S,S,V
2019-10-02 07:18:48,17.6,2365,0.02,18.6,65.6,----,----,00.000000 N,000.000000 W,0,0,S,S,V
2019-10-02 07:18:51,23.1,2478,0.00,18.6,65.6,----,----,00.000000 N,000.000000 W,0,0,S,S,V
2019-10-02 07:18:53,22.2,2460,0.00,18.6,65.6,----,----,00.000000 N,000.000000 W,0,0,S,S,V
2019-10-02 07:18:56,24.5,2505,0.05,18.6,65.6,----,----,00.000000 N,000.000000 W,0,0,S,S,V
2019-10-02 07:18:59,24.8,2513,0.02,18.6,65.6,----,----,33.936588 S,151.222030 E,5,1,S,S,V
2019-10-02 07:19:02,25.3,2522,0.05,18.6,65.5,----,----,33.936612 S,151.222047 E,5,1,S,S,V
2019-10-02 07:19:06,17.0,2353,0.00,18.6,65.5,----,----,33.936658 S,151.222037 E,5,1,S,S,V
2019-10-02 07:19:09,19.7,2408,0.00,18.6,65.5,----,----,33.936727 S,151.222010 E,5,1,S,S,V
2019-10-02 07:19:12,19.5,2405,0.00,18.6,65.4,----,----,33.936760 S,151.222010 E,5,1,S,S,V
2019-10-02 07:19:15,18.5,2383,0.02,18.6,65.4,----,----,33.936797 S,151.222027 E,5,1,S,S,V
2019-10-02 07:19:17,17.2,2358,0.00,18.6,65.4,----,----,33.936775 S,151.222048 E,5,1,S,S,V
2019-10-02 07:19:20,23.3,2482,0.02,18.6,65.4,----,----,33.936772 S,151.222075 E,5,1,S,S,V
2019-10-02 07:19:24,24.5,2505,0.02,18.5,65.4,----,----,33.936803 S,151.222095 E,5,1,S,S,V
2019-10-02 07:19:28,21.8,2452,0.00,18.5,65.4,----,----,33.936822 S,151.222102 E,5,1,S,S,V
2019-10-02 07:19:31,23.0,2476,0.00,18.5,65.4,----,----,33.936852 S,151.222115 E,5,1,S,S,V
2019-10-02 07:19:33,27.4,2566,0.01,18.5,65.4,----,----,33.936877 S,151.222132 E,5,1,S,S,V
2019-10-02 07:24:33,19.3,2400,0.00,19.5,67.1,----,----,00.000000 N,000.000000 W,0,0,S,S,V
2019-10-02 07:24:37,14.3,2298,0.00,19.5,67.2,----,----,00.000000 N,000.000000 W,0,0,S,S,V
2019-10-02 07:24:40,13.6,2284,0.00,19.5,67.2,----,----,00.000000 N,000.000000 W,0,0,S,S,V
2019-10-02 07:24:43,14.7,2307,0.00,19.5,67.2,----,----,00.000000 N,000.000000 W,0,0,S,S,V
2019-10-02 07:24:46,12.3,2257,0.00,19.5,67.2,----,----,00.000000 N,000.000000 W,0,0,S,S,V
2019-10-02 07:24:49,12.8,2267,0.00,19.5,67.1,----,----,00.000000 N,000.000000 W,0,0,S,S,V
2019-10-02 07:24:52,11.5,2242,0.00,19.5,67.1,----,----,00.000000 N,000.000000 W,0,0,S,S,V
2019-10-02 07:24:55,15.2,2316,0.00,19.5,67.1,----,----,00.000000 N,000.000000 W,0,0,S,S,V
2019-10-02 07:24:58,14.4,2301,0.00,19.5,67.1,----,----,00.000000 N,000.000000 W,0,0,S,S,V
2019-10-02 07:25:02,17.1,2356,0.00,19.4,67.0,----,----,00.000000 N,000.000000 W,0,0,S,S,V
2019-10-02 07:25:05,17.1,2355,0.00,19.4,66.9,----,----,33.936517 S,151.222797 E,5,1,S,S,V
2019-10-02 07:25:08,11.7,2245,0.00,19.4,66.9,----,----,33.936542 S,151.222795 E,5,1,S,S,V
2019-10-02 07:25:11,12.8,2267,0.00,19.4,66.9,----,----,33.936540 S,151.222787 E,5,1,S,S,V
2019-10-02 07:25:13,10.3,2217,0.00,19.3,66.9,----,----,33.936515 S,151.222755 E,5,1,S,S,V
2019-10-02 07:25:16,13.0,2272,0.00,19.3,66.9,----,----,33.936508 S,151.222733 E,5,1,S,S,V
2019-10-02 07:25:19,11.0,2231,0.00,19.3,66.8,----,----,33.936515 S,151.222675 E,5,1,S,S,V
2019-10-02 07:25:21,11.3,2237,0.00,19.3,66.8,----,----,33.936512 S,151.222655 E,5,1,S,S,V
2019-10-02 07:25:25,17.8,2369,0.00,19.3,66.7,----,----,33.936545 S,151.222672 E,5,1,S,S,V
2019-10-02 07:25:28,17.4,2362,0.00,19.3,66.7,----,----,33.936568 S,151.222683 E,5,1,S,S,V
2019-10-02 07:25:31,16.6,2346,0.00,19.3,66.7,----,----,33.936613 S,151.222695 E,5,1,S,S,V
2019-10-02 07:25:34,15.9,2330,0.00,19.3,66.7,----,----,33.936653 S,151.222702 E,5,1,S,S,V
2019-10-02 07:25:37,14.5,2303,0.00,19.3,66.7,----,----,33.936690 S,151.222738 E,5,1,S,S,V
2019-10-02 07:25:40,19.1,2395,0.00,19.3,66.7,----,----,33.936702 S,151.222748 E,5,1,S,S,V
2019-10-02 07:25:43,17.4,2361,0.00,19.3,66.7,----,----,33.936728 S,151.222735 E,5,1,S,S,V
2019-10-02 07:25:47,12.5,2261,0.00,19.2,66.7,----,----,33.936742 S,151.222755 E,5,1,S,S,V
2019-10-02 07:25:49,13.4,2279,0.00,19.2,66.7,----,----,33.936738 S,151.222790 E,5,1,S,S,V
2019-10-02 07:25:52,10.8,2227,0.00,19.2,66.7,----,----,33.936722 S,151.222820 E,5,1,S,S,V
2019-10-02 07:25:55,13.0,2271,0.00,19.2,66.6,----,----,33.936707 S,151.222835 E,5,1,S,S,V
2019-10-02 07:25:59,11.8,2247,0.00,19.2,66.6,----,----,33.936665 S,151.222882 E,5,1,S,S,V
2019-10-02 07:36:37,21.2,2439,0.00,20.4,68.8,----,----,00.000000 N,000.000000 W,0,0,S,S,V
2019-10-02 07:36:40,25.1,2519,0.02,20.4,68.8,----,----,00.000000 N,000.000000 W,0,0,S,S,V
2019-10-02 07:36:43,18.2,2377,0.02,20.4,68.8,----,----,00.000000 N,000.000000 W,0,0,S,S,V
2019-10-02 07:36:45,19.5,2405,0.00,20.4,68.8,----,----,00.000000 N,000.000000 W,0,0,S,S,V
2019-10-02 07:36:48,18.8,2390,0.00,20.4,68.8,----,----,00.000000 N,000.000000 W,0,0,S,S,V
2019-10-02 07:36:51,24.2,2500,0.05,20.4,68.8,----,----,00.000000 N,000.000000 W,0,0,S,S,V
2019-10-02 07:36:53,23.4,2483,0.02,20.4,68.8,----,----,00.000000 N,000.000000 W,0,0,S,S,V
2019-10-02 07:37:37,22.7,2469,0.00,20.2,68.5,----,----,33.932613 S,151.223542 E,7,1,S,S,V
2019-10-02 07:37:40,18.8,2390,0.00,20.2,68.4,----,----,33.932640 S,151.223545 E,7,1,S,S,V
2019-10-02 07:37:43,23.2,2479,0.01,20.2,68.4,----,----,33.932670 S,151.223523 E,7,1,S,S,V
2019-10-02 07:37:46,18.7,2388,0.00,20.2,68.4,----,----,33.932705 S,151.223503 E,8,1,S,S,V
2019-10-02 07:37:49,22.2,2460,0.00,20.2,68.4,----,----,33.932732 S,151.223485 E,8,1,S,S,V
2019-10-02 07:37:51,27.8,2573,0.05,20.2,68.4,----,----,33.932750 S,151.223467 E,8,1,S,S,V
2019-10-02 07:37:55,25.2,2520,0.05,20.2,68.4,----,----,33.932782 S,151.223438 E,8,1,S,S,V
2019-10-02 07:37:59,26.7,2551,0.03,20.2,68.3,----,----,33.932793 S,151.223460 E,8,1,S,S,V
2019-10-02 07:38:01,19.5,2404,0.01,20.2,68.3,----,----,33.932822 S,151.223483 E,8,1,S,S,V
2019-10-02 07:38:04,21.7,2448,0.00,20.1,68.3,----,----,33.932820 S,151.223512 E,8,1,S,S,V
2019-10-02 07:38:07,20.4,2423,0.00,20.1,68.2,----,----,33.932855 S,151.223528 E,8,1,S,S,V
2019-10-02 07:38:10,20.3,2421,0.03,20.1,68.2,----,----,33.932868 S,151.223548 E,8,1,S,S,V
2019-10-02 07:38:13,16.1,2334,0.00,20.1,68.2,----,----,33.932882 S,151.223547 E,8,1,S,S,V
2019-10-02 07:38:15,18.5,2383,0.01,20.1,68.2,----,----,33.932887 S,151.223550 E,8,1,S,S,V
2019-10-02 07:38:18,19.2,2399,0.00,20.1,68.2,----,----,33.932902 S,151.223537 E,8,1,S,S,V
2019-10-02 07:38:21,18.5,2383,0.03,20.1,68.2,----,----,33.932908 S,151.223525 E,8,1,S,S,V
2019-10-02 07:38:23,21.4,2443,0.00,20.0,68.1,----,----,33.932922 S,151.223482 E,8,1,S,S,V
2019-10-02 07:38:26,21.7,2448,0.02,20.0,68.1,----,----,33.932925 S,151.223430 E,8,1,S,S,V
2019-10-02 07:38:29,21.2,2438,0.03,20.0,68.1,----,----,33.932908 S,151.223423 E,8,1,S,S,V
2019-10-02 07:44:13,24.5,2505,0.00,21.3,70.4,----,----,00.000000 N,000.000000 W,0,0,S,S,V
2019-10-02 07:44:17,23.0,2475,0.04,21.3,70.4,----,----,00.000000 N,000.000000 W,0,0,S,S,V
2019-10-02 07:44:20,23.7,2490,0.04,21.3,70.5,----,----,00.000000 N,000.000000 W,0,0,S,S,V
2019-10-02 07:44:23,21.7,2448,0.04,21.3,70.4,----,----,00.000000 N,000.000000 W,0,0,S,S,V
2019-10-02 07:44:25,24.4,2503,0.03,21.3,70.4,----,----,00.000000 N,000.000000 W,0,0,S,S,V
2019-10-02 07:44:28,29.8,2614,0.12,21.3,70.4,----,----,00.000000 N,000.000000 W,0,0,S,S,V
2019-10-02 07:44:31,31.4,2647,0.05,21.3,70.4,----,----,00.000000 N,000.000000 W,0,0,S,S,V
2019-10-02 07:44:34,30.2,2623,0.09,21.3,70.4,----,----,00.000000 N,000.000000 W,0,0,S,S,V
2019-10-02 07:44:37,31.9,2657,0.08,21.3,70.4,----,----,00.000000 N,000.000000 W,0,0,S,S,V
2019-10-02 07:44:39,25.8,2532,0.04,21.3,70.4,----,----,00.000000 N,000.000000 W,0,0,S,S,V
2019-10-02 07:44:42,26.8,2553,0.05,21.3,70.4,----,----,00.000000 N,000.000000 W,0,0,S,S,V
2019-10-02 07:44:45,21.7,2448,0.00,21.3,70.3,----,----,00.000000 N,000.000000 W,0,0,S,S,V
2019-10-02 07:44:48,22.6,2468,0.03,21.3,70.3,----,----,00.000000 N,000.000000 W,0,0,S,S,V
2019-10-02 07:44:51,18.5,2383,0.02,21.3,70.3,----,----,00.000000 N,000.000000 W,0,0,S,S,V
2019-10-02 07:44:54,20.4,2422,0.00,21.3,70.3,----,----,00.000000 N,000.000000 W,0,0,S,S,V
2019-10-02 07:44:56,17.9,2371,0.00,21.2,70.3,----,----,00.000000 N,000.000000 W,0,0,S,S,V
2019-10-02 07:44:58,18.1,2376,0.00,21.2,70.3,----,----,00.000000 N,000.000000 W,0,0,S,S,V
2019-10-02 07:45:01,19.1,2396,0.03,21.2,70.3,----,----,00.000000 N,000.000000 W,0,0,S,S,V
2019-10-02 07:45:03,20.1,2417,0.01,21.2,70.2,----,----,33.933817 S,151.224612 E,5,1,S,S,V
2019-10-02 07:45:05,15.9,2331,0.00,21.2,70.2,----,----,33.933717 S,151.224347 E,5,1,S,S,V
2019-10-02 07:45:08,21.1,2436,0.00,21.2,70.2,----,----,33.933660 S,151.224352 E,5,1,S,S,V
2019-10-02 07:45:10,18.8,2389,0.04,21.2,70.2,----,----,33.933603 S,151.224382 E,5,1,S,S,V
2019-10-02 07:45:13,18.9,2391,0.01,21.2,70.1,----,----,33.933573 S,151.224345 E,5,1,S,S,V
2019-10-02 07:45:16,16.1,2335,0.02,21.2,70.1,----,----,33.933532 S,151.224328 E,5,1,S,S,V
2019-10-02 07:45:18,19.2,2399,0.02,21.2,70.1,----,----,33.933475 S,151.224293 E,5,1,S,S,V
2019-10-02 07:45:21,20.9,2432,0.02,21.2,70.1,----,----,33.933452 S,151.224273 E,5,1,S,S,V
2019-10-02 07:45:23,17.1,2356,0.00,21.1,70.1,----,----,33.933438 S,151.224250 E,5,1,S,S,V
2019-10-02 07:45:26,22.0,2456,0.03,21.1,70.1,----,----,33.933418 S,151.224237 E,5,1,S,S,V
2019-10-02 07:45:28,21.9,2453,0.04,21.1,70.1,----,----,33.933400 S,151.224232 E,6,1,S,S,V
2019-10-02 07:45:31,27.7,2572,0.06,21.1,70.1,----,----,33.933380 S,151.224230 E,6,1,S,S,V
2019-10-02 07:45:34,18.6,2386,0.00,21.1,70.1,----,----,33.933373 S,151.224247 E,6,1,S,S,V
2019-10-02 07:45:36,16.8,2350,0.01,21.1,70.1,----,----,33.933368 S,151.224277 E,6,1,S,S,V
2019-10-02 07:45:39,17.4,2361,0.03,21.1,70.1,----,----,33.933363 S,151.224313 E,6,1,S,S,V
2019-10-02 07:45:42,15.6,2324,0.02,21.1,70.1,----,----,33.933378 S,151.224353 E,6,1,S,S,V
2019-10-02 07:45:45,18.6,2386,0.00,21.1,70.0,----,----,33.933398 S,151.224388 E,6,1,S,S,V
2019-10-02 07:45:47,19.7,2408,0.01,21.1,70.0,----,----,33.933410 S,151.224447 E,6,1,S,S,V
2019-10-02 07:45:50,22.4,2463,0.00,21.1,70.0,----,----,33.933408 S,151.224470 E,6,1,S,S,V
2019-10-02 07:45:53,20.2,2418,0.01,21.1,69.9,----,----,33.933402 S,151.224493 E,6,1,S,S,V
2019-10-02 07:45:56,18.3,2379,0.03,21.0,69.9,----,----,33.933397 S,151.224518 E,6,1,S,S,V
2019-10-02 07:45:59,23.8,2491,0.04,21.0,69.9,----,----,33.933355 S,151.224552 E,7,1,S,S,V
2019-10-02 07:46:01,18.5,2383,0.02,21.0,69.9,----,----,33.933330 S,151.224532 E,7,1,S,S,V
2019-10-02 07:46:04,21.8,2451,0.03,21.0,69.8,----,----,33.933317 S,151.224513 E,7,1,S,S,V
2019-10-02 07:46:07,19.9,2413,0.03,21.0,69.8,----,----,33.933312 S,151.224492 E,7,1,S,S,V
2019-10-02 07:46:09,15.6,2324,0.00,21.0,69.8,----,----,33.933317 S,151.224443 E,6,1,S,S,V
2019-10-02 07:46:12,14.5,2303,0.00,21.0,69.8,----,----,33.933322 S,151.224382 E,7,1,S,S,V
2019-10-02 07:46:14,22.8,2472,0.00,21.0,69.8,----,----,33.933317 S,151.224362 E,6,1,S,S,V
2019-10-02 07:46:17,21.7,2449,0.00,21.0,69.8,----,----,33.933312 S,151.224377 E,7,1,S,S,V
2019-10-02 07:46:20,22.8,2472,0.00,21.0,69.8,----,----,33.933298 S,151.224420 E,6,1,S,S,V
2019-10-02 07:46:22,21.1,2437,0.00,20.9,69.7,----,----,33.933293 S,151.224455 E,7,1,S,S,V
2019-10-02 07:46:25,23.1,2477,0.01,20.9,69.7,----,----,33.933302 S,151.224492 E,7,1,S,S,V
2019-10-02 07:46:27,23.3,2482,0.03,20.9,69.7,----,----,33.933317 S,151.224518 E,7,1,S,S,V
2019-10-02 07:46:30,24.1,2498,0.08,20.9,69.7,----,----,33.933333 S,151.224533 E,7,1,S,S,V
2019-10-02 07:46:33,24.5,2505,0.09,20.9,69.7,----,----,33.933350 S,151.224553 E,7,1,S,S,V
2019-10-02 07:46:36,19.4,2402,0.00,20.9,69.6,----,----,33.933377 S,151.224563 E,6,1,S,S,V
2019-10-03 04:46:06,20.5,2425,0.02,16.0,60.9,----,----,00.000000 N,000.000000 W,0,0,S,S,V
2019-10-03 04:46:08,20.6,2426,0.09,16.0,60.9,----,----,00.000000 N,000.000000 W,0,0,S,S,V
2019-10-03 04:46:11,17.9,2371,0.00,16.0,60.8,----,----,00.000000 N,000.000000 W,0,0,S,S,V
2019-10-03 04:46:13,19.6,2406,0.00,16.0,60.8,----,----,00.000000 N,000.000000 W,0,0,S,S,V
2019-10-03 04:46:15,20.2,2418,0.00,16.0,60.8,----,----,00.000000 N,000.000000 W,0,0,S,S,V
2019-10-03 04:46:18,14.5,2303,0.00,15.9,60.7,----,----,00.000000 N,000.000000 W,0,0,S,S,V
2019-10-03 04:46:20,17.2,2358,0.04,15.9,60.7,----,----,00.000000 N,000.000000 W,0,0,S,S,V
2019-10-03 04:46:23,17.0,2353,0.00,15.9,60.7,----,----,00.000000 N,000.000000 W,0,0,S,S,V
2019-10-03 04:46:25,12.9,2269,0.00,15.9,60.6,----,----,00.000000 N,000.000000 W,0,0,S,S,V
2019-10-03 04:46:27,15.2,2316,0.00,15.9,60.6,----,----,00.000000 N,000.000000 W,0,0,S,S,V
2019-10-03 04:46:29,10.6,2222,0.00,15.8,60.5,----,----,00.000000 N,000.000000 W,0,0,S,S,V
2019-10-03 04:46:32,13.5,2281,0.00,15.8,60.5,----,----,00.000000 N,000.000000 W,0,0,S,S,V
2019-10-03 04:46:34,13.1,2274,0.00,15.8,60.4,----,----,00.000000 N,000.000000 W,0,0,S,S,V
2019-10-03 04:46:36,15.6,2325,0.00,15.7,60.4,----,----,00.000000 N,000.000000 W,0,0,S,S,V
2019-10-03 04:46:38,18.7,2388,0.00,15.7,60.4,----,----,00.000000 N,000.000000 W,0,0,S,S,V
2019-10-03 04:46:40,20.2,2418,0.03,15.7,60.3,----,----,00.000000 N,000.000000 W,0,0,S,S,V
2019-10-03 04:46:43,12.5,2261,0.00,15.7,60.3,----,----,00.000000 N,000.000000 W,0,0,S,S,V
2019-10-03 04:46:45,12.5,2262,0.00,15.7,60.2,----,----,00.000000 N,000.000000 W,0,0,S,S,V
2019-10-03 04:46:47,11.9,2249,0.00,15.6,60.2,----,----,00.000000 N,000.000000 W,0,0,S,S,V
2019-10-03 04:46:49,11.4,2240,0.00,15.6,60.1,----,----,00.000000 N,000.000000 W,0,0,S,S,V
2019-10-03 04:46:51,17.2,2357,0.02,15.6,60.1,----,----,00.000000 N,000.000000 W,0,0,S,S,V
2019-10-03 04:46:53,16.7,2348,0.02,15.5,60.0,----,----,00.000000 N,000.000000 W,0,0,S,S,V
2019-10-03 04:46:56,18.2,2378,0.01,15.5,60.0,----,----,00.000000 N,000.000000 W,0,0,S,S,V
2019-10-03 04:46:58,14.3,2299,0.00,15.5,59.9,----,----,00.000000 N,000.000000 W,0,0,S,S,V
2019-10-03 04:47:00,13.6,2283,0.00,15.5,59.9,----,----,00.000000 N,000.000000 W,0,0,S,S,V
2019-10-03 04:47:02,15.1,2314,0.00,15.5,59.9,----,----,00.000000 N,000.000000 W,0,0,S,S,V
2019-10-03 04:47:04,14.2,2297,0.00,15.4,59.8,----,----,00.000000 N,000.000000 W,0,0,S,S,V
2019-10-03 04:47:07,16.3,2339,0.00,15.4,59.7,----,----,00.000000 N,000.000000 W,0,0,S,S,V
2019-10-03 04:47:09,19.1,2396,0.00,15.4,59.7,----,----,00.000000 N,000.000000 W,0,0,S,S,V
2019-10-03 04:47:11,14.4,2301,0.00,15.3,59.7,----,----,00.000000 N,000.000000 W,0,0,S,S,V
2019-10-03 04:47:13,13.8,2288,0.01,15.3,59.6,----,----,00.000000 N,000.000000 W,0,0,S,S,V
2019-10-03 04:47:15,10.7,2224,0.00,15.3,59.6,----,----,00.000000 N,000.000000 W,0,0,S,S,V
2019-10-03 04:47:17,14.9,2311,0.00,15.3,59.5,----,----,00.000000 N,000.000000 W,0,0,S,S,V
2019-10-03 04:47:19,12.9,2270,0.00,15.3,59.5,----,----,00.000000 N,000.000000 W,0,0,S,S,V
2019-10-03 04:47:21,14.3,2299,0.00,15.2,59.4,----,----,00.000000 N,000.000000 W,0,0,S,S,V
2019-10-03 04:47:23,15.0,2312,0.00,15.2,59.4,----,----,00.000000 N,000.000000 W,0,0,S,S,V
2019-10-03 04:47:25,17.8,2370,0.00,15.2,59.3,----,----,00.000000 N,000.000000 W,0,0,S,S,V
2019-10-03 04:47:28,17.9,2371,0.00,15.1,59.3,----,----,33.938618 S,151.222538 E,5,1,S,S,V
2019-10-03 04:49:10,25.3,2523,0.00,14.4,58.0,----,----,00.000000 N,000.000000 W,0,0,S,S,V
2019-10-03 04:49:16,23.3,2482,0.03,14.4,58.0,----,----,00.000000 N,000.000000 W,0,0,S,S,V
2019-10-03 04:49:21,18.9,2391,0.00,14.3,57.8,----,----,00.000000 N,000.000000 W,0,0,S,S,V
2019-10-03 04:49:26,23.7,2489,0.03,14.3,57.8,----,----,00.000000 N,000.000000 W,0,0,S,S,V
2019-10-03 04:49:31,20.8,2431,0.00,14.3,57.7,----,----,00.000000 N,000.000000 W,0,0,S,S,V
2019-10-03 04:49:36,18.0,2373,0.00,14.2,57.6,----,----,00.000000 N,000.000000 W,0,0,S,S,V
2019-10-03 04:49:40,26.1,2539,0.04,14.2,57.6,----,----,00.000000 N,000.000000 W,0,0,S,S,V
2019-10-03 04:49:45,16.4,2342,0.00,14.1,57.5,----,----,00.000000 N,000.000000 W,0,0,S,S,V
2019-10-03 04:49:50,23.4,2484,0.00,14.1,57.4,----,----,00.000000 N,000.000000 W,0,0,S,S,V
2019-10-03 04:49:57,21.7,2448,0.00,14.0,57.3,----,----,00.000000 N,000.000000 W,0,0,S,S,V
2019-10-03 04:50:04,20.9,2432,0.00,14.0,57.2,----,----,00.000000 N,000.000000 W,0,0,S,S,V
2019-10-03 04:50:09,19.0,2394,0.00,13.9,57.1,----,----,00.000000 N,000.000000 W,0,0,S,S,V
2019-10-03 04:50:14,21.7,2449,0.00,13.9,57.0,----,----,00.000000 N,000.000000 W,0,0,S,S,V
2019-10-03 04:50:21,22.7,2470,0.03,13.8,56.9,----,----,00.000000 N,000.000000 W,0,0,S,S,V
2019-10-03 04:50:26,20.7,2429,0.00,13.8,56.8,----,----,00.000000 N,000.000000 W,0,0,S,S,V
2019-10-03 04:50:32,19.7,2408,0.01,13.7,56.7,----,----,00.000000 N,000.000000 W,0,0,S,S,V
2019-10-03 04:50:37,25.4,2524,0.04,13.7,56.6,----,----,00.000000 N,000.000000 W,0,0,S,S,V
2019-10-03 04:50:43,25.9,2534,0.03,13.6,56.6,----,----,00.000000 N,000.000000 W,0,0,S,S,V
2019-10-03 04:50:49,29.9,2616,0.04,13.6,56.5,----,----,00.000000 N,000.000000 W,0,0,S,S,V
2019-10-03 04:50:55,24.5,2507,0.05,13.5,56.4,----,----,00.000000 N,000.000000 W,0,0,S,S,V
2019-10-03 04:51:01,25.4,2525,0.01,13.5,56.3,----,----,00.000000 N,000.000000 W,0,0,S,S,V
2019-10-03 04:57:02,26.0,2536,0.04,12.4,54.3,----,----,00.000000 N,000.000000 W,0,0,S,S,V
2019-10-03 04:57:06,18.6,2385,0.04,12.3,54.3,----,----,00.000000 N,000.000000 W,0,0,S,S,V
2019-10-03 04:57:09,20.0,2415,0.03,12.3,54.3,----,----,00.000000 N,000.000000 W,0,0,S,S,V
2019-10-03 04:57:11,16.8,2350,0.02,12.3,54.3,----,----,00.000000 N,000.000000 W,0,0,S,S,V
2019-10-03 04:57:14,15.4,2320,0.00,12.3,54.2,----,----,00.000000 N,000.000000 W,0,0,S,S,V
2019-10-03 04:57:17,28.5,2587,0.04,12.3,54.2,----,----,00.000000 N,000.000000 W,0,0,S,S,V
2019-10-03 04:57:20,24.0,2496,0.06,12.3,54.1,----,----,00.000000 N,000.000000 W,0,0,S,S,V
2019-10-03 04:57:23,22.7,2469,0.03,12.3,54.1,----,----,00.000000 N,000.000000 W,0,0,S,S,V
2019-10-03 04:57:26,20.4,2422,0.03,12.3,54.1,----,----,00.000000 N,000.000000 W,0,0,S,S,V
2019-10-03 04:57:29,19.2,2398,0.00,12.2,54.1,----,----,00.000000 N,000.000000 W,0,0,S,S,V
2019-10-03 04:57:31,17.1,2355,0.01,12.2,54.0,----,----,00.000000 N,000.000000 W,0,0,S,S,V
2019-10-03 04:57:34,13.5,2282,0.00,12.2,54.0,----,----,00.000000 N,000.000000 W,0,0,S,S,V
2019-10-03 04:57:36,18.6,2385,0.00,12.2,54.0,----,----,00.000000 N,000.000000 W,0,0,S,S,V
2019-10-03 04:57:39,13.0,2272,0.00,12.2,53.9,----,----,00.000000 N,000.000000 W,0,0,S,S,V
2019-10-03 04:57:44,19.6,2406,0.00,12.2,53.9,----,----,00.000000 N,000.000000 W,0,0,S,S,V
2019-10-03 04:57:47,13.0,2272,0.01,12.1,53.9,----,----,00.000000 N,000.000000 W,0,0,S,S,V
2019-10-03 04:57:49,17.2,2357,0.02,12.1,53.9,----,----,00.000000 N,000.000000 W,0,0,S,S,V
2019-10-03 04:57:52,11.8,2247,0.03,12.1,53.9,----,----,00.000000 N,000.000000 W,0,0,S,S,V
2019-10-03 04:57:54,19.2,2398,0.03,12.1,53.8,----,----,00.000000 N,000.000000 W,0,0,S,S,V
2019-10-03 04:57:57,14.1,2295,0.01,12.1,53.8,----,----,00.000000 N,000.000000 W,0,0,S,S,V
2019-10-03 04:57:59,18.0,2373,0.00,12.1,53.8,----,----,00.000000 N,000.000000 W,0,0,S,S,V
2019-10-03 04:58:02,19.1,2395,0.00,12.1,53.8,----,----,00.000000 N,000.000000 W,0,0,S,S,V
2019-10-03 04:58:04,20.2,2418,0.01,12.1,53.8,----,----,00.000000 N,000.000000 W,0,0,S,S,V
2019-10-03 04:58:07,21.1,2436,0.02,12.1,53.7,----,----,00.000000 N,000.000000 W,0,0,S,S,V
2019-10-03 04:58:09,18.7,2388,0.00,12.1,53.7,----,----,00.000000 N,000.000000 W,0,0,S,S,V
2019-10-03 04:58:12,18.1,2376,0.01,12.0,53.7,----,----,00.000000 N,000.000000 W,0,0,S,S,V
2019-10-03 04:58:15,19.8,2410,0.05,12.0,53.7,----,----,00.000000 N,000.000000 W,0,0,S,S,V
2019-10-03 04:58:17,21.2,2439,0.02,12.0,53.7,----,----,00.000000 N,000.000000 W,0,0,S,S,V
2019-10-03 04:58:20,22.4,2464,0.04,12.0,53.7,----,----,00.000000 N,000.000000 W,0,0,S,S,V
2019-10-03 04:58:22,11.3,2237,0.00,12.0,53.7,----,----,00.000000 N,000.000000 W,0,0,S,S,V
2019-10-03 04:58:25,14.8,2309,0.00,12.0,53.6,----,----,33.936660 S,151.220227 E,3,1,S,S,V
2019-10-03 04:58:28,11.2,2235,0.00,12.0,53.6,----,----,33.936618 S,151.220217 E,3,1,S,S,V
2019-10-03 04:58:30,19.0,2394,0.02,12.0,53.6,----,----,33.936600 S,151.220262 E,4,1,S,S,V
2019-10-03 04:58:33,17.4,2361,0.00,12.0,53.6,----,----,33.936592 S,151.220242 E,3,1,S,S,V
2019-10-03 04:58:36,15.6,2325,0.01,12.0,53.6,----,----,33.936613 S,151.220227 E,3,1,S,S,V
2019-10-03 04:58:39,19.0,2394,0.02,12.0,53.6,----,----,33.936627 S,151.220208 E,3,1,S,S,V
2019-10-03 04:58:41,17.1,2356,0.00,11.9,53.5,----,----,33.936672 S,151.220237 E,3,1,S,S,V
2019-10-03 04:58:44,00.0,2019,0.00,11.9,53.5,----,----,33.936690 S,151.220257 E,3,1,S,S,V
2019-10-03 04:58:47,18.6,2385,0.03,11.9,53.5,----,----,33.936730 S,151.220290 E,3,1,S,S,V
2019-10-03 05:02:52,22.2,2460,0.06,11.7,53.0,----,----,00.000000 N,000.000000 W,0,0,S,S,V
2019-10-03 05:02:58,20.2,2419,0.00,11.7,53.0,----,----,00.000000 N,000.000000 W,0,0,S,S,V
2019-10-03 05:03:03,20.1,2416,0.04,11.7,53.0,----,----,00.000000 N,000.000000 W,0,0,S,S,V
2019-10-03 05:03:09,15.8,2329,0.02,11.6,53.0,----,----,00.000000 N,000.000000 W,0,0,S,S,V
2019-10-03 05:03:14,19.4,2402,0.02,11.6,53.0,----,----,00.000000 N,000.000000 W,0,0,S,S,V
2019-10-03 05:03:20,11.5,2242,0.00,11.6,53.0,----,----,00.000000 N,000.000000 W,0,0,S,S,V
2019-10-03 05:03:25,11.4,2240,0.00,11.6,53.0,----,----,00.000000 N,000.000000 W,0,0,S,S,V
2019-10-03 05:03:31,10.8,2227,0.00,11.6,53.0,----,----,00.000000 N,000.000000 W,0,0,S,S,V
2019-10-03 05:03:36,10.6,2222,0.00,11.6,52.9,----,----,00.000000 N,000.000000 W,0,0,S,S,V
2019-10-03 05:03:42,10.8,2227,0.00,11.6,52.9,----,----,00.000000 N,000.000000 W,0,0,S,S,V
2019-10-03 05:03:47,15.0,2312,0.00,11.6,52.9,----,----,00.000000 N,000.000000 W,0,0,S,S,V
2019-10-03 05:03:53,15.9,2331,0.00,11.6,52.9,----,----,00.000000 N,000.000000 W,0,0,S,S,V
2019-10-03 05:03:58,10.0,2210,0.00,11.6,52.8,----,----,00.000000 N,000.000000 W,0,0,S,S,V
2019-10-03 05:04:04,11.2,2236,0.00,11.6,52.8,----,----,00.000000 N,000.000000 W,0,0,S,S,V
2019-10-03 05:04:09,16.2,2337,0.00,11.5,52.8,----,----,00.000000 N,000.000000 W,0,0,S,S,V
2019-10-03 05:04:16,11.1,2234,0.02,11.5,52.8,----,----,00.000000 N,000.000000 W,0,0,S,S,V
2019-10-03 05:04:21,12.9,2269,0.01,11.5,52.8,----,----,00.000000 N,000.000000 W,0,0,S,S,V
2019-10-03 05:04:26,10.3,2216,0.00,11.5,52.7,----,----,00.000000 N,000.000000 W,0,0,S,S,V
2019-10-03 05:04:32,09.3,2197,0.00,11.5,52.7,----,----,00.000000 N,000.000000 W,0,0,S,S,V
2019-10-03 05:04:37,07.5,2160,0.00,11.5,52.7,----,----,00.000000 N,000.000000 W,0,0,S,S,V
2019-10-03 05:04:44,10.7,2224,0.00,11.5,52.7,----,----,00.000000 N,000.000000 W,0,0,S,S,V
2019-10-03 05:04:51,12.2,2256,0.00,11.4,52.6,----,----,00.000000 N,000.000000 W,0,0,S,S,V
2019-10-03 05:04:57,11.6,2243,0.00,11.4,52.6,----,----,00.000000 N,000.000000 W,0,0,S,S,V
2019-10-03 05:05:03,10.6,2223,0.00,11.4,52.6,----,----,00.000000 N,000.000000 W,0,0,S,S,V
2019-10-03 05:05:09,10.7,2225,0.00,11.4,52.6,----,----,00.000000 N,000.000000 W,0,0,S,S,V
2019-10-03 05:05:16,09.8,2207,0.00,11.4,52.6,----,----,00.000000 N,000.000000 W,0,0,S,S,V
2019-10-03 05:05:22,09.4,2198,0.00,11.4,52.6,----,----,00.000000 N,000.000000 W,0,0,S,S,V
2019-10-03 05:05:29,10.6,2222,0.00,11.4,52.6,----,----,00.000000 N,000.000000 W,0,0,S,S,V
2019-10-03 05:05:32,08.2,2175,0.00,11.4,52.6,----,----,00.000000 N,000.000000 W,0,0,S,S,V
2019-10-03 05:05:38,28.2,2581,0.06,11.4,52.6,----,----,00.000000 N,000.000000 W,0,0,S,S,V
2019-10-03 05:12:55,23.4,2483,0.03,11.2,52.3,----,----,00.000000 N,000.000000 W,0,0,S,S,V
2019-10-03 05:12:59,24.7,2511,0.02,11.2,52.2,----,----,00.000000 N,000.000000 W,0,0,S,S,V
2019-10-03 05:13:03,19.0,2394,0.04,11.2,52.2,----,----,00.000000 N,000.000000 W,0,0,S,S,V
2019-10-03 05:13:10,27.1,2558,0.11,11.2,52.2,----,----,00.000000 N,000.000000 W,0,0,S,S,V
2019-10-03 05:13:14,28.7,2591,0.09,11.2,52.2,----,----,00.000000 N,000.000000 W,0,0,S,S,V
2019-10-03 05:13:18,27.8,2573,0.02,11.2,52.2,----,----,00.000000 N,000.000000 W,0,0,S,S,V
2019-10-03 05:13:22,32.6,2671,0.07,11.2,52.2,----,----,00.000000 N,000.000000 W,0,0,S,S,V
2019-10-03 05:13:25,19.7,2408,0.04,11.2,52.2,----,----,00.000000 N,000.000000 W,0,0,S,S,V
2019-10-03 05:13:27,18.1,2375,0.05,11.2,52.1,----,----,00.000000 N,000.000000 W,0,0,S,S,V
2019-10-03 05:13:30,22.3,2462,0.07,11.2,52.1,----,----,33.935148 S,151.220053 E,3,1,S,S,V
2019-10-03 05:13:33,24.5,2506,0.05,11.2,52.1,----,----,33.935118 S,151.220002 E,3,1,S,S,V
2019-10-03 05:13:36,21.4,2443,0.06,11.1,52.1,----,----,33.935112 S,151.219963 E,3,1,S,S,V
2019-10-03 05:13:39,22.0,2455,0.04,11.1,52.1,----,----,33.935162 S,151.219998 E,4,1,S,S,V
2019-10-03 05:13:42,20.1,2417,0.04,11.1,52.1,----,----,33.935207 S,151.220067 E,4,1,S,S,V
2019-10-03 05:13:44,21.3,2441,0.07,11.1,52.1,----,----,33.935258 S,151.220138 E,4,1,S,S,V
2019-10-03 05:13:45,00.0,1978,0.00,11.1,52.0,----,----,33.935267 S,151.220160 E,4,1,S,S,V
2019-10-03 05:13:48,17.1,2356,0.00,11.1,52.0,----,----,33.935293 S,151.220218 E,4,1,S,S,V
2019-10-03 05:13:51,12.3,2257,0.00,11.1,52.0,----,----,33.935315 S,151.220277 E,4,1,S,S,V
2019-10-03 05:13:54,16.8,2350,0.04,11.1,52.0,----,----,33.935310 S,151.220303 E,4,1,S,S,V
2019-10-03 05:13:56,17.1,2355,0.04,11.1,52.0,----,----,33.935312 S,151.220347 E,5,1,S,S,V
2019-10-03 05:13:59,16.1,2334,0.03,11.1,52.0,----,----,33.935328 S,151.220410 E,5,1,S,S,V
2019-10-03 05:14:02,18.0,2373,0.01,11.1,51.9,----,----,33.935302 S,151.220408 E,5,1,S,S,V
2019-10-03 05:14:05,13.8,2289,0.01,11.1,51.9,----,----,33.935290 S,151.220437 E,4,1,S,S,V
2019-10-03 05:14:07,22.0,2455,0.07,11.1,51.9,----,----,33.935265 S,151.220460 E,5,1,S,S,V
2019-10-03 05:14:10,24.6,2509,0.06,11.0,51.9,----,----,33.935238 S,151.220482 E,5,1,S,S,V
2019-10-03 05:14:13,18.7,2388,0.02,11.0,51.9,----,----,33.935238 S,151.220483 E,5,1,S,S,V
2019-10-03 05:14:16,33.4,2687,0.08,11.0,51.9,----,----,33.935248 S,151.220508 E,5,1,S,S,V
2019-10-03 05:14:21,32.4,2667,0.09,11.0,51.9,----,----,33.935263 S,151.220520 E,4,1,S,S,V
2019-10-03 05:14:24,25.5,2527,0.04,11.0,51.8,----,----,33.935285 S,151.220517 E,4,1,S,S,V
2019-10-03 05:14:27,23.2,2479,0.06,11.0,51.8,----,----,33.935287 S,151.220505 E,4,1,S,S,V
2019-10-03 05:14:29,17.9,2371,0.00,11.0,51.8,----,----,33.935302 S,151.220497 E,5,1,S,S,V
2019-10-03 05:14:32,14.3,2299,0.00,11.0,51.8,----,----,33.935317 S,151.220472 E,5,1,S,S,V
2019-10-03 05:14:35,19.2,2399,0.04,11.0,51.8,----,----,33.935332 S,151.220467 E,5,1,S,S,V
2019-10-03 05:14:37,18.9,2391,0.02,11.0,51.8,----,----,33.935343 S,151.220462 E,5,1,S,S,V
2019-10-03 05:14:40,25.8,2533,0.06,11.0,51.8,----,----,33.935352 S,151.220458 E,5,1,S,S,V
2019-10-03 05:14:43,28.3,2583,0.08,11.0,51.8,----,----,33.935380 S,151.220463 E,5,1,S,S,V
2019-10-03 05:14:46,23.2,2479,0.06,10.9,51.7,----,----,33.935293 S,151.220435 E,6,1,S,S,V
2019-10-03 05:14:49,17.8,2369,0.05,10.9,51.7,----,----,33.935287 S,151.220420 E,6,1,S,S,V
2019-10-03 05:14:51,15.9,2330,0.00,10.9,51.7,----,----,33.935267 S,151.220400 E,6,1,S,S,V
2019-10-03 05:14:58,19.9,2413,0.02,10.9,51.7,----,----,33.935232 S,151.220373 E,5,1,S,S,V
2019-10-03 05:15:01,12.2,2255,0.00,10.9,51.7,----,----,33.935208 S,151.220343 E,6,1,S,S,V
2019-10-03 05:15:04,18.6,2385,0.03,10.9,51.7,----,----,33.935193 S,151.220318 E,6,1,S,S,V
2019-10-03 05:15:07,17.9,2371,0.05,10.9,51.7,----,----,33.935200 S,151.220327 E,6,1,S,S,V
2019-10-03 05:15:10,14.5,2303,0.02,10.9,51.7,----,----,33.935205 S,151.220330 E,6,1,S,S,V
2019-10-03 05:15:13,20.1,2416,0.04,10.9,51.7,----,----,33.935227 S,151.220350 E,6,1,S,S,V
2019-10-03 05:15:15,21.3,2441,0.05,10.9,51.7,----,----,33.935247 S,151.220405 E,6,1,S,S,V
2019-10-03 05:15:18,19.7,2409,0.07,10.9,51.7,----,----,33.935355 S,151.220398 E,6,1,S,S,V
2019-10-03 05:15:20,24.0,2496,0.04,10.9,51.7,----,----,33.935435 S,151.220378 E,6,1,S,S,V
2019-10-03 05:15:24,18.6,2385,0.05,10.9,51.7,----,----,33.935490 S,151.220350 E,6,1,S,S,V
2019-10-03 05:15:27,17.8,2369,0.03,10.9,51.7,----,----,33.935517 S,151.220328 E,6,1,S,S,V
2019-10-03 05:15:30,24.5,2505,0.09,10.9,51.6,----,----,33.935515 S,151.220312 E,6,1,S,S,V
2019-10-03 05:15:33,24.7,2511,0.05,10.9,51.6,----,----,33.935512 S,151.220305 E,6,1,S,S,V
2019-10-03 05:15:35,23.2,2479,0.06,10.9,51.6,----,----,33.935500 S,151.220315 E,6,1,S,S,V
2019-10-03 05:15:38,20.1,2417,0.06,10.9,51.6,----,----,33.935503 S,151.220322 E,5,1,S,S,V
2019-10-03 05:15:41,17.4,2361,0.04,10.9,51.6,----,----,33.935483 S,151.220350 E,5,1,S,S,V
2019-10-03 05:15:44,17.8,2369,0.06,10.9,51.6,----,----,33.935472 S,151.220320 E,4,1,S,S,V
2019-10-03 05:15:48,15.0,2312,0.00,10.9,51.6,----,----,33.935490 S,151.220268 E,6,1,S,S,V
2019-10-03 05:24:10,17.0,2353,0.02,10.5,51.0,----,----,00.000000 N,000.000000 W,0,0,S,S,V
2019-10-03 05:24:16,12.3,2258,0.03,10.5,51.0,----,----,00.000000 N,000.000000 W,0,0,S,S,V
2019-10-03 05:24:21,20.2,2418,0.00,10.5,51.0,----,----,00.000000 N,000.000000 W,0,0,S,S,V
2019-10-03 05:24:26,20.2,2418,0.00,10.5,51.0,----,----,00.000000 N,000.000000 W,0,0,S,S,V
2019-10-03 05:24:32,20.4,2422,0.02,10.5,51.0,----,----,00.000000 N,000.000000 W,0,0,S,S,V
2019-10-03 05:24:38,18.2,2378,0.04,10.5,51.0,----,----,00.000000 N,000.000000 W,0,0,S,S,V
2019-10-03 05:24:43,19.2,2399,0.02,10.5,51.0,----,----,00.000000 N,000.000000 W,0,0,S,S,V
2019-10-03 05:24:50,17.4,2361,0.02,10.5,51.0,----,----,00.000000 N,000.000000 W,0,0,S,S,V
2019-10-03 05:24:57,20.9,2432,0.06,10.5,51.0,----,----,00.000000 N,000.000000 W,0,0,S,S,V
2019-10-03 05:25:02,23.1,2477,0.02,10.5,51.0,----,----,00.000000 N,000.000000 W,0,0,S,S,V
2019-10-03 05:25:08,24.6,2509,0.06,10.6,51.0,----,----,00.000000 N,000.000000 W,0,0,S,S,V
2019-10-03 05:25:15,15.8,2328,0.03,10.6,51.0,----,----,00.000000 N,000.000000 W,0,0,S,S,V
2019-10-03 05:25:20,18.1,2376,0.00,10.6,51.0,----,----,00.000000 N,000.000000 W,0,0,S,S,V
2019-10-03 05:25:27,17.1,2355,0.00,10.6,51.1,----,----,00.000000 N,000.000000 W,0,0,S,S,V
2019-10-03 05:25:34,20.6,2426,0.04,10.6,51.1,----,----,00.000000 N,000.000000 W,0,0,S,S,V
2019-10-03 05:25:41,22.3,2462,0.04,10.6,51.1,----,----,00.000000 N,000.000000 W,0,0,S,S,V
2019-10-03 05:31:11,19.7,2408,0.02,10.7,51.3,----,----,00.000000 N,000.000000 W,0,0,S,S,V
2019-10-03 05:31:15,22.0,2456,0.05,10.7,51.3,----,----,00.000000 N,000.000000 W,0,0,S,S,V
2019-10-03 05:31:19,18.8,2390,0.05,10.7,51.3,----,----,00.000000 N,000.000000 W,0,0,S,S,V
2019-10-03 05:31:22,19.9,2413,0.07,10.7,51.3,----,----,00.000000 N,000.000000 W,0,0,S,S,V
2019-10-03 05:31:26,18.5,2384,0.02,10.7,51.3,----,----,00.000000 N,000.000000 W,0,0,S,S,V
2019-10-03 05:31:29,23.8,2492,0.06,10.7,51.3,----,----,00.000000 N,000.000000 W,0,0,S,S,V
2019-10-03 05:31:32,15.9,2331,0.00,10.7,51.2,----,----,00.000000 N,000.000000 W,0,0,S,S,V
2019-10-03 05:31:35,17.9,2372,0.00,10.7,51.3,----,----,00.000000 N,000.000000 W,0,0,S,S,V
2019-10-03 05:31:38,19.6,2406,0.02,10.7,51.2,----,----,00.000000 N,000.000000 W,0,0,S,S,V
2019-10-03 05:31:40,19.5,2404,0.04,10.7,51.2,----,----,00.000000 N,000.000000 W,0,0,S,S,V
2019-10-03 05:31:43,24.6,2509,0.09,10.7,51.3,----,----,00.000000 N,000.000000 W,0,0,S,S,V
2019-10-03 05:31:46,21.3,2441,0.01,10.7,51.2,----,----,00.000000 N,000.000000 W,0,0,S,S,V
2019-10-03 05:31:49,15.1,2315,0.01,10.7,51.2,----,----,00.000000 N,000.000000 W,0,0,S,S,V
2019-10-03 05:31:52,14.1,2295,0.02,10.7,51.2,----,----,00.000000 N,000.000000 W,0,0,S,S,V
2019-10-03 05:31:54,18.2,2377,0.04,10.7,51.2,----,----,00.000000 N,000.000000 W,0,0,S,S,V
2019-10-03 05:31:57,18.5,2383,0.06,10.7,51.3,----,----,00.000000 N,000.000000 W,0,0,S,S,V
2019-10-03 05:32:00,15.9,2331,0.02,10.7,51.2,----,----,00.000000 N,000.000000 W,0,0,S,S,V
2019-10-03 05:32:02,21.8,2450,0.00,10.7,51.2,----,----,00.000000 N,000.000000 W,0,0,S,S,V
2019-10-03 05:32:05,07.4,2157,0.02,10.7,51.2,----,----,00.000000 N,000.000000 W,0,0,S,S,V
2019-10-03 05:32:07,19.1,2395,0.05,10.7,51.2,----,----,33.935500 S,151.221677 E,4,1,S,S,V
2019-10-03 05:32:10,16.4,2342,0.03,10.7,51.2,----,----,33.935518 S,151.221707 E,4,1,S,S,V
2019-10-03 05:32:13,16.0,2332,0.00,10.7,51.3,----,----,33.935498 S,151.221748 E,4,1,S,S,V
2019-10-03 05:32:16,15.7,2326,0.03,10.7,51.3,----,----,33.935492 S,151.221775 E,4,1,S,S,V
2019-10-03 05:32:18,14.1,2294,0.00,10.7,51.3,----,----,33.935472 S,151.221815 E,4,1,S,S,V
2019-10-03 05:32:21,15.6,2325,0.00,10.7,51.3,----,----,33.935465 S,151.221838 E,4,1,S,S,V
2019-10-03 05:32:24,24.5,2506,0.04,10.7,51.3,----,----,33.935415 S,151.221805 E,4,1,S,S,V
2019-10-03 05:32:27,25.3,2523,0.08,10.7,51.3,----,----,33.935383 S,151.221763 E,4,1,S,S,V
2019-10-03 05:32:30,20.8,2431,0.06,10.7,51.3,----,----,33.935388 S,151.221747 E,4,1,S,S,V
2019-10-03 05:32:34,27.0,2557,0.10,10.7,51.3,----,----,33.935412 S,151.221718 E,4,1,S,S,V
2019-10-03 05:34:36,18.8,2390,0.00,10.8,51.4,----,----,00.000000 N,000.000000 W,0,0,S,S,V
2019-10-03 05:34:42,21.1,2437,0.00,10.8,51.4,----,----,00.000000 N,000.000000 W,0,0,S,S,V
2019-10-03 05:34:59,19.7,2409,0.02,10.8,51.5,----,----,00.000000 N,000.000000 W,0,0,S,S,V
2019-10-03 05:35:05,17.8,2370,0.03,10.8,51.5,----,----,00.000000 N,000.000000 W,0,0,S,S,V
2019-10-03 05:35:12,20.2,2418,0.05,10.8,51.5,----,----,00.000000 N,000.000000 W,0,0,S,S,V
2019-10-03 05:35:17,16.4,2341,0.01,10.8,51.5,----,----,00.000000 N,000.000000 W,0,0,S,S,V
2019-10-03 05:35:24,16.6,2345,0.04,10.8,51.5,----,----,00.000000 N,000.000000 W,0,0,S,S,V
2019-10-03 05:35:32,15.6,2324,0.02,10.8,51.5,----,----,33.934038 S,151.222153 E,6,1,S,S,V
2019-10-03 05:35:39,22.2,2460,0.05,10.8,51.5,----,----,33.934023 S,151.222217 E,6,1,S,S,V
2019-10-03 05:35:46,15.9,2331,0.03,10.8,51.5,----,----,33.934047 S,151.222175 E,6,1,S,S,V
2019-10-03 05:35:51,18.4,2381,0.02,10.8,51.5,----,----,33.934057 S,151.222107 E,5,1,S,S,V
2019-10-03 05:35:55,17.1,2356,0.03,10.8,51.5,----,----,33.934073 S,151.222078 E,6,1,S,S,V
2019-10-03 05:36:02,16.1,2335,0.02,10.8,51.5,----,----,33.934063 S,151.222002 E,6,1,S,S,V
2019-10-03 05:36:09,19.2,2399,0.00,10.8,51.5,----,----,33.934103 S,151.221902 E,5,1,S,S,V
2019-10-03 05:36:13,13.0,2272,0.00,10.8,51.5,----,----,33.934130 S,151.221905 E,5,1,S,S,V
2019-10-03 05:36:18,15.2,2316,0.00,10.8,51.5,----,----,33.934142 S,151.221937 E,6,1,S,S,V
2019-10-03 05:36:24,14.3,2299,0.00,10.8,51.5,----,----,33.934110 S,151.222002 E,6,1,S,S,V
2019-10-03 05:36:25,05.9,2127,0.00,10.8,51.5,----,----,33.934110 S,151.222002 E,6,1,S,S,V
2019-10-03 05:36:30,16.4,2342,0.02,10.8,51.5,----,----,33.934073 S,151.222025 E,5,1,S,S,V
2019-10-03 05:36:37,17.9,2372,0.00,10.9,51.6,----,----,33.934048 S,151.222073 E,6,1,S,S,V
2019-10-03 05:36:42,29.1,2599,0.07,10.8,51.5,----,----,33.934017 S,151.222127 E,6,1,S,S,V
2019-10-03 05:45:26,23.9,2493,0.03,11.1,52.0,----,----,00.000000 N,000.000000 W,0,0,S,S,V
2019-10-03 05:45:30,19.3,2400,0.00,11.1,52.0,----,----,00.000000 N,000.000000 W,0,0,S,S,V
2019-10-03 05:45:33,03.6,2081,0.00,11.1,52.0,----,----,00.000000 N,000.000000 W,0,0,S,S,V
2019-10-03 05:45:37,01.0,2028,0.00,11.1,52.0,----,----,00.000000 N,000.000000 W,0,0,S,S,V
2019-10-03 05:45:38,02.4,2056,0.00,11.1,52.0,----,----,00.000000 N,000.000000 W,0,0,S,S,V
2019-10-03 05:45:42,04.0,2089,0.00,11.1,52.0,----,----,00.000000 N,000.000000 W,0,0,S,S,V
2019-10-03 05:45:48,19.2,2398,0.02,11.1,51.9,----,----,00.000000 N,000.000000 W,0,0,S,S,V
2019-10-03 05:45:52,13.0,2272,0.01,11.0,51.9,----,----,00.000000 N,000.000000 W,0,0,S,S,V
2019-10-03 05:45:58,26.7,2550,0.09,11.0,51.9,----,----,00.000000 N,000.000000 W,0,0,S,S,V
2019-10-03 05:46:03,22.7,2469,0.04,11.0,51.9,----,----,00.000000 N,000.000000 W,0,0,S,S,V
2019-10-03 05:46:08,26.1,2538,0.04,11.0,51.8,----,----,33.931132 S,151.221135 E,6,1,S,S,V
2019-10-03 05:46:12,12.7,2265,0.00,11.0,51.8,----,----,33.931197 S,151.221180 E,6,1,S,S,V
2019-10-03 05:46:15,15.1,2314,0.01,11.0,51.8,----,----,33.931350 S,151.221248 E,6,1,S,S,V
2019-10-03 05:46:19,22.5,2465,0.02,11.0,51.8,----,----,33.931438 S,151.221268 E,6,1,S,S,V
2019-10-03 05:46:23,23.4,2484,0.06,11.0,51.8,----,----,33.931543 S,151.221288 E,6,1,S,S,V
2019-10-03 05:46:30,20.9,2432,0.04,10.9,51.7,----,----,33.931582 S,151.221235 E,6,1,S,S,V
2019-10-03 05:46:35,15.5,2322,0.02,10.9,51.7,----,----,33.931575 S,151.221187 E,6,1,S,S,V
2019-10-03 05:46:39,22.8,2472,0.03,10.9,51.7,----,----,33.931565 S,151.221160 E,6,1,S,S,V
2019-10-03 05:46:42,13.7,2285,0.03,10.9,51.7,----,----,33.931575 S,151.221138 E,6,1,S,S,V
2019-10-03 05:46:45,16.2,2336,0.04,10.9,51.7,----,----,33.931738 S,151.221162 E,6,1,S,S,V
2019-10-03 05:46:49,17.2,2358,0.03,10.9,51.7,----,----,33.931812 S,151.221203 E,6,1,S,S,V
2019-10-03 05:46:53,24.2,2500,0.05,10.9,51.7,----,----,33.931863 S,151.221230 E,6,1,S,S,V
2019-10-03 05:46:57,18.1,2375,0.04,10.9,51.7,----,----,33.931833 S,151.221232 E,7,1,S,S,V
2019-10-03 05:47:00,18.7,2388,0.05,10.9,51.7,----,----,33.931837 S,151.221217 E,6,1,S,S,V
2019-10-03 05:47:03,21.1,2437,0.01,10.9,51.7,----,----,33.931832 S,151.221185 E,7,1,S,S,V
2019-10-03 05:47:05,14.4,2301,0.02,10.9,51.7,----,----,33.931830 S,151.221147 E,7,1,S,S,V
2019-10-03 05:47:11,19.4,2402,0.02,10.9,51.7,----,----,33.931880 S,151.221138 E,7,1,S,S,V
2019-10-03 05:47:15,17.9,2371,0.04,10.9,51.7,----,----,33.931872 S,151.221160 E,7,1,S,S,V
2019-10-03 05:47:18,25.1,2518,0.04,10.9,51.7,----,----,33.931855 S,151.221185 E,7,1,S,S,V
2019-10-03 05:47:22,31.3,2645,0.09,10.9,51.7,----,----,33.931833 S,151.221237 E,7,1,S,S,V
2019-10-03 05:47:26,26.1,2538,0.08,10.9,51.7,----,----,33.931843 S,151.221255 E,7,1,S,S,V
2019-10-03 05:47:32,24.4,2503,0.05,10.9,51.7,----,----,33.931873 S,151.221257 E,7,1,S,S,V
2019-10-03 05:47:36,26.9,2554,0.05,10.9,51.7,----,----,33.931888 S,151.221232 E,7,1,S,S,V
2019-10-03 05:47:39,17.2,2357,0.02,10.9,51.7,----,----,33.931910 S,151.221195 E,7,1,S,S,V
2019-10-03 05:47:42,22.0,2456,0.06,10.9,51.7,----,----,33.931937 S,151.221163 E,7,1,S,S,V
2019-10-03 05:47:46,21.8,2450,0.07,10.9,51.7,----,----,33.931940 S,151.221120 E,6,1,S,S,V
2019-10-03 05:47:50,09.1,2192,0.00,10.9,51.7,----,----,33.931922 S,151.221095 E,6,1,S,S,V
2019-10-03 05:47:53,21.1,2436,0.06,10.9,51.7,----,----,33.931893 S,151.221087 E,6,1,S,S,V
2019-10-03 05:47:58,22.4,2463,0.09,10.9,51.7,----,----,33.931830 S,151.221122 E,6,1,S,S,V
2019-10-03 05:52:55,19.5,2404,0.02,11.3,52.4,----,----,00.000000 N,000.000000 W,0,0,S,S,V
2019-10-03 05:53:01,14.7,2307,0.00,11.3,52.4,----,----,00.000000 N,000.000000 W,0,0,S,S,V
2019-10-03 05:53:05,09.4,2198,0.00,11.3,52.4,----,----,00.000000 N,000.000000 W,0,0,S,S,V
2019-10-03 05:53:09,16.5,2343,0.01,11.3,52.4,----,----,00.000000 N,000.000000 W,0,0,S,S,V
2019-10-03 05:53:13,20.2,2419,0.05,11.3,52.4,----,----,00.000000 N,000.000000 W,0,0,S,S,V
2019-10-03 05:53:20,15.9,2331,0.00,11.3,52.4,----,----,00.000000 N,000.000000 W,0,0,S,S,V
2019-10-03 05:53:25,12.8,2268,0.04,11.3,52.4,----,----,00.000000 N,000.000000 W,0,0,S,S,V
2019-10-03 05:53:29,10.2,2214,0.00,11.3,52.4,----,----,00.000000 N,000.000000 W,0,0,S,S,V
2019-10-03 05:53:34,14.3,2298,0.00,11.3,52.4,----,----,00.000000 N,000.000000 W,0,0,S,S,V
2019-10-03 05:53:42,13.9,2290,0.00,11.4,52.5,----,----,00.000000 N,000.000000 W,0,0,S,S,V
2019-10-03 05:53:53,15.6,2325,0.00,11.4,52.5,----,----,00.000000 N,000.000000 W,0,0,S,S,V
2019-10-03 05:54:00,16.3,2339,0.00,11.4,52.5,----,----,00.000000 N,000.000000 W,0,0,S,S,V
2019-10-03 05:54:06,14.3,2298,0.02,11.4,52.5,----,----,00.000000 N,000.000000 W,0,0,S,S,V
2019-10-03 05:54:13,19.8,2410,0.05,11.4,52.5,----,----,00.000000 N,000.000000 W,0,0,S,S,V
2019-10-03 05:54:22,19.8,2411,0.02,11.4,52.6,----,----,00.000000 N,000.000000 W,0,0,S,S,V
2019-10-03 05:54:32,18.1,2375,0.05,11.4,52.6,----,----,00.000000 N,000.000000 W,0,0,S,S,V
2019-10-03 05:54:42,11.6,2243,0.00,11.4,52.6,----,----,00.000000 N,000.000000 W,0,0,S,S,V
2019-10-03 05:54:51,09.9,2208,0.00,11.4,52.6,----,----,00.000000 N,000.000000 W,0,0,S,S,V
2019-10-03 05:59:36,15.1,2314,0.02,11.8,53.2,----,----,33.933022 S,151.224207 E,8,1,S,S,V
2019-10-03 05:59:39,13.7,2285,0.02,11.8,53.2,----,----,33.933025 S,151.224207 E,9,1,S,S,V
2019-10-03 05:59:42,12.1,2254,0.00,11.8,53.2,----,----,33.933048 S,151.224183 E,9,1,S,S,V
2019-10-03 05:59:45,08.3,2176,0.00,11.8,53.2,----,----,33.933057 S,151.224152 E,9,1,S,S,V
2019-10-03 05:59:48,11.7,2245,0.01,11.8,53.3,----,----,33.933047 S,151.224115 E,9,1,S,S,V
2019-10-03 05:59:50,12.3,2258,0.00,11.8,53.3,----,----,33.933033 S,151.224110 E,9,1,S,S,V
2019-10-03 05:59:54,12.5,2262,0.00,11.8,53.3,----,----,33.933017 S,151.224088 E,9,1,S,S,V
2019-10-03 05:59:57,11.6,2243,0.00,11.8,53.2,----,----,33.932990 S,151.224088 E,9,1,S,S,V
2019-10-03 06:00:01,19.0,2394,0.07,11.8,53.3,----,----,33.932947 S,151.224092 E,9,1,S,S,V
2019-10-03 06:00:16,14.7,2307,0.01,11.8,53.2,----,----,33.932930 S,151.224132 E,9,1,S,S,V
2019-10-03 06:00:19,14.5,2302,0.00,11.8,53.3,----,----,33.932907 S,151.224138 E,9,1,S,S,V
2019-10-03 06:00:22,13.9,2290,0.00,11.8,53.2,----,----,33.932902 S,151.224150 E,9,1,S,S,V
2019-10-03 06:00:25,12.2,2256,0.00,11.8,53.2,----,----,33.932905 S,151.224168 E,8,1,S,S,V
2019-10-03 06:00:28,16.3,2339,0.00,11.8,53.2,----,----,33.932915 S,151.224182 E,9,1,S,S,V
2019-10-03 06:00:32,16.6,2346,0.00,11.8,53.2,----,----,33.932935 S,151.224192 E,9,1,S,S,V
2019-10-03 06:00:36,14.5,2302,0.02,11.8,53.3,----,----,33.932970 S,151.224175 E,9,1,S,S,V
2019-10-03 06:00:39,15.9,2330,0.01,11.8,53.3,----,----,33.932990 S,151.224153 E,9,1,S,S,V
2019-10-03 06:00:43,10.5,2221,0.00,11.8,53.3,----,----,33.933022 S,151.224140 E,9,1,S,S,V
2019-10-03 06:01:05,21.5,2445,0.02,11.8,53.3,----,----,33.933023 S,151.224370 E,8,1,S,S,V
2019-10-03 06:01:43,17.5,2363,0.04,11.9,53.5,----,----,33.933035 S,151.224423 E,10,1,S,S,V
2019-10-03 06:01:46,15.9,2330,0.03,11.9,53.5,----,----,33.933013 S,151.224428 E,10,1,S,S,V
2019-10-03 06:01:49,24.5,2506,0.04,11.9,53.5,----,----,33.932988 S,151.224443 E,10,1,S,S,V
2019-10-03 06:01:52,20.4,2423,0.06,12.0,53.6,----,----,33.932973 S,151.224472 E,10,1,S,S,V
2019-10-03 06:01:55,14.2,2296,0.03,12.0,53.6,----,----,33.932963 S,151.224488 E,10,1,S,S,V
2019-10-03 06:01:58,19.2,2398,0.01,12.0,53.6,----,----,33.932967 S,151.224515 E,10,1,S,S,V
2019-10-03 06:02:01,23.5,2485,0.03,12.0,53.6,----,----,33.932980 S,151.224528 E,10,1,S,S,V
2019-10-03 06:02:04,23.8,2492,0.06,12.0,53.6,----,----,33.933003 S,151.224535 E,10,1,S,S,V
2019-10-03 06:02:08,24.7,2510,0.05,12.0,53.6,----,----,33.933048 S,151.224528 E,10,1,S,S,V
2019-10-03 06:02:11,26.8,2553,0.08,12.0,53.6,----,----,33.933033 S,151.224510 E,10,1,S,S,V
2019-10-03 06:02:14,24.2,2500,0.03,12.0,53.6,----,----,33.933017 S,151.224495 E,10,1,S,S,V
2019-10-03 06:02:17,20.8,2431,0.04,12.0,53.6,----,----,33.933023 S,151.224475 E,10,1,S,S,V
2019-10-03 06:02:20,13.4,2279,0.03,12.0,53.6,----,----,33.933050 S,151.224472 E,10,1,S,S,V
2019-10-03 06:02:22,12.6,2264,0.03,12.0,53.6,----,----,33.933067 S,151.224473 E,10,1,S,S,V
2019-10-03 06:02:25,17.1,2355,0.00,12.0,53.6,----,----,33.933070 S,151.224465 E,10,1,S,S,V
2019-10-03 06:10:14,00.0,1975,0.00,12.9,55.2,----,----,00.000000 N,000.000000 W,0,0,S,S,V
2019-10-03 06:10:16,18.9,2392,0.04,12.9,55.2,----,----,00.000000 N,000.000000 W,0,0,S,S,V
2019-10-03 06:10:20,18.9,2392,0.03,12.9,55.2,----,----,00.000000 N,000.000000 W,0,0,S,S,V
2019-10-03 06:10:23,21.8,2451,0.05,12.9,55.2,----,----,00.000000 N,000.000000 W,0,0,S,S,V
2019-10-03 06:10:25,23.4,2484,0.03,12.9,55.2,----,----,00.000000 N,000.000000 W,0,0,S,S,V
2019-10-03 06:10:28,22.1,2458,0.02,12.9,55.2,----,----,00.000000 N,000.000000 W,0,0,S,S,V
2019-10-03 06:10:32,16.1,2335,0.00,12.9,55.3,----,----,00.000000 N,000.000000 W,0,0,S,S,V
2019-10-03 06:10:35,14.9,2311,0.02,12.9,55.3,----,----,00.000000 N,000.000000 W,0,0,S,S,V
2019-10-03 06:10:39,15.2,2316,0.00,12.9,55.3,----,----,00.000000 N,000.000000 W,0,0,S,S,V
2019-10-03 06:10:42,11.9,2250,0.00,12.9,55.3,----,----,00.000000 N,000.000000 W,0,0,S,S,V
2019-10-03 06:10:45,15.2,2317,0.02,12.9,55.3,----,----,00.000000 N,000.000000 W,0,0,S,S,V
2019-10-03 06:10:48,11.9,2250,0.00,12.9,55.3,----,----,00.000000 N,000.000000 W,0,0,S,S,V
2019-10-03 06:10:52,16.5,2344,0.02,12.9,55.3,----,----,00.000000 N,000.000000 W,0,0,S,S,V
2019-10-03 06:10:55,17.9,2371,0.03,13.0,55.4,----,----,00.000000 N,000.000000 W,0,0,S,S,V
2019-10-03 06:10:59,19.2,2398,0.00,12.9,55.3,----,----,00.000000 N,000.000000 W,0,0,S,S,V
2019-10-03 06:11:04,16.5,2344,0.00,13.0,55.4,----,----,00.000000 N,000.000000 W,0,0,S,S,V
2019-10-03 06:11:07,15.6,2324,0.01,13.0,55.4,----,----,00.000000 N,000.000000 W,0,0,S,S,V
2019-10-03 06:11:31,13.0,2272,0.03,13.0,55.5,----,----,33.933385 S,151.224372 E,9,1,S,S,V
2019-10-03 06:12:31,14.1,2295,0.05,13.2,55.8,----,----,33.933372 S,151.224390 E,12,1,S,S,V
2019-10-03 06:12:34,19.8,2411,0.02,13.2,55.8,----,----,33.933383 S,151.224402 E,12,1,S,S,V
2019-10-03 06:12:37,16.1,2334,0.00,13.2,55.9,----,----,33.933400 S,151.224422 E,12,1,S,S,V
2019-10-03 06:12:40,19.5,2405,0.02,13.2,55.9,----,----,33.933418 S,151.224432 E,12,1,S,S,V
2019-10-03 06:12:44,20.4,2423,0.05,13.2,55.9,----,----,33.933438 S,151.224405 E,12,1,S,S,V
2019-10-03 06:12:47,16.3,2339,0.01,13.2,55.9,----,----,33.933435 S,151.224378 E,13,1,S,S,V
2019-10-03 06:12:50,16.6,2346,0.03,13.3,55.9,----,----,33.933428 S,151.224362 E,13,1,S,S,V
2019-10-03 06:13:16,15.7,2326,0.00,13.3,56.0,----,----,33.933410 S,151.224350 E,13,1,S,S,V
2019-10-03 06:13:18,14.6,2305,0.00,13.3,56.0,----,----,33.933397 S,151.224347 E,13,1,S,S,V
2019-10-03 06:13:21,16.7,2348,0.02,13.4,56.1,----,----,33.933377 S,151.224330 E,13,1,S,S,V
2019-10-03 06:13:24,20.4,2422,0.04,13.4,56.1,----,----,33.933385 S,151.224310 E,13,1,S,S,V
2019-10-03 06:13:26,19.8,2411,0.00,13.4,56.1,----,----,33.933395 S,151.224303 E,13,1,S,S,V
2019-10-03 06:13:29,16.8,2349,0.03,13.4,56.1,----,----,33.933422 S,151.224302 E,13,1,S,S,V
2019-10-03 06:13:32,16.4,2341,0.02,13.4,56.2,----,----,33.933453 S,151.224298 E,13,1,S,S,V
2019-10-03 06:13:34,16.4,2342,0.02,13.4,56.1,----,----,33.933467 S,151.224305 E,13,1,S,S,V
2019-10-03 06:13:37,18.1,2376,0.04,13.4,56.2,----,----,33.933480 S,151.224302 E,13,1,S,S,V
2019-10-03 06:13:40,27.3,2564,0.07,13.4,56.2,----,----,33.933505 S,151.224293 E,13,1,S,S,V
2019-10-03 06:13:43,30.1,2621,0.12,13.4,56.2,----,----,33.933495 S,151.224272 E,13,1,S,S,V
2019-10-03 06:13:45,29.9,2617,0.11,13.4,56.2,----,----,33.933480 S,151.224257 E,13,1,S,S,V
2019-10-03 06:13:46,00.0,1976,0.00,13.4,56.2,----,----,33.933477 S,151.224250 E,13,1,S,S,V
2019-10-03 06:13:48,26.6,2549,0.08,13.4,56.2,----,----,33.933458 S,151.224240 E,13,1,S,S,V
2019-10-03 06:13:51,26.2,2540,0.02,13.4,56.2,----,----,33.933428 S,151.224245 E,13,1,S,S,V
2019-10-03 06:13:54,26.3,2542,0.04,13.4,56.2,----,----,33.933417 S,151.224232 E,13,1,S,S,V
2019-10-03 06:13:57,19.7,2408,0.02,13.4,56.2,----,----,33.933402 S,151.224238 E,13,1,S,S,V
2019-10-03 06:20:56,21.0,2435,0.05,14.2,57.6,----,----,00.000000 N,000.000000 W,0,0,S,S,V
2019-10-03 06:21:01,17.9,2371,0.03,14.2,57.6,----,----,00.000000 N,000.000000 W,0,0,S,S,V
2019-10-03 06:21:09,16.5,2343,0.02,14.2,57.6,----,----,00.000000 N,000.000000 W,0,0,S,S,V
2019-10-03 06:21:15,21.8,2452,0.05,14.2,57.6,----,----,00.000000 N,000.000000 W,0,0,S,S,V
2019-10-03 06:21:21,17.9,2372,0.02,14.2,57.5,----,----,00.000000 N,000.000000 W,0,0,S,S,V
2019-10-03 06:21:26,18.2,2377,0.06,14.2,57.6,----,----,00.000000 N,000.000000 W,0,0,S,S,V
2019-10-03 06:21:31,19.4,2402,0.07,14.2,57.6,----,----,00.000000 N,000.000000 W,0,0,S,S,V
2019-10-03 06:21:38,18.6,2385,0.03,14.2,57.5,----,----,00.000000 N,000.000000 W,0,0,S,S,V
2019-10-03 06:21:43,21.2,2439,0.04,14.2,57.5,----,----,00.000000 N,000.000000 W,0,0,S,S,V
2019-10-03 06:22:03,21.1,2437,0.04,14.1,57.5,----,----,00.000000 N,000.000000 W,0,0,S,S,V
2019-10-03 06:22:08,18.0,2373,0.03,14.2,57.5,----,----,00.000000 N,000.000000 W,0,0,S,S,V
2019-10-03 06:22:14,16.7,2348,0.00,14.2,57.5,----,----,00.000000 N,000.000000 W,0,0,S,S,V
2019-10-03 06:22:19,17.4,2362,0.02,14.2,57.6,----,----,00.000000 N,000.000000 W,0,0,S,S,V
2019-10-03 06:22:25,11.5,2242,0.00,14.2,57.6,----,----,00.000000 N,000.000000 W,0,0,S,S,V
2019-10-03 06:22:28,11.3,2238,0.00,14.2,57.6,----,----,00.000000 N,000.000000 W,0,0,S,S,V
2019-10-03 06:22:33,14.2,2296,0.00,14.2,57.6,----,----,00.000000 N,000.000000 W,0,0,S,S,V
2019-10-03 06:22:37,18.0,2373,0.01,14.2,57.6,----,----,00.000000 N,000.000000 W,0,0,S,S,V
2019-10-03 06:35:34,14.5,2302,0.00,17.5,63.5,----,----,00.000000 N,000.000000 W,0,0,S,S,V
2019-10-03 06:35:39,14.1,2294,0.00,17.5,63.5,----,----,00.000000 N,000.000000 W,0,0,S,S,V
2019-10-03 06:35:44,14.2,2297,0.00,17.5,63.5,----,----,00.000000 N,000.000000 W,0,0,S,S,V
2019-10-03 06:35:51,12.5,2262,0.00,17.4,63.4,----,----,00.000000 N,000.000000 W,0,0,S,S,V
2019-10-03 06:35:58,13.0,2272,0.00,17.4,63.4,----,----,00.000000 N,000.000000 W,0,0,S,S,V
2019-10-03 06:36:05,10.9,2228,0.00,17.4,63.3,----,----,00.000000 N,000.000000 W,0,0,S,S,V
2019-10-03 06:36:11,12.7,2265,0.00,17.3,63.2,----,----,00.000000 N,000.000000 W,0,0,S,S,V
2019-10-03 06:36:20,14.9,2310,0.00,17.3,63.1,----,----,00.000000 N,000.000000 W,0,0,S,S,V
2019-10-03 06:47:52,23.1,2477,0.01,17.1,62.8,----,----,33.936798 S,151.223335 E,13,1,S,S,V
2019-10-03 06:47:56,19.8,2410,0.02,17.1,62.8,----,----,33.936808 S,151.223348 E,13,1,S,S,V
2019-10-03 06:47:59,10.0,2211,0.00,17.1,62.8,----,----,33.936813 S,151.223363 E,12,1,S,S,V
2019-10-03 06:48:02,07.3,2156,0.00,17.1,62.8,----,----,33.936818 S,151.223372 E,12,1,S,S,V
2019-10-03 06:48:06,09.3,2196,0.00,17.1,62.8,----,----,33.936853 S,151.223358 E,12,1,S,S,V
2019-10-03 06:48:09,15.2,2316,0.00,17.1,62.8,----,----,33.936882 S,151.223345 E,12,1,S,S,V
2019-10-03 06:48:12,15.8,2328,0.00,17.0,62.7,----,----,33.936917 S,151.223332 E,13,1,S,S,V
2019-10-03 06:48:15,18.8,2389,0.00,17.0,62.7,----,----,33.936957 S,151.223327 E,13,1,S,S,V
2019-10-03 06:48:18,22.8,2472,0.03,17.0,62.7,----,----,33.936990 S,151.223322 E,14,1,S,S,V
2019-10-03 06:48:22,23.3,2482,0.02,17.0,62.7,----,----,33.937010 S,151.223330 E,14,1,S,S,V
2019-10-03 06:48:25,20.4,2422,0.03,17.0,62.7,----,----,33.937023 S,151.223360 E,14,1,S,S,V
2019-10-03 06:48:29,10.5,2221,0.02,17.0,62.7,----,----,33.937000 S,151.223390 E,14,1,S,S,V
2019-10-03 06:48:33,13.2,2275,0.00,17.0,62.7,----,----,33.936997 S,151.223417 E,14,1,S,S,V
2019-10-03 06:48:37,17.4,2362,0.00,17.0,62.6,----,----,33.937003 S,151.223447 E,14,1,S,S,V
2019-10-03 06:48:41,18.3,2379,0.01,17.0,62.6,----,----,33.936997 S,151.223490 E,14,1,S,S,V
2019-10-03 06:48:46,09.9,2208,0.00,17.0,62.6,----,----,33.936938 S,151.223485 E,14,1,S,S,V
2019-10-03 06:48:49,10.3,2216,0.00,17.0,62.6,----,----,33.936920 S,151.223452 E,13,1,S,S,V
2019-10-03 06:48:52,09.0,2191,0.00,17.0,62.6,----,----,33.936907 S,151.223440 E,14,1,S,S,V
2019-10-03 06:49:43,06.6,2142,0.00,16.8,62.3,----,----,33.936905 S,151.223447 E,15,1,S,S,V
2019-10-03 06:50:08,08.6,2183,0.00,16.8,62.2,----,----,33.936907 S,151.223465 E,15,1,S,S,V
2019-10-03 06:50:11,08.3,2177,0.00,16.8,62.2,----,----,33.936897 S,151.223492 E,16,1,S,S,V
2019-10-03 06:50:13,07.8,2166,0.00,16.8,62.3,----,----,33.936885 S,151.223505 E,16,1,S,S,V
2019-10-03 06:50:16,09.5,2201,0.00,16.8,62.3,----,----,33.936872 S,151.223527 E,15,1,S,S,V
2019-10-03 06:50:19,09.3,2197,0.00,16.8,62.3,----,----,33.936852 S,151.223525 E,14,1,S,S,V
2019-10-03 06:50:22,06.8,2145,0.00,16.8,62.3,----,----,33.936832 S,151.223502 E,16,1,S,S,V
2019-10-03 06:50:25,08.2,2173,0.00,16.8,62.3,----,----,33.936840 S,151.223473 E,16,1,S,S,V
2019-10-03 06:50:30,08.3,2177,0.00,16.8,62.3,----,----,33.936827 S,151.223475 E,15,1,S,S,V
2019-10-03 06:50:36,06.9,2147,0.00,16.8,62.4,----,----,33.936810 S,151.223517 E,15,1,S,S,V
2019-10-03 06:54:21,13.0,2271,0.00,17.6,63.7,----,----,00.000000 N,000.000000 W,0,0,S,S,V
2019-10-03 06:54:27,13.4,2279,0.00,17.6,63.7,----,----,00.000000 N,000.000000 W,0,0,S,S,V
2019-10-03 06:54:33,11.2,2236,0.00,17.6,63.7,----,----,00.000000 N,000.000000 W,0,0,S,S,V
2019-10-03 06:54:36,10.4,2219,0.00,17.6,63.7,----,----,00.000000 N,000.000000 W,0,0,S,S,V
2019-10-03 06:54:43,11.1,2234,0.00,17.6,63.7,----,----,00.000000 N,000.000000 W,0,0,S,S,V
2019-10-03 06:54:51,10.5,2221,0.00,17.6,63.7,----,----,00.000000 N,000.000000 W,0,0,S,S,V
2019-10-03 06:54:56,11.6,2243,0.00,17.6,63.8,----,----,00.000000 N,000.000000 W,0,0,S,S,V
2019-10-03 06:55:05,12.8,2267,0.00,17.6,63.8,----,----,00.000000 N,000.000000 W,0,0,S,S,V
2019-10-03 06:55:08,12.5,2261,0.00,17.6,63.8,----,----,00.000000 N,000.000000 W,0,0,S,S,V
2019-10-03 07:05:52,13.6,2283,0.00,19.1,66.5,----,----,00.000000 N,000.000000 W,0,0,S,S,V
2019-10-03 07:05:56,11.2,2235,0.00,19.1,66.5,----,----,00.000000 N,000.000000 W,0,0,S,S,V
2019-10-03 07:05:59,10.9,2229,0.00,19.1,66.4,----,----,00.000000 N,000.000000 W,0,0,S,S,V
2019-10-03 07:06:03,08.6,2183,0.00,19.1,66.4,----,----,00.000000 N,000.000000 W,0,0,S,S,V
2019-10-03 07:06:06,13.8,2288,0.00,19.0,66.3,----,----,00.000000 N,000.000000 W,0,0,S,S,V
2019-10-03 07:06:09,11.0,2230,0.00,19.0,66.3,----,----,00.000000 N,000.000000 W,0,0,S,S,V
2019-10-03 07:06:12,12.2,2255,0.00,19.0,66.3,----,----,00.000000 N,000.000000 W,0,0,S,S,V
2019-10-03 07:06:15,12.2,2256,0.00,19.0,66.2,----,----,00.000000 N,000.000000 W,0,0,S,S,V
2019-10-03 07:06:18,14.1,2295,0.00,19.0,66.2,----,----,00.000000 N,000.000000 W,0,0,S,S,V
2019-10-03 07:06:21,12.8,2267,0.00,18.9,66.1,----,----,00.000000 N,000.000000 W,0,0,S,S,V
2019-10-03 07:06:25,10.4,2219,0.00,18.9,66.0,----,----,00.000000 N,000.000000 W,0,0,S,S,V
2019-10-03 07:06:29,15.8,2329,0.00,18.9,66.0,----,----,00.000000 N,000.000000 W,0,0,S,S,V
2019-10-03 07:06:32,18.2,2378,0.00,18.8,66.0,----,----,00.000000 N,000.000000 W,0,0,S,S,V
2019-10-03 07:06:36,09.9,2209,0.00,18.8,65.9,----,----,00.000000 N,000.000000 W,0,0,S,S,V
2019-10-03 07:06:39,08.5,2180,0.00,18.8,65.8,----,----,00.000000 N,000.000000 W,0,0,S,S,V
2019-10-03 07:06:42,09.2,2194,0.00,18.8,65.8,----,----,00.000000 N,000.000000 W,0,0,S,S,V
2019-10-03 07:06:44,10.6,2223,0.00,18.7,65.8,----,----,00.000000 N,000.000000 W,0,0,S,S,V
2019-10-03 07:06:48,10.1,2213,0.00,18.7,65.7,----,----,00.000000 N,000.000000 W,0,0,S,S,V
2019-10-03 07:06:52,08.6,2182,0.00,18.7,65.7,----,----,00.000000 N,000.000000 W,0,0,S,S,V
2019-10-03 07:06:56,08.0,2170,0.00,18.6,65.6,----,----,00.000000 N,000.000000 W,0,0,S,S,V
2019-10-03 07:06:59,13.9,2290,0.00,18.6,65.6,----,----,00.000000 N,000.000000 W,0,0,S,S,V
2019-10-03 07:07:01,11.9,2250,0.00,18.6,65.5,----,----,00.000000 N,000.000000 W,0,0,S,S,V
2019-10-03 07:07:04,11.3,2238,0.00,18.6,65.4,----,----,00.000000 N,000.000000 W,0,0,S,S,V
2019-10-03 07:07:10,06.4,2137,0.00,18.5,65.4,----,----,00.000000 N,000.000000 W,0,0,S,S,V
2019-10-03 07:07:15,10.1,2213,0.00,18.4,65.2,----,----,00.000000 N,000.000000 W,0,0,S,S,V
2019-10-03 07:07:18,09.1,2192,0.00,18.4,65.2,----,----,00.000000 N,000.000000 W,0,0,S,S,V
2019-10-03 07:07:24,14.1,2295,0.00,18.4,65.1,----,----,00.000000 N,000.000000 W,0,0,S,S,V
2019-10-03 07:07:30,23.4,2484,0.00,18.3,65.0,----,----,00.000000 N,000.000000 W,0,0,S,S,V
2019-10-03 07:15:03,25.4,2524,0.06,17.7,63.9,----,----,00.000000 N,000.000000 W,0,0,S,S,V
2019-10-03 07:15:09,14.9,2311,0.01,17.7,64.0,----,----,00.000000 N,000.000000 W,0,0,S,S,V
2019-10-03 07:15:15,18.2,2377,0.00,17.7,64.0,----,----,00.000000 N,000.000000 W,0,0,S,S,V
2019-10-03 07:15:23,17.4,2362,0.03,17.7,63.9,----,----,00.000000 N,000.000000 W,0,0,S,S,V
2019-10-03 07:15:32,16.5,2343,0.05,17.7,64.0,----,----,00.000000 N,000.000000 W,0,0,S,S,V
2019-10-03 07:15:38,16.7,2348,0.03,17.7,63.9,----,----,00.000000 N,000.000000 W,0,0,S,S,V
2019-10-03 07:15:48,18.9,2391,0.02,17.7,63.9,----,----,00.000000 N,000.000000 W,0,0,S,S,V
2019-10-03 07:15:54,17.5,2363,0.07,17.7,63.9,----,----,00.000000 N,000.000000 W,0,0,S,S,V
2019-10-03 07:16:01,20.7,2429,0.02,17.7,63.9,----,----,00.000000 N,000.000000 W,0,0,S,S,V
2019-10-03 07:16:09,22.1,2458,0.03,17.7,63.9,----,----,00.000000 N,000.000000 W,0,0,S,S,V
2019-10-03 07:16:16,24.4,2504,0.08,17.7,63.9,----,----,00.000000 N,000.000000 W,0,0,S,S,V
2019-10-03 07:16:21,22.7,2469,0.02,17.7,63.9,----,----,00.000000 N,000.000000 W,0,0,S,S,V
2019-10-03 07:16:27,22.7,2470,0.05,17.7,63.9,----,----,00.000000 N,000.000000 W,0,0,S,S,V
2019-10-03 07:16:33,23.1,2478,0.02,17.7,63.9,----,----,00.000000 N,000.000000 W,0,0,S,S,V
2019-10-03 07:16:37,22.8,2472,0.09,17.7,63.9,----,----,00.000000 N,000.000000 W,0,0,S,S,V
2019-10-03 07:16:43,22.2,2459,0.07,17.7,63.9,----,----,00.000000 N,000.000000 W,0,0,S,S,V
2019-10-03 07:16:50,22.6,2468,0.13,17.7,63.9,----,----,00.000000 N,000.000000 W,0,0,S,S,V
2019-10-03 07:16:56,17.9,2371,0.05,17.7,63.9,----,----,00.000000 N,000.000000 W,0,0,S,S,V
2019-10-03 07:17:00,16.4,2342,0.02,17.7,63.9,----,----,00.000000 N,000.000000 W,0,0,S,S,V
2019-10-03 07:17:13,18.4,2381,0.02,17.7,63.9,----,----,00.000000 N,000.000000 W,0,0,S,S,V
2019-10-03 07:17:19,12.7,2265,0.00,17.7,63.9,----,----,00.000000 N,000.000000 W,0,0,S,S,V
2019-10-03 07:17:23,13.0,2272,0.00,17.7,63.9,----,----,00.000000 N,000.000000 W,0,0,S,S,V
2019-10-03 07:25:10,25.6,2529,0.06,19.8,67.7,----,----,33.943428 S,151.221077 E,13,1,S,S,V
2019-10-03 07:25:17,18.6,2385,0.00,19.8,67.7,----,----,33.943405 S,151.221085 E,12,1,S,S,V
2019-10-03 07:25:23,16.1,2334,0.00,19.8,67.7,----,----,33.943350 S,151.221098 E,11,1,S,S,V
2019-10-03 07:25:28,22.5,2465,0.02,19.8,67.7,----,----,33.943303 S,151.221102 E,11,1,S,S,V
2019-10-03 07:25:33,18.6,2386,0.03,19.8,67.7,----,----,33.943293 S,151.221078 E,12,1,S,S,V
2019-10-03 07:25:39,19.2,2398,0.04,19.8,67.6,----,----,33.943290 S,151.221035 E,12,1,S,S,V
2019-10-03 07:25:46,18.2,2378,0.00,19.8,67.6,----,----,33.943263 S,151.221010 E,12,1,S,S,V
2019-10-03 07:25:52,19.5,2405,0.00,19.8,67.6,----,----,33.943257 S,151.220998 E,11,1,S,S,V
2019-10-03 07:25:58,20.5,2425,0.03,19.8,67.6,----,----,33.943280 S,151.221003 E,13,1,S,S,V
2019-10-03 07:26:04,17.1,2356,0.01,19.7,67.6,----,----,33.943288 S,151.220995 E,13,1,S,S,V
2019-10-03 07:26:12,14.3,2298,0.02,19.8,67.6,----,----,33.943323 S,151.220935 E,13,1,S,S,V
2019-10-03 07:26:15,16.2,2336,0.01,19.8,67.6,----,----,33.943332 S,151.220922 E,12,1,S,S,V
2019-10-03 07:26:20,17.5,2364,0.00,19.8,67.6,----,----,33.943362 S,151.220928 E,12,1,S,S,V
2019-10-03 07:26:25,17.7,2368,0.02,19.8,67.6,----,----,33.943393 S,151.220942 E,12,1,S,S,V
2019-10-03 07:26:29,15.9,2330,0.00,19.8,67.6,----,----,33.943408 S,151.220962 E,12,1,S,S,V
2019-10-03 07:26:37,20.3,2421,0.00,19.8,67.6,----,----,33.943380 S,151.221018 E,12,1,S,S,V
2019-10-03 07:27:36,17.2,2357,0.00,19.9,67.8,----,----,00.000000 N,000.000000 W,0,0,S,S,V
2019-10-03 07:27:40,12.6,2264,0.04,19.9,67.8,----,----,00.000000 N,000.000000 W,0,0,S,S,V
2019-10-03 07:27:43,14.8,2309,0.00,19.9,67.8,----,----,00.000000 N,000.000000 W,0,0,S,S,V
2019-10-03 07:27:49,13.3,2277,0.00,19.9,67.8,----,----,00.000000 N,000.000000 W,0,0,S,S,V
2019-10-03 07:27:56,21.5,2445,0.00,19.9,67.9,----,----,00.000000 N,000.000000 W,0,0,S,S,V
2019-10-03 07:28:00,22.0,2456,0.06,19.9,67.9,----,----,00.000000 N,000.000000 W,0,0,S,S,V
2019-10-03 07:28:07,23.9,2493,0.07,19.9,67.9,----,----,00.000000 N,000.000000 W,0,0,S,S,V
2019-10-03 07:28:15,16.4,2341,0.00,19.9,67.9,----,----,00.000000 N,000.000000 W,0,0,S,S,V
2019-10-03 07:28:19,22.1,2458,0.10,19.9,67.9,----,----,00.000000 N,000.000000 W,0,0,S,S,V
2019-10-03 07:28:28,16.1,2334,0.00,19.9,67.9,----,----,00.000000 N,000.000000 W,0,0,S,S,V
2019-10-03 07:28:35,20.6,2426,0.01,19.9,67.9,----,----,00.000000 N,000.000000 W,0,0,S,S,V
2019-10-03 07:28:48,21.8,2450,0.03,19.9,67.9,----,----,00.000000 N,000.000000 W,0,0,S,S,V
2019-10-03 07:28:58,17.4,2362,0.03,19.9,67.9,----,----,00.000000 N,000.000000 W,0,0,S,S,V
2019-10-03 07:29:04,16.8,2349,0.04,19.9,67.9,----,----,00.000000 N,000.000000 W,0,0,S,S,V
2019-10-03 07:29:09,16.5,2344,0.00,19.9,67.9,----,----,00.000000 N,000.000000 W,0,0,S,S,V
2019-10-03 07:29:14,16.4,2341,0.00,19.9,67.9,----,----,00.000000 N,000.000000 W,0,0,S,S,V
2019-10-03 07:30:23,23.9,2493,0.06,20.1,68.2,----,----,33.943652 S,151.220608 E,7,1,S,S,V
2019-10-03 07:30:38,00.0,1981,0.00,20.2,68.4,----,----,33.943650 S,151.220543 E,8,1,S,S,V
2019-10-03 07:33:19,11.9,2250,0.00,20.4,68.8,----,----,00.000000 N,000.000000 W,0,0,S,S,V
2019-10-03 07:33:24,14.9,2310,0.00,20.4,68.8,----,----,00.000000 N,000.000000 W,0,0,S,S,V
2019-10-03 07:33:31,11.6,2243,0.00,20.4,68.8,----,----,00.000000 N,000.000000 W,0,0,S,S,V
2019-10-03 07:33:36,18.6,2385,0.00,20.4,68.8,----,----,00.000000 N,000.000000 W,0,0,S,S,V
2019-10-03 07:33:41,17.4,2361,0.02,20.4,68.8,----,----,00.000000 N,000.000000 W,0,0,S,S,V
2019-10-03 07:33:49,16.6,2346,0.02,20.4,68.8,----,----,00.000000 N,000.000000 W,0,0,S,S,V
2019-10-03 07:33:53,15.6,2324,0.01,20.4,68.8,----,----,00.000000 N,000.000000 W,0,0,S,S,V
2019-10-03 07:34:01,21.4,2443,0.04,20.4,68.8,----,----,00.000000 N,000.000000 W,0,0,S,S,V
2019-10-03 07:34:10,15.8,2329,0.00,20.4,68.8,----,----,00.000000 N,000.000000 W,0,0,S,S,V
2019-10-03 07:34:16,13.5,2281,0.00,20.4,68.8,----,----,00.000000 N,000.000000 W,0,0,S,S,V
2019-10-03 07:34:20,18.9,2392,0.03,20.4,68.8,----,----,00.000000 N,000.000000 W,0,0,S,S,V
2019-10-03 07:34:26,18.4,2381,0.00,20.4,68.8,----,----,00.000000 N,000.000000 W,0,0,S,S,V
2019-10-03 07:34:34,20.9,2432,0.00,20.4,68.8,----,----,00.000000 N,000.000000 W,0,0,S,S,V
2019-10-03 07:34:41,12.1,2254,0.00,20.5,68.9,----,----,33.939700 S,151.222032 E,8,1,S,S,V
2019-10-03 07:34:45,15.6,2325,0.02,20.5,68.9,----,----,33.939678 S,151.222035 E,8,1,S,S,V
2019-10-03 07:34:53,16.7,2348,0.00,20.5,68.9,----,----,33.939678 S,151.222005 E,8,1,S,S,V
2019-10-03 12:15:05,19.4,2403,0.17,29.3,84.7,----,----,00.000000 N,000.000000 W,0,0,S,S,V
2019-10-03 12:15:14,20.2,2419,0.15,29.4,84.9,----,----,00.000000 N,000.000000 W,0,0,S,S,V
2019-10-03 12:15:23,20.5,2425,0.20,29.5,85.1,----,----,00.000000 N,000.000000 W,0,0,S,S,V
2019-10-03 12:15:30,18.1,2376,0.00,29.6,85.3,----,----,00.000000 N,000.000000 W,0,0,S,S,V
2019-10-03 12:15:38,17.3,2359,0.00,29.7,85.4,----,----,00.000000 N,000.000000 W,0,0,S,S,V
2019-10-03 12:15:45,18.5,2384,0.00,29.8,85.6,----,----,00.000000 N,000.000000 W,0,0,S,S,V
2019-10-03 12:15:52,15.9,2330,0.00,29.8,85.7,----,----,00.000000 N,000.000000 W,0,0,S,S,V
2019-10-03 12:15:56,18.1,2375,0.00,29.9,85.8,----,----,00.000000 N,000.000000 W,0,0,S,S,V
2019-10-03 12:16:02,20.6,2426,0.00,30.0,86.0,----,----,00.000000 N,000.000000 W,0,0,S,S,V
2019-10-03 12:16:08,19.1,2395,0.00,30.0,86.1,----,----,00.000000 N,000.000000 W,0,0,S,S,V
2019-10-03 12:16:20,21.1,2436,0.00,30.2,86.4,----,----,00.000000 N,000.000000 W,0,0,S,S,V
2019-10-03 12:16:26,22.4,2464,0.00,30.3,86.6,----,----,00.000000 N,000.000000 W,0,0,S,S,V
2019-10-03 12:16:33,21.8,2452,0.00,30.3,86.7,----,----,00.000000 N,000.000000 W,0,0,S,S,V
2019-10-03 12:31:59,22.7,2469,0.01,39.6,103.3,----,----,00.000000 N,000.000000 W,0,0,S,S,V
2019-10-03 12:32:06,14.7,2307,0.00,39.6,103.3,----,----,00.000000 N,000.000000 W,0,0,S,S,V
2019-10-03 12:32:11,08.8,2186,0.00,39.6,103.3,----,----,00.000000 N,000.000000 W,0,0,S,S,V
2019-10-03 12:32:17,09.7,2205,0.00,39.6,103.3,----,----,00.000000 N,000.000000 W,0,0,S,S,V
2019-10-03 12:32:21,10.3,2216,0.00,39.5,103.2,----,----,00.000000 N,000.000000 W,0,0,S,S,V
2019-10-03 12:32:26,08.0,2170,0.00,39.5,103.1,----,----,00.000000 N,000.000000 W,0,0,S,S,V
2019-10-03 12:32:32,11.9,2249,0.00,39.4,103.0,----,----,00.000000 N,000.000000 W,0,0,S,S,V
2019-10-03 12:32:39,09.0,2191,0.00,39.4,103.0,----,----,00.000000 N,000.000000 W,0,0,S,S,V
2019-10-03 12:32:44,08.4,2178,0.00,39.4,103.0,----,----,00.000000 N,000.000000 W,0,0,S,S,V
2019-10-03 12:32:47,06.1,2131,0.00,39.4,103.0,----,----,00.000000 N,000.000000 W,0,0,S,S,V
2019-10-03 12:32:54,09.0,2190,0.00,39.4,102.9,----,----,00.000000 N,000.000000 W,0,0,S,S,V
2019-10-03 12:33:00,13.6,2284,0.00,39.3,102.9,----,----,00.000000 N,000.000000 W,0,0,S,S,V
2019-10-03 12:45:40,09.8,2207,0.00,36.8,98.3,----,----,00.000000 N,000.000000 W,0,0,S,S,V
2019-10-03 12:45:47,14.3,2298,0.00,36.8,98.3,----,----,00.000000 N,000.000000 W,0,0,S,S,V
2019-10-03 12:45:54,10.2,2215,0.00,36.7,98.2,----,----,00.000000 N,000.000000 W,0,0,S,S,V
2019-10-03 12:45:58,10.0,2210,0.00,36.7,98.2,----,----,00.000000 N,000.000000 W,0,0,S,S,V
2019-10-03 12:46:03,15.8,2329,0.00,36.7,98.1,----,----,00.000000 N,000.000000 W,0,0,S,S,V
2019-10-03 12:46:09,14.5,2303,0.00,36.7,98.1,----,----,00.000000 N,000.000000 W,0,0,S,S,V
2019-10-03 12:46:16,21.8,2451,0.00,36.7,98.1,----,----,00.000000 N,000.000000 W,0,0,S,S,V
2019-10-03 12:46:24,09.9,2208,0.00,36.7,98.1,----,----,00.000000 N,000.000000 W,0,0,S,S,V
2019-10-03 12:46:32,18.0,2373,0.00,36.6,97.9,----,----,00.000000 N,000.000000 W,0,0,S,S,V
2019-10-03 12:46:40,10.1,2213,0.00,36.5,97.8,----,----,00.000000 N,000.000000 W,0,0,S,S,V
2019-10-03 12:46:45,18.8,2389,0.00,36.5,97.7,----,----,00.000000 N,000.000000 W,0,0,S,S,V
2019-10-03 12:46:54,13.0,2271,0.00,36.3,97.5,----,----,00.000000 N,000.000000 W,0,0,S,S,V
2019-10-03 12:48:02,13.7,2287,0.00,35.7,96.3,----,----,00.000000 N,000.000000 W,0,0,S,S,V
2019-10-03 12:48:44,09.6,2203,0.00,35.6,96.1,----,----,33.936435 S,151.222763 E,14,1,S,S,V
2019-10-03 12:48:50,10.4,2219,0.00,35.5,96.0,----,----,33.936458 S,151.222728 E,13,1,S,S,V
2019-10-03 12:57:57,21.5,2445,0.04,35.9,96.7,----,----,00.000000 N,000.000000 W,0,0,S,S,V
2019-10-03 12:58:03,17.6,2365,0.00,35.9,96.7,----,----,00.000000 N,000.000000 W,0,0,S,S,V
2019-10-03 12:58:10,23.4,2483,0.06,35.9,96.7,----,----,00.000000 N,000.000000 W,0,0,S,S,V
2019-10-03 12:58:16,16.5,2343,0.00,35.9,96.7,----,----,00.000000 N,000.000000 W,0,0,S,S,V
2019-10-03 12:58:20,18.8,2389,0.00,35.9,96.7,----,----,00.000000 N,000.000000 W,0,0,S,S,V
2019-10-03 12:58:25,15.3,2318,0.00,35.9,96.7,----,----,00.000000 N,000.000000 W,0,0,S,S,V
2019-10-03 12:58:28,09.3,2197,0.05,35.9,96.7,----,----,00.000000 N,000.000000 W,0,0,S,S,V
2019-10-03 13:11:35,19.7,2408,0.00,38.4,101.2,----,----,00.000000 N,000.000000 W,0,0,S,S,V
2019-10-03 13:11:36,19.7,2409,0.00,38.5,101.3,----,----,00.000000 N,000.000000 W,0,0,S,S,V
2019-10-03 13:11:43,11.5,2242,0.00,38.5,101.4,----,----,00.000000 N,000.000000 W,0,0,S,S,V
2019-10-04 09:06:57,19.0,2394,0.00,31.5,88.7,----,----,00.000000 N,000.000000 W,0,0,S,S,V
2019-10-04 09:07:02,31.0,2639,0.03,31.4,88.6,----,----,00.000000 N,000.000000 W,0,0,S,S,V
2019-10-04 09:07:08,29.9,2617,0.00,31.4,88.6,----,----,00.000000 N,000.000000 W,0,0,S,S,V
2019-10-04 09:07:12,17.4,2361,0.00,31.4,88.6,----,----,00.000000 N,000.000000 W,0,0,S,S,V
2019-10-04 09:07:17,19.1,2395,0.00,31.4,88.6,----,----,00.000000 N,000.000000 W,0,0,S,S,V
2019-10-04 09:07:22,27.3,2564,0.04,31.4,88.6,----,----,00.000000 N,000.000000 W,0,0,S,S,V
2019-10-04 09:07:28,29.4,2606,0.05,31.4,88.6,----,----,00.000000 N,000.000000 W,0,0,S,S,V
2019-10-04 09:07:33,26.3,2543,0.05,31.4,88.6,----,----,00.000000 N,000.000000 W,0,0,S,S,V
2019-10-04 09:07:39,16.0,2332,0.00,31.4,88.5,----,----,00.000000 N,000.000000 W,0,0,S,S,V
2019-10-04 09:07:44,27.1,2559,0.01,31.4,88.5,----,----,00.000000 N,000.000000 W,0,0,S,S,V
2019-10-04 09:07:49,22.0,2456,0.00,31.3,88.4,----,----,00.000000 N,000.000000 W,0,0,S,S,V
2019-10-04 09:07:55,20.2,2419,0.00,31.3,88.4,----,----,00.000000 N,000.000000 W,0,0,S,S,V
2019-10-04 09:08:01,18.9,2392,0.00,31.3,88.3,----,----,00.000000 N,000.000000 W,0,0,S,S,V
2019-10-04 09:08:07,20.9,2432,0.00,31.3,88.3,----,----,00.000000 N,000.000000 W,0,0,S,S,V
2019-10-04 09:08:12,24.7,2511,0.01,31.2,88.3,----,----,00.000000 N,000.000000 W,0,0,S,S,V
2019-10-04 09:08:18,22.7,2469,0.04,31.2,88.2,----,----,00.000000 N,000.000000 W,0,0,S,S,V
2019-10-04 09:08:24,12.6,2264,0.00,31.2,88.2,----,----,00.000000 N,000.000000 W,0,0,S,S,V
2019-10-04 09:08:29,15.6,2324,0.00,31.2,88.2,----,----,00.000000 N,000.000000 W,0,0,S,S,V
2019-10-04 09:08:34,24.2,2499,0.02,31.2,88.1,----,----,00.000000 N,000.000000 W,0,0,S,S,V
2019-10-04 09:08:39,14.9,2311,0.00,31.1,88.1,----,----,00.000000 N,000.000000 W,0,0,S,S,V
2019-10-04 09:08:45,16.2,2337,0.00,31.1,88.1,----,----,00.000000 N,000.000000 W,0,0,S,S,V
2019-10-04 09:08:50,17.4,2361,0.00,31.1,88.0,----,----,00.000000 N,000.000000 W,0,0,S,S,V
2019-10-04 09:08:55,16.9,2351,0.00,31.1,88.0,----,----,00.000000 N,000.000000 W,0,0,S,S,V
2019-10-04 09:09:02,29.8,2614,0.04,31.1,88.0,----,----,00.000000 N,000.000000 W,0,0,S,S,V
2019-10-04 09:09:06,25.3,2523,0.01,31.1,88.0,----,----,00.000000 N,000.000000 W,0,0,S,S,V
2019-10-04 09:09:13,19.4,2402,0.00,31.1,88.0,----,----,00.000000 N,000.000000 W,0,0,S,S,V
2019-10-04 09:09:18,31.4,2646,0.03,31.0,87.9,----,----,00.000000 N,000.000000 W,0,0,S,S,V
2019-10-04 09:09:23,16.1,2335,0.00,31.0,87.9,----,----,00.000000 N,000.000000 W,0,0,S,S,V
2019-10-04 09:09:28,19.8,2410,0.00,31.0,87.9,----,----,00.000000 N,000.000000 W,0,0,S,S,V
2019-10-04 09:09:33,22.7,2469,0.02,31.0,87.8,----,----,00.000000 N,000.000000 W,0,0,S,S,V
2019-10-04 09:09:45,21.2,2439,0.00,31.0,87.8,----,----,00.000000 N,000.000000 W,0,0,S,S,V
2019-10-04 09:09:51,18.9,2392,0.00,31.0,87.8,----,----,00.000000 N,000.000000 W,0,0,S,S,V
2019-10-04 09:09:57,08.6,2183,0.00,31.0,87.8,----,----,00.000000 N,000.000000 W,0,0,S,S,V
2019-10-04 09:10:00,15.4,2321,0.00,31.0,87.8,----,----,00.000000 N,000.000000 W,0,0,S,S,V
2019-10-04 09:10:06,16.8,2349,0.00,31.0,87.8,----,----,00.000000 N,000.000000 W,0,0,S,S,V
2019-10-04 09:12:20,25.1,2519,0.00,31.7,89.0,----,----,00.000000 N,000.000000 W,0,0,S,S,V
2019-10-04 09:12:26,21.2,2439,0.00,31.7,89.1,----,----,00.000000 N,000.000000 W,0,0,S,S,V
2019-10-04 09:12:30,14.5,2302,0.00,31.7,89.1,----,----,00.000000 N,000.000000 W,0,0,S,S,V
2019-10-04 09:12:35,14.1,2294,0.00,31.7,89.1,----,----,00.000000 N,000.000000 W,0,0,S,S,V
2019-10-04 09:12:39,27.6,2569,0.02,31.7,89.1,----,----,00.000000 N,000.000000 W,0,0,S,S,V
2019-10-04 09:12:44,24.4,2504,0.00,31.7,89.1,----,----,00.000000 N,000.000000 W,0,0,S,S,V
2019-10-04 09:12:51,24.5,2506,0.03,31.7,89.1,----,----,00.000000 N,000.000000 W,0,0,S,S,V
2019-10-04 09:12:59,25.4,2524,0.00,31.7,89.1,----,----,00.000000 N,000.000000 W,0,0,S,S,V
2019-10-04 09:13:16,16.1,2334,0.00,31.7,89.1,----,----,00.000000 N,000.000000 W,0,0,S,S,V
2019-10-04 09:13:22,17.6,2365,0.00,31.7,89.1,----,----,00.000000 N,000.000000 W,0,0,S,S,V
2019-10-04 09:13:27,17.5,2364,0.00,31.7,89.1,----,----,00.000000 N,000.000000 W,0,0,S,S,V
2019-10-04 09:13:31,15.1,2315,0.00,31.7,89.1,----,----,00.000000 N,000.000000 W,0,0,S,S,V
2019-10-04 09:13:35,17.3,2359,0.00,31.6,89.0,----,----,00.000000 N,000.000000 W,0,0,S,S,V
2019-10-04 09:13:40,15.0,2312,0.00,31.6,88.9,----,----,00.000000 N,000.000000 W,0,0,S,S,V
2019-10-04 09:13:44,13.1,2274,0.00,31.6,88.9,----,----,00.000000 N,000.000000 W,0,0,S,S,V
2019-10-04 09:13:54,13.2,2275,0.00,31.5,88.8,----,----,00.000000 N,000.000000 W,0,0,S,S,V
2019-10-04 09:14:59,10.6,2222,0.00,31.6,88.9,----,----,00.000000 N,000.000000 W,0,0,S,S,V
2019-10-04 09:15:02,09.9,2208,0.00,31.6,88.9,----,----,00.000000 N,000.000000 W,0,0,S,S,V
2019-10-04 09:15:05,12.9,2270,0.00,31.6,88.9,----,----,00.000000 N,000.000000 W,0,0,S,S,V
2019-10-04 09:15:52,10.4,2219,0.00,31.9,89.4,----,----,00.000000 N,000.000000 W,0,0,S,S,V
2019-10-04 09:15:57,09.8,2207,0.00,31.9,89.5,----,----,00.000000 N,000.000000 W,0,0,S,S,V
2019-10-04 09:16:02,09.5,2201,0.00,31.9,89.5,----,----,00.000000 N,000.000000 W,0,0,S,S,V
2019-10-04 09:16:07,11.0,2231,0.00,31.9,89.4,----,----,00.000000 N,000.000000 W,0,0,S,S,V
2019-10-04 09:16:13,08.8,2187,0.00,31.9,89.5,----,----,00.000000 N,000.000000 W,0,0,S,S,V
2019-10-04 09:16:17,10.3,2216,0.00,31.8,89.4,----,----,00.000000 N,000.000000 W,0,0,S,S,V
2019-10-04 09:16:23,08.8,2187,0.00,31.8,89.4,----,----,00.000000 N,000.000000 W,0,0,S,S,V
2019-10-04 09:16:27,06.2,2133,0.00,31.8,89.3,----,----,00.000000 N,000.000000 W,0,0,S,S,V
2019-10-04 09:16:32,09.3,2196,0.00,31.8,89.3,----,----,00.000000 N,000.000000 W,0,0,S,S,V
2019-10-04 09:16:38,04.4,2097,0.00,31.8,89.3,----,----,00.000000 N,000.000000 W,0,0,S,S,V
2019-10-04 09:16:46,08.6,2182,0.00,31.8,89.3,----,----,00.000000 N,000.000000 W,0,0,S,S,V
2019-10-04 09:16:50,08.2,2175,0.00,31.8,89.3,----,----,00.000000 N,000.000000 W,0,0,S,S,V
2019-10-04 09:16:58,04.0,2089,0.00,31.8,89.3,----,----,00.000000 N,000.000000 W,0,0,S,S,V
2019-10-04 09:17:01,06.0,2130,0.00,31.8,89.3,----,----,00.000000 N,000.000000 W,0,0,S,S,V
2019-10-04 09:18:00,20.4,2423,0.00,32.0,89.7,----,----,00.000000 N,000.000000 W,0,0,S,S,V
2019-10-04 09:18:06,15.6,2324,0.00,32.1,89.8,----,----,00.000000 N,000.000000 W,0,0,S,S,V
2019-10-04 09:18:15,14.6,2305,0.00,32.0,89.7,----,----,00.000000 N,000.000000 W,0,0,S,S,V
2019-10-04 09:18:20,15.4,2321,0.00,32.0,89.7,----,----,00.000000 N,000.000000 W,0,0,S,S,V
2019-10-04 09:18:26,11.1,2234,0.00,32.0,89.7,----,----,00.000000 N,000.000000 W,0,0,S,S,V
2019-10-04 09:18:34,08.0,2169,0.00,32.0,89.7,----,----,00.000000 N,000.000000 W,0,0,S,S,V
2019-10-04 09:18:41,16.6,2346,0.00,32.0,89.7,----,----,00.000000 N,000.000000 W,0,0,S,S,V
2019-10-04 09:18:45,10.2,2214,0.00,32.0,89.7,----,----,00.000000 N,000.000000 W,0,0,S,S,V
2019-10-04 09:18:52,13.9,2291,0.00,32.0,89.7,----,----,00.000000 N,000.000000 W,0,0,S,S,V
2019-10-04 09:18:58,12.3,2257,0.00,32.0,89.7,----,----,00.000000 N,000.000000 W,0,0,S,S,V
2019-10-04 09:19:02,08.9,2188,0.00,32.0,89.6,----,----,00.000000 N,000.000000 W,0,0,S,S,V
2019-10-04 09:20:25,23.6,2487,0.00,32.1,89.8,----,----,33.936732 S,151.223495 E,6,1,S,S,V
2019-10-04 09:20:31,09.7,2205,0.00,32.1,89.9,----,----,33.936717 S,151.223523 E,6,1,S,S,V
2019-10-04 09:20:36,05.6,2121,0.00,32.1,89.9,----,----,33.936715 S,151.223625 E,5,1,S,S,V
2019-10-04 09:20:39,07.7,2163,0.00,32.2,89.9,----,----,33.936723 S,151.223652 E,5,1,S,S,V
2019-10-04 09:20:44,07.7,2164,0.00,32.2,89.9,----,----,33.936755 S,151.223670 E,6,1,S,S,V
2019-10-04 09:20:49,05.2,2112,0.00,32.2,90.0,----,----,33.936758 S,151.223760 E,6,1,S,S,V
2019-10-04 09:20:56,06.4,2137,0.00,32.2,90.0,----,----,33.936765 S,151.223782 E,5,1,S,S,V
2019-10-04 09:22:23,10.3,2217,0.00,32.8,91.0,----,----,33.938913 S,151.223715 E,8,1,S,S,V
2019-10-04 09:22:29,09.0,2191,0.00,32.8,91.0,----,----,33.938897 S,151.223670 E,8,1,S,S,V
2019-10-04 09:22:37,06.6,2141,0.00,32.8,91.1,----,----,33.938875 S,151.223552 E,8,1,S,S,V
2019-10-04 09:22:40,07.3,2156,0.00,32.8,91.1,----,----,33.938858 S,151.223520 E,7,1,S,S,V
2019-10-04 09:22:44,07.6,2162,0.00,32.8,91.1,----,----,33.938857 S,151.223503 E,8,1,S,S,V
2019-10-04 09:22:52,07.5,2160,0.00,32.8,91.1,----,----,33.938908 S,151.223420 E,8,1,S,S,V
2019-10-04 09:22:57,06.4,2137,0.00,32.8,91.1,----,----,33.938933 S,151.223440 E,8,1,S,S,V
2019-10-04 09:23:06,05.4,2117,0.00,32.8,91.1,----,----,33.939003 S,151.223388 E,8,1,S,S,V
2019-10-04 09:23:11,07.6,2162,0.00,32.8,91.1,----,----,33.938990 S,151.223403 E,8,1,S,S,V
2019-10-04 09:23:17,09.2,2195,0.00,32.9,91.2,----,----,33.938988 S,151.223483 E,8,1,S,S,V
2019-10-04 09:23:23,09.3,2197,0.00,32.9,91.3,----,----,33.938987 S,151.223530 E,8,1,S,S,V
2019-10-04 09:23:29,12.1,2254,0.00,32.9,91.3,----,----,33.938963 S,151.223570 E,8,1,S,S,V
2019-10-04 09:23:33,06.6,2141,0.00,32.9,91.3,----,----,33.938943 S,151.223587 E,7,1,S,S,V
2019-10-04 09:23:37,07.5,2160,0.00,32.9,91.3,----,----,33.938938 S,151.223595 E,7,1,S,S,V
2019-10-04 11:04:34,28.0,2578,0.11,34.8,94.7,----,----,00.000000 N,000.000000 W,0,0,S,S,V
2019-10-04 11:04:40,12.9,2270,0.00,34.9,94.8,----,----,00.000000 N,000.000000 W,0,0,S,S,V
2019-10-04 11:04:43,18.0,2373,0.04,34.9,94.9,----,----,00.000000 N,000.000000 W,0,0,S,S,V
2019-10-04 11:04:46,12.0,2251,0.00,34.9,94.9,----,----,00.000000 N,000.000000 W,0,0,S,S,V
2019-10-04 11:04:51,14.1,2294,0.00,34.9,94.9,----,----,00.000000 N,000.000000 W,0,0,S,S,V
2019-10-04 11:05:07,14.9,2310,0.00,34.9,94.9,----,----,00.000000 N,000.000000 W,0,0,S,S,V
2019-10-04 11:05:20,11.0,2230,0.00,34.9,94.9,----,----,33.940482 S,151.222805 E,4,1,S,S,V
2019-10-04 11:05:24,10.0,2211,0.00,34.9,94.9,----,----,33.940502 S,151.222798 E,5,1,S,S,V
2019-10-04 11:06:18,09.0,2190,0.00,34.7,94.6,----,----,33.940672 S,151.222822 E,8,1,S,S,V
2019-10-04 11:06:23,11.5,2242,0.00,34.7,94.6,----,----,33.940703 S,151.222800 E,10,1,S,S,V
2019-10-04 11:06:29,14.3,2299,0.06,34.7,94.6,----,----,33.940713 S,151.222767 E,10,1,S,S,V
2019-10-04 11:06:34,17.1,2355,0.00,34.7,94.5,----,----,33.940707 S,151.222735 E,10,1,S,S,V
2019-10-04 11:06:38,11.0,2231,0.00,34.7,94.5,----,----,33.940683 S,151.222720 E,10,1,S,S,V
2019-10-04 11:06:43,15.6,2325,0.00,34.7,94.5,----,----,33.940662 S,151.222658 E,10,1,S,S,V
2019-10-04 11:06:49,14.4,2301,0.00,34.7,94.5,----,----,33.940657 S,151.222618 E,10,1,S,S,V
2019-10-04 11:06:55,16.4,2342,0.00,34.7,94.5,----,----,33.940665 S,151.222570 E,9,1,S,S,V
2019-10-04 11:07:00,15.2,2316,0.00,34.7,94.5,----,----,33.940682 S,151.222527 E,10,1,S,S,V
2019-10-04 11:07:07,22.2,2460,0.00,34.7,94.5,----,----,33.940708 S,151.222507 E,8,1,S,S,V
2019-10-04 11:07:14,15.4,2321,0.00,34.7,94.5,----,----,33.940735 S,151.222500 E,9,1,S,S,V
2019-10-04 11:07:19,20.4,2422,0.00,34.7,94.4,----,----,33.940782 S,151.222495 E,9,1,S,S,V
2019-10-04 11:07:24,15.9,2330,0.00,34.7,94.4,----,----,33.940808 S,151.222538 E,10,1,S,S,V
2019-10-04 11:07:27,16.8,2350,0.00,34.6,94.4,----,----,33.940828 S,151.222565 E,10,1,S,S,V
2019-10-04 11:07:32,20.2,2418,0.00,34.6,94.3,----,----,33.940837 S,151.222630 E,9,1,S,S,V
2019-10-04 11:07:36,27.8,2573,0.13,34.6,94.3,----,----,33.940818 S,151.222658 E,10,1,S,S,V
2019-10-04 11:07:39,21.9,2453,0.05,34.6,94.3,----,----,33.940800 S,151.222667 E,10,1,S,S,V
2019-10-04 11:26:39,13.7,2285,0.00,41.8,107.3,----,----,00.000000 N,000.000000 W,0,0,S,S,V
2019-10-04 11:26:42,08.6,2183,0.00,41.8,107.3,----,----,00.000000 N,000.000000 W,0,0,S,S,V
2019-10-04 11:26:46,18.5,2384,0.01,41.8,107.2,----,----,00.000000 N,000.000000 W,0,0,S,S,V
2019-10-04 11:26:49,13.9,2291,0.00,41.8,107.2,----,----,00.000000 N,000.000000 W,0,0,S,S,V
2019-10-04 11:26:53,09.9,2208,0.00,41.7,107.1,----,----,00.000000 N,000.000000 W,0,0,S,S,V
2019-10-04 11:26:55,14.7,2307,0.00,41.6,107.0,----,----,00.000000 N,000.000000 W,0,0,S,S,V
2019-10-04 11:26:58,10.7,2225,0.00,41.6,106.9,----,----,00.000000 N,000.000000 W,0,0,S,S,V
2019-10-04 11:27:02,05.5,2118,0.00,41.6,106.9,----,----,00.000000 N,000.000000 W,0,0,S,S,V
2019-10-04 11:27:06,13.2,2275,0.00,41.6,106.8,----,----,00.000000 N,000.000000 W,0,0,S,S,V
2019-10-04 11:27:10,16.4,2342,0.00,41.5,106.7,----,----,00.000000 N,000.000000 W,0,0,S,S,V
2019-10-04 11:27:14,15.7,2326,0.00,41.4,106.6,----,----,00.000000 N,000.000000 W,0,0,S,S,V
2019-10-04 11:27:19,11.4,2240,0.00,41.4,106.6,----,----,00.000000 N,000.000000 W,0,0,S,S,V
2019-10-04 11:27:24,11.3,2238,0.00,41.4,106.5,----,----,00.000000 N,000.000000 W,0,0,S,S,V
2019-10-04 11:27:29,10.7,2225,0.00,41.3,106.4,----,----,00.000000 N,000.000000 W,0,0,S,S,V
2019-10-04 11:27:34,14.6,2305,0.00,41.3,106.4,----,----,00.000000 N,000.000000 W,0,0,S,S,V
2019-10-04 11:27:37,08.6,2182,0.00,41.2,106.2,----,----,00.000000 N,000.000000 W,0,0,S,S,V
2019-10-04 11:27:40,11.1,2234,0.00,41.2,106.2,----,----,33.943307 S,151.221093 E,4,1,S,S,V
2019-10-04 11:27:43,19.3,2400,0.00,41.1,106.1,----,----,33.943343 S,151.221137 E,4,1,S,S,V
2019-10-04 11:27:48,14.7,2307,0.00,41.1,106.1,----,----,33.943363 S,151.221173 E,4,1,S,S,V
2019-10-04 11:40:46,12.3,2258,0.00,40.6,105.1,----,----,00.000000 N,000.000000 W,0,0,S,S,V
2019-10-04 11:40:50,16.6,2345,0.00,40.6,105.1,----,----,00.000000 N,000.000000 W,0,0,S,S,V
2019-10-04 11:40:53,18.5,2383,0.00,40.5,105.0,----,----,00.000000 N,000.000000 W,0,0,S,S,V
2019-10-04 11:40:56,11.6,2243,0.00,40.5,105.0,----,----,00.000000 N,000.000000 W,0,0,S,S,V
2019-10-04 11:40:59,13.1,2274,0.00,40.5,104.9,----,----,00.000000 N,000.000000 W,0,0,S,S,V
2019-10-04 11:41:02,25.6,2529,0.07,40.5,104.9,----,----,00.000000 N,000.000000 W,0,0,S,S,V
2019-10-04 11:41:06,15.6,2325,0.00,40.4,104.8,----,----,00.000000 N,000.000000 W,0,0,S,S,V
2019-10-04 11:41:10,19.2,2398,0.00,40.4,104.8,----,----,00.000000 N,000.000000 W,0,0,S,S,V
2019-10-04 11:41:13,16.6,2346,0.00,40.4,104.7,----,----,00.000000 N,000.000000 W,0,0,S,S,V
2019-10-04 11:41:17,11.5,2241,0.00,40.4,104.7,----,----,00.000000 N,000.000000 W,0,0,S,S,V
2019-10-04 11:41:21,10.9,2229,0.00,40.3,104.6,----,----,00.000000 N,000.000000 W,0,0,S,S,V
2019-10-04 11:41:24,10.7,2225,0.00,40.3,104.6,----,----,00.000000 N,000.000000 W,0,0,S,S,V
2019-10-04 11:41:27,06.4,2137,0.00,40.3,104.6,----,----,00.000000 N,000.000000 W,0,0,S,S,V
2019-10-04 11:41:31,11.2,2236,0.00,40.3,104.5,----,----,00.000000 N,000.000000 W,0,0,S,S,V
2019-10-04 11:41:35,08.4,2178,0.00,40.3,104.5,----,----,00.000000 N,000.000000 W,0,0,S,S,V
2019-10-04 11:41:38,11.9,2249,0.00,40.2,104.4,----,----,00.000000 N,000.000000 W,0,0,S,S,V
2019-10-04 11:41:42,13.1,2274,0.00,40.2,104.4,----,----,00.000000 N,000.000000 W,0,0,S,S,V
2019-10-04 11:41:45,10.0,2210,0.00,40.2,104.4,----,----,00.000000 N,000.000000 W,0,0,S,S,V
2019-10-04 11:41:49,10.4,2219,0.00,40.1,104.3,----,----,00.000000 N,000.000000 W,0,0,S,S,V
2019-10-04 11:41:53,12.8,2267,0.00,40.1,104.2,----,----,00.000000 N,000.000000 W,0,0,S,S,V
2019-10-04 11:41:56,21.1,2436,0.00,40.1,104.2,----,----,00.000000 N,000.000000 W,0,0,S,S,V
2019-10-04 11:42:00,11.1,2234,0.00,40.1,104.2,----,----,00.000000 N,000.000000 W,0,0,S,S,V
2019-10-04 12:03:05,26.8,2553,0.08,36.7,98.1,----,----,00.000000 N,000.000000 W,0,0,S,S,V
2019-10-04 12:03:08,26.8,2553,0.07,36.7,98.1,----,----,00.000000 N,000.000000 W,0,0,S,S,V
2019-10-04 12:03:12,18.9,2391,0.00,36.7,98.1,----,----,00.000000 N,000.000000 W,0,0,S,S,V
2019-10-04 12:03:15,22.9,2473,0.00,36.7,98.1,----,----,00.000000 N,000.000000 W,0,0,S,S,V
2019-10-04 12:03:17,20.8,2431,0.02,36.7,98.1,----,----,00.000000 N,000.000000 W,0,0,S,S,V
2019-10-04 12:03:21,21.6,2446,0.03,36.7,98.1,----,----,00.000000 N,000.000000 W,0,0,S,S,V
2019-10-04 12:03:23,16.2,2336,0.00,36.7,98.1,----,----,00.000000 N,000.000000 W,0,0,S,S,V
2019-10-04 12:03:26,12.4,2260,0.00,36.7,98.1,----,----,00.000000 N,000.000000 W,0,0,S,S,V
2019-10-04 12:03:29,15.3,2318,0.00,36.7,98.1,----,----,00.000000 N,000.000000 W,0,0,S,S,V
2019-10-04 12:03:32,17.9,2371,0.00,36.6,98.0,----,----,00.000000 N,000.000000 W,0,0,S,S,V
2019-10-04 12:03:35,16.4,2341,0.00,36.6,98.0,----,----,00.000000 N,000.000000 W,0,0,S,S,V
2019-10-04 12:03:37,15.3,2318,0.00,36.6,98.0,----,----,00.000000 N,000.000000 W,0,0,S,S,V
2019-10-04 12:03:40,10.5,2221,0.00,36.6,97.9,----,----,00.000000 N,000.000000 W,0,0,S,S,V
2019-10-04 12:03:43,13.1,2274,0.00,36.6,97.9,----,----,00.000000 N,000.000000 W,0,0,S,S,V
2019-10-04 12:03:46,15.4,2320,0.00,36.6,97.9,----,----,00.000000 N,000.000000 W,0,0,S,S,V
2019-10-04 12:03:49,13.9,2291,0.00,36.6,97.9,----,----,00.000000 N,000.000000 W,0,0,S,S,V
2019-10-04 12:03:51,14.4,2301,0.00,36.6,97.9,----,----,00.000000 N,000.000000 W,0,0,S,S,V
2019-10-04 12:03:54,20.5,2425,0.00,36.5,97.8,----,----,00.000000 N,000.000000 W,0,0,S,S,V
2019-10-04 12:03:57,10.3,2217,0.00,36.5,97.8,----,----,00.000000 N,000.000000 W,0,0,S,S,V
2019-10-04 12:03:58,00.0,1989,0.00,36.5,97.8,----,----,00.000000 N,000.000000 W,0,0,S,S,V
2019-10-04 12:04:00,05.9,2128,0.00,36.5,97.8,----,----,00.000000 N,000.000000 W,0,0,S,S,V
2019-10-04 12:04:03,09.6,2203,0.00,36.5,97.8,----,----,00.000000 N,000.000000 W,0,0,S,S,V
2019-10-04 12:04:09,24.0,2496,0.00,36.5,97.8,----,----,00.000000 N,000.000000 W,0,0,S,S,V
2019-10-04 12:25:21,22.4,2464,0.08,35.8,96.5,----,----,00.000000 N,000.000000 W,0,0,S,S,V
2019-10-04 12:25:24,25.4,2525,0.13,35.8,96.5,----,----,00.000000 N,000.000000 W,0,0,S,S,V
2019-10-04 12:25:27,23.1,2478,0.12,35.8,96.6,----,----,00.000000 N,000.000000 W,0,0,S,S,V
2019-10-04 12:25:29,22.7,2469,0.12,35.8,96.5,----,----,00.000000 N,000.000000 W,0,0,S,S,V
2019-10-04 12:25:32,22.0,2455,0.13,35.8,96.5,----,----,00.000000 N,000.000000 W,0,0,S,S,V
2019-10-04 12:25:34,20.6,2426,0.06,35.9,96.6,----,----,00.000000 N,000.000000 W,0,0,S,S,V
2019-10-04 12:25:36,25.4,2525,0.07,35.9,96.6,----,----,00.000000 N,000.000000 W,0,0,S,S,V
2019-10-04 12:25:39,26.4,2545,0.24,35.9,96.6,----,----,00.000000 N,000.000000 W,0,0,S,S,V
2019-10-04 12:25:41,32.7,2674,0.15,35.9,96.6,----,----,00.000000 N,000.000000 W,0,0,S,S,V
2019-10-04 12:25:44,22.5,2465,0.13,35.9,96.6,----,----,00.000000 N,000.000000 W,0,0,S,S,V
2019-10-04 12:25:46,26.7,2550,0.13,35.9,96.7,----,----,00.000000 N,000.000000 W,0,0,S,S,V
2019-10-04 12:25:48,27.1,2569,0.26,35.9,96.7,----,----,00.000000 N,000.000000 W,0,0,S,S,V
2019-10-04 12:25:51,22.4,2464,0.11,35.9,96.7,----,----,00.000000 N,000.000000 W,0,0,S,S,V
2019-10-04 12:25:53,20.6,2426,0.06,35.9,96.7,----,----,00.000000 N,000.000000 W,0,0,S,S,V
2019-10-04 12:25:55,17.6,2365,0.04,35.9,96.7,----,----,00.000000 N,000.000000 W,0,0,S,S,V
2019-10-04 12:25:58,25.8,2533,0.06,36.0,96.8,----,----,00.000000 N,000.000000 W,0,0,S,S,V
2019-10-04 12:26:01,21.2,2438,0.03,36.0,96.8,----,----,00.000000 N,000.000000 W,0,0,S,S,V
2019-10-04 12:26:04,23.2,2479,0.04,36.0,96.8,----,----,00.000000 N,000.000000 W,0,0,S,S,V
2019-10-04 12:26:06,23.0,2476,0.11,36.0,96.9,----,----,00.000000 N,000.000000 W,0,0,S,S,V
2019-10-04 12:26:09,20.1,2417,0.09,36.0,96.9,----,----,00.000000 N,000.000000 W,0,0,S,S,V
2019-10-04 12:26:11,22.4,2463,0.17,36.1,97.0,----,----,00.000000 N,000.000000 W,0,0,S,S,V
2019-10-04 12:26:14,21.2,2439,0.18,36.1,97.0,----,----,00.000000 N,000.000000 W,0,0,S,S,V
2019-10-04 12:26:16,24.5,2506,0.15,36.1,97.0,----,----,00.000000 N,000.000000 W,0,0,S,S,V
2019-10-04 12:26:18,18.5,2383,0.00,36.1,97.0,----,----,00.000000 N,000.000000 W,0,0,S,S,V
2019-10-04 12:26:21,25.5,2527,0.16,36.1,97.1,----,----,00.000000 N,000.000000 W,0,0,S,S,V
2019-10-04 12:26:23,19.8,2411,0.03,36.1,97.1,----,----,00.000000 N,000.000000 W,0,0,S,S,V
2019-10-04 12:26:25,21.7,2449,0.07,36.1,97.1,----,----,00.000000 N,000.000000 W,0,0,S,S,V
2019-10-04 12:26:28,18.4,2381,0.05,36.2,97.1,----,----,00.000000 N,000.000000 W,0,0,S,S,V
2019-10-04 12:26:30,19.5,2405,0.16,36.2,97.1,----,----,00.000000 N,000.000000 W,0,0,S,S,V
2019-10-04 12:26:33,20.9,2433,0.18,36.2,97.2,----,----,00.000000 N,000.000000 W,0,0,S,S,V
2019-10-04 12:26:35,25.0,2517,0.18,36.2,97.2,----,----,00.000000 N,000.000000 W,0,0,S,S,V
2019-10-04 12:26:38,22.7,2469,0.00,36.2,97.3,----,----,00.000000 N,000.000000 W,0,0,S,S,V
2019-10-04 12:26:40,28.1,2580,0.14,36.3,97.3,----,----,00.000000 N,000.000000 W,0,0,S,S,V
2019-10-04 12:26:42,22.2,2459,0.07,36.3,97.3,----,----,00.000000 N,000.000000 W,0,0,S,S,V
2019-10-04 12:26:45,22.4,2464,0.07,36.3,97.4,----,----,00.000000 N,000.000000 W,0,0,S,S,V
2019-10-04 12:26:47,19.6,2406,0.00,36.3,97.4,----,----,00.000000 N,000.000000 W,0,0,S,S,V
2019-10-04 12:26:49,21.5,2445,0.04,36.3,97.4,----,----,00.000000 N,000.000000 W,0,0,S,S,V
2019-10-04 12:26:51,17.2,2357,0.00,36.3,97.4,----,----,00.000000 N,000.000000 W,0,0,S,S,V
2019-10-04 12:26:54,22.8,2472,0.07,36.3,97.5,----,----,00.000000 N,000.000000 W,0,0,S,S,V
2019-10-04 12:26:56,23.8,2491,0.05,36.4,97.5,----,----,00.000000 N,000.000000 W,0,0,S,S,V
2019-10-04 12:26:59,22.0,2455,0.12,36.4,97.5,----,----,00.000000 N,000.000000 W,0,0,S,S,V
2019-10-04 12:27:01,24.6,2509,0.07,36.4,97.5,----,----,00.000000 N,000.000000 W,0,0,S,S,V
2019-10-04 12:27:03,21.6,2446,0.00,36.4,97.6,----,----,00.000000 N,000.000000 W,0,0,S,S,V
2019-10-04 12:27:06,29.1,2600,0.00,36.4,97.6,----,----,00.000000 N,000.000000 W,0,0,S,S,V
2019-10-04 12:27:06,00.0,1989,0.00,36.4,97.6,----,----,00.000000 N,000.000000 W,0,0,S,S,V
2019-10-04 12:49:59,18.0,2373,0.00,31.5,88.8,----,----,00.000000 N,000.000000 W,0,0,S,S,V
2019-10-04 12:50:03,19.8,2410,0.00,31.5,88.7,----,----,00.000000 N,000.000000 W,0,0,S,S,V
2019-10-04 12:50:08,17.8,2370,0.00,31.4,88.6,----,----,00.000000 N,000.000000 W,0,0,S,S,V
2019-10-04 12:50:15,06.9,2148,0.00,31.4,88.6,----,----,00.000000 N,000.000000 W,0,0,S,S,V
2019-10-04 12:50:17,14.5,2303,0.00,31.4,88.6,----,----,00.000000 N,000.000000 W,0,0,S,S,V
2019-10-04 12:50:24,22.2,2460,0.00,31.3,88.4,----,----,00.000000 N,000.000000 W,0,0,S,S,V
2019-10-04 12:50:31,16.2,2336,0.00,31.3,88.3,----,----,00.000000 N,000.000000 W,0,0,S,S,V
2019-10-04 12:50:34,20.0,2415,0.00,31.3,88.3,----,----,00.000000 N,000.000000 W,0,0,S,S,V
2019-10-04 12:50:43,09.5,2201,0.00,31.1,88.1,----,----,00.000000 N,000.000000 W,0,0,S,S,V
2019-10-06 03:34:37,36.6,2752,0.10,17.8,64.0,----,----,00.000000 N,000.000000 W,0,0,S,S,V
2019-10-06 03:34:42,28.1,2580,0.01,17.8,64.0,----,----,00.000000 N,000.000000 W,0,0,S,S,V
2019-10-06 03:34:46,30.4,2626,0.08,17.7,64.0,----,----,00.000000 N,000.000000 W,0,0,S,S,V
2019-10-06 03:34:49,30.3,2625,0.07,17.7,63.9,----,----,00.000000 N,000.000000 W,0,0,S,S,V
2019-10-06 03:34:53,34.6,2712,0.08,17.7,63.9,----,----,00.000000 N,000.000000 W,0,0,S,S,V
2019-10-06 03:34:56,27.1,2558,0.05,17.7,63.9,----,----,00.000000 N,000.000000 W,0,0,S,S,V
2019-10-06 03:35:02,26.0,2536,0.02,17.7,63.8,----,----,00.000000 N,000.000000 W,0,0,S,S,V
2019-10-06 03:35:16,22.2,2459,0.03,17.6,63.7,----,----,00.000000 N,000.000000 W,0,0,S,S,V
2019-10-06 03:35:20,17.9,2371,0.00,17.6,63.7,----,----,00.000000 N,000.000000 W,0,0,S,S,V
2019-10-06 03:35:23,19.9,2413,0.03,17.5,63.6,----,----,00.000000 N,000.000000 W,0,0,S,S,V
2019-10-06 03:35:27,23.8,2492,0.02,17.5,63.6,----,----,00.000000 N,000.000000 W,0,0,S,S,V
2019-10-06 03:35:36,24.5,2506,0.00,17.5,63.5,----,----,00.000000 N,000.000000 W,0,0,S,S,V
2019-10-06 03:35:40,31.3,2645,0.02,17.5,63.5,----,----,00.000000 N,000.000000 W,0,0,S,S,V
2019-10-06 03:35:45,22.1,2458,0.03,17.4,63.4,----,----,00.000000 N,000.000000 W,0,0,S,S,V
2019-10-06 03:35:49,18.5,2384,0.00,17.4,63.4,----,----,00.000000 N,000.000000 W,0,0,S,S,V
2019-10-06 03:35:53,25.1,2519,0.03,17.4,63.4,----,----,00.000000 N,000.000000 W,0,0,S,S,V
2019-10-06 03:35:57,21.7,2448,0.01,17.4,63.3,----,----,00.000000 N,000.000000 W,0,0,S,S,V
2019-10-06 03:36:02,21.5,2444,0.04,17.3,63.2,----,----,00.000000 N,000.000000 W,0,0,S,S,V
2019-10-06 03:36:09,17.8,2370,0.00,17.3,63.2,----,----,00.000000 N,000.000000 W,0,0,S,S,V
2019-10-06 03:36:31,25.9,2534,0.02,17.2,63.0,----,----,00.000000 N,000.000000 W,0,0,S,S,V
2019-10-06 03:36:35,21.4,2443,0.03,17.2,62.9,----,----,00.000000 N,000.000000 W,0,0,S,S,V
2019-10-06 03:36:38,25.7,2530,0.06,17.2,62.9,----,----,00.000000 N,000.000000 W,0,0,S,S,V
2019-10-06 03:36:43,28.3,2583,0.06,17.1,62.9,----,----,00.000000 N,000.000000 W,0,0,S,S,V
2019-10-06 03:36:47,23.8,2491,0.05,17.1,62.9,----,----,00.000000 N,000.000000 W,0,0,S,S,V
2019-10-06 03:36:51,23.7,2489,0.02,17.1,62.8,----,----,00.000000 N,000.000000 W,0,0,S,S,V
2019-10-06 03:36:55,26.0,2536,0.06,17.1,62.8,----,----,00.000000 N,000.000000 W,0,0,S,S,V
2019-10-06 03:36:59,25.8,2533,0.04,17.1,62.8,----,----,00.000000 N,000.000000 W,0,0,S,S,V
2019-10-06 03:37:04,23.9,2493,0.03,17.0,62.7,----,----,00.000000 N,000.000000 W,0,0,S,S,V
2019-10-06 03:37:07,29.9,2616,0.10,17.0,62.7,----,----,00.000000 N,000.000000 W,0,0,S,S,V
2019-10-06 03:37:11,29.5,2607,0.09,17.0,62.6,----,----,00.000000 N,000.000000 W,0,0,S,S,V
2019-10-06 03:37:15,23.9,2493,0.07,17.0,62.6,----,----,00.000000 N,000.000000 W,0,0,S,S,V
2019-10-06 03:37:19,26.3,2543,0.06,17.0,62.6,----,----,00.000000 N,000.000000 W,0,0,S,S,V
2019-10-06 03:37:23,24.4,2504,0.01,17.0,62.6,----,----,00.000000 N,000.000000 W,0,0,S,S,V
2019-10-06 03:37:27,26.3,2542,0.08,16.9,62.5,----,----,00.000000 N,000.000000 W,0,0,S,S,V
2019-10-06 03:37:31,21.9,2453,0.03,16.9,62.5,----,----,00.000000 N,000.000000 W,0,0,S,S,V
2019-10-06 03:37:34,24.0,2495,0.01,16.9,62.4,----,----,00.000000 N,000.000000 W,0,0,S,S,V
2019-10-06 03:37:37,23.8,2491,0.03,16.9,62.4,----,----,00.000000 N,000.000000 W,0,0,S,S,V
2019-10-06 03:37:41,29.8,2613,0.13,16.9,62.4,----,----,00.000000 N,000.000000 W,0,0,S,S,V
2019-10-06 03:38:19,15.4,2320,0.00,16.7,62.1,----,----,33.933292 S,151.225032 E,6,1,S,S,V
2019-10-06 03:38:22,18.5,2384,0.00,16.7,62.1,----,----,33.933287 S,151.225047 E,6,1,S,S,V
2019-10-06 03:38:26,14.2,2296,0.00,16.7,62.1,----,----,33.933285 S,151.225078 E,6,1,S,S,V
2019-10-06 03:38:29,18.6,2385,0.00,16.7,62.1,----,----,33.933288 S,151.225088 E,6,1,S,S,V
2019-10-06 03:38:32,15.2,2316,0.00,16.7,62.0,----,----,33.933318 S,151.225157 E,6,1,S,S,V
2019-10-06 03:38:36,14.6,2304,0.00,16.6,62.0,----,----,33.933330 S,151.225207 E,6,1,S,S,V
2019-10-06 03:38:39,15.5,2322,0.00,16.6,62.0,----,----,33.933348 S,151.225220 E,6,1,S,S,V
2019-10-06 03:38:43,18.6,2385,0.00,16.6,62.0,----,----,33.933355 S,151.225208 E,6,1,S,S,V
2019-10-06 03:38:46,17.2,2357,0.00,16.6,62.0,----,----,33.933382 S,151.225143 E,6,1,S,S,V
2019-10-06 03:38:49,13.3,2277,0.00,16.6,61.9,----,----,33.933397 S,151.225100 E,6,1,S,S,V
2019-10-06 03:38:53,12.2,2256,0.00,16.6,61.9,----,----,33.933445 S,151.225085 E,6,1,S,S,V
2019-10-06 03:38:58,16.5,2343,0.00,16.6,61.9,----,----,33.933483 S,151.225127 E,6,1,S,S,V
2019-10-06 03:39:03,18.7,2388,0.00,16.6,61.8,----,----,33.933493 S,151.225195 E,6,1,S,S,V
2019-10-06 03:39:10,18.3,2379,0.00,16.5,61.8,----,----,33.933477 S,151.225177 E,7,1,S,S,V
2019-10-06 03:39:13,15.2,2317,0.00,16.5,61.8,----,----,33.933477 S,151.225198 E,7,1,S,S,V
2019-10-06 03:39:17,17.4,2362,0.00,16.5,61.8,----,----,33.933547 S,151.225220 E,6,1,S,S,V
2019-10-06 03:39:20,19.8,2411,0.00,16.5,61.7,----,----,33.933560 S,151.225207 E,8,1,S,S,V
2019-10-06 03:39:24,15.9,2330,0.00,16.5,61.7,----,----,33.933575 S,151.225140 E,8,1,S,S,V
2019-10-06 03:39:27,16.3,2339,0.00,16.5,61.7,----,----,33.933577 S,151.225108 E,8,1,S,S,V
2019-10-06 03:39:31,16.5,2343,0.00,16.5,61.7,----,----,33.933605 S,151.225087 E,8,1,S,S,V
2019-10-06 03:39:35,16.5,2343,0.00,16.4,61.6,----,----,33.933637 S,151.225095 E,8,1,S,S,V
2019-10-06 03:39:38,11.5,2241,0.00,16.5,61.7,----,----,33.933670 S,151.225132 E,8,1,S,S,V
2019-10-06 03:39:42,16.0,2332,0.00,16.4,61.6,----,----,33.933690 S,151.225123 E,8,1,S,S,V
2019-10-06 03:39:45,15.2,2316,0.00,16.4,61.6,----,----,33.933707 S,151.225098 E,8,1,S,S,V
2019-10-06 03:39:51,17.5,2364,0.00,16.4,61.6,----,----,33.933698 S,151.225070 E,8,1,S,S,V
2019-10-06 05:13:20,20.8,2430,0.00,14.9,58.9,----,----,00.000000 N,000.000000 W,0,0,S,S,V
2019-10-06 05:13:25,16.9,2351,0.00,14.9,58.9,----,----,00.000000 N,000.000000 W,0,0,S,S,V
2019-10-06 05:13:29,12.4,2260,0.00,14.9,58.9,----,----,00.000000 N,000.000000 W,0,0,S,S,V
2019-10-06 05:13:34,11.9,2249,0.00,14.9,58.9,----,----,00.000000 N,000.000000 W,0,0,S,S,V
2019-10-06 05:13:37,14.6,2305,0.00,14.9,58.9,----,----,00.000000 N,000.000000 W,0,0,S,S,V
2019-10-06 05:13:41,14.2,2297,0.00,14.9,58.9,----,----,00.000000 N,000.000000 W,0,0,S,S,V
2019-10-06 05:13:44,13.6,2283,0.00,14.9,58.8,----,----,00.000000 N,000.000000 W,0,0,S,S,V
2019-10-06 05:14:00,18.6,2386,0.00,14.9,58.8,----,----,00.000000 N,000.000000 W,0,0,S,S,V
2019-10-06 05:14:03,16.8,2350,0.00,14.9,58.8,----,----,00.000000 N,000.000000 W,0,0,S,S,V
2019-10-06 05:14:05,15.2,2317,0.00,14.8,58.8,----,----,00.000000 N,000.000000 W,0,0,S,S,V
2019-10-06 05:14:09,15.6,2325,0.00,14.8,58.8,----,----,00.000000 N,000.000000 W,0,0,S,S,V
2019-10-06 05:14:11,17.4,2362,0.00,14.8,58.8,----,----,00.000000 N,000.000000 W,0,0,S,S,V
2019-10-06 05:14:15,17.9,2371,0.00,14.8,58.8,----,----,00.000000 N,000.000000 W,0,0,S,S,V
2019-10-06 05:14:18,12.9,2270,0.00,14.8,58.8,----,----,00.000000 N,000.000000 W,0,0,S,S,V
2019-10-06 05:14:23,14.3,2298,0.00,14.8,58.7,----,----,00.000000 N,000.000000 W,0,0,S,S,V
2019-10-06 05:14:27,16.7,2348,0.00,14.8,58.7,----,----,00.000000 N,000.000000 W,0,0,S,S,V
2019-10-06 05:14:31,13.8,2289,0.00,14.8,58.7,----,----,00.000000 N,000.000000 W,0,0,S,S,V
2019-10-06 05:14:35,15.7,2326,0.00,14.8,58.7,----,----,00.000000 N,000.000000 W,0,0,S,S,V
2019-10-06 05:14:38,21.1,2436,0.00,14.8,58.7,----,----,00.000000 N,000.000000 W,0,0,S,S,V
2019-10-06 05:14:45,20.4,2422,0.00,14.8,58.6,----,----,00.000000 N,000.000000 W,0,0,S,S,V
2019-10-06 05:14:59,16.5,2343,0.00,14.8,58.6,----,----,00.000000 N,000.000000 W,0,0,S,S,V
2019-10-06 05:15:05,19.3,2400,0.00,14.8,58.6,----,----,33.936592 S,151.220075 E,5,1,S,S,V
2019-10-06 05:15:10,15.8,2329,0.00,14.8,58.6,----,----,33.936398 S,151.220285 E,6,1,S,S,V
2019-10-06 05:15:14,19.4,2402,0.03,14.8,58.6,----,----,33.936378 S,151.220238 E,6,1,S,S,V
2019-10-06 05:15:19,15.8,2328,0.00,14.8,58.6,----,----,33.936348 S,151.220263 E,6,1,S,S,V
2019-10-06 05:15:24,17.1,2356,0.00,14.7,58.6,----,----,33.936350 S,151.220258 E,6,1,S,S,V
2019-10-06 05:15:27,15.5,2322,0.00,14.7,58.5,----,----,33.936332 S,151.220240 E,6,1,S,S,V
2019-10-06 05:15:30,17.1,2355,0.00,14.7,58.6,----,----,33.936333 S,151.220202 E,6,1,S,S,V
2019-10-06 05:15:35,15.9,2330,0.00,14.7,58.5,----,----,33.936322 S,151.220197 E,6,1,S,S,V
2019-10-06 05:15:40,13.0,2271,0.00,14.7,58.5,----,----,33.936295 S,151.220197 E,6,1,S,S,V
2019-10-06 05:35:55,19.4,2402,0.00,14.5,58.2,----,----,00.000000 N,000.000000 W,0,0,S,S,V
2019-10-06 05:35:59,16.7,2348,0.00,14.5,58.2,----,----,00.000000 N,000.000000 W,0,0,S,S,V
2019-10-06 05:36:02,19.5,2405,0.00,14.5,58.2,----,----,00.000000 N,000.000000 W,0,0,S,S,V
2019-10-06 05:36:04,18.2,2377,0.00,14.5,58.2,----,----,00.000000 N,000.000000 W,0,0,S,S,V
2019-10-06 05:36:07,18.6,2386,0.00,14.5,58.2,----,----,00.000000 N,000.000000 W,0,0,S,S,V
2019-10-06 05:36:10,19.3,2400,0.00,14.5,58.2,----,----,00.000000 N,000.000000 W,0,0,S,S,V
2019-10-06 05:36:13,17.9,2372,0.00,14.5,58.2,----,----,00.000000 N,000.000000 W,0,0,S,S,V
2019-10-06 05:36:17,18.8,2389,0.00,14.5,58.2,----,----,00.000000 N,000.000000 W,0,0,S,S,V
2019-10-06 05:36:20,17.9,2372,0.00,14.5,58.2,----,----,00.000000 N,000.000000 W,0,0,S,S,V
2019-10-06 05:36:25,15.8,2328,0.00,14.5,58.2,----,----,00.000000 N,000.000000 W,0,0,S,S,V
2019-10-06 05:36:27,20.0,2415,0.02,14.5,58.2,----,----,00.000000 N,000.000000 W,0,0,S,S,V
2019-10-06 05:36:31,20.1,2417,0.00,14.5,58.2,----,----,00.000000 N,000.000000 W,0,0,S,S,V
2019-10-06 05:36:34,21.2,2439,0.00,14.5,58.2,----,----,00.000000 N,000.000000 W,0,0,S,S,V
2019-10-06 05:36:36,15.8,2329,0.00,14.5,58.2,----,----,00.000000 N,000.000000 W,0,0,S,S,V
2019-10-06 05:36:39,16.1,2334,0.00,14.5,58.2,----,----,00.000000 N,000.000000 W,0,0,S,S,V
2019-10-06 05:36:41,18.9,2391,0.00,14.5,58.2,----,----,00.000000 N,000.000000 W,0,0,S,S,V
2019-10-06 05:36:44,17.1,2355,0.01,14.5,58.2,----,----,33.939062 S,151.223230 E,5,1,S,S,V
2019-10-06 05:36:47,15.7,2326,0.00,14.5,58.2,----,----,33.939087 S,151.223235 E,5,1,S,S,V
2019-10-06 05:36:50,18.8,2390,0.00,14.5,58.2,----,----,33.939110 S,151.223312 E,5,1,S,S,V
2019-10-06 05:50:52,41.0,2842,0.13,14.5,58.2,----,----,00.000000 N,000.000000 W,0,0,S,S,V
2019-10-06 05:50:57,28.6,2589,0.06,14.6,58.2,----,----,00.000000 N,000.000000 W,0,0,S,S,V
2019-10-06 05:51:03,29.1,2600,0.11,14.5,58.2,----,----,00.000000 N,000.000000 W,0,0,S,S,V
2019-10-06 05:51:24,28.6,2589,0.12,14.5,58.2,----,----,00.000000 N,000.000000 W,0,0,S,S,V
2019-10-06 05:51:29,27.3,2563,0.10,14.5,58.2,----,----,00.000000 N,000.000000 W,0,0,S,S,V
2019-10-06 05:51:35,23.7,2489,0.07,14.5,58.2,----,----,00.000000 N,000.000000 W,0,0,S,S,V
2019-10-06 05:51:40,22.2,2460,0.09,14.5,58.2,----,----,00.000000 N,000.000000 W,0,0,S,S,V
2019-10-06 05:51:44,31.5,2649,0.04,14.5,58.2,----,----,33.943378 S,151.220925 E,6,1,S,S,V
2019-10-06 05:51:47,21.6,2446,0.07,14.5,58.2,----,----,33.943420 S,151.220918 E,6,1,S,S,V
2019-10-06 05:51:51,25.5,2526,0.04,14.5,58.2,----,----,33.943452 S,151.220940 E,6,1,S,S,V
2019-10-06 05:51:55,29.1,2600,0.10,14.5,58.2,----,----,33.943438 S,151.220953 E,6,1,S,S,V
2019-10-06 05:51:58,25.5,2527,0.08,14.5,58.2,----,----,33.943417 S,151.220957 E,5,1,S,S,V
2019-10-06 05:52:02,28.0,2578,0.11,14.5,58.2,----,----,33.943387 S,151.220968 E,6,1,S,S,V
2019-10-06 05:52:05,22.0,2456,0.05,14.5,58.2,----,----,33.943375 S,151.220997 E,6,1,S,S,V
2019-10-06 05:52:08,29.5,2607,0.18,14.5,58.2,----,----,33.943377 S,151.221030 E,7,1,S,S,V
2019-10-06 05:52:11,21.7,2449,0.05,14.5,58.2,----,----,33.943385 S,151.221057 E,7,1,S,S,V
2019-10-06 05:52:14,26.3,2543,0.04,14.5,58.2,----,----,33.943365 S,151.221075 E,7,1,S,S,V
2019-10-06 05:52:18,22.5,2465,0.08,14.5,58.2,----,----,33.943343 S,151.221075 E,6,1,S,S,V
2019-10-06 05:52:20,27.8,2573,0.08,14.5,58.2,----,----,33.943328 S,151.221055 E,7,1,S,S,V
2019-10-06 05:52:24,20.2,2418,0.06,14.5,58.2,----,----,33.943298 S,151.221055 E,7,1,S,S,V
2019-10-06 05:52:28,28.2,2581,0.12,14.5,58.2,----,----,33.943267 S,151.221120 E,6,1,S,S,V
2019-10-06 05:52:32,28.3,2583,0.12,14.5,58.2,----,----,33.943247 S,151.221095 E,7,1,S,S,V
2019-10-07 03:23:14,14.4,2301,0.00,19.2,66.5,----,----,00.000000 N,000.000000 W,0,0,S,S,V
2019-10-07 03:23:18,18.5,2384,0.00,19.1,66.5,----,----,00.000000 N,000.000000 W,0,0,S,S,V
2019-10-07 03:23:21,18.5,2384,0.00,19.1,66.5,----,----,00.000000 N,000.000000 W,0,0,S,S,V
2019-10-07 03:23:24,19.2,2399,0.01,19.1,66.5,----,----,00.000000 N,000.000000 W,0,0,S,S,V
2019-10-07 03:23:27,18.8,2389,0.00,19.1,66.5,----,----,00.000000 N,000.000000 W,0,0,S,S,V
2019-10-07 03:23:30,17.2,2358,0.03,19.1,66.4,----,----,00.000000 N,000.000000 W,0,0,S,S,V
2019-10-07 03:23:33,15.8,2329,0.00,19.1,66.4,----,----,00.000000 N,000.000000 W,0,0,S,S,V
2019-10-07 03:23:36,15.6,2324,0.00,19.1,66.4,----,----,00.000000 N,000.000000 W,0,0,S,S,V
2019-10-07 03:23:39,15.8,2328,0.00,19.1,66.4,----,----,00.000000 N,000.000000 W,0,0,S,S,V
2019-10-07 03:23:42,13.7,2287,0.00,19.0,66.3,----,----,00.000000 N,000.000000 W,0,0,S,S,V
2019-10-07 03:23:45,14.7,2307,0.00,19.0,66.3,----,----,00.000000 N,000.000000 W,0,0,S,S,V
2019-10-07 03:23:48,18.1,2375,0.00,19.0,66.2,----,----,00.000000 N,000.000000 W,0,0,S,S,V
2019-10-07 03:23:51,18.3,2379,0.00,19.0,66.2,----,----,00.000000 N,000.000000 W,0,0,S,S,V
2019-10-07 03:23:54,16.3,2339,0.00,19.0,66.2,----,----,00.000000 N,000.000000 W,0,0,S,S,V
2019-10-07 03:23:57,18.1,2376,0.00,18.9,66.1,----,----,00.000000 N,000.000000 W,0,0,S,S,V
2019-10-07 03:24:00,15.6,2324,0.00,18.9,66.0,----,----,00.000000 N,000.000000 W,0,0,S,S,V
2019-10-07 03:24:02,20.7,2429,0.00,18.9,66.0,----,----,00.000000 N,000.000000 W,0,0,S,S,V
2019-10-07 03:24:06,14.3,2298,0.00,18.9,66.0,----,----,00.000000 N,000.000000 W,0,0,S,S,V
2019-10-07 03:24:09,16.5,2344,0.00,18.8,66.0,----,----,00.000000 N,000.000000 W,0,0,S,S,V
2019-10-07 03:24:13,10.7,2225,0.00,18.8,65.9,----,----,00.000000 N,000.000000 W,0,0,S,S,V
2019-10-07 03:24:15,13.8,2288,0.00,18.8,65.9,----,----,00.000000 N,000.000000 W,0,0,S,S,V
2019-10-07 03:24:18,16.8,2350,0.00,18.8,65.9,----,----,00.000000 N,000.000000 W,0,0,S,S,V
2019-10-07 03:24:21,15.4,2320,0.00,18.8,65.8,----,----,00.000000 N,000.000000 W,0,0,S,S,V
2019-10-07 03:24:24,14.6,2304,0.00,18.8,65.8,----,----,00.000000 N,000.000000 W,0,0,S,S,V
2019-10-07 03:24:27,13.4,2279,0.00,18.7,65.8,----,----,00.000000 N,000.000000 W,0,0,S,S,V
2019-10-07 03:24:30,16.8,2350,0.00,18.7,65.7,----,----,00.000000 N,000.000000 W,0,0,S,S,V
2019-10-07 03:24:33,16.4,2341,0.00,18.7,65.7,----,----,00.000000 N,000.000000 W,0,0,S,S,V
2019-10-07 03:24:37,14.9,2311,0.00,18.7,65.7,----,----,00.000000 N,000.000000 W,0,0,S,S,V
2019-10-07 03:24:40,15.0,2312,0.00,18.7,65.6,----,----,00.000000 N,000.000000 W,0,0,S,S,V
2019-10-07 03:34:58,18.9,2391,0.00,18.1,64.7,----,----,00.000000 N,000.000000 W,0,0,S,S,V
2019-10-07 03:35:01,19.3,2400,0.01,18.1,64.7,----,----,00.000000 N,000.000000 W,0,0,S,S,V
2019-10-07 03:35:05,16.1,2334,0.00,18.1,64.7,----,----,00.000000 N,000.000000 W,0,0,S,S,V
2019-10-07 03:35:08,10.7,2225,0.00,18.1,64.7,----,----,00.000000 N,000.000000 W,0,0,S,S,V
2019-10-07 03:35:10,10.0,2211,0.00,18.1,64.7,----,----,00.000000 N,000.000000 W,0,0,S,S,V
2019-10-07 03:35:12,13.8,2289,0.00,18.1,64.6,----,----,00.000000 N,000.000000 W,0,0,S,S,V
2019-10-07 03:35:15,17.9,2371,0.00,18.1,64.6,----,----,00.000000 N,000.000000 W,0,0,S,S,V
2019-10-07 03:35:18,16.5,2344,0.00,18.1,64.6,----,----,00.000000 N,000.000000 W,0,0,S,S,V
2019-10-07 03:35:22,12.8,2268,0.00,18.1,64.6,----,----,00.000000 N,000.000000 W,0,0,S,S,V
2019-10-07 03:35:25,08.2,2175,0.00,18.1,64.5,----,----,00.000000 N,000.000000 W,0,0,S,S,V
2019-10-07 03:35:28,10.3,2217,0.00,18.1,64.5,----,----,00.000000 N,000.000000 W,0,0,S,S,V
2019-10-07 03:35:31,09.2,2194,0.00,18.0,64.5,----,----,00.000000 N,000.000000 W,0,0,S,S,V
2019-10-07 03:35:34,08.7,2184,0.00,18.0,64.5,----,----,00.000000 N,000.000000 W,0,0,S,S,V
2019-10-07 03:35:36,08.9,2188,0.00,18.0,64.5,----,----,00.000000 N,000.000000 W,0,0,S,S,V
2019-10-07 03:35:39,12.2,2256,0.00,18.0,64.5,----,----,00.000000 N,000.000000 W,0,0,S,S,V
2019-10-07 03:35:41,10.6,2223,0.00,18.0,64.5,----,----,00.000000 N,000.000000 W,0,0,S,S,V
2019-10-07 03:35:44,12.2,2256,0.00,18.0,64.4,----,----,00.000000 N,000.000000 W,0,0,S,S,V
2019-10-07 03:35:47,16.5,2344,0.00,18.0,64.4,----,----,00.000000 N,000.000000 W,0,0,S,S,V
2019-10-07 03:35:49,12.0,2252,0.00,18.0,64.4,----,----,00.000000 N,000.000000 W,0,0,S,S,V
2019-10-07 03:35:52,10.4,2219,0.00,18.0,64.4,----,----,00.000000 N,000.000000 W,0,0,S,S,V
2019-10-07 03:35:54,11.5,2241,0.00,18.0,64.4,----,----,00.000000 N,000.000000 W,0,0,S,S,V
2019-10-07 03:35:57,10.2,2214,0.00,18.0,64.4,----,----,00.000000 N,000.000000 W,0,0,S,S,V
2019-10-07 04:54:08,19.4,2402,0.00,17.0,62.7,----,----,00.000000 N,000.000000 W,0,0,S,S,V
2019-10-07 04:54:11,17.9,2371,0.00,17.0,62.6,----,----,00.000000 N,000.000000 W,0,0,S,S,V
2019-10-07 04:54:13,20.8,2431,0.00,17.0,62.6,----,----,00.000000 N,000.000000 W,0,0,S,S,V
2019-10-07 04:54:16,23.0,2475,0.00,17.0,62.6,----,----,00.000000 N,000.000000 W,0,0,S,S,V
2019-10-07 04:54:19,22.7,2470,0.01,17.0,62.6,----,----,00.000000 N,000.000000 W,0,0,S,S,V
2019-10-07 04:54:21,20.2,2419,0.00,17.0,62.6,----,----,00.000000 N,000.000000 W,0,0,S,S,V
2019-10-07 04:54:24,20.3,2421,0.02,17.0,62.6,----,----,00.000000 N,000.000000 W,0,0,S,S,V
2019-10-07 04:54:26,17.4,2361,0.00,17.0,62.6,----,----,00.000000 N,000.000000 W,0,0,S,S,V
2019-10-07 04:54:28,16.0,2332,0.00,17.0,62.6,----,----,00.000000 N,000.000000 W,0,0,S,S,V
2019-10-07 04:54:31,18.2,2377,0.00,16.9,62.5,----,----,00.000000 N,000.000000 W,0,0,S,S,V
2019-10-07 04:54:34,19.4,2403,0.00,16.9,62.5,----,----,00.000000 N,000.000000 W,0,0,S,S,V
2019-10-07 04:54:36,20.7,2429,0.01,16.9,62.5,----,----,00.000000 N,000.000000 W,0,0,S,S,V
2019-10-07 04:54:38,19.1,2396,0.00,16.9,62.5,----,----,00.000000 N,000.000000 W,0,0,S,S,V
2019-10-07 04:54:41,18.8,2390,0.00,16.9,62.5,----,----,00.000000 N,000.000000 W,0,0,S,S,V
2019-10-07 04:55:10,26.7,2550,0.04,16.8,62.4,----,----,00.000000 N,000.000000 W,0,0,S,S,V
2019-10-07 04:55:12,28.2,2581,0.04,16.8,62.3,----,----,00.000000 N,000.000000 W,0,0,S,S,V
2019-10-07 04:55:15,21.6,2446,0.02,16.8,62.3,----,----,00.000000 N,000.000000 W,0,0,S,S,V
2019-10-07 04:55:17,29.6,2610,0.06,16.8,62.3,----,----,00.000000 N,000.000000 W,0,0,S,S,V
2019-10-07 04:55:20,26.7,2551,0.04,16.8,62.3,----,----,00.000000 N,000.000000 W,0,0,S,S,V
2019-10-07 04:55:22,23.9,2493,0.06,16.8,62.3,----,----,00.000000 N,000.000000 W,0,0,S,S,V
2019-10-07 04:55:24,31.4,2647,0.03,16.8,62.3,----,----,00.000000 N,000.000000 W,0,0,S,S,V
2019-10-07 04:55:27,33.1,2682,0.06,16.8,62.3,----,----,00.000000 N,000.000000 W,0,0,S,S,V
2019-10-07 04:55:29,33.4,2687,0.08,16.8,62.2,----,----,00.000000 N,000.000000 W,0,0,S,S,V
2019-10-07 04:55:31,26.6,2549,0.07,16.8,62.2,----,----,00.000000 N,000.000000 W,0,0,S,S,V
2019-10-07 04:55:34,24.1,2497,0.05,16.8,62.2,----,----,00.000000 N,000.000000 W,0,0,S,S,V
2019-10-07 04:55:36,16.0,2332,0.00,16.8,62.2,----,----,00.000000 N,000.000000 W,0,0,S,S,V
2019-10-07 04:55:38,26.0,2536,0.02,16.8,62.2,----,----,00.000000 N,000.000000 W,0,0,S,S,V
2019-10-07 04:55:40,31.1,2640,0.05,16.8,62.2,----,----,00.000000 N,000.000000 W,0,0,S,S,V
2019-10-07 04:55:43,29.0,2597,0.04,16.8,62.2,----,----,00.000000 N,000.000000 W,0,0,S,S,V
2019-10-07 04:55:46,31.4,2646,0.05,16.8,62.2,----,----,00.000000 N,000.000000 W,0,0,S,S,V
2019-10-07 04:56:00,30.0,2618,0.05,16.7,62.2,----,----,00.000000 N,000.000000 W,0,0,S,S,V
2019-10-07 04:56:03,19.5,2404,0.03,16.7,62.2,----,----,00.000000 N,000.000000 W,0,0,S,S,V
2019-10-07 04:56:05,23.1,2477,0.02,16.7,62.1,----,----,00.000000 N,000.000000 W,0,0,S,S,V
2019-10-07 04:56:07,20.2,2418,0.02,16.7,62.1,----,----,00.000000 N,000.000000 W,0,0,S,S,V
2019-10-07 04:56:10,20.9,2432,0.04,16.7,62.1,----,----,00.000000 N,000.000000 W,0,0,S,S,V
2019-10-07 04:56:12,20.5,2424,0.00,16.7,62.1,----,----,00.000000 N,000.000000 W,0,0,S,S,V
2019-10-07 04:56:14,19.8,2410,0.00,16.7,62.1,----,----,00.000000 N,000.000000 W,0,0,S,S,V
2019-10-07 04:56:17,21.8,2451,0.02,16.7,62.1,----,----,00.000000 N,000.000000 W,0,0,S,S,V
2019-10-07 04:56:19,21.9,2453,0.05,16.7,62.1,----,----,00.000000 N,000.000000 W,0,0,S,S,V
2019-10-07 04:56:22,18.0,2373,0.00,16.7,62.1,----,----,33.933672 S,151.224043 E,4,1,S,S,V
2019-10-07 04:56:24,23.0,2476,0.00,16.7,62.1,----,----,33.933687 S,151.224055 E,4,1,S,S,V
2019-10-07 04:56:26,22.5,2465,0.03,16.7,62.1,----,----,33.933707 S,151.224063 E,4,1,S,S,V
2019-10-07 04:56:28,22.4,2464,0.02,16.7,62.0,----,----,33.933733 S,151.224043 E,4,1,S,S,V
2019-10-07 04:56:30,21.8,2452,0.03,16.7,62.0,----,----,33.933745 S,151.224020 E,4,1,S,S,V
2019-10-07 04:56:33,15.2,2316,0.04,16.7,62.0,----,----,33.933760 S,151.223990 E,4,1,S,S,V
2019-10-07 04:56:36,21.9,2453,0.02,16.7,62.0,----,----,33.933765 S,151.223950 E,4,1,S,S,V
2019-10-07 04:56:38,16.6,2345,0.06,16.7,62.0,----,----,33.933740 S,151.223948 E,4,1,S,S,V
2019-10-07 04:56:41,23.7,2489,0.05,16.6,62.0,----,----,33.933685 S,151.223970 E,4,1,S,S,V
2019-10-07 04:56:44,08.2,2175,0.04,16.6,62.0,----,----,33.933660 S,151.223955 E,4,1,S,S,V
2019-10-07 04:56:48,22.2,2459,0.03,16.6,62.0,----,----,33.933635 S,151.223957 E,4,1,S,S,V
2019-10-07 04:56:53,24.2,2499,0.06,16.6,62.0,----,----,33.933590 S,151.224017 E,4,1,S,S,V
2019-10-07 05:01:45,27.6,2570,0.08,16.7,62.2,----,----,00.000000 N,000.000000 W,0,0,S,S,V
2019-10-07 05:01:48,25.4,2525,0.02,16.7,62.2,----,----,00.000000 N,000.000000 W,0,0,S,S,V
2019-10-07 05:01:50,23.4,2483,0.05,16.7,62.2,----,----,00.000000 N,000.000000 W,0,0,S,S,V
2019-10-07 05:01:53,21.5,2445,0.04,16.7,62.2,----,----,00.000000 N,000.000000 W,0,0,S,S,V
2019-10-07 05:01:55,34.0,2700,0.12,16.7,62.2,----,----,00.000000 N,000.000000 W,0,0,S,S,V
2019-10-07 05:01:58,28.5,2587,0.06,16.7,62.1,----,----,00.000000 N,000.000000 W,0,0,S,S,V
2019-10-07 05:02:01,20.5,2425,0.06,16.7,62.1,----,----,00.000000 N,000.000000 W,0,0,S,S,V
2019-10-07 05:02:03,26.0,2536,0.06,16.7,62.2,----,----,00.000000 N,000.000000 W,0,0,S,S,V
2019-10-07 05:02:05,24.6,2509,0.05,16.7,62.1,----,----,00.000000 N,000.000000 W,0,0,S,S,V
2019-10-07 05:02:08,18.0,2373,0.03,16.7,62.1,----,----,00.000000 N,000.000000 W,0,0,S,S,V
2019-10-07 05:02:10,05.0,2109,0.04,16.7,62.1,----,----,00.000000 N,000.000000 W,0,0,S,S,V
2019-10-07 05:02:12,23.1,2477,0.02,16.7,62.1,----,----,00.000000 N,000.000000 W,0,0,S,S,V
2019-10-07 05:02:15,19.9,2413,0.03,16.7,62.1,----,----,00.000000 N,000.000000 W,0,0,S,S,V
2019-10-07 05:02:17,23.8,2492,0.02,16.7,62.1,----,----,00.000000 N,000.000000 W,0,0,S,S,V
2019-10-07 05:02:19,23.2,2479,0.03,16.7,62.1,----,----,00.000000 N,000.000000 W,0,0,S,S,V
2019-10-07 05:02:24,23.1,2477,0.05,16.7,62.1,----,----,00.000000 N,000.000000 W,0,0,S,S,V
2019-10-07 05:02:32,24.7,2511,0.03,16.7,62.0,----,----,00.000000 N,000.000000 W,0,0,S,S,V
2019-10-07 05:02:39,23.2,2480,0.04,16.7,62.0,----,----,00.000000 N,000.000000 W,0,0,S,S,V
2019-10-07 05:02:43,28.4,2586,0.07,16.6,62.0,----,----,00.000000 N,000.000000 W,0,0,S,S,V
2019-10-07 05:02:48,26.6,2549,0.04,16.6,62.0,----,----,00.000000 N,000.000000 W,0,0,S,S,V
2019-10-07 05:02:53,22.2,2459,0.04,16.6,62.0,----,----,00.000000 N,000.000000 W,0,0,S,S,V
2019-10-07 05:02:56,20.4,2422,0.02,16.6,62.0,----,----,00.000000 N,000.000000 W,0,0,S,S,V
2019-10-07 05:03:00,23.7,2489,0.04,16.6,62.0,----,----,00.000000 N,000.000000 W,0,0,S,S,V
2019-10-07 05:03:05,21.0,2435,0.04,16.6,61.9,----,----,33.934015 S,151.221798 E,5,1,S,S,V
2019-10-07 05:03:21,24.7,2511,0.06,16.6,61.9,----,----,33.933968 S,151.221885 E,5,1,S,S,V
2019-10-07 05:36:18,21.9,2453,0.00,16.7,62.1,----,----,00.000000 N,000.000000 W,0,0,S,S,V
2019-10-07 05:36:21,13.5,2281,0.00,16.7,62.1,----,----,00.000000 N,000.000000 W,0,0,S,S,V
2019-10-07 05:36:23,14.5,2302,0.00,16.7,62.1,----,----,00.000000 N,000.000000 W,0,0,S,S,V
2019-10-07 05:36:26,13.0,2271,0.00,16.7,62.1,----,----,00.000000 N,000.000000 W,0,0,S,S,V
2019-10-07 05:36:28,10.1,2213,0.00,16.7,62.0,----,----,00.000000 N,000.000000 W,0,0,S,S,V
2019-10-07 05:36:31,14.5,2303,0.00,16.7,62.0,----,----,00.000000 N,000.000000 W,0,0,S,S,V
2019-10-07 05:36:33,12.4,2260,0.00,16.7,62.0,----,----,00.000000 N,000.000000 W,0,0,S,S,V
2019-10-07 05:36:35,14.1,2295,0.00,16.6,62.0,----,----,00.000000 N,000.000000 W,0,0,S,S,V
2019-10-07 05:36:38,13.7,2287,0.00,16.6,62.0,----,----,00.000000 N,000.000000 W,0,0,S,S,V
2019-10-07 05:36:41,16.1,2334,0.00,16.6,62.0,----,----,00.000000 N,000.000000 W,0,0,S,S,V
2019-10-07 05:36:44,09.6,2202,0.00,16.6,62.0,----,----,00.000000 N,000.000000 W,0,0,S,S,V
2019-10-07 05:36:46,12.8,2267,0.00,16.6,61.9,----,----,00.000000 N,000.000000 W,0,0,S,S,V
2019-10-07 05:36:49,10.7,2224,0.00,16.6,61.9,----,----,00.000000 N,000.000000 W,0,0,S,S,V
2019-10-07 05:36:52,09.4,2198,0.00,16.6,61.9,----,----,00.000000 N,000.000000 W,0,0,S,S,V
2019-10-07 05:36:55,06.1,2131,0.00,16.6,61.8,----,----,00.000000 N,000.000000 W,0,0,S,S,V
2019-10-07 05:36:58,16.1,2334,0.00,16.6,61.8,----,----,00.000000 N,000.000000 W,0,0,S,S,V
2019-10-07 06:04:29,21.2,2438,0.02,16.7,62.0,----,----,00.000000 N,000.000000 W,0,0,S,S,V
2019-10-07 06:04:33,23.0,2475,0.09,16.7,62.0,----,----,00.000000 N,000.000000 W,0,0,S,S,V
2019-10-07 06:04:36,21.8,2451,0.06,16.7,62.0,----,----,00.000000 N,000.000000 W,0,0,S,S,V
2019-10-07 06:04:38,27.7,2572,0.09,16.7,62.1,----,----,00.000000 N,000.000000 W,0,0,S,S,V
2019-10-07 06:04:40,25.7,2530,0.10,16.7,62.0,----,----,00.000000 N,000.000000 W,0,0,S,S,V
2019-10-07 06:04:43,26.8,2552,0.10,16.7,62.1,----,----,00.000000 N,000.000000 W,0,0,S,S,V
2019-10-07 06:04:46,20.8,2430,0.08,16.7,62.1,----,----,00.000000 N,000.000000 W,0,0,S,S,V
2019-10-07 06:04:48,22.7,2469,0.05,16.7,62.0,----,----,00.000000 N,000.000000 W,0,0,S,S,V
2019-10-07 06:04:50,24.8,2512,0.07,16.7,62.0,----,----,00.000000 N,000.000000 W,0,0,S,S,V
2019-10-07 06:04:53,22.1,2458,0.05,16.7,62.0,----,----,00.000000 N,000.000000 W,0,0,S,S,V
2019-10-07 06:04:56,24.4,2503,0.05,16.7,62.0,----,----,00.000000 N,000.000000 W,0,0,S,S,V
2019-10-07 06:04:59,24.5,2507,0.14,16.7,62.0,----,----,00.000000 N,000.000000 W,0,0,S,S,V
2019-10-07 06:05:02,19.5,2405,0.06,16.7,62.0,----,----,00.000000 N,000.000000 W,0,0,S,S,V
2019-10-07 06:24:30,21.8,2452,0.00,17.2,63.1,----,----,00.000000 N,000.000000 W,0,0,S,S,V
2019-10-07 06:24:33,22.4,2464,0.05,17.2,63.1,----,----,00.000000 N,000.000000 W,0,0,S,S,V
2019-10-07 06:24:35,19.8,2410,0.07,17.2,63.0,----,----,00.000000 N,000.000000 W,0,0,S,S,V
2019-10-07 06:24:38,21.8,2452,0.06,17.2,63.1,----,----,00.000000 N,000.000000 W,0,0,S,S,V
2019-10-07 06:24:41,24.4,2504,0.08,17.2,63.1,----,----,00.000000 N,000.000000 W,0,0,S,S,V
2019-10-07 06:24:43,20.7,2429,0.03,17.2,63.0,----,----,00.000000 N,000.000000 W,0,0,S,S,V
2019-10-07 06:24:46,21.8,2452,0.06,17.2,63.1,----,----,00.000000 N,000.000000 W,0,0,S,S,V
2019-10-07 06:24:49,23.7,2490,0.09,17.2,63.0,----,----,00.000000 N,000.000000 W,0,0,S,S,V
2019-10-07 06:24:51,21.5,2444,0.04,17.2,63.1,----,----,00.000000 N,000.000000 W,0,0,S,S,V
2019-10-07 06:24:54,22.0,2455,0.08,17.2,63.0,----,----,00.000000 N,000.000000 W,0,0,S,S,V
2019-10-07 06:25:15,23.8,2492,0.07,17.2,63.1,----,----,00.000000 N,000.000000 W,0,0,S,S,V
2019-10-07 06:25:18,00.0,1986,0.00,17.2,63.1,----,----,33.942905 S,151.222202 E,4,1,S,S,V
2019-10-07 06:25:24,27.9,2575,0.03,17.2,63.1,----,----,33.943777 S,151.220523 E,5,1,S,S,V
2019-10-07 06:25:27,20.5,2424,0.00,17.2,63.1,----,----,33.943802 S,151.220545 E,5,1,S,S,V
2019-10-07 06:25:30,22.5,2466,0.02,17.2,63.1,----,----,33.943815 S,151.220575 E,5,1,S,S,V
2019-10-07 06:25:54,24.7,2510,0.11,17.3,63.2,----,----,33.943840 S,151.220558 E,9,1,S,S,V
2019-10-07 06:25:57,20.0,2415,0.03,17.3,63.2,----,----,33.943842 S,151.220582 E,9,1,S,S,V
2019-10-07 06:45:13,22.5,2465,0.00,17.8,64.1,----,----,00.000000 N,000.000000 W,0,0,S,S,V
2019-10-07 06:45:16,29.2,2602,0.05,17.8,64.1,----,----,00.000000 N,000.000000 W,0,0,S,S,V
2019-10-07 06:45:19,22.2,2459,0.01,17.8,64.1,----,----,00.000000 N,000.000000 W,0,0,S,S,V
2019-10-07 06:45:23,22.8,2472,0.03,17.8,64.1,----,----,00.000000 N,000.000000 W,0,0,S,S,V
2019-10-07 06:45:25,26.3,2543,0.04,17.8,64.1,----,----,00.000000 N,000.000000 W,0,0,S,S,V
2019-10-07 06:45:28,23.2,2479,0.02,17.8,64.1,----,----,00.000000 N,000.000000 W,0,0,S,S,V
2019-10-07 06:45:31,24.7,2510,0.04,17.8,64.1,----,----,00.000000 N,000.000000 W,0,0,S,S,V
2019-10-07 06:45:35,21.8,2451,0.02,17.8,64.1,----,----,00.000000 N,000.000000 W,0,0,S,S,V
2019-10-07 06:45:38,24.1,2498,0.04,17.8,64.1,----,----,00.000000 N,000.000000 W,0,0,S,S,V
2019-10-07 06:45:40,27.3,2563,0.03,17.8,64.0,----,----,00.000000 N,000.000000 W,0,0,S,S,V
2019-10-07 06:45:46,20.8,2431,0.00,17.8,64.0,----,----,00.000000 N,000.000000 W,0,0,S,S,V
2019-10-07 06:45:52,17.3,2359,0.00,17.7,64.0,----,----,00.000000 N,000.000000 W,0,0,S,S,V
2019-10-07 06:45:55,21.8,2450,0.00,17.7,64.0,----,----,00.000000 N,000.000000 W,0,0,S,S,V
2019-10-07 06:45:57,25.8,2532,0.03,17.7,63.9,----,----,00.000000 N,000.000000 W,0,0,S,S,V
2019-10-07 06:46:00,20.2,2418,0.03,17.7,64.0,----,----,00.000000 N,000.000000 W,0,0,S,S,V
2019-10-07 06:46:03,22.2,2459,0.03,17.7,63.9,----,----,00.000000 N,000.000000 W,0,0,S,S,V
2019-10-07 06:46:06,17.4,2362,0.00,17.7,63.9,----,----,00.000000 N,000.000000 W,0,0,S,S,V
2019-10-07 06:46:09,18.6,2385,0.01,17.7,63.9,----,----,00.000000 N,000.000000 W,0,0,S,S,V
2019-10-07 06:46:12,14.5,2303,0.00,17.7,63.9,----,----,00.000000 N,000.000000 W,0,0,S,S,V
2019-10-07 06:46:15,22.1,2458,0.03,17.7,63.9,----,----,00.000000 N,000.000000 W,0,0,S,S,V
2019-10-07 06:46:19,20.0,2415,0.02,17.7,63.9,----,----,00.000000 N,000.000000 W,0,0,S,S,V
2019-10-07 06:46:21,20.0,2415,0.02,17.7,63.9,----,----,00.000000 N,000.000000 W,0,0,S,S,V
2019-10-07 06:46:24,22.4,2464,0.02,17.7,63.9,----,----,00.000000 N,000.000000 W,0,0,S,S,V
2019-10-07 06:46:28,17.0,2353,0.00,17.7,63.9,----,----,00.000000 N,000.000000 W,0,0,S,S,V
2019-10-07 06:46:31,19.1,2396,0.02,17.7,63.9,----,----,00.000000 N,000.000000 W,0,0,S,S,V
2019-10-07 11:47:37,19.8,2410,0.00,26.4,79.6,----,----,00.000000 N,000.000000 W,0,0,S,S,V
2019-10-07 11:47:38,19.8,2411,0.00,26.4,79.5,----,----,00.000000 N,000.000000 W,0,0,S,S,V
2019-10-07 11:47:44,23.0,2475,0.09,26.4,79.6,----,----,00.000000 N,000.000000 W,0,0,S,S,V
2019-10-07 11:47:50,21.3,2441,0.11,26.4,79.6,----,----,00.000000 N,000.000000 W,0,0,S,S,V
2019-10-07 11:47:56,25.4,2525,0.13,26.5,79.7,----,----,00.000000 N,000.000000 W,0,0,S,S,V
2019-10-07 11:48:04,20.7,2429,0.06,26.5,79.7,----,----,00.000000 N,000.000000 W,0,0,S,S,V
2019-10-07 11:48:11,25.2,2520,0.10,26.5,79.7,----,----,00.000000 N,000.000000 W,0,0,S,S,V
2019-10-07 11:48:16,20.4,2422,0.07,26.5,79.7,----,----,00.000000 N,000.000000 W,0,0,S,S,V
2019-10-07 11:48:24,25.8,2532,0.10,26.5,79.8,----,----,00.000000 N,000.000000 W,0,0,S,S,V
2019-10-07 11:48:31,22.0,2455,0.10,26.5,79.8,----,----,00.000000 N,000.000000 W,0,0,S,S,V
2019-10-07 11:48:45,30.6,2630,0.19,26.5,79.8,----,----,00.000000 N,000.000000 W,0,0,S,S,V
2019-10-07 11:53:30,22.0,2455,0.00,25.5,78.0,----,----,00.000000 N,000.000000 W,0,0,S,S,V
2019-10-07 11:53:35,20.4,2423,0.00,25.5,77.9,----,----,00.000000 N,000.000000 W,0,0,S,S,V
2019-10-07 11:53:41,21.1,2436,0.00,25.4,77.8,----,----,00.000000 N,000.000000 W,0,0,S,S,V
2019-10-07 11:53:48,17.7,2368,0.00,25.4,77.8,----,----,00.000000 N,000.000000 W,0,0,S,S,V
2019-10-07 11:53:54,15.4,2321,0.02,25.4,77.8,----,----,00.000000 N,000.000000 W,0,0,S,S,V
2019-10-07 11:53:58,28.1,2579,0.08,25.4,77.8,----,----,00.000000 N,000.000000 W,0,0,S,S,V
2019-10-07 11:54:05,18.1,2375,0.00,25.4,77.8,----,----,33.937027 S,151.220403 E,5,1,S,S,V
2019-10-07 11:54:12,21.5,2445,0.01,25.4,77.8,----,----,33.936882 S,151.220490 E,5,1,S,S,V
2019-10-07 11:54:18,24.4,2504,0.02,25.4,77.8,----,----,33.936830 S,151.220530 E,5,1,S,S,V
2019-10-07 11:54:28,13.5,2281,0.00,25.5,77.9,----,----,33.936775 S,151.220473 E,5,1,S,S,V
2019-10-07 11:54:31,17.7,2368,0.00,25.5,77.9,----,----,33.936758 S,151.220472 E,3,1,S,S,V
2019-10-07 11:54:34,19.1,2396,0.00,25.5,78.0,----,----,33.936673 S,151.220480 E,3,1,S,S,V
2019-10-07 11:58:26,10.9,2228,0.00,26.4,79.6,----,----,33.936238 S,151.220330 E,7,1,S,S,V
2019-10-07 11:58:30,13.0,2272,0.00,26.5,79.7,----,----,33.936253 S,151.220337 E,7,1,S,S,V
2019-10-07 11:58:38,13.5,2282,0.00,26.5,79.7,----,----,33.936273 S,151.220330 E,8,1,S,S,V
2019-10-07 11:58:47,09.3,2197,0.00,26.5,79.8,----,----,33.936240 S,151.220305 E,9,1,S,S,V
2019-10-07 11:58:51,10.6,2223,0.00,26.6,79.9,----,----,33.936233 S,151.220300 E,7,1,S,S,V
2019-10-07 11:58:55,12.8,2267,0.00,26.6,79.9,----,----,33.936233 S,151.220288 E,7,1,S,S,V
2019-10-07 11:58:59,11.9,2250,0.00,26.6,79.9,----,----,33.936227 S,151.220253 E,8,1,S,S,V
2019-10-07 11:59:02,10.7,2225,0.00,26.6,79.9,----,----,33.936227 S,151.220237 E,7,1,S,S,V
2019-10-07 11:59:11,11.4,2240,0.00,26.6,79.9,----,----,33.936332 S,151.220200 E,9,1,S,S,V
2019-10-07 12:03:30,22.6,2468,0.00,25.4,77.8,----,----,33.934053 S,151.222047 E,13,1,S,S,V
2019-10-07 12:03:36,21.5,2445,0.00,25.4,77.7,----,----,33.934058 S,151.221995 E,12,1,S,S,V
2019-10-07 12:03:43,23.8,2491,0.02,25.4,77.7,----,----,33.934030 S,151.221960 E,12,1,S,S,V
2019-10-07 12:03:49,21.2,2438,0.00,25.4,77.7,----,----,33.934012 S,151.221930 E,13,1,S,S,V
2019-10-07 12:03:54,16.5,2344,0.00,25.3,77.6,----,----,33.933972 S,151.221910 E,13,1,S,S,V
2019-10-07 12:03:58,20.9,2433,0.02,25.3,77.6,----,----,33.933960 S,151.221893 E,12,1,S,S,V
2019-10-07 12:05:19,25.4,2525,0.03,25.2,77.3,----,----,33.932968 S,151.223442 E,14,1,S,S,V
2019-10-07 12:05:25,23.0,2476,0.00,25.1,77.3,----,----,33.932957 S,151.223453 E,13,1,S,S,V
2019-10-07 12:05:32,23.1,2478,0.02,25.1,77.3,----,----,33.932887 S,151.223487 E,12,1,S,S,V
2019-10-07 12:05:38,22.0,2455,0.00,25.1,77.2,----,----,33.932858 S,151.223510 E,13,1,S,S,V
2019-10-07 12:05:43,21.3,2441,0.02,25.1,77.2,----,----,33.932845 S,151.223540 E,12,1,S,S,V
2019-10-07 12:05:48,16.4,2341,0.00,25.0,77.1,----,----,33.932828 S,151.223570 E,13,1,S,S,V
2019-10-07 12:05:52,16.6,2346,0.00,25.0,77.1,----,----,33.932818 S,151.223587 E,14,1,S,S,V
2019-10-07 12:05:58,19.4,2403,0.01,25.0,77.1,----,----,33.932818 S,151.223635 E,15,1,S,S,V
2019-10-07 12:06:03,16.6,2346,0.00,25.0,77.1,----,----,33.932815 S,151.223648 E,14,1,S,S,V
2019-10-07 12:06:06,19.4,2403,0.01,25.0,77.0,----,----,33.932813 S,151.223657 E,12,1,S,S,V
2019-10-07 12:06:10,18.6,2385,0.00,25.0,77.0,----,----,33.932808 S,151.223662 E,11,1,S,S,V
2019-10-07 12:13:28,26.4,2544,0.05,24.3,75.8,----,----,33.933267 S,151.224352 E,14,1,S,S,V
2019-10-07 12:13:35,18.3,2379,0.01,24.3,75.8,----,----,33.933317 S,151.224323 E,13,1,S,S,V
2019-10-07 12:13:41,22.8,2472,0.01,24.3,75.8,----,----,33.933357 S,151.224300 E,14,1,S,S,V
2019-10-07 12:13:46,23.2,2479,0.02,24.3,75.8,----,----,33.933368 S,151.224292 E,15,1,S,S,V
2019-10-07 12:13:52,21.8,2450,0.02,24.3,75.8,----,----,33.933383 S,151.224280 E,15,1,S,S,V
2019-10-07 12:13:58,24.4,2504,0.04,24.3,75.7,----,----,33.933410 S,151.224265 E,15,1,S,S,V
2019-10-07 12:14:03,23.6,2487,0.04,24.3,75.7,----,----,33.933440 S,151.224263 E,15,1,S,S,V
2019-10-07 12:14:10,20.8,2430,0.00,24.3,75.7,----,----,33.933472 S,151.224323 E,14,1,S,S,V
2019-10-07 12:14:22,24.8,2512,0.03,24.3,75.8,----,----,33.933450 S,151.224418 E,14,1,S,S,V
2019-10-07 13:04:34,12.5,2262,0.00,25.8,78.5,----,----,00.000000 N,000.000000 W,0,0,S,S,V
2019-10-07 13:04:39,13.6,2284,0.00,25.8,78.5,----,----,00.000000 N,000.000000 W,0,0,S,S,V
2019-10-07 13:20:05,14.1,2295,0.00,26.8,80.3,----,----,00.000000 N,000.000000 W,0,0,S,S,V
2019-10-07 13:20:11,18.4,2381,0.04,26.8,80.3,----,----,00.000000 N,000.000000 W,0,0,S,S,V
2019-10-07 13:20:15,24.2,2500,0.08,26.8,80.2,----,----,00.000000 N,000.000000 W,0,0,S,S,V
2019-10-07 13:20:22,24.7,2510,0.10,26.7,80.1,----,----,00.000000 N,000.000000 W,0,0,S,S,V
2019-10-07 13:20:28,23.5,2485,0.06,26.7,80.1,----,----,00.000000 N,000.000000 W,0,0,S,S,V
2019-10-07 13:20:34,19.9,2413,0.05,26.7,80.0,----,----,00.000000 N,000.000000 W,0,0,S,S,V
2019-10-07 13:20:43,20.4,2422,0.05,26.6,80.0,----,----,00.000000 N,000.000000 W,0,0,S,S,V
2019-10-08 11:25:38,17.9,2371,0.00,23.3,74.0,----,----,00.000000 N,000.000000 W,0,0,S,S,V
2019-10-08 11:25:41,17.9,2371,0.04,23.3,74.0,----,----,00.000000 N,000.000000 W,0,0,S,S,V
2019-10-08 11:25:44,19.5,2404,0.00,23.3,74.0,----,----,00.000000 N,000.000000 W,0,0,S,S,V
2019-10-08 11:25:49,18.2,2377,0.00,23.3,74.0,----,----,00.000000 N,000.000000 W,0,0,S,S,V
2019-10-08 11:25:52,16.4,2341,0.00,23.4,74.1,----,----,00.000000 N,000.000000 W,0,0,S,S,V
2019-10-08 11:25:56,17.8,2369,0.04,23.4,74.2,----,----,00.000000 N,000.000000 W,0,0,S,S,V
2019-10-08 11:25:59,13.7,2285,0.00,23.4,74.2,----,----,00.000000 N,000.000000 W,0,0,S,S,V
2019-10-08 11:26:02,16.0,2332,0.00,23.5,74.3,----,----,00.000000 N,000.000000 W,0,0,S,S,V
2019-10-08 11:26:05,15.1,2315,0.00,23.5,74.3,----,----,00.000000 N,000.000000 W,0,0,S,S,V
2019-10-08 11:26:10,13.2,2276,0.01,23.5,74.4,----,----,00.000000 N,000.000000 W,0,0,S,S,V
2019-10-08 11:26:14,13.8,2289,0.00,23.6,74.5,----,----,00.000000 N,000.000000 W,0,0,S,S,V
2019-10-08 11:26:16,16.4,2341,0.00,23.6,74.6,----,----,00.000000 N,000.000000 W,0,0,S,S,V
2019-10-08 11:26:29,12.5,2261,0.00,23.8,74.8,----,----,00.000000 N,000.000000 W,0,0,S,S,V
2019-10-08 11:26:38,14.2,2297,0.02,23.9,75.0,----,----,00.000000 N,000.000000 W,0,0,S,S,V
2019-10-08 11:26:43,13.5,2281,0.00,23.9,75.1,----,----,00.000000 N,000.000000 W,0,0,S,S,V
2019-10-08 11:26:46,12.7,2265,0.00,24.0,75.2,----,----,00.000000 N,000.000000 W,0,0,S,S,V
2019-10-08 11:26:53,17.1,2355,0.02,24.0,75.3,----,----,00.000000 N,000.000000 W,0,0,S,S,V
2019-10-08 11:27:00,18.1,2376,0.02,24.1,75.5,----,----,00.000000 N,000.000000 W,0,0,S,S,V
2019-10-08 11:27:08,18.1,2376,0.02,24.2,75.5,----,----,00.000000 N,000.000000 W,0,0,S,S,V
2019-10-08 11:27:11,21.7,2448,0.00,24.2,75.6,----,----,00.000000 N,000.000000 W,0,0,S,S,V
2019-10-08 11:27:15,22.4,2464,0.03,24.2,75.6,----,----,00.000000 N,000.000000 W,0,0,S,S,V
2019-10-08 11:27:21,19.3,2400,0.00,24.3,75.7,----,----,00.000000 N,000.000000 W,0,0,S,S,V
2019-10-08 11:27:25,16.7,2348,0.00,24.3,75.8,----,----,00.000000 N,000.000000 W,0,0,S,S,V
2019-10-08 11:27:31,13.7,2285,0.00,24.4,75.9,----,----,00.000000 N,000.000000 W,0,0,S,S,V
2019-10-08 11:27:36,15.1,2315,0.00,24.4,76.0,----,----,00.000000 N,000.000000 W,0,0,S,S,V
2019-10-08 11:39:35,19.5,2405,0.02,29.8,85.6,----,----,00.000000 N,000.000000 W,0,0,S,S,V
2019-10-08 11:39:39,22.3,2462,0.00,29.8,85.6,----,----,00.000000 N,000.000000 W,0,0,S,S,V
2019-10-08 11:39:42,22.3,2462,0.06,29.8,85.6,----,----,00.000000 N,000.000000 W,0,0,S,S,V
2019-10-08 11:39:49,19.4,2403,0.00,29.7,85.5,----,----,00.000000 N,000.000000 W,0,0,S,S,V
2019-10-08 11:39:54,18.1,2375,0.00,29.6,85.3,----,----,00.000000 N,000.000000 W,0,0,S,S,V
2019-10-08 11:39:57,11.9,2249,0.00,29.5,85.2,----,----,00.000000 N,000.000000 W,0,0,S,S,V
2019-10-08 11:40:01,23.0,2476,0.02,29.4,85.0,----,----,00.000000 N,000.000000 W,0,0,S,S,V
2019-10-08 11:40:05,19.0,2394,0.00,29.3,84.9,----,----,00.000000 N,000.000000 W,0,0,S,S,V
2019-10-08 11:40:14,21.2,2439,0.00,29.1,84.5,----,----,00.000000 N,000.000000 W,0,0,S,S,V
2019-10-08 11:40:20,23.8,2491,0.05,29.0,84.2,----,----,00.000000 N,000.000000 W,0,0,S,S,V
2019-10-08 11:40:26,17.3,2359,0.00,28.9,84.0,----,----,00.000000 N,000.000000 W,0,0,S,S,V
2019-10-08 11:40:30,21.8,2451,0.03,28.8,83.9,----,----,00.000000 N,000.000000 W,0,0,S,S,V
2019-10-08 11:40:34,21.9,2453,0.03,28.7,83.7,----,----,00.000000 N,000.000000 W,0,0,S,S,V
2019-10-08 11:40:38,21.8,2450,0.06,28.7,83.6,----,----,00.000000 N,000.000000 W,0,0,S,S,V
2019-10-08 11:40:42,27.5,2567,0.06,28.6,83.5,----,----,00.000000 N,000.000000 W,0,0,S,S,V
2019-10-08 11:40:50,19.2,2398,0.00,28.4,83.2,----,----,00.000000 N,000.000000 W,0,0,S,S,V
2019-10-08 11:40:53,15.3,2318,0.00,28.4,83.2,----,----,00.000000 N,000.000000 W,0,0,S,S,V
2019-10-08 11:40:57,16.0,2332,0.00,28.3,83.0,----,----,00.000000 N,000.000000 W,0,0,S,S,V
2019-10-08 11:41:03,20.5,2425,0.01,28.3,82.9,----,----,00.000000 N,000.000000 W,0,0,S,S,V
2019-10-08 11:44:27,22.1,2458,0.01,28.5,83.3,----,----,00.000000 N,000.000000 W,0,0,S,S,V
2019-10-08 11:44:38,13.2,2276,0.00,28.6,83.5,----,----,00.000000 N,000.000000 W,0,0,S,S,V
2019-10-08 11:44:42,18.5,2383,0.00,28.6,83.5,----,----,00.000000 N,000.000000 W,0,0,S,S,V
2019-10-08 11:44:48,13.6,2283,0.00,28.6,83.5,----,----,00.000000 N,000.000000 W,0,0,S,S,V
2019-10-08 11:44:54,16.1,2335,0.00,28.6,83.6,----,----,00.000000 N,000.000000 W,0,0,S,S,V
2019-10-08 11:45:03,07.4,2157,0.00,28.7,83.7,----,----,00.000000 N,000.000000 W,0,0,S,S,V
2019-10-08 11:45:13,17.7,2368,0.00,28.7,83.7,----,----,00.000000 N,000.000000 W,0,0,S,S,V
2019-10-08 11:55:16,17.7,2368,0.00,28.3,83.0,----,----,00.000000 N,000.000000 W,0,0,S,S,V
2019-10-08 11:55:32,14.5,2303,0.00,28.3,83.0,----,----,00.000000 N,000.000000 W,0,0,S,S,V
2019-10-08 11:55:45,07.2,2154,0.00,28.4,83.1,----,----,00.000000 N,000.000000 W,0,0,S,S,V
2019-10-08 12:06:23,21.7,2448,0.00,32.0,89.7,----,----,33.933952 S,151.222007 E,14,1,S,S,V
2019-10-08 12:06:28,19.9,2413,0.01,32.0,89.7,----,----,33.933962 S,151.221998 E,15,1,S,S,V
2019-10-08 12:06:33,20.8,2431,0.04,32.0,89.7,----,----,33.933980 S,151.221983 E,16,1,S,S,V
2019-10-08 12:06:36,24.7,2511,0.02,32.0,89.6,----,----,33.933993 S,151.221985 E,16,1,S,S,V
2019-10-08 12:06:39,22.1,2458,0.00,31.9,89.5,----,----,33.934007 S,151.221985 E,15,1,S,S,V
2019-10-08 12:06:44,20.3,2421,0.00,31.8,89.3,----,----,33.934015 S,151.221970 E,15,1,S,S,V
2019-10-08 12:06:48,17.9,2372,0.00,31.8,89.2,----,----,33.934028 S,151.221943 E,13,1,S,S,V
2019-10-08 12:06:56,15.9,2331,0.00,31.6,88.9,----,----,33.934053 S,151.221925 E,14,1,S,S,V
2019-10-08 12:07:17,19.9,2413,0.01,31.1,88.1,----,----,33.934092 S,151.221882 E,15,1,S,S,V
2019-10-08 12:09:17,16.4,2341,0.00,29.6,85.3,----,----,33.935720 S,151.220413 E,16,1,S,S,V
2019-10-08 12:09:22,14.9,2311,0.00,29.6,85.3,----,----,33.935688 S,151.220410 E,15,1,S,S,V
2019-10-08 12:09:26,19.4,2402,0.00,29.6,85.2,----,----,33.935672 S,151.220418 E,15,1,S,S,V
2019-10-08 12:09:32,13.4,2279,0.00,29.5,85.2,----,----,33.935633 S,151.220435 E,14,1,S,S,V
2019-10-08 12:09:36,14.6,2304,0.00,29.5,85.1,----,----,33.935615 S,151.220450 E,16,1,S,S,V
2019-10-08 12:09:46,16.2,2336,0.00,29.4,85.0,----,----,33.935532 S,151.220515 E,16,1,S,S,V
2019-10-08 12:09:53,16.6,2345,0.00,29.4,84.9,----,----,33.935572 S,151.220487 E,17,1,S,S,V
2019-10-08 12:10:02,15.4,2321,0.00,29.4,84.9,----,----,33.935552 S,151.220428 E,16,1,S,S,V
2019-10-08 12:10:09,16.6,2345,0.00,29.3,84.8,----,----,33.935562 S,151.220340 E,15,1,S,S,V
2019-10-08 12:10:15,09.3,2197,0.00,29.3,84.7,----,----,33.935618 S,151.220340 E,15,1,S,S,V
2019-10-08 12:10:19,19.0,2394,0.02,29.3,84.7,----,----,33.935635 S,151.220325 E,15,1,S,S,V
2019-10-08 12:10:23,22.7,2470,0.02,29.3,84.7,----,----,33.935647 S,151.220317 E,15,1,S,S,V
2019-10-08 12:19:50,15.5,2322,0.00,31.4,88.6,----,----,00.000000 N,000.000000 W,0,0,S,S,V
2019-10-08 12:19:54,11.4,2240,0.00,31.4,88.6,----,----,00.000000 N,000.000000 W,0,0,S,S,V
2019-10-08 12:19:57,11.5,2242,0.00,31.4,88.6,----,----,00.000000 N,000.000000 W,0,0,S,S,V
2019-10-08 12:19:59,08.2,2175,0.00,31.4,88.6,----,----,00.000000 N,000.000000 W,0,0,S,S,V
2019-10-08 12:20:02,10.9,2228,0.00,31.4,88.6,----,----,00.000000 N,000.000000 W,0,0,S,S,V
2019-10-08 12:20:05,11.3,2238,0.00,31.4,88.6,----,----,00.000000 N,000.000000 W,0,0,S,S,V
2019-10-08 12:20:07,09.9,2209,0.00,31.4,88.6,----,----,00.000000 N,000.000000 W,0,0,S,S,V
2019-10-08 12:20:09,12.0,2251,0.00,31.4,88.5,----,----,00.000000 N,000.000000 W,0,0,S,S,V
2019-10-08 12:20:12,09.3,2196,0.00,31.4,88.5,----,----,00.000000 N,000.000000 W,0,0,S,S,V
2019-10-08 12:20:15,07.7,2164,0.00,31.3,88.4,----,----,00.000000 N,000.000000 W,0,0,S,S,V
2019-10-08 12:20:17,11.0,2231,0.00,31.3,88.4,----,----,00.000000 N,000.000000 W,0,0,S,S,V
2019-10-08 12:20:20,10.0,2211,0.00,31.3,88.4,----,----,00.000000 N,000.000000 W,0,0,S,S,V
2019-10-08 12:20:25,09.6,2203,0.00,31.3,88.4,----,----,00.000000 N,000.000000 W,0,0,S,S,V
2019-10-08 12:20:28,08.4,2178,0.00,31.3,88.4,----,----,00.000000 N,000.000000 W,0,0,S,S,V
2019-10-08 12:20:31,09.1,2192,0.00,31.3,88.3,----,----,00.000000 N,000.000000 W,0,0,S,S,V
2019-10-08 12:20:33,12.7,2265,0.00,31.3,88.3,----,----,00.000000 N,000.000000 W,0,0,S,S,V
2019-10-08 12:20:37,10.7,2225,0.00,31.3,88.3,----,----,00.000000 N,000.000000 W,0,0,S,S,V
2019-10-08 12:20:39,10.2,2214,0.00,31.3,88.3,----,----,00.000000 N,000.000000 W,0,0,S,S,V
2019-10-08 12:20:41,07.7,2164,0.00,31.2,88.3,----,----,00.000000 N,000.000000 W,0,0,S,S,V
2019-10-08 12:20:45,13.4,2279,0.00,31.2,88.3,----,----,00.000000 N,000.000000 W,0,0,S,S,V
2019-10-08 12:20:48,09.4,2198,0.00,31.2,88.2,----,----,00.000000 N,000.000000 W,0,0,S,S,V
2019-10-08 12:20:50,09.1,2192,0.00,31.2,88.2,----,----,00.000000 N,000.000000 W,0,0,S,S,V
2019-10-08 12:24:20,16.4,2341,0.00,29.9,85.8,----,----,00.000000 N,000.000000 W,0,0,S,S,V
2019-10-08 12:24:25,17.9,2371,0.00,29.8,85.7,----,----,00.000000 N,000.000000 W,0,0,S,S,V
2019-10-08 12:24:30,16.8,2349,0.00,29.8,85.7,----,----,00.000000 N,000.000000 W,0,0,S,S,V
2019-10-08 12:24:40,15.0,2312,0.00,29.8,85.6,----,----,00.000000 N,000.000000 W,0,0,S,S,V
2019-10-08 12:24:43,12.0,2251,0.00,29.8,85.6,----,----,00.000000 N,000.000000 W,0,0,S,S,V
2019-10-08 12:24:49,14.6,2304,0.00,29.7,85.6,----,----,00.000000 N,000.000000 W,0,0,S,S,V
2019-10-08 12:31:50,17.1,2356,0.01,25.6,78.2,----,----,00.000000 N,000.000000 W,0,0,S,S,V
2019-10-08 12:31:54,16.9,2351,0.00,25.6,78.1,----,----,00.000000 N,000.000000 W,0,0,S,S,V
2019-10-08 12:32:00,12.5,2262,0.00,25.6,78.0,----,----,00.000000 N,000.000000 W,0,0,S,S,V
2019-10-08 12:32:08,16.8,2350,0.00,25.5,77.9,----,----,00.000000 N,000.000000 W,0,0,S,S,V
2019-10-08 12:41:11,14.7,2307,0.00,23.1,73.6,----,----,00.000000 N,000.000000 W,0,0,S,S,V
2019-10-08 12:41:15,15.0,2312,0.00,23.1,73.6,----,----,00.000000 N,000.000000 W,0,0,S,S,V
2019-10-08 12:41:19,19.3,2400,0.02,23.1,73.6,----,----,00.000000 N,000.000000 W,0,0,S,S,V
2019-10-08 12:41:25,14.2,2297,0.00,23.1,73.6,----,----,00.000000 N,000.000000 W,0,0,S,S,V
2019-10-08 12:42:03,11.6,2243,0.00,23.0,73.4,----,----,00.000000 N,000.000000 W,0,0,S,S,V
2019-10-08 12:42:06,21.6,2446,0.05,23.0,73.4,----,----,00.000000 N,000.000000 W,0,0,S,S,V
2019-10-08 12:42:17,19.0,2394,0.00,23.0,73.4,----,----,00.000000 N,000.000000 W,0,0,S,S,V
2019-10-08 12:42:21,15.9,2331,0.00,22.9,73.3,----,----,00.000000 N,000.000000 W,0,0,S,S,V
2019-10-08 12:42:26,13.7,2285,0.00,22.9,73.3,----,----,00.000000 N,000.000000 W,0,0,S,S,V
2019-10-08 12:42:29,16.4,2342,0.00,22.9,73.3,----,----,00.000000 N,000.000000 W,0,0,S,S,V
2019-10-08 12:42:41,20.4,2423,0.01,22.9,73.2,----,----,00.000000 N,000.000000 W,0,0,S,S,V
2019-10-08 12:42:43,18.1,2375,0.00,22.9,73.2,----,----,00.000000 N,000.000000 W,0,0,S,S,V
2019-10-08 12:42:50,18.2,2378,0.02,22.8,73.2,----,----,00.000000 N,000.000000 W,0,0,S,S,V
2019-10-08 12:50:23,11.9,2250,0.00,23.1,73.6,----,----,00.000000 N,000.000000 W,0,0,S,S,V
2019-10-08 12:50:30,13.5,2282,0.00,23.1,73.7,----,----,00.000000 N,000.000000 W,0,0,S,S,V
2019-10-08 12:50:34,12.8,2268,0.00,23.1,73.7,----,----,00.000000 N,000.000000 W,0,0,S,S,V
2019-10-08 12:50:41,10.5,2221,0.00,23.2,73.7,----,----,00.000000 N,000.000000 W,0,0,S,S,V
2019-10-08 12:50:46,11.8,2247,0.00,23.2,73.8,----,----,00.000000 N,000.000000 W,0,0,S,S,V
2019-10-08 12:50:56,12.4,2260,0.00,23.2,73.8,----,----,00.000000 N,000.000000 W,0,0,S,S,V
2019-10-08 12:51:07,12.5,2261,0.00,23.3,73.9,----,----,00.000000 N,000.000000 W,0,0,S,S,V
2019-10-08 12:51:19,10.3,2217,0.00,23.3,74.0,----,----,00.000000 N,000.000000 W,0,0,S,S,V
2019-10-08 12:51:27,09.7,2205,0.00,23.3,74.0,----,----,00.000000 N,000.000000 W,0,0,S,S,V
2019-10-08 12:51:34,13.9,2291,0.00,23.3,74.0,----,----,00.000000 N,000.000000 W,0,0,S,S,V
2019-10-08 12:51:43,06.5,2140,0.00,23.3,74.0,----,----,00.000000 N,000.000000 W,0,0,S,S,V
2019-10-08 12:51:46,07.1,2151,0.00,23.3,74.0,----,----,00.000000 N,000.000000 W,0,0,S,S,V
2019-10-08 12:55:09,13.8,2288,0.00,23.0,73.4,----,----,33.933322 S,151.225153 E,11,1,S,S,V
2019-10-08 12:55:17,10.7,2225,0.00,23.0,73.4,----,----,33.933337 S,151.225173 E,11,1,S,S,V
2019-10-08 12:56:42,13.2,2276,0.00,22.6,72.7,----,----,33.934785 S,151.224763 E,13,1,S,S,V
2019-10-08 13:00:44,10.2,2215,0.00,22.0,71.6,----,----,00.000000 N,000.000000 W,0,0,S,S,V
2019-10-08 13:00:50,13.7,2287,0.00,22.0,71.6,----,----,00.000000 N,000.000000 W,0,0,S,S,V
2019-10-08 13:01:22,10.7,2225,0.00,22.0,71.6,----,----,33.939043 S,151.223403 E,6,1,S,S,V
2019-10-08 13:01:27,08.8,2187,0.00,22.0,71.6,----,----,33.939010 S,151.223400 E,9,1,S,S,V
2019-10-08 13:01:34,10.0,2211,0.00,22.0,71.6,----,----,33.938962 S,151.223412 E,9,1,S,S,V
2019-10-08 13:01:38,10.2,2214,0.00,22.0,71.6,----,----,33.938913 S,151.223422 E,10,1,S,S,V
2019-10-08 13:01:50,06.1,2131,0.00,22.0,71.6,----,----,33.938927 S,151.223523 E,9,1,S,S,V
2019-10-08 13:01:54,04.2,2093,0.00,22.0,71.6,----,----,33.938930 S,151.223552 E,8,1,S,S,V
2019-10-08 13:13:15,16.8,2349,0.00,22.6,72.7,----,----,00.000000 N,000.000000 W,0,0,S,S,V
2019-10-08 13:13:22,09.7,2205,0.00,22.6,72.8,----,----,00.000000 N,000.000000 W,0,0,S,S,V
2019-10-08 13:13:31,12.9,2269,0.00,22.7,72.9,----,----,00.000000 N,000.000000 W,0,0,S,S,V
2019-10-08 13:13:36,15.2,2316,0.00,22.7,73.0,----,----,00.000000 N,000.000000 W,0,0,S,S,V
2019-10-08 13:13:49,10.7,2225,0.00,22.8,73.1,----,----,00.000000 N,000.000000 W,0,0,S,S,V
2019-10-08 13:13:54,14.2,2297,0.06,22.9,73.2,----,----,00.000000 N,000.000000 W,0,0,S,S,V
2019-10-08 13:14:06,13.8,2288,0.03,23.0,73.4,----,----,00.000000 N,000.000000 W,0,0,S,S,V
2019-10-09 03:41:50,21.2,2438,0.04,14.7,58.5,----,----,00.000000 N,000.000000 W,0,0,S,S,V
2019-10-09 03:41:53,12.0,2251,0.00,14.7,58.5,----,----,00.000000 N,000.000000 W,0,0,S,S,V
2019-10-09 03:41:56,11.3,2238,0.00,14.7,58.5,----,----,00.000000 N,000.000000 W,0,0,S,S,V
2019-10-09 03:41:59,14.2,2297,0.00,14.7,58.4,----,----,00.000000 N,000.000000 W,0,0,S,S,V
2019-10-09 03:42:01,15.1,2314,0.05,14.7,58.4,----,----,00.000000 N,000.000000 W,0,0,S,S,V
2019-10-09 03:42:04,16.0,2332,0.02,14.7,58.4,----,----,00.000000 N,000.000000 W,0,0,S,S,V
2019-10-09 03:42:07,17.9,2372,0.06,14.6,58.4,----,----,00.000000 N,000.000000 W,0,0,S,S,V
2019-10-09 03:42:10,19.7,2409,0.09,14.6,58.4,----,----,00.000000 N,000.000000 W,0,0,S,S,V
2019-10-09 03:42:13,15.4,2321,0.03,14.6,58.3,----,----,00.000000 N,000.000000 W,0,0,S,S,V
2019-10-09 03:42:15,10.1,2213,0.00,14.6,58.3,----,----,00.000000 N,000.000000 W,0,0,S,S,V
2019-10-09 03:42:18,13.1,2274,0.01,14.6,58.2,----,----,00.000000 N,000.000000 W,0,0,S,S,V
2019-10-09 03:42:21,15.7,2326,0.04,14.5,58.2,----,----,00.000000 N,000.000000 W,0,0,S,S,V
2019-10-09 03:42:23,18.1,2376,0.01,14.5,58.2,----,----,00.000000 N,000.000000 W,0,0,S,S,V
2019-10-09 03:42:26,18.1,2375,0.06,14.5,58.1,----,----,00.000000 N,000.000000 W,0,0,S,S,V
2019-10-09 03:42:29,12.4,2260,0.03,14.4,58.0,----,----,00.000000 N,000.000000 W,0,0,S,S,V
2019-10-09 03:42:32,13.2,2275,0.03,14.4,58.0,----,----,00.000000 N,000.000000 W,0,0,S,S,V
2019-10-09 03:42:34,19.4,2403,0.09,14.4,58.0,----,----,00.000000 N,000.000000 W,0,0,S,S,V
2019-10-09 03:42:37,12.4,2260,0.06,14.4,57.9,----,----,00.000000 N,000.000000 W,0,0,S,S,V
2019-10-09 03:42:40,15.4,2321,0.05,14.4,57.9,----,----,00.000000 N,000.000000 W,0,0,S,S,V
2019-10-09 03:42:43,14.2,2296,0.03,14.3,57.8,----,----,00.000000 N,000.000000 W,0,0,S,S,V
2019-10-09 03:42:47,20.0,2415,0.08,14.3,57.8,----,----,00.000000 N,000.000000 W,0,0,S,S,V
2019-10-09 03:42:50,07.0,2149,0.10,14.3,57.8,----,----,00.000000 N,000.000000 W,0,0,S,S,V
2019-10-09 03:56:37,17.1,2355,0.02,11.0,51.9,----,----,00.000000 N,000.000000 W,0,0,S,S,V
2019-10-09 03:56:44,16.6,2346,0.07,11.0,51.8,----,----,00.000000 N,000.000000 W,0,0,S,S,V
2019-10-09 03:56:47,20.9,2433,0.09,11.0,51.8,----,----,00.000000 N,000.000000 W,0,0,S,S,V
2019-10-09 03:56:51,13.0,2272,0.00,11.0,51.8,----,----,00.000000 N,000.000000 W,0,0,S,S,V
2019-10-09 03:56:54,13.6,2284,0.02,11.0,51.8,----,----,00.000000 N,000.000000 W,0,0,S,S,V
2019-10-09 03:56:57,09.3,2197,0.01,11.0,51.8,----,----,00.000000 N,000.000000 W,0,0,S,S,V
2019-10-09 03:57:00,15.6,2325,0.02,11.0,51.8,----,----,00.000000 N,000.000000 W,0,0,S,S,V
2019-10-09 03:57:03,12.3,2257,0.04,11.0,51.8,----,----,00.000000 N,000.000000 W,0,0,S,S,V
2019-10-09 03:57:05,25.1,2518,0.11,10.9,51.7,----,----,00.000000 N,000.000000 W,0,0,S,S,V
2019-10-09 03:57:08,20.3,2421,0.08,10.9,51.7,----,----,00.000000 N,000.000000 W,0,0,S,S,V
2019-10-09 03:57:11,18.8,2389,0.06,10.9,51.7,----,----,00.000000 N,000.000000 W,0,0,S,S,V
2019-10-09 03:57:14,17.7,2368,0.05,10.9,51.7,----,----,00.000000 N,000.000000 W,0,0,S,S,V
2019-10-09 03:57:16,15.3,2318,0.02,10.9,51.7,----,----,00.000000 N,000.000000 W,0,0,S,S,V
2019-10-09 03:57:19,13.8,2289,0.03,10.9,51.7,----,----,00.000000 N,000.000000 W,0,0,S,S,V
2019-10-09 03:57:22,15.8,2328,0.01,10.9,51.7,----,----,00.000000 N,000.000000 W,0,0,S,S,V
2019-10-09 03:57:25,13.8,2289,0.03,10.9,51.7,----,----,00.000000 N,000.000000 W,0,0,S,S,V
2019-10-09 03:57:28,16.0,2332,0.03,10.9,51.6,----,----,00.000000 N,000.000000 W,0,0,S,S,V
2019-10-09 03:57:30,18.3,2379,0.03,10.9,51.6,----,----,00.000000 N,000.000000 W,0,0,S,S,V
2019-10-09 03:57:33,17.4,2362,0.03,10.9,51.7,----,----,00.000000 N,000.000000 W,0,0,S,S,V
2019-10-09 03:57:36,16.3,2339,0.00,10.9,51.6,----,----,00.000000 N,000.000000 W,0,0,S,S,V
2019-10-09 03:57:39,18.8,2390,0.01,10.9,51.6,----,----,00.000000 N,000.000000 W,0,0,S,S,V
2019-10-09 03:57:42,15.3,2318,0.03,10.9,51.6,----,----,00.000000 N,000.000000 W,0,0,S,S,V
2019-10-09 03:57:45,16.8,2349,0.00,10.8,51.5,----,----,00.000000 N,000.000000 W,0,0,S,S,V
2019-10-09 03:57:48,19.0,2394,0.05,10.8,51.5,----,----,00.000000 N,000.000000 W,0,0,S,S,V
2019-10-09 03:57:51,17.9,2372,0.05,10.8,51.5,----,----,00.000000 N,000.000000 W,0,0,S,S,V
2019-10-09 03:57:54,21.3,2441,0.05,10.8,51.5,----,----,00.000000 N,000.000000 W,0,0,S,S,V
2019-10-09 03:57:56,16.9,2351,0.07,10.8,51.5,----,----,00.000000 N,000.000000 W,0,0,S,S,V
2019-10-09 03:57:59,13.9,2291,0.05,10.8,51.5,----,----,00.000000 N,000.000000 W,0,0,S,S,V
2019-10-09 03:58:02,15.9,2331,0.03,10.8,51.5,----,----,00.000000 N,000.000000 W,0,0,S,S,V
2019-10-09 03:58:04,14.1,2294,0.07,10.8,51.5,----,----,00.000000 N,000.000000 W,0,0,S,S,V
2019-10-09 03:58:07,16.4,2342,0.07,10.8,51.5,----,----,00.000000 N,000.000000 W,0,0,S,S,V
2019-10-09 03:58:09,15.4,2321,0.05,10.8,51.4,----,----,00.000000 N,000.000000 W,0,0,S,S,V
2019-10-09 03:58:12,15.6,2325,0.00,10.8,51.4,----,----,00.000000 N,000.000000 W,0,0,S,S,V
2019-10-09 03:58:15,16.4,2342,0.02,10.8,51.5,----,----,00.000000 N,000.000000 W,0,0,S,S,V
2019-10-09 03:58:18,14.9,2310,0.04,10.8,51.4,----,----,00.000000 N,000.000000 W,0,0,S,S,V
2019-10-09 03:58:21,16.8,2350,0.05,10.8,51.4,----,----,00.000000 N,000.000000 W,0,0,S,S,V
2019-10-09 03:58:23,20.2,2418,0.05,10.8,51.5,----,----,00.000000 N,000.000000 W,0,0,S,S,V
2019-10-09 03:58:26,19.1,2396,0.06,10.8,51.4,----,----,00.000000 N,000.000000 W,0,0,S,S,V
2019-10-09 03:58:29,21.4,2443,0.09,10.7,51.4,----,----,00.000000 N,000.000000 W,0,0,S,S,V
2019-10-09 03:58:32,26.7,2550,0.10,10.8,51.4,----,----,00.000000 N,000.000000 W,0,0,S,S,V
2019-10-09 03:58:35,26.5,2547,0.12,10.7,51.4,----,----,00.000000 N,000.000000 W,0,0,S,S,V
2019-10-09 03:58:38,28.3,2583,0.12,10.7,51.4,----,----,00.000000 N,000.000000 W,0,0,S,S,V
2019-10-09 03:58:40,30.0,2619,0.15,10.7,51.3,----,----,00.000000 N,000.000000 W,0,0,S,S,V
2019-10-09 04:11:12,16.6,2346,0.02,10.1,50.2,----,----,00.000000 N,000.000000 W,0,0,S,S,V
2019-10-09 04:11:17,17.5,2363,0.08,10.1,50.2,----,----,00.000000 N,000.000000 W,0,0,S,S,V
2019-10-09 04:11:20,13.6,2284,0.01,10.1,50.2,----,----,00.000000 N,000.000000 W,0,0,S,S,V
2019-10-09 04:11:23,15.1,2314,0.03,10.1,50.2,----,----,00.000000 N,000.000000 W,0,0,S,S,V
2019-10-09 04:11:26,14.3,2299,0.04,10.1,50.2,----,----,00.000000 N,000.000000 W,0,0,S,S,V
2019-10-09 04:11:28,24.8,2512,0.00,10.1,50.2,----,----,00.000000 N,000.000000 W,0,0,S,S,V
2019-10-09 04:11:31,22.7,2470,0.09,10.1,50.2,----,----,00.000000 N,000.000000 W,0,0,S,S,V
2019-10-09 04:11:34,18.6,2385,0.04,10.1,50.1,----,----,00.000000 N,000.000000 W,0,0,S,S,V
2019-10-09 04:11:37,16.5,2344,0.06,10.1,50.1,----,----,00.000000 N,000.000000 W,0,0,S,S,V
2019-10-09 04:11:40,17.8,2369,0.09,10.1,50.1,----,----,00.000000 N,000.000000 W,0,0,S,S,V
2019-10-09 04:11:42,15.9,2330,0.04,10.1,50.1,----,----,00.000000 N,000.000000 W,0,0,S,S,V
2019-10-09 04:11:45,18.1,2375,0.02,10.0,50.1,----,----,00.000000 N,000.000000 W,0,0,S,S,V
2019-10-09 04:11:47,19.7,2409,0.03,10.0,50.1,----,----,00.000000 N,000.000000 W,0,0,S,S,V
2019-10-09 04:11:50,17.9,2371,0.08,10.0,50.1,----,----,00.000000 N,000.000000 W,0,0,S,S,V
2019-10-09 04:11:53,15.8,2328,0.07,10.0,50.1,----,----,00.000000 N,000.000000 W,0,0,S,S,V
2019-10-09 04:11:56,18.8,2389,0.06,10.0,50.1,----,----,00.000000 N,000.000000 W,0,0,S,S,V
2019-10-09 04:11:58,21.4,2443,0.07,10.0,50.1,----,----,00.000000 N,000.000000 W,0,0,S,S,V
2019-10-09 04:12:01,15.2,2317,0.03,10.0,50.1,----,----,00.000000 N,000.000000 W,0,0,S,S,V
2019-10-09 04:12:04,18.0,2373,0.04,10.0,50.1,----,----,00.000000 N,000.000000 W,0,0,S,S,V
2019-10-09 04:12:06,16.7,2348,0.00,10.0,50.0,----,----,00.000000 N,000.000000 W,0,0,S,S,V
2019-10-09 04:12:09,16.0,2332,0.04,09.9,49.9,----,----,00.000000 N,000.000000 W,0,0,S,S,V
2019-10-09 04:12:11,11.6,2243,0.09,10.0,50.0,----,----,00.000000 N,000.000000 W,0,0,S,S,V
2019-10-09 04:12:13,14.2,2297,0.00,10.0,50.0,----,----,00.000000 N,000.000000 W,0,0,S,S,V
2019-10-09 04:12:16,17.7,2368,0.05,10.0,50.0,----,----,00.000000 N,000.000000 W,0,0,S,S,V
2019-10-09 04:12:18,20.5,2425,0.02,10.0,50.0,----,----,00.000000 N,000.000000 W,0,0,S,S,V
2019-10-09 04:12:20,19.2,2399,0.03,09.9,49.9,----,----,00.000000 N,000.000000 W,0,0,S,S,V
2019-10-09 04:12:23,15.9,2330,0.06,10.0,50.0,----,----,00.000000 N,000.000000 W,0,0,S,S,V
2019-10-09 04:12:25,17.9,2372,0.03,09.9,49.9,----,----,00.000000 N,000.000000 W,0,0,S,S,V
2019-10-09 04:12:28,19.8,2411,0.06,09.9,49.9,----,----,00.000000 N,000.000000 W,0,0,S,S,V
2019-10-09 04:12:30,22.9,2473,0.10,09.9,49.9,----,----,00.000000 N,000.000000 W,0,0,S,S,V
2019-10-09 04:12:34,14.5,2303,0.00,09.9,49.9,----,----,00.000000 N,000.000000 W,0,0,S,S,V
2019-10-09 04:12:37,23.1,2478,0.14,09.9,49.9,----,----,00.000000 N,000.000000 W,0,0,S,S,V
2019-10-09 04:12:40,20.4,2423,0.06,09.9,49.9,----,----,00.000000 N,000.000000 W,0,0,S,S,V
2019-10-09 04:12:43,21.5,2444,0.07,09.9,49.9,----,----,00.000000 N,000.000000 W,0,0,S,S,V
2019-10-09 04:12:45,20.0,2415,0.05,09.9,49.9,----,----,00.000000 N,000.000000 W,0,0,S,S,V
2019-10-09 04:12:48,17.9,2371,0.09,09.9,49.9,----,----,00.000000 N,000.000000 W,0,0,S,S,V
2019-10-09 04:12:51,17.8,2370,0.05,09.9,49.9,----,----,00.000000 N,000.000000 W,0,0,S,S,V
2019-10-09 04:12:54,17.4,2361,0.00,09.9,49.9,----,----,00.000000 N,000.000000 W,0,0,S,S,V
2019-10-09 04:12:57,17.5,2363,0.03,09.9,49.9,----,----,00.000000 N,000.000000 W,0,0,S,S,V
2019-10-09 04:12:59,19.5,2404,0.07,09.9,49.9,----,----,00.000000 N,000.000000 W,0,0,S,S,V
2019-10-09 04:13:02,20.6,2426,0.09,09.9,49.9,----,----,00.000000 N,000.000000 W,0,0,S,S,V
2019-10-09 04:13:05,22.2,2460,0.07,09.9,49.9,----,----,00.000000 N,000.000000 W,0,0,S,S,V
2019-10-09 04:13:07,16.0,2332,0.04,09.9,49.9,----,----,00.000000 N,000.000000 W,0,0,S,S,V
2019-10-09 04:13:11,21.3,2441,0.02,09.9,49.9,----,----,00.000000 N,000.000000 W,0,0,S,S,V
2019-10-09 04:13:13,19.2,2399,0.04,09.9,49.8,----,----,00.000000 N,000.000000 W,0,0,S,S,V
2019-10-09 04:13:21,16.9,2351,0.06,09.9,49.8,----,----,00.000000 N,000.000000 W,0,0,S,S,V
2019-10-09 04:13:24,15.6,2325,0.05,09.9,49.8,----,----,33.944500 S,151.221607 E,5,1,S,S,V
2019-10-09 04:13:27,12.5,2261,0.04,09.9,49.8,----,----,33.944515 S,151.221608 E,5,1,S,S,V
2019-10-09 04:13:29,16.7,2348,0.05,09.8,49.8,----,----,33.944535 S,151.221627 E,5,1,S,S,V
2019-10-09 04:13:33,16.1,2334,0.06,09.9,49.9,----,----,33.944530 S,151.221638 E,5,1,S,S,V
2019-10-09 04:13:36,15.2,2316,0.02,09.9,49.8,----,----,33.944505 S,151.221645 E,5,1,S,S,V
2019-10-09 04:13:39,15.4,2320,0.06,09.8,49.8,----,----,33.944460 S,151.221648 E,5,1,S,S,V
2019-10-09 04:13:42,15.7,2326,0.05,09.8,49.8,----,----,33.944450 S,151.221623 E,5,1,S,S,V
2019-10-09 04:13:45,19.7,2409,0.07,09.8,49.8,----,----,33.944433 S,151.221587 E,5,1,S,S,V
2019-10-09 04:13:47,13.9,2291,0.04,09.8,49.8,----,----,33.944410 S,151.221562 E,5,1,S,S,V
2019-10-09 04:13:50,20.5,2425,0.04,09.8,49.7,----,----,33.944365 S,151.221528 E,5,1,S,S,V
2019-10-09 04:13:53,18.8,2389,0.05,09.9,49.8,----,----,33.944358 S,151.221505 E,5,1,S,S,V
2019-10-09 04:23:27,25.5,2526,0.08,09.7,49.5,----,----,00.000000 N,000.000000 W,0,0,S,S,V
2019-10-09 04:23:31,23.2,2479,0.07,09.7,49.5,----,----,00.000000 N,000.000000 W,0,0,S,S,V
2019-10-09 04:23:34,19.0,2394,0.05,09.7,49.5,----,----,00.000000 N,000.000000 W,0,0,S,S,V
2019-10-09 04:23:37,18.5,2384,0.07,09.7,49.5,----,----,00.000000 N,000.000000 W,0,0,S,S,V
2019-10-09 04:23:40,18.9,2392,0.09,09.7,49.5,----,----,00.000000 N,000.000000 W,0,0,S,S,V
2019-10-09 04:23:43,17.4,2361,0.02,09.7,49.5,----,----,00.000000 N,000.000000 W,0,0,S,S,V
2019-10-09 04:23:47,19.2,2399,0.04,09.7,49.5,----,----,00.000000 N,000.000000 W,0,0,S,S,V
2019-10-09 04:23:49,17.2,2357,0.04,09.7,49.5,----,----,00.000000 N,000.000000 W,0,0,S,S,V
2019-10-09 04:23:53,17.4,2361,0.03,09.7,49.5,----,----,00.000000 N,000.000000 W,0,0,S,S,V
2019-10-09 04:24:14,21.2,2438,0.08,09.7,49.4,----,----,00.000000 N,000.000000 W,0,0,S,S,V
2019-10-09 04:24:18,21.5,2445,0.06,09.6,49.3,----,----,00.000000 N,000.000000 W,0,0,S,S,V
2019-10-09 04:24:21,21.2,2439,0.03,09.6,49.4,----,----,00.000000 N,000.000000 W,0,0,S,S,V
2019-10-09 04:24:24,18.9,2391,0.05,09.6,49.4,----,----,00.000000 N,000.000000 W,0,0,S,S,V
2019-10-09 04:24:26,15.9,2331,0.04,09.6,49.3,----,----,00.000000 N,000.000000 W,0,0,S,S,V
2019-10-09 04:24:29,15.1,2315,0.04,09.6,49.4,----,----,00.000000 N,000.000000 W,0,0,S,S,V
2019-10-09 04:24:32,22.5,2465,0.06,09.6,49.3,----,----,00.000000 N,000.000000 W,0,0,S,S,V
2019-10-09 04:24:35,19.9,2413,0.04,09.6,49.3,----,----,00.000000 N,000.000000 W,0,0,S,S,V
2019-10-09 04:24:38,12.6,2264,0.02,09.6,49.3,----,----,00.000000 N,000.000000 W,0,0,S,S,V
2019-10-09 04:24:40,17.0,2353,0.05,09.6,49.3,----,----,00.000000 N,000.000000 W,0,0,S,S,V
2019-10-09 04:24:43,19.1,2395,0.05,09.6,49.3,----,----,00.000000 N,000.000000 W,0,0,S,S,V
2019-10-09 04:24:46,22.4,2463,0.10,09.6,49.3,----,----,00.000000 N,000.000000 W,0,0,S,S,V
2019-10-09 04:24:49,17.5,2364,0.07,09.6,49.2,----,----,00.000000 N,000.000000 W,0,0,S,S,V
2019-10-09 04:24:52,17.8,2369,0.03,09.6,49.3,----,----,00.000000 N,000.000000 W,0,0,S,S,V
2019-10-09 04:24:55,17.5,2363,0.05,09.6,49.2,----,----,00.000000 N,000.000000 W,0,0,S,S,V
2019-10-09 04:24:58,20.4,2422,0.05,09.5,49.2,----,----,00.000000 N,000.000000 W,0,0,S,S,V
2019-10-09 04:25:00,19.1,2396,0.06,09.5,49.1,----,----,00.000000 N,000.000000 W,0,0,S,S,V
2019-10-09 04:25:03,17.4,2362,0.05,09.6,49.2,----,----,00.000000 N,000.000000 W,0,0,S,S,V
2019-10-09 04:25:06,11.0,2230,0.07,09.5,49.1,----,----,00.000000 N,000.000000 W,0,0,S,S,V
2019-10-09 04:25:08,13.1,2274,0.01,09.5,49.2,----,----,00.000000 N,000.000000 W,0,0,S,S,V
2019-10-09 04:25:11,18.5,2384,0.05,09.5,49.1,----,----,00.000000 N,000.000000 W,0,0,S,S,V
2019-10-09 04:25:13,16.1,2334,0.04,09.5,49.1,----,----,00.000000 N,000.000000 W,0,0,S,S,V
2019-10-09 04:25:16,17.8,2370,0.04,09.5,49.2,----,----,00.000000 N,000.000000 W,0,0,S,S,V
2019-10-09 04:25:19,26.1,2538,0.09,09.5,49.1,----,----,00.000000 N,000.000000 W,0,0,S,S,V
2019-10-09 04:25:22,21.7,2448,0.09,09.5,49.1,----,----,00.000000 N,000.000000 W,0,0,S,S,V
2019-10-09 04:25:25,20.5,2424,0.04,09.5,49.1,----,----,00.000000 N,000.000000 W,0,0,S,S,V
2019-10-09 04:25:28,21.5,2445,0.06,09.5,49.1,----,----,00.000000 N,000.000000 W,0,0,S,S,V
2019-10-09 04:25:31,18.9,2392,0.06,09.5,49.1,----,----,00.000000 N,000.000000 W,0,0,S,S,V
2019-10-09 04:25:33,20.9,2433,0.05,09.5,49.1,----,----,00.000000 N,000.000000 W,0,0,S,S,V
2019-10-09 04:25:36,23.4,2483,0.08,09.5,49.1,----,----,00.000000 N,000.000000 W,0,0,S,S,V
2019-10-09 04:25:39,24.4,2504,0.09,09.5,49.1,----,----,00.000000 N,000.000000 W,0,0,S,S,V
2019-10-09 04:25:42,27.4,2566,0.12,09.4,49.0,----,----,00.000000 N,000.000000 W,0,0,S,S,V
2019-10-09 04:25:45,18.6,2385,0.04,09.4,49.0,----,----,00.000000 N,000.000000 W,0,0,S,S,V
2019-10-09 04:25:47,19.4,2402,0.03,09.4,49.0,----,----,00.000000 N,000.000000 W,0,0,S,S,V
2019-10-09 04:25:50,23.7,2489,0.10,09.4,49.0,----,----,00.000000 N,000.000000 W,0,0,S,S,V
2019-10-09 04:25:53,16.4,2342,0.06,09.4,49.0,----,----,00.000000 N,000.000000 W,0,0,S,S,V
2019-10-09 04:25:55,22.2,2460,0.09,09.4,49.0,----,----,00.000000 N,000.000000 W,0,0,S,S,V
2019-10-09 04:25:58,19.2,2399,0.09,09.4,48.9,----,----,00.000000 N,000.000000 W,0,0,S,S,V
2019-10-09 04:26:00,17.3,2359,0.03,09.4,49.0,----,----,00.000000 N,000.000000 W,0,0,S,S,V
2019-10-09 04:26:03,17.2,2358,0.02,09.4,49.0,----,----,00.000000 N,000.000000 W,0,0,S,S,V
2019-10-09 04:26:06,19.1,2395,0.05,09.4,49.0,----,----,00.000000 N,000.000000 W,0,0,S,S,V
2019-10-09 04:26:08,16.5,2344,0.02,09.4,49.0,----,----,00.000000 N,000.000000 W,0,0,S,S,V
2019-10-09 04:26:13,18.1,2376,0.04,09.4,48.9,----,----,00.000000 N,000.000000 W,0,0,S,S,V
2019-10-09 04:26:16,24.0,2495,0.09,09.4,48.9,----,----,00.000000 N,000.000000 W,0,0,S,S,V
2019-10-09 04:37:43,10.9,2229,0.00,09.3,48.7,----,----,00.000000 N,000.000000 W,0,0,S,S,V
2019-10-09 04:37:47,08.2,2175,0.00,09.3,48.7,----,----,00.000000 N,000.000000 W,0,0,S,S,V
2019-10-09 04:37:49,11.0,2230,0.00,09.2,48.7,----,----,00.000000 N,000.000000 W,0,0,S,S,V
2019-10-09 04:37:52,09.4,2198,0.00,09.3,48.7,----,----,00.000000 N,000.000000 W,0,0,S,S,V
2019-10-09 04:37:55,12.3,2257,0.00,09.3,48.7,----,----,00.000000 N,000.000000 W,0,0,S,S,V
2019-10-09 04:37:57,10.7,2224,0.00,09.3,48.7,----,----,00.000000 N,000.000000 W,0,0,S,S,V
2019-10-09 04:38:00,10.0,2210,0.00,09.3,48.7,----,----,00.000000 N,000.000000 W,0,0,S,S,V
2019-10-09 04:38:03,09.3,2196,0.00,09.3,48.7,----,----,00.000000 N,000.000000 W,0,0,S,S,V
2019-10-09 04:38:05,10.2,2214,0.00,09.3,48.7,----,----,00.000000 N,000.000000 W,0,0,S,S,V
2019-10-09 04:38:08,07.2,2154,0.00,09.2,48.7,----,----,00.000000 N,000.000000 W,0,0,S,S,V
2019-10-09 04:38:11,09.9,2208,0.00,09.3,48.8,----,----,00.000000 N,000.000000 W,0,0,S,S,V
2019-10-09 04:38:13,11.0,2231,0.00,09.3,48.7,----,----,00.000000 N,000.000000 W,0,0,S,S,V
2019-10-09 04:38:17,12.9,2269,0.00,09.3,48.8,----,----,00.000000 N,000.000000 W,0,0,S,S,V
2019-10-09 04:38:21,08.4,2178,0.00,09.3,48.8,----,----,00.000000 N,000.000000 W,0,0,S,S,V
2019-10-09 04:38:24,09.1,2192,0.00,09.3,48.7,----,----,00.000000 N,000.000000 W,0,0,S,S,V
2019-10-09 04:38:27,11.0,2231,0.00,09.3,48.8,----,----,00.000000 N,000.000000 W,0,0,S,S,V
2019-10-09 04:38:29,05.3,2115,0.00,09.3,48.8,----,----,00.000000 N,000.000000 W,0,0,S,S,V
2019-10-09 04:38:32,09.5,2201,0.00,09.3,48.7,----,----,00.000000 N,000.000000 W,0,0,S,S,V
2019-10-09 04:38:34,09.9,2208,0.00,09.3,48.7,----,----,00.000000 N,000.000000 W,0,0,S,S,V
2019-10-09 04:55:19,13.8,2289,0.00,09.3,48.8,----,----,00.000000 N,000.000000 W,0,0,S,S,V
2019-10-09 04:55:22,08.7,2184,0.00,09.3,48.8,----,----,00.000000 N,000.000000 W,0,0,S,S,V
2019-10-09 04:55:25,07.7,2164,0.00,09.3,48.8,----,----,00.000000 N,000.000000 W,0,0,S,S,V
2019-10-09 04:55:28,09.6,2202,0.00,09.3,48.8,----,----,00.000000 N,000.000000 W,0,0,S,S,V
2019-10-09 04:55:31,08.7,2184,0.00,09.3,48.9,----,----,00.000000 N,000.000000 W,0,0,S,S,V
2019-10-09 04:55:34,07.6,2162,0.00,09.3,48.9,----,----,00.000000 N,000.000000 W,0,0,S,S,V
2019-10-09 04:55:36,09.5,2200,0.00,09.3,48.8,----,----,00.000000 N,000.000000 W,0,0,S,S,V
2019-10-09 04:55:39,09.2,2194,0.00,09.3,48.8,----,----,00.000000 N,000.000000 W,0,0,S,S,V
2019-10-09 04:55:42,08.1,2171,0.00,09.3,48.9,----,----,00.000000 N,000.000000 W,0,0,S,S,V
2019-10-09 04:55:44,07.5,2160,0.00,09.3,48.9,----,----,00.000000 N,000.000000 W,0,0,S,S,V
2019-10-09 04:55:47,07.1,2151,0.00,09.3,48.8,----,----,00.000000 N,000.000000 W,0,0,S,S,V
2019-10-09 04:55:50,07.6,2162,0.00,09.3,48.8,----,----,00.000000 N,000.000000 W,0,0,S,S,V
2019-10-09 04:55:54,09.5,2201,0.00,09.3,48.7,----,----,00.000000 N,000.000000 W,0,0,S,S,V
2019-10-09 04:55:57,07.3,2155,0.00,09.3,48.8,----,----,00.000000 N,000.000000 W,0,0,S,S,V
2019-10-09 04:55:59,08.6,2183,0.00,09.3,48.8,----,----,00.000000 N,000.000000 W,0,0,S,S,V
2019-10-09 04:56:02,06.6,2141,0.00,09.3,48.8,----,----,00.000000 N,000.000000 W,0,0,S,S,V
2019-10-09 04:56:05,09.6,2202,0.00,09.3,48.8,----,----,00.000000 N,000.000000 W,0,0,S,S,V
2019-10-09 04:56:07,14.3,2299,0.00,09.3,48.8,----,----,00.000000 N,000.000000 W,0,0,S,S,V
2019-10-09 05:07:19,13.7,2287,0.01,09.2,48.6,----,----,00.000000 N,000.000000 W,0,0,S,S,V
2019-10-09 05:07:22,15.3,2318,0.01,09.2,48.6,----,----,00.000000 N,000.000000 W,0,0,S,S,V
2019-10-09 05:07:25,11.3,2238,0.00,09.2,48.7,----,----,00.000000 N,000.000000 W,0,0,S,S,V
2019-10-09 05:07:29,13.4,2279,0.00,09.2,48.7,----,----,00.000000 N,000.000000 W,0,0,S,S,V
2019-10-09 05:07:34,14.6,2305,0.00,09.2,48.7,----,----,00.000000 N,000.000000 W,0,0,S,S,V
2019-10-09 05:07:37,11.2,2236,0.02,09.2,48.7,----,----,00.000000 N,000.000000 W,0,0,S,S,V
2019-10-09 05:07:39,15.3,2318,0.00,09.2,48.7,----,----,00.000000 N,000.000000 W,0,0,S,S,V
2019-10-09 05:07:42,11.8,2247,0.01,09.2,48.7,----,----,00.000000 N,000.000000 W,0,0,S,S,V
2019-10-09 05:07:45,11.2,2235,0.00,09.3,48.7,----,----,00.000000 N,000.000000 W,0,0,S,S,V
2019-10-09 05:07:47,11.6,2243,0.00,09.2,48.6,----,----,00.000000 N,000.000000 W,0,0,S,S,V
2019-10-09 05:07:50,13.8,2288,0.00,09.2,48.6,----,----,00.000000 N,000.000000 W,0,0,S,S,V
2019-10-09 05:07:53,08.6,2183,0.00,09.2,48.7,----,----,00.000000 N,000.000000 W,0,0,S,S,V
2019-10-09 05:07:56,12.4,2260,0.00,09.2,48.6,----,----,00.000000 N,000.000000 W,0,0,S,S,V
2019-10-09 05:07:58,11.3,2237,0.00,09.2,48.7,----,----,00.000000 N,000.000000 W,0,0,S,S,V
2019-10-09 05:08:01,13.0,2272,0.00,09.2,48.7,----,----,00.000000 N,000.000000 W,0,0,S,S,V
2019-10-09 05:08:03,12.9,2270,0.00,09.2,48.6,----,----,00.000000 N,000.000000 W,0,0,S,S,V
2019-10-09 05:08:06,13.1,2274,0.01,09.2,48.7,----,----,00.000000 N,000.000000 W,0,0,S,S,V
2019-10-09 05:08:09,12.1,2254,0.00,09.2,48.7,----,----,00.000000 N,000.000000 W,0,0,S,S,V
2019-10-09 05:08:12,10.4,2219,0.01,09.2,48.6,----,----,00.000000 N,000.000000 W,0,0,S,S,V
2019-10-09 05:08:14,03.5,2079,0.00,09.2,48.6,----,----,00.000000 N,000.000000 W,0,0,S,S,V
2019-10-09 05:08:17,12.6,2264,0.01,09.2,48.6,----,----,00.000000 N,000.000000 W,0,0,S,S,V
2019-10-09 05:08:19,12.7,2265,0.00,09.2,48.6,----,----,00.000000 N,000.000000 W,0,0,S,S,V
2019-10-09 05:08:22,06.6,2141,0.00,09.1,48.5,----,----,00.000000 N,000.000000 W,0,0,S,S,V
2019-10-09 05:08:24,10.9,2228,0.00,09.2,48.6,----,----,00.000000 N,000.000000 W,0,0,S,S,V
2019-10-09 05:08:27,11.0,2231,0.00,09.2,48.6,----,----,00.000000 N,000.000000 W,0,0,S,S,V
2019-10-09 05:08:29,10.2,2215,0.00,09.2,48.6,----,----,00.000000 N,000.000000 W,0,0,S,S,V
2019-10-09 05:08:32,11.9,2250,0.00,09.2,48.7,----,----,00.000000 N,000.000000 W,0,0,S,S,V
2019-10-09 05:08:35,14.2,2296,0.00,09.1,48.5,----,----,00.000000 N,000.000000 W,0,0,S,S,V
2019-10-09 05:08:38,09.2,2195,0.00,09.2,48.6,----,----,00.000000 N,000.000000 W,0,0,S,S,V
2019-10-09 05:08:41,10.8,2227,0.00,09.2,48.6,----,----,00.000000 N,000.000000 W,0,0,S,S,V
2019-10-09 05:08:43,13.2,2275,0.00,09.2,48.6,----,----,00.000000 N,000.000000 W,0,0,S,S,V
2019-10-09 05:08:45,07.6,2162,0.00,09.2,48.6,----,----,00.000000 N,000.000000 W,0,0,S,S,V
2019-10-09 05:08:48,07.4,2157,0.00,09.1,48.5,----,----,00.000000 N,000.000000 W,0,0,S,S,V
2019-10-09 05:08:51,06.1,2131,0.00,09.2,48.6,----,----,00.000000 N,000.000000 W,0,0,S,S,V
2019-10-09 05:08:53,10.6,2222,0.00,09.2,48.6,----,----,00.000000 N,000.000000 W,0,0,S,S,V
2019-10-09 05:08:56,11.6,2244,0.01,09.2,48.6,----,----,00.000000 N,000.000000 W,0,0,S,S,V
2019-10-09 05:08:58,08.3,2176,0.00,09.2,48.6,----,----,00.000000 N,000.000000 W,0,0,S,S,V
2019-10-09 05:09:01,12.4,2260,0.00,09.2,48.6,----,----,00.000000 N,000.000000 W,0,0,S,S,V
2019-10-09 05:09:04,08.3,2177,0.00,09.1,48.5,----,----,00.000000 N,000.000000 W,0,0,S,S,V
2019-10-09 05:09:06,10.4,2219,0.00,09.2,48.5,----,----,00.000000 N,000.000000 W,0,0,S,S,V
2019-10-09 05:09:09,11.9,2250,0.00,09.2,48.6,----,----,00.000000 N,000.000000 W,0,0,S,S,V
2019-10-09 05:09:11,14.2,2297,0.01,09.2,48.5,----,----,00.000000 N,000.000000 W,0,0,S,S,V
2019-10-09 05:09:14,09.7,2205,0.00,09.2,48.6,----,----,00.000000 N,000.000000 W,0,0,S,S,V
2019-10-09 05:09:17,07.7,2164,0.00,09.2,48.6,----,----,00.000000 N,000.000000 W,0,0,S,S,V
2019-10-09 05:09:20,10.9,2229,0.03,09.1,48.4,----,----,00.000000 N,000.000000 W,0,0,S,S,V
2019-10-09 05:09:23,10.6,2223,0.00,09.2,48.5,----,----,00.000000 N,000.000000 W,0,0,S,S,V
2019-10-09 05:09:25,11.0,2230,0.00,09.1,48.5,----,----,00.000000 N,000.000000 W,0,0,S,S,V
2019-10-09 05:09:28,08.3,2177,0.00,09.2,48.5,----,----,00.000000 N,000.000000 W,0,0,S,S,V
2019-10-09 05:09:30,13.3,2277,0.00,09.1,48.5,----,----,00.000000 N,000.000000 W,0,0,S,S,V
2019-10-09 05:09:33,13.8,2288,0.00,09.1,48.4,----,----,00.000000 N,000.000000 W,0,0,S,S,V
2019-10-09 05:09:36,14.2,2297,0.01,09.2,48.5,----,----,00.000000 N,000.000000 W,0,0,S,S,V
2019-10-09 05:09:38,10.2,2214,0.00,09.1,48.5,----,----,00.000000 N,000.000000 W,0,0,S,S,V
2019-10-09 05:09:42,13.0,2272,0.00,09.1,48.5,----,----,00.000000 N,000.000000 W,0,0,S,S,V
2019-10-09 05:09:45,18.5,2384,0.01,09.2,48.5,----,----,00.000000 N,000.000000 W,0,0,S,S,V
2019-10-09 05:20:40,22.9,2473,0.03,09.1,48.4,----,----,00.000000 N,000.000000 W,0,0,S,S,V
2019-10-09 05:20:43,20.2,2418,0.04,09.1,48.4,----,----,00.000000 N,000.000000 W,0,0,S,S,V
2019-10-09 05:20:46,20.5,2424,0.05,09.1,48.5,----,----,00.000000 N,000.000000 W,0,0,S,S,V
2019-10-09 05:20:48,20.2,2419,0.04,09.1,48.4,----,----,00.000000 N,000.000000 W,0,0,S,S,V
2019-10-09 05:20:51,20.8,2431,0.03,09.1,48.4,----,----,00.000000 N,000.000000 W,0,0,S,S,V
2019-10-09 05:20:54,23.8,2492,0.05,09.1,48.5,----,----,00.000000 N,000.000000 W,0,0,S,S,V
2019-10-09 05:20:56,18.9,2392,0.04,09.1,48.4,----,----,00.000000 N,000.000000 W,0,0,S,S,V
2019-10-09 05:20:59,17.0,2353,0.00,09.1,48.4,----,----,00.000000 N,000.000000 W,0,0,S,S,V
2019-10-09 05:21:01,19.2,2398,0.00,09.0,48.3,----,----,00.000000 N,000.000000 W,0,0,S,S,V
2019-10-09 05:21:03,14.3,2298,0.02,09.1,48.4,----,----,00.000000 N,000.000000 W,0,0,S,S,V
2019-10-09 05:21:06,18.5,2384,0.07,09.1,48.4,----,----,00.000000 N,000.000000 W,0,0,S,S,V
2019-10-09 05:21:08,21.7,2449,0.05,09.1,48.4,----,----,00.000000 N,000.000000 W,0,0,S,S,V
2019-10-09 05:21:11,18.5,2383,0.05,09.1,48.4,----,----,00.000000 N,000.000000 W,0,0,S,S,V
2019-10-09 05:21:13,17.6,2365,0.00,09.1,48.4,----,----,00.000000 N,000.000000 W,0,0,S,S,V
2019-10-09 05:21:16,14.6,2305,0.03,09.1,48.4,----,----,00.000000 N,000.000000 W,0,0,S,S,V
2019-10-09 05:21:18,15.0,2312,0.03,09.1,48.4,----,----,00.000000 N,000.000000 W,0,0,S,S,V
2019-10-09 05:21:20,14.7,2307,0.02,09.0,48.3,----,----,00.000000 N,000.000000 W,0,0,S,S,V
2019-10-09 05:21:22,13.7,2287,0.02,09.1,48.4,----,----,00.000000 N,000.000000 W,0,0,S,S,V
2019-10-09 05:21:24,14.2,2297,0.02,09.1,48.4,----,----,00.000000 N,000.000000 W,0,0,S,S,V
2019-10-09 05:21:27,15.9,2330,0.08,09.1,48.4,----,----,00.000000 N,000.000000 W,0,0,S,S,V
2019-10-09 05:21:29,16.2,2337,0.02,09.0,48.3,----,----,00.000000 N,000.000000 W,0,0,S,S,V
2019-10-09 05:21:32,19.5,2405,0.01,09.1,48.4,----,----,00.000000 N,000.000000 W,0,0,S,S,V
2019-10-09 05:21:34,15.1,2314,0.03,09.1,48.4,----,----,00.000000 N,000.000000 W,0,0,S,S,V
2019-10-09 05:21:37,19.8,2411,0.03,09.0,48.3,----,----,00.000000 N,000.000000 W,0,0,S,S,V
2019-10-09 05:21:40,19.5,2404,0.00,09.1,48.4,----,----,00.000000 N,000.000000 W,0,0,S,S,V
2019-10-09 05:21:43,15.4,2320,0.03,09.1,48.4,----,----,00.000000 N,000.000000 W,0,0,S,S,V
2019-10-09 05:21:46,20.5,2424,0.01,09.0,48.3,----,----,00.000000 N,000.000000 W,0,0,S,S,V
2019-10-09 05:21:48,18.9,2392,0.05,09.1,48.4,----,----,00.000000 N,000.000000 W,0,0,S,S,V
2019-10-09 05:21:51,18.2,2378,0.05,09.0,48.3,----,----,00.000000 N,000.000000 W,0,0,S,S,V
2019-10-09 05:21:54,18.8,2390,0.02,09.1,48.4,----,----,00.000000 N,000.000000 W,0,0,S,S,V
2019-10-09 05:21:56,24.1,2498,0.04,09.0,48.3,----,----,00.000000 N,000.000000 W,0,0,S,S,V
2019-10-09 05:21:59,17.8,2370,0.05,09.1,48.4,----,----,00.000000 N,000.000000 W,0,0,S,S,V
2019-10-09 05:22:02,13.9,2291,0.02,09.1,48.4,----,----,00.000000 N,000.000000 W,0,0,S,S,V
2019-10-09 05:22:04,12.8,2268,0.01,09.1,48.4,----,----,00.000000 N,000.000000 W,0,0,S,S,V
2019-10-09 05:27:10,18.6,2385,0.00,09.0,48.3,----,----,00.000000 N,000.000000 W,0,0,S,S,V
2019-10-09 05:27:13,17.0,2353,0.00,09.0,48.3,----,----,00.000000 N,000.000000 W,0,0,S,S,V
2019-10-09 05:27:17,15.4,2321,0.00,09.1,48.4,----,----,00.000000 N,000.000000 W,0,0,S,S,V
2019-10-09 05:27:20,16.2,2337,0.01,09.0,48.3,----,----,00.000000 N,000.000000 W,0,0,S,S,V
2019-10-09 05:27:22,15.8,2329,0.04,09.0,48.2,----,----,00.000000 N,000.000000 W,0,0,S,S,V
2019-10-09 05:27:26,16.1,2335,0.00,09.0,48.3,----,----,00.000000 N,000.000000 W,0,0,S,S,V
2019-10-09 05:27:30,16.2,2337,0.01,09.0,48.2,----,----,00.000000 N,000.000000 W,0,0,S,S,V
2019-10-09 05:27:33,19.9,2413,0.00,09.0,48.3,----,----,00.000000 N,000.000000 W,0,0,S,S,V
2019-10-09 05:27:47,21.2,2439,0.04,09.0,48.3,----,----,00.000000 N,000.000000 W,0,0,S,S,V
2019-10-09 05:27:59,17.1,2356,0.02,09.0,48.2,----,----,00.000000 N,000.000000 W,0,0,S,S,V
2019-10-09 05:28:02,17.1,2355,0.02,09.0,48.2,----,----,00.000000 N,000.000000 W,0,0,S,S,V
2019-10-09 05:28:14,15.0,2312,0.00,09.0,48.3,----,----,00.000000 N,000.000000 W,0,0,S,S,V
2019-10-09 05:28:27,14.9,2311,0.00,09.0,48.2,----,----,00.000000 N,000.000000 W,0,0,S,S,V
2019-10-09 05:28:33,14.9,2310,0.02,09.0,48.2,----,----,00.000000 N,000.000000 W,0,0,S,S,V
2019-10-09 05:28:39,18.7,2388,0.03,09.0,48.2,----,----,00.000000 N,000.000000 W,0,0,S,S,V
2019-10-09 05:28:41,17.9,2372,0.05,09.0,48.2,----,----,00.000000 N,000.000000 W,0,0,S,S,V
2019-10-09 05:28:44,16.5,2343,0.04,09.0,48.2,----,----,00.000000 N,000.000000 W,0,0,S,S,V
2019-10-09 05:28:48,19.5,2405,0.03,09.0,48.2,----,----,00.000000 N,000.000000 W,0,0,S,S,V
2019-10-09 05:28:50,16.1,2334,0.02,09.0,48.2,----,----,00.000000 N,000.000000 W,0,0,S,S,V
2019-10-09 05:28:53,17.1,2355,0.03,09.0,48.3,----,----,00.000000 N,000.000000 W,0,0,S,S,V
2019-10-09 05:28:55,19.9,2413,0.03,09.0,48.2,----,----,00.000000 N,000.000000 W,0,0,S,S,V
2019-10-09 05:28:58,17.1,2356,0.01,09.0,48.2,----,----,00.000000 N,000.000000 W,0,0,S,S,V
2019-10-09 05:29:01,17.5,2363,0.01,09.0,48.2,----,----,00.000000 N,000.000000 W,0,0,S,S,V
2019-10-09 05:29:04,15.4,2320,0.03,09.0,48.2,----,----,00.000000 N,000.000000 W,0,0,S,S,V
2019-10-09 05:29:06,17.2,2358,0.04,09.0,48.2,----,----,00.000000 N,000.000000 W,0,0,S,S,V
2019-10-09 05:29:09,19.9,2413,0.03,09.0,48.2,----,----,00.000000 N,000.000000 W,0,0,S,S,V
2019-10-09 05:29:11,23.1,2477,0.06,09.0,48.2,----,----,00.000000 N,000.000000 W,0,0,S,S,V
2019-10-09 05:29:15,18.8,2389,0.03,09.0,48.2,----,----,00.000000 N,000.000000 W,0,0,S,S,V
2019-10-09 05:29:17,19.2,2398,0.04,09.0,48.2,----,----,00.000000 N,000.000000 W,0,0,S,S,V
2019-10-09 05:29:20,21.5,2445,0.03,09.0,48.2,----,----,00.000000 N,000.000000 W,0,0,S,S,V
2019-10-09 05:29:23,19.5,2405,0.03,09.0,48.2,----,----,00.000000 N,000.000000 W,0,0,S,S,V
2019-10-09 05:29:26,17.9,2372,0.00,09.0,48.2,----,----,00.000000 N,000.000000 W,0,0,S,S,V
2019-10-09 05:29:28,16.2,2336,0.00,09.0,48.2,----,----,00.000000 N,000.000000 W,0,0,S,S,V
2019-10-09 05:29:31,24.4,2503,0.06,09.0,48.2,----,----,00.000000 N,000.000000 W,0,0,S,S,V
2019-10-09 05:35:57,15.9,2330,0.03,08.9,48.1,----,----,00.000000 N,000.000000 W,0,0,S,S,V
2019-10-09 05:36:00,17.1,2356,0.02,08.9,48.1,----,----,00.000000 N,000.000000 W,0,0,S,S,V
2019-10-09 05:36:03,15.9,2330,0.02,08.9,48.1,----,----,00.000000 N,000.000000 W,0,0,S,S,V
2019-10-09 05:36:05,17.1,2355,0.01,08.9,48.1,----,----,00.000000 N,000.000000 W,0,0,S,S,V
2019-10-09 05:36:07,19.9,2413,0.03,08.9,48.1,----,----,00.000000 N,000.000000 W,0,0,S,S,V
2019-10-09 05:36:10,22.5,2466,0.06,08.9,48.1,----,----,00.000000 N,000.000000 W,0,0,S,S,V
2019-10-09 05:36:12,23.0,2476,0.04,08.9,48.1,----,----,00.000000 N,000.000000 W,0,0,S,S,V
2019-10-09 05:36:15,25.6,2529,0.09,08.9,48.1,----,----,00.000000 N,000.000000 W,0,0,S,S,V
2019-10-09 05:36:18,24.6,2509,0.08,08.9,48.1,----,----,00.000000 N,000.000000 W,0,0,S,S,V
2019-10-09 05:36:20,18.9,2391,0.03,08.9,48.0,----,----,00.000000 N,000.000000 W,0,0,S,S,V
2019-10-09 05:36:22,15.4,2320,0.05,08.9,48.1,----,----,00.000000 N,000.000000 W,0,0,S,S,V
2019-10-09 05:36:25,20.9,2432,0.04,08.9,48.1,----,----,00.000000 N,000.000000 W,0,0,S,S,V
2019-10-09 05:36:27,19.2,2398,0.04,08.9,48.1,----,----,00.000000 N,000.000000 W,0,0,S,S,V
2019-10-09 05:36:29,20.8,2430,0.00,08.9,48.1,----,----,00.000000 N,000.000000 W,0,0,S,S,V
2019-10-09 05:36:30,00.0,1972,0.00,08.9,48.1,----,----,00.000000 N,000.000000 W,0,0,S,S,V
2019-10-09 05:36:32,14.7,2307,0.05,08.9,48.1,----,----,00.000000 N,000.000000 W,0,0,S,S,V
2019-10-09 05:36:35,21.7,2448,0.09,08.9,48.1,----,----,00.000000 N,000.000000 W,0,0,S,S,V
2019-10-09 05:36:37,19.4,2402,0.02,08.9,48.1,----,----,00.000000 N,000.000000 W,0,0,S,S,V
2019-10-09 05:36:39,21.2,2438,0.04,08.9,48.1,----,----,00.000000 N,000.000000 W,0,0,S,S,V
2019-10-09 05:36:41,23.5,2485,0.04,08.9,48.1,----,----,00.000000 N,000.000000 W,0,0,S,S,V
2019-10-09 05:36:43,14.2,2297,0.03,08.9,48.1,----,----,00.000000 N,000.000000 W,0,0,S,S,V
2019-10-09 05:36:45,15.6,2324,0.02,08.9,48.1,----,----,00.000000 N,000.000000 W,0,0,S,S,V
2019-10-09 05:36:47,19.6,2406,0.03,08.9,48.1,----,----,00.000000 N,000.000000 W,0,0,S,S,V
2019-10-09 05:36:49,11.2,2235,0.03,08.9,48.1,----,----,00.000000 N,000.000000 W,0,0,S,S,V
2019-10-09 05:36:51,15.6,2325,0.02,08.9,48.1,----,----,00.000000 N,000.000000 W,0,0,S,S,V
2019-10-09 05:36:54,15.9,2330,0.02,08.9,48.0,----,----,00.000000 N,000.000000 W,0,0,S,S,V
2019-10-09 05:36:56,13.9,2291,0.02,08.9,48.1,----,----,00.000000 N,000.000000 W,0,0,S,S,V
2019-10-09 05:36:59,15.1,2315,0.00,08.9,48.0,----,----,00.000000 N,000.000000 W,0,0,S,S,V
2019-10-09 05:43:41,18.9,2392,0.00,09.3,48.7,----,----,00.000000 N,000.000000 W,0,0,S,S,V
2019-10-09 05:43:44,14.3,2299,0.00,09.3,48.7,----,----,00.000000 N,000.000000 W,0,0,S,S,V
2019-10-09 05:43:47,21.7,2448,0.01,09.3,48.7,----,----,00.000000 N,000.000000 W,0,0,S,S,V
2019-10-09 05:43:50,22.2,2459,0.00,09.2,48.7,----,----,00.000000 N,000.000000 W,0,0,S,S,V
2019-10-09 05:43:52,19.7,2408,0.04,09.2,48.7,----,----,00.000000 N,000.000000 W,0,0,S,S,V
2019-10-09 05:43:55,19.2,2399,0.06,09.2,48.6,----,----,00.000000 N,000.000000 W,0,0,S,S,V
2019-10-09 05:43:58,21.5,2445,0.07,09.2,48.7,----,----,00.000000 N,000.000000 W,0,0,S,S,V
2019-10-09 05:44:01,17.4,2361,0.05,09.2,48.5,----,----,00.000000 N,000.000000 W,0,0,S,S,V
2019-10-09 05:44:04,18.9,2391,0.02,09.3,48.7,----,----,00.000000 N,000.000000 W,0,0,S,S,V
2019-10-09 05:44:11,14.7,2307,0.03,09.2,48.6,----,----,00.000000 N,000.000000 W,0,0,S,S,V
2019-10-09 05:44:14,14.7,2307,0.02,09.2,48.7,----,----,00.000000 N,000.000000 W,0,0,S,S,V
2019-10-09 05:44:17,14.6,2305,0.00,09.2,48.6,----,----,00.000000 N,000.000000 W,0,0,S,S,V
2019-10-09 05:44:19,15.6,2324,0.03,09.2,48.7,----,----,00.000000 N,000.000000 W,0,0,S,S,V
2019-10-09 05:44:21,17.3,2359,0.00,09.2,48.7,----,----,00.000000 N,000.000000 W,0,0,S,S,V
2019-10-09 05:44:24,19.3,2400,0.06,09.2,48.6,----,----,00.000000 N,000.000000 W,0,0,S,S,V
2019-10-09 05:44:26,17.4,2361,0.05,09.2,48.6,----,----,00.000000 N,000.000000 W,0,0,S,S,V
2019-10-09 05:44:29,17.0,2353,0.00,09.2,48.6,----,----,00.000000 N,000.000000 W,0,0,S,S,V
2019-10-09 05:44:32,19.4,2403,0.01,09.2,48.7,----,----,00.000000 N,000.000000 W,0,0,S,S,V
2019-10-09 05:44:34,16.8,2349,0.03,09.2,48.6,----,----,00.000000 N,000.000000 W,0,0,S,S,V
2019-10-09 05:44:37,13.8,2289,0.00,09.2,48.7,----,----,00.000000 N,000.000000 W,0,0,S,S,V
2019-10-09 05:44:40,16.1,2334,0.02,09.2,48.7,----,----,00.000000 N,000.000000 W,0,0,S,S,V
2019-10-09 05:44:42,16.7,2348,0.03,09.2,48.6,----,----,00.000000 N,000.000000 W,0,0,S,S,V
2019-10-09 05:44:45,18.4,2381,0.04,09.1,48.5,----,----,00.000000 N,000.000000 W,0,0,S,S,V
2019-10-09 05:44:47,15.7,2326,0.00,09.2,48.6,----,----,00.000000 N,000.000000 W,0,0,S,S,V
2019-10-09 05:44:50,12.0,2252,0.03,09.2,48.5,----,----,00.000000 N,000.000000 W,0,0,S,S,V
2019-10-09 05:44:52,15.8,2328,0.04,09.2,48.6,----,----,00.000000 N,000.000000 W,0,0,S,S,V
2019-10-09 05:44:55,19.7,2409,0.03,09.2,48.6,----,----,33.932417 S,151.223445 E,6,1,S,S,V
2019-10-09 05:44:58,22.7,2469,0.07,09.2,48.7,----,----,33.932418 S,151.223462 E,6,1,S,S,V
2019-10-09 05:45:00,22.4,2463,0.05,09.2,48.6,----,----,33.932405 S,151.223453 E,6,1,S,S,V
2019-10-09 05:45:03,16.8,2350,0.02,09.2,48.7,----,----,33.932378 S,151.223475 E,6,1,S,S,V
2019-10-09 05:45:05,18.2,2377,0.01,09.2,48.6,----,----,33.932360 S,151.223483 E,6,1,S,S,V
2019-10-09 05:45:08,16.6,2346,0.03,09.2,48.7,----,----,33.932362 S,151.223477 E,6,1,S,S,V
2019-10-09 05:45:11,17.4,2362,0.00,09.2,48.7,----,----,33.932375 S,151.223448 E,6,1,S,S,V
2019-10-09 05:45:13,18.1,2375,0.02,09.2,48.7,----,----,33.932372 S,151.223420 E,6,1,S,S,V
2019-10-09 05:45:16,18.1,2376,0.03,09.2,48.6,----,----,33.932418 S,151.223250 E,4,1,S,S,V
2019-10-09 05:45:19,15.0,2312,0.02,09.2,48.7,----,----,33.932418 S,151.223202 E,4,1,S,S,V
2019-10-09 05:45:21,19.2,2399,0.02,09.2,48.5,----,----,33.932408 S,151.223132 E,4,1,S,S,V
2019-10-09 05:45:23,22.0,2456,0.00,09.2,48.6,----,----,33.932393 S,151.223092 E,4,1,S,S,V
2019-10-09 05:45:26,14.4,2301,0.00,09.3,48.7,----,----,33.932403 S,151.223068 E,5,1,S,S,V
2019-10-09 05:45:28,19.7,2409,0.02,09.2,48.7,----,----,33.932405 S,151.223057 E,5,1,S,S,V
2019-10-09 05:45:30,20.2,2419,0.03,09.2,48.7,----,----,33.932403 S,151.223038 E,5,1,S,S,V
2019-10-09 05:45:32,16.5,2344,0.02,09.2,48.7,----,----,33.932407 S,151.223030 E,5,1,S,S,V
2019-10-09 05:45:35,14.3,2299,0.01,09.2,48.6,----,----,33.932418 S,151.223023 E,5,1,S,S,V
2019-10-09 05:45:37,16.0,2332,0.02,09.2,48.7,----,----,33.932442 S,151.223030 E,5,1,S,S,V
2019-10-09 05:45:40,10.0,2210,0.01,09.3,48.7,----,----,33.932468 S,151.223032 E,5,1,S,S,V
2019-10-09 05:45:43,13.5,2282,0.01,09.2,48.6,----,----,33.932482 S,151.223052 E,5,1,S,S,V
2019-10-09 05:54:19,23.2,2480,0.02,09.6,49.4,----,----,00.000000 N,000.000000 W,0,0,S,S,V
2019-10-09 05:54:22,19.0,2394,0.04,09.7,49.4,----,----,00.000000 N,000.000000 W,0,0,S,S,V
2019-10-09 05:54:25,24.0,2496,0.05,09.6,49.4,----,----,00.000000 N,000.000000 W,0,0,S,S,V
2019-10-09 05:54:27,24.5,2506,0.02,09.6,49.4,----,----,00.000000 N,000.000000 W,0,0,S,S,V
2019-10-09 05:54:29,23.4,2484,0.03,09.6,49.4,----,----,00.000000 N,000.000000 W,0,0,S,S,V
2019-10-09 05:54:32,20.6,2426,0.04,09.7,49.4,----,----,00.000000 N,000.000000 W,0,0,S,S,V
2019-10-09 05:54:34,16.8,2350,0.04,09.6,49.3,----,----,00.000000 N,000.000000 W,0,0,S,S,V
2019-10-09 05:54:36,19.2,2398,0.04,09.6,49.4,----,----,00.000000 N,000.000000 W,0,0,S,S,V
2019-10-09 05:54:38,14.3,2299,0.01,09.6,49.4,----,----,00.000000 N,000.000000 W,0,0,S,S,V
2019-10-09 05:54:41,19.3,2400,0.03,09.6,49.4,----,----,00.000000 N,000.000000 W,0,0,S,S,V
2019-10-09 05:54:43,16.8,2350,0.02,09.6,49.4,----,----,00.000000 N,000.000000 W,0,0,S,S,V
2019-10-09 05:54:45,15.4,2321,0.07,09.6,49.4,----,----,00.000000 N,000.000000 W,0,0,S,S,V
2019-10-09 05:54:49,20.1,2417,0.03,09.6,49.4,----,----,00.000000 N,000.000000 W,0,0,S,S,V
2019-10-09 05:54:54,18.4,2381,0.02,09.6,49.3,----,----,00.000000 N,000.000000 W,0,0,S,S,V
2019-10-09 05:55:02,18.2,2377,0.02,09.6,49.3,----,----,00.000000 N,000.000000 W,0,0,S,S,V
2019-10-09 05:55:37,19.4,2403,0.03,09.6,49.3,----,----,33.935633 S,151.220452 E,8,1,S,S,V
2019-10-09 05:55:40,16.6,2346,0.04,09.6,49.3,----,----,33.935620 S,151.220457 E,8,1,S,S,V
2019-10-09 05:55:43,17.0,2353,0.04,09.6,49.3,----,----,33.935623 S,151.220445 E,7,1,S,S,V
2019-10-09 05:55:46,12.6,2264,0.01,09.6,49.3,----,----,33.935622 S,151.220427 E,8,1,S,S,V
2019-10-09 05:55:48,17.4,2362,0.04,09.6,49.2,----,----,33.935612 S,151.220415 E,8,1,S,S,V
2019-10-09 05:55:52,17.7,2368,0.03,09.6,49.3,----,----,33.935608 S,151.220397 E,8,1,S,S,V
2019-10-09 05:55:56,16.4,2342,0.02,09.6,49.3,----,----,33.935592 S,151.220420 E,8,1,S,S,V
2019-10-09 05:55:59,16.9,2351,0.04,09.5,49.2,----,----,33.935583 S,151.220447 E,8,1,S,S,V
2019-10-09 05:56:02,17.8,2369,0.04,09.5,49.2,----,----,33.935585 S,151.220472 E,8,1,S,S,V
2019-10-09 05:56:04,20.1,2416,0.02,09.6,49.2,----,----,33.935592 S,151.220490 E,9,1,S,S,V
2019-10-09 05:56:07,19.5,2405,0.02,09.5,49.2,----,----,33.935590 S,151.220487 E,8,1,S,S,V
2019-10-09 05:56:09,25.5,2526,0.04,09.5,49.2,----,----,33.935573 S,151.220512 E,9,1,S,S,V
2019-10-09 05:56:11,24.2,2500,0.08,09.6,49.3,----,----,33.935563 S,151.220528 E,9,1,S,S,V
2019-10-09 05:56:14,30.2,2623,0.09,09.6,49.2,----,----,33.935535 S,151.220537 E,9,1,S,S,V
2019-10-09 05:56:17,16.6,2346,0.04,09.5,49.2,----,----,33.935508 S,151.220530 E,9,1,S,S,V
2019-10-09 05:56:20,23.5,2485,0.07,09.5,49.2,----,----,33.935490 S,151.220528 E,9,1,S,S,V
2019-10-09 05:56:22,16.6,2346,0.01,09.6,49.2,----,----,33.935483 S,151.220513 E,9,1,S,S,V
2019-10-09 05:56:24,20.8,2430,0.00,09.5,49.1,----,----,33.935483 S,151.220495 E,9,1,S,S,V
2019-10-09 05:56:28,16.7,2348,0.04,09.5,49.1,----,----,33.935500 S,151.220477 E,9,1,S,S,V
2019-10-09 06:02:19,14.1,2294,0.00,09.6,49.4,----,----,00.000000 N,000.000000 W,0,0,S,S,V
2019-10-09 06:02:27,17.1,2356,0.00,09.7,49.4,----,----,00.000000 N,000.000000 W,0,0,S,S,V
2019-10-09 06:02:30,11.1,2234,0.00,09.7,49.5,----,----,00.000000 N,000.000000 W,0,0,S,S,V
2019-10-09 06:02:33,13.2,2275,0.00,09.7,49.5,----,----,00.000000 N,000.000000 W,0,0,S,S,V
2019-10-09 06:02:35,13.2,2276,0.00,09.7,49.4,----,----,00.000000 N,000.000000 W,0,0,S,S,V
2019-10-09 06:02:38,08.8,2186,0.00,09.6,49.3,----,----,00.000000 N,000.000000 W,0,0,S,S,V
2019-10-09 06:02:41,08.3,2176,0.00,09.6,49.4,----,----,00.000000 N,000.000000 W,0,0,S,S,V
2019-10-09 06:02:44,14.3,2298,0.00,09.6,49.4,----,----,00.000000 N,000.000000 W,0,0,S,S,V
2019-10-09 06:02:46,12.1,2254,0.00,09.6,49.4,----,----,00.000000 N,000.000000 W,0,0,S,S,V
2019-10-09 06:02:49,12.9,2269,0.00,09.6,49.3,----,----,00.000000 N,000.000000 W,0,0,S,S,V
2019-10-09 06:02:52,15.6,2325,0.00,09.6,49.4,----,----,00.000000 N,000.000000 W,0,0,S,S,V
2019-10-09 06:02:54,15.1,2314,0.00,09.6,49.4,----,----,00.000000 N,000.000000 W,0,0,S,S,V
2019-10-09 06:02:57,07.9,2168,0.01,09.6,49.3,----,----,00.000000 N,000.000000 W,0,0,S,S,V
2019-10-09 06:03:09,08.6,2183,0.00,09.5,49.2,----,----,00.000000 N,000.000000 W,0,0,S,S,V
2019-10-09 06:03:48,13.9,2290,0.00,09.6,49.3,----,----,00.000000 N,000.000000 W,0,0,S,S,V
2019-10-09 06:03:51,14.4,2301,0.00,09.6,49.2,----,----,00.000000 N,000.000000 W,0,0,S,S,V
2019-10-09 06:03:54,11.3,2238,0.00,09.5,49.1,----,----,00.000000 N,000.000000 W,0,0,S,S,V
2019-10-09 06:03:57,14.6,2304,0.00,09.6,49.3,----,----,00.000000 N,000.000000 W,0,0,S,S,V
2019-10-09 06:03:59,09.6,2203,0.00,09.5,49.2,----,----,00.000000 N,000.000000 W,0,0,S,S,V
2019-10-09 06:04:03,10.5,2221,0.00,09.6,49.3,----,----,00.000000 N,000.000000 W,0,0,S,S,V
2019-10-09 06:04:05,15.2,2316,0.00,09.6,49.3,----,----,00.000000 N,000.000000 W,0,0,S,S,V
2019-10-09 06:04:08,13.8,2289,0.00,09.5,49.1,----,----,00.000000 N,000.000000 W,0,0,S,S,V
2019-10-09 06:04:12,11.9,2250,0.00,09.5,49.2,----,----,00.000000 N,000.000000 W,0,0,S,S,V
2019-10-09 06:15:36,18.5,2383,0.02,09.6,49.4,----,----,00.000000 N,000.000000 W,0,0,S,S,V
2019-10-09 06:15:41,21.8,2451,0.03,09.6,49.4,----,----,00.000000 N,000.000000 W,0,0,S,S,V
2019-10-09 06:15:43,19.5,2404,0.00,09.6,49.4,----,----,00.000000 N,000.000000 W,0,0,S,S,V
2019-10-09 06:15:46,18.6,2385,0.02,09.6,49.4,----,----,00.000000 N,000.000000 W,0,0,S,S,V
2019-10-09 06:15:49,18.6,2386,0.01,09.7,49.4,----,----,00.000000 N,000.000000 W,0,0,S,S,V
2019-10-09 06:15:51,22.2,2460,0.03,09.7,49.4,----,----,00.000000 N,000.000000 W,0,0,S,S,V
2019-10-09 06:15:54,20.1,2416,0.04,09.6,49.4,----,----,00.000000 N,000.000000 W,0,0,S,S,V
2019-10-09 06:15:57,20.0,2415,0.03,09.6,49.4,----,----,00.000000 N,000.000000 W,0,0,S,S,V
2019-10-09 06:15:59,14.9,2310,0.01,09.7,49.5,----,----,00.000000 N,000.000000 W,0,0,S,S,V
2019-10-09 06:16:01,17.3,2359,0.01,09.7,49.4,----,----,00.000000 N,000.000000 W,0,0,S,S,V
2019-10-09 06:16:04,15.1,2315,0.02,09.6,49.4,----,----,00.000000 N,000.000000 W,0,0,S,S,V
2019-10-09 06:16:07,15.8,2329,0.01,09.7,49.4,----,----,00.000000 N,000.000000 W,0,0,S,S,V
2019-10-09 06:16:09,16.5,2344,0.02,09.7,49.4,----,----,00.000000 N,000.000000 W,0,0,S,S,V
2019-10-09 06:16:11,16.5,2344,0.00,09.6,49.4,----,----,00.000000 N,000.000000 W,0,0,S,S,V
2019-10-09 06:16:14,15.8,2328,0.00,09.7,49.4,----,----,00.000000 N,000.000000 W,0,0,S,S,V
2019-10-09 06:16:16,14.2,2296,0.02,09.7,49.5,----,----,00.000000 N,000.000000 W,0,0,S,S,V
2019-10-09 06:16:19,15.2,2316,0.00,09.7,49.5,----,----,00.000000 N,000.000000 W,0,0,S,S,V
2019-10-09 06:16:21,19.7,2408,0.04,09.7,49.5,----,----,00.000000 N,000.000000 W,0,0,S,S,V
2019-10-09 06:16:24,14.9,2311,0.01,09.7,49.5,----,----,33.938050 S,151.220852 E,3,1,S,S,V
2019-10-09 06:16:26,18.8,2390,0.03,09.7,49.5,----,----,33.938070 S,151.220878 E,4,1,S,S,V
2019-10-09 06:16:29,18.9,2391,0.05,09.7,49.6,----,----,33.938102 S,151.220877 E,4,1,S,S,V
2019-10-09 06:16:31,19.2,2399,0.03,09.7,49.6,----,----,33.938098 S,151.220890 E,5,1,S,S,V
2019-10-09 06:16:33,19.7,2408,0.03,09.7,49.5,----,----,33.938093 S,151.220887 E,5,1,S,S,V
2019-10-09 06:16:36,16.1,2335,0.02,09.7,49.5,----,----,33.938072 S,151.220870 E,5,1,S,S,V
2019-10-09 06:16:38,17.3,2359,0.01,09.7,49.6,----,----,33.938050 S,151.220853 E,5,1,S,S,V
2019-10-09 06:16:41,17.8,2369,0.01,09.7,49.6,----,----,33.938030 S,151.220848 E,5,1,S,S,V
2019-10-09 06:21:46,00.0,1973,0.00,11.4,52.6,----,----,00.000000 N,000.000000 W,0,0,S,S,V
2019-10-09 06:21:49,10.8,2227,0.00,11.5,52.7,----,----,00.000000 N,000.000000 W,0,0,S,S,V
2019-10-09 06:21:54,16.1,2335,0.00,11.5,52.7,----,----,00.000000 N,000.000000 W,0,0,S,S,V
2019-10-09 06:21:58,19.4,2403,0.00,11.5,52.7,----,----,00.000000 N,000.000000 W,0,0,S,S,V
2019-10-09 06:22:20,16.6,2345,0.01,11.4,52.6,----,----,00.000000 N,000.000000 W,0,0,S,S,V
2019-10-09 06:22:23,15.1,2314,0.04,11.5,52.8,----,----,00.000000 N,000.000000 W,0,0,S,S,V
2019-10-09 06:22:25,14.9,2310,0.00,11.5,52.7,----,----,00.000000 N,000.000000 W,0,0,S,S,V
2019-10-09 06:22:28,16.2,2336,0.01,11.5,52.7,----,----,00.000000 N,000.000000 W,0,0,S,S,V
2019-10-09 06:22:31,15.6,2324,0.03,11.4,52.6,----,----,00.000000 N,000.000000 W,0,0,S,S,V
2019-10-09 06:22:34,13.0,2271,0.01,11.4,52.6,----,----,00.000000 N,000.000000 W,0,0,S,S,V
2019-10-09 06:22:36,07.9,2167,0.00,11.5,52.7,----,----,00.000000 N,000.000000 W,0,0,S,S,V
2019-10-09 06:22:39,14.9,2311,0.00,11.5,52.7,----,----,00.000000 N,000.000000 W,0,0,S,S,V
2019-10-09 06:22:42,15.6,2324,0.02,11.5,52.7,----,----,00.000000 N,000.000000 W,0,0,S,S,V
2019-10-09 06:22:47,00.0,1990,0.00,11.5,52.8,----,----,00.000000 N,000.000000 W,0,0,S,S,V
2019-10-09 06:22:51,13.2,2275,0.00,11.5,52.8,----,----,00.000000 N,000.000000 W,0,0,S,S,V
2019-10-09 06:27:40,24.2,2499,0.01,12.8,55.1,----,----,00.000000 N,000.000000 W,0,0,S,S,V
2019-10-09 06:27:44,16.1,2335,0.04,12.8,55.1,----,----,00.000000 N,000.000000 W,0,0,S,S,V
2019-10-09 06:27:47,18.1,2375,0.00,12.8,55.1,----,----,00.000000 N,000.000000 W,0,0,S,S,V
2019-10-09 06:27:49,15.5,2322,0.02,12.8,55.1,----,----,00.000000 N,000.000000 W,0,0,S,S,V
2019-10-09 06:27:52,16.5,2344,0.01,12.8,55.1,----,----,00.000000 N,000.000000 W,0,0,S,S,V
2019-10-09 06:27:55,16.7,2348,0.00,12.8,55.1,----,----,00.000000 N,000.000000 W,0,0,S,S,V
2019-10-09 06:27:57,17.0,2353,0.02,12.8,55.1,----,----,00.000000 N,000.000000 W,0,0,S,S,V
2019-10-09 06:28:00,13.5,2282,0.00,12.8,55.0,----,----,00.000000 N,000.000000 W,0,0,S,S,V
2019-10-09 06:28:03,13.7,2285,0.02,12.8,55.0,----,----,00.000000 N,000.000000 W,0,0,S,S,V
2019-10-09 06:28:05,19.2,2399,0.01,12.7,54.9,----,----,00.000000 N,000.000000 W,0,0,S,S,V
2019-10-09 06:28:08,17.5,2364,0.03,12.7,54.9,----,----,00.000000 N,000.000000 W,0,0,S,S,V
2019-10-09 06:28:11,18.1,2375,0.03,12.7,54.9,----,----,00.000000 N,000.000000 W,0,0,S,S,V
2019-10-09 06:28:14,17.5,2364,0.02,12.7,54.9,----,----,00.000000 N,000.000000 W,0,0,S,S,V
2019-10-09 06:28:16,14.2,2297,0.01,12.7,54.9,----,----,00.000000 N,000.000000 W,0,0,S,S,V
2019-10-09 06:28:19,12.2,2255,0.00,12.7,54.9,----,----,00.000000 N,000.000000 W,0,0,S,S,V
2019-10-09 06:28:22,13.4,2279,0.00,12.7,54.8,----,----,00.000000 N,000.000000 W,0,0,S,S,V
2019-10-09 06:28:24,16.4,2341,0.00,12.7,54.8,----,----,00.000000 N,000.000000 W,0,0,S,S,V
2019-10-09 06:28:26,12.3,2257,0.01,12.6,54.8,----,----,00.000000 N,000.000000 W,0,0,S,S,V
2019-10-09 06:28:29,14.5,2303,0.00,12.6,54.8,----,----,00.000000 N,000.000000 W,0,0,S,S,V
2019-10-09 06:28:31,13.1,2274,0.00,12.6,54.7,----,----,00.000000 N,000.000000 W,0,0,S,S,V
2019-10-09 06:28:33,13.0,2272,0.00,12.6,54.7,----,----,00.000000 N,000.000000 W,0,0,S,S,V
2019-10-09 06:28:36,15.6,2325,0.04,12.6,54.7,----,----,00.000000 N,000.000000 W,0,0,S,S,V
2019-10-09 06:28:39,15.0,2312,0.00,12.6,54.7,----,----,00.000000 N,000.000000 W,0,0,S,S,V
2019-10-09 06:28:42,13.0,2272,0.01,12.5,54.6,----,----,00.000000 N,000.000000 W,0,0,S,S,V
2019-10-09 06:29:07,15.6,2324,0.00,12.5,54.5,----,----,00.000000 N,000.000000 W,0,0,S,S,V
2019-10-09 06:29:10,15.8,2328,0.02,12.5,54.5,----,----,00.000000 N,000.000000 W,0,0,S,S,V
2019-10-09 06:29:12,16.6,2346,0.03,12.5,54.5,----,----,00.000000 N,000.000000 W,0,0,S,S,V
2019-10-09 06:29:15,18.9,2392,0.01,12.5,54.5,----,----,00.000000 N,000.000000 W,0,0,S,S,V
2019-10-09 06:45:27,25.1,2518,0.06,15.0,59.0,----,----,00.000000 N,000.000000 W,0,0,S,S,V
2019-10-09 06:45:38,22.0,2455,0.04,14.9,58.8,----,----,00.000000 N,000.000000 W,0,0,S,S,V
2019-10-09 06:45:40,18.6,2385,0.07,14.8,58.8,----,----,00.000000 N,000.000000 W,0,0,S,S,V
2019-10-09 06:45:43,13.9,2290,0.02,14.8,58.7,----,----,00.000000 N,000.000000 W,0,0,S,S,V
2019-10-09 06:45:45,18.1,2376,0.04,14.8,58.7,----,----,00.000000 N,000.000000 W,0,0,S,S,V
2019-10-09 06:45:47,13.9,2290,0.04,14.8,58.7,----,----,00.000000 N,000.000000 W,0,0,S,S,V
2019-10-09 06:45:49,16.7,2348,0.02,14.8,58.6,----,----,00.000000 N,000.000000 W,0,0,S,S,V
2019-10-09 06:45:51,11.8,2247,0.00,14.8,58.6,----,----,00.000000 N,000.000000 W,0,0,S,S,V
2019-10-09 06:45:54,20.2,2418,0.03,14.8,58.6,----,----,00.000000 N,000.000000 W,0,0,S,S,V
2019-10-09 06:45:57,14.3,2298,0.02,14.8,58.6,----,----,00.000000 N,000.000000 W,0,0,S,S,V
2019-10-09 06:45:59,14.3,2298,0.01,14.7,58.6,----,----,00.000000 N,000.000000 W,0,0,S,S,V
2019-10-09 06:46:02,11.4,2240,0.00,14.7,58.6,----,----,00.000000 N,000.000000 W,0,0,S,S,V
2019-10-09 06:46:04,19.6,2406,0.03,14.7,58.5,----,----,00.000000 N,000.000000 W,0,0,S,S,V
2019-10-09 06:46:07,20.4,2423,0.04,14.7,58.5,----,----,00.000000 N,000.000000 W,0,0,S,S,V
2019-10-09 06:46:10,14.5,2303,0.01,14.7,58.5,----,----,00.000000 N,000.000000 W,0,0,S,S,V
2019-10-09 06:46:13,18.7,2388,0.02,14.7,58.4,----,----,00.000000 N,000.000000 W,0,0,S,S,V
2019-10-09 06:46:15,12.9,2270,0.01,14.7,58.4,----,----,00.000000 N,000.000000 W,0,0,S,S,V
2019-10-09 06:46:18,08.7,2184,0.01,14.7,58.4,----,----,00.000000 N,000.000000 W,0,0,S,S,V
2019-10-09 06:46:20,08.5,2181,0.05,14.6,58.4,----,----,00.000000 N,000.000000 W,0,0,S,S,V
2019-10-09 06:46:23,11.9,2250,0.02,14.6,58.4,----,----,00.000000 N,000.000000 W,0,0,S,S,V
2019-10-09 06:46:25,14.9,2311,0.03,14.6,58.4,----,----,00.000000 N,000.000000 W,0,0,S,S,V
2019-10-09 06:46:28,04.0,2088,0.00,14.6,58.4,----,----,00.000000 N,000.000000 W,0,0,S,S,V
2019-10-09 06:53:56,17.4,2361,0.00,18.0,64.4,----,----,00.000000 N,000.000000 W,0,0,S,S,V
2019-10-09 06:53:58,13.7,2285,0.00,18.0,64.4,----,----,00.000000 N,000.000000 W,0,0,S,S,V
2019-10-09 06:54:01,17.8,2369,0.03,18.0,64.4,----,----,00.000000 N,000.000000 W,0,0,S,S,V
2019-10-09 06:54:03,14.2,2296,0.01,17.9,64.3,----,----,00.000000 N,000.000000 W,0,0,S,S,V
2019-10-09 06:54:05,13.5,2282,0.02,17.9,64.3,----,----,00.000000 N,000.000000 W,0,0,S,S,V
2019-10-09 06:54:08,19.4,2403,0.00,17.9,64.3,----,----,00.000000 N,000.000000 W,0,0,S,S,V
2019-10-09 06:54:10,19.7,2409,0.00,17.9,64.3,----,----,00.000000 N,000.000000 W,0,0,S,S,V
2019-10-09 06:54:12,16.1,2335,0.00,17.9,64.3,----,----,00.000000 N,000.000000 W,0,0,S,S,V
2019-10-09 06:54:15,16.8,2350,0.00,17.9,64.2,----,----,00.000000 N,000.000000 W,0,0,S,S,V
2019-10-09 06:54:17,12.4,2260,0.00,17.9,64.2,----,----,00.000000 N,000.000000 W,0,0,S,S,V
2019-10-09 06:54:19,15.9,2330,0.03,17.9,64.2,----,----,00.000000 N,000.000000 W,0,0,S,S,V
2019-10-09 06:54:22,13.1,2274,0.01,17.9,64.2,----,----,00.000000 N,000.000000 W,0,0,S,S,V
2019-10-09 06:54:24,16.2,2336,0.00,17.8,64.1,----,----,00.000000 N,000.000000 W,0,0,S,S,V
2019-10-09 06:54:27,12.0,2251,0.03,17.8,64.1,----,----,00.000000 N,000.000000 W,0,0,S,S,V
2019-10-09 06:54:29,12.4,2260,0.01,17.8,64.1,----,----,00.000000 N,000.000000 W,0,0,S,S,V
2019-10-09 06:54:31,14.8,2309,0.02,17.8,64.0,----,----,00.000000 N,000.000000 W,0,0,S,S,V
2019-10-09 06:54:34,07.1,2151,0.03,17.7,64.0,----,----,00.000000 N,000.000000 W,0,0,S,S,V
2019-10-09 07:56:35,29.0,2598,0.01,15.3,59.6,----,----,00.000000 N,000.000000 W,0,0,S,S,V
2019-10-09 07:56:37,29.1,2599,0.01,15.3,59.6,----,----,00.000000 N,000.000000 W,0,0,S,S,V
2019-10-09 07:56:40,24.4,2504,0.00,15.3,59.6,----,----,00.000000 N,000.000000 W,0,0,S,S,V
2019-10-09 07:56:43,32.9,2678,0.03,15.3,59.6,----,----,00.000000 N,000.000000 W,0,0,S,S,V
2019-10-09 07:56:48,21.8,2451,0.00,15.3,59.6,----,----,00.000000 N,000.000000 W,0,0,S,S,V
2019-10-09 07:56:52,31.5,2649,0.03,15.3,59.6,----,----,00.000000 N,000.000000 W,0,0,S,S,V
2019-10-09 07:56:55,28.0,2578,0.01,15.3,59.6,----,----,00.000000 N,000.000000 W,0,0,S,S,V
2019-10-09 07:56:58,26.3,2542,0.00,15.3,59.6,----,----,00.000000 N,000.000000 W,0,0,S,S,V
2019-10-09 07:57:00,22.1,2458,0.00,15.3,59.6,----,----,00.000000 N,000.000000 W,0,0,S,S,V
2019-10-09 07:57:03,32.7,2674,0.00,15.3,59.6,----,----,00.000000 N,000.000000 W,0,0,S,S,V
2019-10-09 07:57:06,28.0,2578,0.00,15.3,59.5,----,----,00.000000 N,000.000000 W,0,0,S,S,V
2019-10-09 07:57:09,24.9,2515,0.00,15.3,59.5,----,----,00.000000 N,000.000000 W,0,0,S,S,V
2019-10-09 07:57:12,16.3,2339,0.00,15.3,59.6,----,----,00.000000 N,000.000000 W,0,0,S,S,V
2019-10-09 07:57:14,25.3,2522,0.00,15.3,59.5,----,----,00.000000 N,000.000000 W,0,0,S,S,V
2019-10-09 07:57:17,27.5,2567,0.00,15.3,59.5,----,----,00.000000 N,000.000000 W,0,0,S,S,V
2019-10-09 07:57:20,23.9,2493,0.01,15.3,59.5,----,----,00.000000 N,000.000000 W,0,0,S,S,V
2019-10-09 07:57:23,29.1,2600,0.02,15.3,59.5,----,----,00.000000 N,000.000000 W,0,0,S,S,V
2019-10-09 07:57:26,26.4,2545,0.03,15.2,59.5,----,----,00.000000 N,000.000000 W,0,0,S,S,V
2019-10-09 07:57:29,32.3,2664,0.03,15.3,59.5,----,----,00.000000 N,000.000000 W,0,0,S,S,V
2019-10-09 07:57:32,28.1,2579,0.00,15.2,59.5,----,----,00.000000 N,000.000000 W,0,0,S,S,V
2019-10-09 07:57:35,31.2,2643,0.00,15.2,59.5,----,----,00.000000 N,000.000000 W,0,0,S,S,V
2019-10-09 07:57:38,29.8,2613,0.02,15.2,59.5,----,----,00.000000 N,000.000000 W,0,0,S,S,V
2019-10-09 07:57:41,28.6,2589,0.00,15.2,59.4,----,----,00.000000 N,000.000000 W,0,0,S,S,V
2019-10-09 07:57:44,32.4,2667,0.02,15.2,59.4,----,----,00.000000 N,000.000000 W,0,0,S,S,V
2019-10-09 07:57:46,30.3,2624,0.03,15.2,59.4,----,----,00.000000 N,000.000000 W,0,0,S,S,V
2019-10-09 07:57:50,27.6,2569,0.00,15.2,59.4,----,----,00.000000 N,000.000000 W,0,0,S,S,V
2019-10-09 07:57:52,28.3,2584,0.01,15.2,59.3,----,----,00.000000 N,000.000000 W,0,0,S,S,V
2019-10-09 07:57:55,24.2,2500,0.00,15.2,59.3,----,----,33.930872 S,151.220980 E,6,1,S,S,V
2019-10-09 07:57:58,25.5,2526,0.02,15.2,59.3,----,----,33.930887 S,151.220983 E,6,1,S,S,V
2019-10-09 07:58:00,26.1,2538,0.02,15.1,59.3,----,----,33.930923 S,151.221002 E,6,1,S,S,V
2019-10-09 07:58:04,28.3,2584,0.03,15.1,59.3,----,----,33.930928 S,151.221005 E,6,1,S,S,V
2019-10-09 07:58:06,26.1,2538,0.02,15.1,59.3,----,----,33.930925 S,151.220995 E,6,1,S,S,V
2019-10-09 07:58:09,28.7,2592,0.01,15.1,59.3,----,----,33.930903 S,151.220992 E,6,1,S,S,V
2019-10-09 07:58:12,27.0,2556,0.03,15.1,59.2,----,----,33.930887 S,151.220990 E,6,1,S,S,V
2019-10-09 07:58:15,24.1,2498,0.00,15.1,59.2,----,----,33.930887 S,151.220987 E,6,1,S,S,V
2019-10-09 07:58:18,28.6,2589,0.04,15.1,59.2,----,----,33.930878 S,151.220987 E,6,1,S,S,V
2019-10-09 07:58:20,29.5,2607,0.02,15.1,59.2,----,----,33.930852 S,151.220967 E,6,1,S,S,V
2019-10-09 07:58:23,26.3,2542,0.03,15.1,59.2,----,----,33.930833 S,151.220962 E,6,1,S,S,V
2019-10-09 07:58:26,32.7,2673,0.00,15.1,59.2,----,----,33.930822 S,151.220960 E,6,1,S,S,V
2019-10-09 07:58:29,32.7,2674,0.05,15.1,59.2,----,----,33.930812 S,151.220957 E,6,1,S,S,V
2019-10-09 07:58:32,35.7,2735,0.06,15.1,59.1,----,----,33.930778 S,151.220953 E,6,1,S,S,V
2019-10-09 07:58:35,35.9,2738,0.04,15.1,59.1,----,----,33.930783 S,151.220955 E,6,1,S,S,V
2019-10-09 07:58:38,38.5,2792,0.06,15.1,59.1,----,----,33.930782 S,151.220953 E,6,1,S,S,V
2019-10-09 07:58:41,29.0,2597,0.00,15.1,59.1,----,----,33.930787 S,151.220958 E,6,1,S,S,V
2019-10-09 07:58:43,35.7,2735,0.03,15.0,59.1,----,----,33.930780 S,151.220960 E,6,1,S,S,V
2019-10-09 07:58:46,36.4,2748,0.05,15.0,59.1,----,----,33.930778 S,151.220962 E,6,1,S,S,V
2019-10-09 07:58:49,39.1,2804,0.07,15.0,59.1,----,----,33.930773 S,151.220962 E,6,1,S,S,V
2019-10-09 07:58:52,32.7,2674,0.03,15.0,59.1,----,----,33.930780 S,151.220960 E,6,1,S,S,V
2019-10-09 07:58:54,37.8,2777,0.08,15.0,59.1,----,----,33.930787 S,151.220970 E,5,1,S,S,V
2019-10-09 07:58:57,31.7,2652,0.04,15.0,59.1,----,----,33.930788 S,151.220972 E,5,1,S,S,V
2019-10-09 07:59:01,30.3,2625,0.03,15.0,59.1,----,----,33.930793 S,151.220992 E,5,1,S,S,V
2019-10-09 07:59:03,30.8,2634,0.02,15.0,59.1,----,----,33.930793 S,151.220995 E,6,1,S,S,V
2019-10-09 07:59:06,31.1,2640,0.05,15.0,59.1,----,----,33.930790 S,151.220997 E,5,1,S,S,V
2019-10-09 07:59:09,32.6,2671,0.03,15.0,59.1,----,----,33.930792 S,151.220995 E,6,1,S,S,V
2019-10-09 07:59:12,25.3,2522,0.00,15.0,59.1,----,----,33.930797 S,151.220995 E,6,1,S,S,V
2019-10-09 07:59:15,24.8,2513,0.03,15.0,59.1,----,----,33.930780 S,151.220992 E,6,1,S,S,V
2019-10-09 07:59:17,26.1,2539,0.04,15.0,59.1,----,----,33.930780 S,151.220990 E,6,1,S,S,V
2019-10-09 07:59:20,28.7,2592,0.02,15.0,59.1,----,----,33.930773 S,151.220990 E,6,1,S,S,V
2019-10-09 07:59:23,29.7,2612,0.00,15.0,59.1,----,----,33.930762 S,151.220985 E,6,1,S,S,V
2019-10-09 07:59:26,27.4,2565,0.01,15.0,59.1,----,----,33.930758 S,151.220988 E,6,1,S,S,V
2019-10-09 07:59:29,26.7,2550,0.04,15.0,59.1,----,----,33.930747 S,151.220982 E,6,1,S,S,V
2019-10-09 07:59:32,28.1,2579,0.03,15.0,59.1,----,----,33.930740 S,151.220977 E,6,1,S,S,V
2019-10-09 07:59:35,17.8,2369,0.03,15.0,59.1,----,----,33.930732 S,151.220972 E,6,1,S,S,V
2019-10-09 07:59:37,26.3,2543,0.00,15.0,59.1,----,----,33.930728 S,151.220970 E,6,1,S,S,V
2019-10-09 07:59:40,24.7,2510,0.00,15.0,59.1,----,----,33.930727 S,151.220967 E,6,1,S,S,V
2019-10-09 07:59:43,24.5,2507,0.03,15.0,59.1,----,----,33.930735 S,151.220960 E,6,1,S,S,V
2019-10-09 07:59:46,26.1,2539,0.04,15.0,59.1,----,----,33.930730 S,151.220953 E,6,1,S,S,V
2019-10-09 07:59:48,23.7,2489,0.01,15.0,59.1,----,----,33.930733 S,151.220957 E,6,1,S,S,V
2019-10-09 07:59:51,07.3,2155,0.01,15.0,59.1,----,----,33.930735 S,151.220963 E,6,1,S,S,V
2019-10-09 07:59:53,23.6,2487,0.03,15.0,59.0,----,----,33.930733 S,151.220968 E,6,1,S,S,V
2019-10-09 07:59:57,26.7,2551,0.02,15.0,59.1,----,----,33.930725 S,151.220975 E,6,1,S,S,V
2019-10-09 07:59:59,24.9,2515,0.00,15.0,59.1,----,----,33.930725 S,151.220975 E,6,1,S,S,V
2019-10-09 08:00:02,27.1,2558,0.00,15.0,59.1,----,----,33.930718 S,151.220972 E,6,1,S,S,V
2019-10-09 08:00:04,31.3,2645,0.05,15.0,59.1,----,----,33.930720 S,151.220973 E,6,1,S,S,V
2019-10-09 08:00:07,24.5,2507,0.00,15.0,59.1,----,----,33.930717 S,151.220978 E,6,1,S,S,V
2019-10-09 08:00:28,27.8,2573,0.03,15.0,59.0,----,----,33.930870 S,151.220967 E,6,1,S,S,V
2019-10-09 08:00:31,29.8,2613,0.02,15.0,59.1,----,----,33.930872 S,151.220962 E,6,1,S,S,V
2019-10-09 08:00:34,24.1,2498,0.00,15.0,59.1,----,----,33.930873 S,151.220963 E,6,1,S,S,V
2019-10-09 08:00:36,28.5,2587,0.03,15.0,59.1,----,----,33.930873 S,151.220963 E,6,1,S,S,V
2019-10-09 08:00:39,28.7,2591,0.01,15.0,59.1,----,----,33.930875 S,151.220960 E,6,1,S,S,V
2019-10-09 08:00:42,29.8,2613,0.01,15.0,59.1,----,----,33.930868 S,151.220957 E,6,1,S,S,V
2019-10-09 08:00:45,28.3,2584,0.00,15.0,59.1,----,----,33.930863 S,151.220947 E,6,1,S,S,V
2019-10-09 08:00:48,26.5,2547,0.00,15.0,59.1,----,----,33.930855 S,151.220933 E,6,1,S,S,V
2019-10-09 08:00:50,32.2,2663,0.02,15.0,59.1,----,----,33.930842 S,151.220930 E,6,1,S,S,V
2019-10-09 08:00:53,32.9,2677,0.07,15.0,59.1,----,----,33.930838 S,151.220932 E,6,1,S,S,V
2019-10-09 08:00:56,28.9,2596,0.00,15.0,59.1,----,----,33.930835 S,151.220932 E,6,1,S,S,V
2019-10-09 08:00:59,28.1,2579,0.00,15.0,59.1,----,----,33.930825 S,151.220928 E,6,1,S,S,V
2019-10-09 08:01:01,27.5,2567,0.02,15.0,59.0,----,----,33.930812 S,151.220928 E,6,1,S,S,V
2019-10-09 08:01:04,28.5,2587,0.03,15.0,59.1,----,----,33.930818 S,151.220938 E,6,1,S,S,V
2019-10-09 08:01:07,29.0,2598,0.03,15.0,59.1,----,----,33.930853 S,151.220962 E,7,1,S,S,V
2019-10-09 08:01:10,29.4,2606,0.00,15.0,59.1,----,----,33.930860 S,151.220955 E,7,1,S,S,V
2019-10-09 08:01:12,33.1,2682,0.01,15.0,59.0,----,----,33.930858 S,151.220955 E,7,1,S,S,V
2019-10-09 08:01:15,29.2,2602,0.03,15.0,59.0,----,----,33.930855 S,151.220955 E,7,1,S,S,V
2019-10-09 08:01:18,31.1,2640,0.03,15.0,59.1,----,----,33.930848 S,151.220955 E,7,1,S,S,V
2019-10-09 08:01:20,36.0,2740,0.05,15.0,59.0,----,----,33.930863 S,151.220955 E,7,1,S,S,V
2019-10-09 08:01:24,29.8,2614,0.00,15.0,59.1,----,----,33.930862 S,151.220957 E,7,1,S,S,V
2019-10-09 08:01:27,35.5,2731,0.04,15.0,59.1,----,----,33.930855 S,151.220952 E,7,1,S,S,V
2019-10-09 08:01:29,32.7,2674,0.00,15.0,59.1,----,----,33.930848 S,151.220952 E,7,1,S,S,V
2019-10-09 08:01:32,26.4,2545,0.00,15.0,59.1,----,----,33.930848 S,151.220952 E,7,1,S,S,V
2019-10-09 08:01:35,30.7,2633,0.01,15.0,59.1,----,----,33.930843 S,151.220953 E,7,1,S,S,V
2019-10-09 08:01:38,27.4,2566,0.04,15.0,59.1,----,----,33.930838 S,151.220952 E,7,1,S,S,V
2019-10-09 08:01:41,28.1,2580,0.03,15.0,59.1,----,----,33.930840 S,151.220945 E,7,1,S,S,V
2019-10-09 08:01:43,28.0,2578,0.01,15.0,59.1,----,----,33.930843 S,151.220933 E,7,1,S,S,V
2019-10-09 08:01:46,25.4,2525,0.02,15.0,59.1,----,----,33.930848 S,151.220937 E,7,1,S,S,V
2019-10-09 08:01:49,26.5,2547,0.00,15.0,59.1,----,----,33.930853 S,151.220948 E,7,1,S,S,V
2019-10-09 08:01:52,24.6,2509,0.01,15.0,59.1,----,----,33.930848 S,151.220957 E,7,1,S,S,V
2019-10-09 08:01:54,23.7,2490,0.02,15.0,59.1,----,----,33.930850 S,151.220958 E,7,1,S,S,V
2019-10-09 08:01:57,25.4,2524,0.03,15.0,59.1,----,----,33.930850 S,151.220958 E,7,1,S,S,V
2019-10-09 08:02:00,23.3,2482,0.00,15.0,59.1,----,----,33.930850 S,151.220957 E,7,1,S,S,V
2019-10-09 08:02:03,27.4,2565,0.00,15.0,59.1,----,----,33.930850 S,151.220960 E,7,1,S,S,V
2019-10-09 08:02:06,28.0,2578,0.04,15.0,59.1,----,----,33.930840 S,151.220968 E,7,1,S,S,V
2019-10-09 08:02:09,28.8,2593,0.04,15.0,59.1,----,----,33.930852 S,151.220968 E,7,1,S,S,V
2019-10-09 08:02:11,25.3,2522,0.01,15.0,59.1,----,----,33.930850 S,151.220970 E,7,1,S,S,V
2019-10-09 08:02:14,28.2,2581,0.00,15.0,59.1,----,----,33.930847 S,151.220970 E,7,1,S,S,V
2019-10-09 08:02:16,28.8,2593,0.01,15.0,59.1,----,----,33.930852 S,151.220972 E,9,1,S,S,V
2019-10-09 08:02:19,26.9,2554,0.02,15.0,59.1,----,----,33.930858 S,151.220973 E,9,1,S,S,V
2019-10-09 08:02:22,26.3,2543,0.03,15.0,59.1,----,----,33.930857 S,151.220970 E,9,1,S,S,V
2019-10-09 08:02:25,29.7,2611,0.02,15.0,59.1,----,----,33.930870 S,151.220975 E,9,1,S,S,V
2019-10-09 08:02:27,25.8,2532,0.01,15.0,59.1,----,----,33.930885 S,151.220985 E,9,1,S,S,V
2019-10-09 08:02:30,24.2,2499,0.03,15.0,59.1,----,----,33.930900 S,151.220992 E,9,1,S,S,V
2019-10-09 08:02:33,27.1,2559,0.07,15.0,59.1,----,----,33.930913 S,151.221000 E,9,1,S,S,V
2019-10-09 08:02:36,27.1,2558,0.03,15.1,59.1,----,----,33.930915 S,151.221003 E,9,1,S,S,V
2019-10-09 08:02:39,20.3,2421,0.00,15.1,59.1,----,----,33.930918 S,151.221005 E,8,1,S,S,V
2019-10-09 08:02:41,22.5,2466,0.00,15.0,59.1,----,----,33.930918 S,151.221007 E,9,1,S,S,V
2019-10-09 08:02:44,30.6,2631,0.05,15.1,59.1,----,----,33.930928 S,151.221010 E,9,1,S,S,V
2019-10-09 08:02:48,20.5,2425,0.01,15.1,59.1,----,----,33.930938 S,151.221007 E,9,1,S,S,V
2019-10-09 08:02:50,23.9,2493,0.02,15.1,59.1,----,----,33.930943 S,151.221005 E,9,1,S,S,V
2019-10-09 08:02:53,26.8,2553,0.01,15.1,59.1,----,----,33.930950 S,151.221002 E,9,1,S,S,V
2019-10-09 08:02:55,29.0,2597,0.05,15.1,59.1,----,----,33.930957 S,151.221010 E,9,1,S,S,V
2019-10-09 08:02:58,25.6,2529,0.00,15.1,59.1,----,----,33.930960 S,151.221013 E,9,1,S,S,V
2019-10-09 08:03:02,21.1,2437,0.01,15.1,59.2,----,----,33.930970 S,151.221025 E,9,1,S,S,V
2019-10-09 08:03:04,24.0,2496,0.02,15.1,59.2,----,----,33.930990 S,151.221030 E,9,1,S,S,V
2019-10-09 08:03:07,24.5,2507,0.02,15.1,59.2,----,----,33.930988 S,151.221032 E,9,1,S,S,V
2019-10-09 08:03:10,25.3,2522,0.03,15.1,59.2,----,----,33.930985 S,151.221032 E,9,1,S,S,V
2019-10-09 08:03:13,21.7,2448,0.00,15.1,59.2,----,----,33.930987 S,151.221033 E,9,1,S,S,V
2019-10-09 08:03:17,15.5,2322,0.02,15.1,59.2,----,----,33.930982 S,151.221037 E,9,1,S,S,V
2019-10-09 08:03:19,22.4,2463,0.03,15.1,59.2,----,----,33.930983 S,151.221033 E,9,1,S,S,V
2019-10-09 08:03:22,27.0,2557,0.03,15.1,59.2,----,----,33.930988 S,151.221035 E,9,1,S,S,V
2019-10-09 08:03:25,19.0,2394,0.05,15.1,59.3,----,----,33.930990 S,151.221035 E,9,1,S,S,V
2019-10-09 08:03:28,20.9,2433,0.02,15.1,59.2,----,----,33.930995 S,151.221035 E,9,1,S,S,V
2019-10-09 08:03:31,18.1,2376,0.03,15.1,59.3,----,----,33.930998 S,151.221040 E,9,1,S,S,V
2019-10-09 08:03:34,10.3,2216,0.00,15.1,59.3,----,----,33.930993 S,151.221040 E,9,1,S,S,V
2019-10-09 08:03:37,27.8,2573,0.01,15.1,59.3,----,----,33.930988 S,151.221043 E,8,1,S,S,V
2019-10-09 08:03:39,28.1,2580,0.01,15.1,59.3,----,----,33.930990 S,151.221040 E,9,1,S,S,V
2019-10-09 08:03:42,23.0,2476,0.03,15.1,59.3,----,----,33.930993 S,151.221047 E,9,1,S,S,V
2019-10-09 08:03:45,26.5,2547,0.00,15.1,59.3,----,----,33.930985 S,151.221050 E,9,1,S,S,V
2019-10-09 08:03:47,25.1,2518,0.05,15.1,59.3,----,----,33.930983 S,151.221050 E,9,1,S,S,V
2019-10-09 08:03:50,26.3,2542,0.02,15.1,59.3,----,----,33.930985 S,151.221050 E,9,1,S,S,V
2019-10-09 08:03:53,25.2,2520,0.04,15.1,59.3,----,----,33.930988 S,151.221050 E,9,1,S,S,V
2019-10-09 08:03:55,29.2,2602,0.01,15.1,59.3,----,----,33.930988 S,151.221058 E,9,1,S,S,V
2019-10-09 08:04:12,33.0,2679,0.00,15.2,59.3,----,----,33.931132 S,151.220922 E,7,1,S,S,V
2019-10-09 08:04:15,27.6,2569,0.04,15.2,59.3,----,----,33.931112 S,151.220925 E,9,1,S,S,V
2019-10-09 08:04:18,30.1,2621,0.05,15.2,59.3,----,----,33.931105 S,151.220932 E,10,1,S,S,V
2019-10-09 08:04:20,31.5,2649,0.06,15.2,59.4,----,----,33.931107 S,151.220937 E,8,1,S,S,V
2019-10-09 08:04:23,28.3,2584,0.02,15.2,59.4,----,----,33.931120 S,151.220945 E,9,1,S,S,V
2019-10-09 08:04:26,29.6,2610,0.02,15.2,59.3,----,----,33.931137 S,151.220963 E,9,1,S,S,V
2019-10-09 08:04:28,32.1,2661,0.01,15.2,59.3,----,----,33.931147 S,151.220975 E,8,1,S,S,V
2019-10-09 08:04:31,31.4,2647,0.02,15.2,59.3,----,----,33.931152 S,151.220980 E,9,1,S,S,V
2019-10-09 08:04:33,32.2,2663,0.00,15.2,59.3,----,----,33.931160 S,151.220987 E,9,1,S,S,V
2019-10-09 08:04:36,32.6,2672,0.11,15.2,59.4,----,----,33.931162 S,151.220995 E,9,1,S,S,V
2019-10-09 08:04:39,31.1,2641,0.06,15.2,59.4,----,----,33.931187 S,151.221015 E,9,1,S,S,V
2019-10-09 08:04:42,33.2,2684,0.03,15.2,59.3,----,----,33.931188 S,151.221018 E,9,1,S,S,V
2019-10-09 08:04:44,31.5,2649,0.06,15.2,59.3,----,----,33.931190 S,151.221018 E,9,1,S,S,V
2019-10-09 08:04:47,32.8,2676,0.03,15.2,59.4,----,----,33.931197 S,151.221023 E,9,1,S,S,V
2019-10-09 08:04:49,28.1,2579,0.05,15.2,59.4,----,----,33.931200 S,151.221028 E,9,1,S,S,V
2019-10-09 08:04:52,27.7,2571,0.03,15.2,59.4,----,----,33.931202 S,151.221030 E,9,1,S,S,V
2019-10-09 08:04:55,31.0,2638,0.02,15.2,59.3,----,----,33.931195 S,151.221032 E,9,1,S,S,V
2019-10-09 08:04:58,34.0,2700,0.02,15.2,59.3,----,----,33.931188 S,151.221032 E,9,1,S,S,V
2019-10-09 08:05:00,32.6,2672,0.04,15.2,59.4,----,----,33.931180 S,151.221032 E,9,1,S,S,V
2019-10-09 08:05:03,32.7,2674,0.09,15.2,59.4,----,----,33.931182 S,151.221037 E,9,1,S,S,V
2019-10-09 08:05:08,31.0,2638,0.04,15.2,59.3,----,----,33.931172 S,151.221042 E,9,1,S,S,V
2019-10-09 08:05:11,33.3,2686,0.07,15.2,59.3,----,----,33.931172 S,151.221038 E,8,1,S,S,V
2019-10-09 08:05:14,30.0,2618,0.04,15.2,59.4,----,----,33.931173 S,151.221037 E,9,1,S,S,V
2019-10-09 08:05:17,38.6,2793,0.04,15.2,59.4,----,----,33.931173 S,151.221043 E,8,1,S,S,V
2019-10-09 08:05:19,32.6,2671,0.00,15.2,59.3,----,----,33.931170 S,151.221053 E,9,1,S,S,V
2019-10-09 08:05:23,31.7,2652,0.00,15.2,59.3,----,----,33.931167 S,151.221058 E,9,1,S,S,V
2019-10-09 08:05:26,33.3,2686,0.04,15.2,59.4,----,----,33.931165 S,151.221057 E,9,1,S,S,V
2019-10-09 08:05:29,29.6,2610,0.00,15.2,59.3,----,----,33.931163 S,151.221055 E,9,1,S,S,V
2019-10-09 08:05:32,31.7,2652,0.06,15.2,59.4,----,----,33.931163 S,151.221060 E,9,1,S,S,V
2019-10-09 08:05:35,31.7,2652,0.02,15.2,59.3,----,----,33.931162 S,151.221062 E,9,1,S,S,V
2019-10-09 08:05:39,28.3,2584,0.05,15.2,59.3,----,----,33.931153 S,151.221065 E,9,1,S,S,V
2019-10-09 08:05:41,27.5,2567,0.05,15.2,59.3,----,----,33.931148 S,151.221055 E,9,1,S,S,V
2019-10-09 08:05:44,25.8,2533,0.00,15.2,59.3,----,----,33.931145 S,151.221052 E,9,1,S,S,V
2019-10-09 08:05:47,26.7,2550,0.00,15.2,59.3,----,----,33.931135 S,151.221053 E,9,1,S,S,V
2019-10-09 08:05:49,29.3,2604,0.05,15.2,59.4,----,----,33.931132 S,151.221057 E,9,1,S,S,V
2019-10-09 08:05:53,30.6,2631,0.07,15.2,59.4,----,----,33.931130 S,151.221057 E,9,1,S,S,V
2019-10-09 08:05:56,25.0,2517,0.05,15.2,59.3,----,----,33.931127 S,151.221058 E,9,1,S,S,V
2019-10-09 08:05:59,28.1,2580,0.05,15.2,59.3,----,----,33.931120 S,151.221057 E,9,1,S,S,V
2019-10-09 08:06:01,30.3,2625,0.02,15.2,59.3,----,----,33.931113 S,151.221057 E,9,1,S,S,V
2019-10-09 08:06:04,28.4,2586,0.00,15.2,59.3,----,----,33.931115 S,151.221062 E,9,1,S,S,V
2019-10-09 08:06:07,23.3,2482,0.00,15.2,59.3,----,----,33.931123 S,151.221067 E,9,1,S,S,V
2019-10-09 08:06:10,29.5,2607,0.04,15.2,59.4,----,----,33.931123 S,151.221070 E,9,1,S,S,V
2019-10-09 08:06:13,26.2,2540,0.02,15.2,59.4,----,----,33.931120 S,151.221073 E,9,1,S,S,V
2019-10-09 08:06:15,26.8,2553,0.02,15.2,59.4,----,----,33.931112 S,151.221073 E,9,1,S,S,V
2019-10-09 08:06:18,27.4,2566,0.04,15.2,59.3,----,----,33.931110 S,151.221080 E,9,1,S,S,V
2019-10-09 08:06:22,28.0,2578,0.02,15.2,59.3,----,----,33.931105 S,151.221085 E,9,1,S,S,V
2019-10-09 08:06:25,27.7,2571,0.05,15.2,59.3,----,----,33.931102 S,151.221085 E,9,1,S,S,V
2019-10-09 08:06:27,27.6,2569,0.05,15.2,59.4,----,----,33.931103 S,151.221087 E,9,1,S,S,V
2019-10-09 08:06:30,29.6,2610,0.03,15.2,59.4,----,----,33.931097 S,151.221090 E,9,1,S,S,V
2019-10-09 08:06:33,29.3,2604,0.02,15.2,59.4,----,----,33.931100 S,151.221097 E,9,1,S,S,V
2019-10-09 08:06:36,27.5,2567,0.04,15.2,59.4,----,----,33.931108 S,151.221103 E,9,1,S,S,V
2019-10-09 08:06:38,27.6,2570,0.04,15.2,59.4,----,----,33.931117 S,151.221098 E,9,1,S,S,V
2019-10-09 08:06:41,22.1,2458,0.00,15.2,59.4,----,----,33.931118 S,151.221100 E,9,1,S,S,V
2019-10-09 08:06:43,27.7,2571,0.04,15.2,59.4,----,----,33.931120 S,151.221105 E,9,1,S,S,V
2019-10-09 08:06:46,28.0,2577,0.02,15.2,59.4,----,----,33.931123 S,151.221107 E,9,1,S,S,V
2019-10-09 08:06:49,28.2,2581,0.02,15.2,59.4,----,----,33.931120 S,151.221110 E,9,1,S,S,V
2019-10-09 08:06:52,29.0,2598,0.06,15.2,59.4,----,----,33.931115 S,151.221118 E,9,1,S,S,V
2019-10-09 08:06:55,24.8,2512,0.01,15.2,59.4,----,----,33.931117 S,151.221122 E,9,1,S,S,V
2019-10-09 08:06:58,19.5,2404,0.03,15.2,59.4,----,----,33.931110 S,151.221117 E,9,1,S,S,V
2019-10-09 08:07:00,25.4,2525,0.00,15.2,59.4,----,----,33.931120 S,151.221117 E,9,1,S,S,V
2019-10-09 08:07:03,25.9,2534,0.02,15.2,59.4,----,----,33.931100 S,151.221123 E,9,1,S,S,V
2019-10-09 08:07:06,23.7,2489,0.00,15.2,59.4,----,----,33.931097 S,151.221122 E,9,1,S,S,V
2019-10-09 08:07:09,21.2,2438,0.00,15.2,59.4,----,----,33.931083 S,151.221118 E,9,1,S,S,V
2019-10-09 08:07:12,25.7,2530,0.00,15.2,59.4,----,----,33.931060 S,151.221117 E,9,1,S,S,V
2019-10-09 08:07:15,28.9,2596,0.03,15.2,59.4,----,----,33.931047 S,151.221115 E,9,1,S,S,V
2019-10-09 08:07:18,26.4,2544,0.01,15.2,59.5,----,----,33.931042 S,151.221112 E,9,1,S,S,V
2019-10-09 08:07:21,28.4,2586,0.00,15.2,59.5,----,----,33.931045 S,151.221118 E,9,1,S,S,V
2019-10-09 08:07:24,30.3,2625,0.03,15.2,59.5,----,----,33.931042 S,151.221120 E,9,1,S,S,V
2019-10-09 08:07:26,25.5,2526,0.00,15.3,59.5,----,----,33.931038 S,151.221122 E,9,1,S,S,V
2019-10-09 08:07:30,31.3,2645,0.00,15.2,59.5,----,----,33.931023 S,151.221122 E,9,1,S,S,V
2019-10-09 08:07:32,27.6,2570,0.04,15.3,59.5,----,----,33.931030 S,151.221122 E,9,1,S,S,V
2019-10-09 08:07:36,26.0,2537,0.07,15.3,59.5,----,----,33.931022 S,151.221123 E,8,1,S,S,V
2019-10-09 08:07:38,31.5,2649,0.09,15.3,59.5,----,----,33.931022 S,151.221120 E,8,1,S,S,V
2019-10-09 08:07:41,26.7,2551,0.05,15.3,59.6,----,----,33.931027 S,151.221120 E,8,1,S,S,V
2019-10-09 08:07:58,25.7,2530,0.04,15.3,59.6,----,----,33.931262 S,151.221090 E,8,1,S,S,V
2019-10-09 08:08:01,30.0,2619,0.04,15.3,59.6,----,----,33.931267 S,151.221090 E,8,1,S,S,V
2019-10-09 08:08:03,29.7,2611,0.00,15.3,59.6,----,----,33.931270 S,151.221090 E,8,1,S,S,V
2019-10-09 08:08:06,29.0,2598,0.00,15.3,59.6,----,----,33.931268 S,151.221087 E,8,1,S,S,V
2019-10-09 08:08:08,34.0,2700,0.02,15.3,59.6,----,----,33.931270 S,151.221085 E,8,1,S,S,V
2019-10-09 08:08:11,33.1,2682,0.05,15.3,59.6,----,----,33.931273 S,151.221083 E,8,1,S,S,V
2019-10-09 08:08:14,35.1,2721,0.10,15.3,59.6,----,----,33.931270 S,151.221083 E,8,1,S,S,V
2019-10-09 08:08:17,32.1,2660,0.04,15.3,59.6,----,----,33.931263 S,151.221080 E,7,1,S,S,V
2019-10-09 08:08:20,36.4,2748,0.00,15.3,59.6,----,----,33.931260 S,151.221075 E,8,1,S,S,V
2019-10-09 08:08:22,31.4,2647,0.02,15.3,59.6,----,----,33.931258 S,151.221077 E,8,1,S,S,V
2019-10-09 08:08:25,33.3,2685,0.05,15.3,59.6,----,----,33.931258 S,151.221082 E,8,1,S,S,V
2019-10-09 08:08:29,29.2,2602,0.04,15.3,59.7,----,----,33.931253 S,151.221082 E,8,1,S,S,V
2019-10-09 08:08:32,29.7,2611,0.07,15.3,59.6,----,----,33.931252 S,151.221080 E,8,1,S,S,V
2019-10-09 08:08:35,29.8,2613,0.01,15.3,59.7,----,----,33.931242 S,151.221073 E,8,1,S,S,V
2019-10-09 08:08:37,27.9,2575,0.00,15.3,59.6,----,----,33.931237 S,151.221073 E,8,1,S,S,V
2019-10-09 08:08:40,29.8,2613,0.00,15.3,59.7,----,----,33.931248 S,151.221075 E,8,1,S,S,V
2019-10-09 08:08:43,29.5,2607,0.07,15.3,59.6,----,----,33.931252 S,151.221085 E,8,1,S,S,V
2019-10-09 08:08:46,25.8,2532,0.03,15.3,59.7,----,----,33.931252 S,151.221085 E,8,1,S,S,V
2019-10-09 08:08:50,27.2,2560,0.05,15.3,59.7,----,----,33.931250 S,151.221083 E,8,1,S,S,V
2019-10-09 08:08:53,27.6,2569,0.04,15.3,59.6,----,----,33.931265 S,151.221087 E,8,1,S,S,V
2019-10-09 08:08:56,26.4,2545,0.00,15.3,59.7,----,----,33.931287 S,151.221095 E,8,1,S,S,V
2019-10-09 08:08:59,31.8,2655,0.07,15.3,59.7,----,----,33.931283 S,151.221092 E,7,1,S,S,V
2019-10-09 08:09:02,32.4,2667,0.03,15.3,59.7,----,----,33.931273 S,151.221098 E,8,1,S,S,V
2019-10-09 08:09:05,31.0,2638,0.00,15.3,59.6,----,----,33.931268 S,151.221092 E,8,1,S,S,V
2019-10-09 08:09:09,38.2,2785,0.06,15.3,59.7,----,----,33.931267 S,151.221092 E,8,1,S,S,V
2019-10-09 08:09:12,32.2,2663,0.00,15.3,59.7,----,----,33.931267 S,151.221095 E,8,1,S,S,V
2019-10-09 08:09:16,32.4,2666,0.04,15.3,59.6,----,----,33.931268 S,151.221095 E,8,1,S,S,V
2019-10-09 08:09:19,31.7,2653,0.04,15.3,59.7,----,----,33.931267 S,151.221092 E,8,1,S,S,V
2019-10-09 08:09:22,32.7,2674,0.04,15.3,59.7,----,----,33.931265 S,151.221092 E,8,1,S,S,V
2019-10-09 08:09:25,29.7,2611,0.00,15.3,59.6,----,----,33.931263 S,151.221087 E,8,1,S,S,V
2019-10-09 08:09:28,31.9,2657,0.02,15.3,59.7,----,----,33.931262 S,151.221087 E,8,1,S,S,V
2019-10-09 08:09:32,30.5,2629,0.04,15.3,59.7,----,----,33.931250 S,151.221088 E,8,1,S,S,V
2019-10-09 08:09:35,30.3,2624,0.08,15.3,59.7,----,----,33.931245 S,151.221085 E,8,1,S,S,V
2019-10-09 08:09:38,25.4,2525,0.02,15.3,59.7,----,----,33.931233 S,151.221087 E,8,1,S,S,V
2019-10-09 08:09:41,32.9,2678,0.00,15.4,59.7,----,----,33.931237 S,151.221088 E,8,1,S,S,V
2019-10-09 08:09:44,31.9,2657,0.05,15.3,59.7,----,----,33.931243 S,151.221095 E,8,1,S,S,V
2019-10-09 08:09:48,33.6,2691,0.05,15.3,59.7,----,----,33.931250 S,151.221120 E,8,1,S,S,V
2019-10-09 08:09:51,26.2,2540,0.02,15.4,59.7,----,----,33.931252 S,151.221118 E,8,1,S,S,V
2019-10-09 08:09:54,26.4,2544,0.00,15.3,59.7,----,----,33.931248 S,151.221118 E,8,1,S,S,V
2019-10-09 08:09:56,27.0,2556,0.00,15.4,59.7,----,----,33.931248 S,151.221118 E,8,1,S,S,V
2019-10-09 08:09:59,31.8,2654,0.06,15.3,59.7,----,----,33.931248 S,151.221118 E,8,1,S,S,V
2019-10-09 08:10:02,27.7,2572,0.04,15.3,59.7,----,----,33.931245 S,151.221120 E,8,1,S,S,V
2019-10-09 08:10:05,25.3,2522,0.02,15.4,59.7,----,----,33.931240 S,151.221122 E,8,1,S,S,V
2019-10-09 08:10:08,24.9,2515,0.00,15.3,59.7,----,----,33.931240 S,151.221120 E,8,1,S,S,V
2019-10-09 08:10:11,25.2,2520,0.00,15.4,59.7,----,----,33.931238 S,151.221120 E,8,1,S,S,V
2019-10-09 08:10:14,27.9,2575,0.02,15.4,59.7,----,----,33.931233 S,151.221120 E,8,1,S,S,V
2019-10-09 08:10:17,27.4,2566,0.02,15.3,59.7,----,----,33.931227 S,151.221125 E,8,1,S,S,V
2019-10-09 08:10:20,23.8,2491,0.03,15.3,59.7,----,----,33.931218 S,151.221123 E,8,1,S,S,V
2019-10-09 08:10:23,22.8,2472,0.03,15.3,59.7,----,----,33.931208 S,151.221122 E,8,1,S,S,V
2019-10-09 08:10:25,29.2,2602,0.01,15.4,59.7,----,----,33.931205 S,151.221122 E,8,1,S,S,V
2019-10-09 08:10:28,27.0,2557,0.05,15.4,59.7,----,----,33.931198 S,151.221127 E,8,1,S,S,V
2019-10-09 08:10:31,22.8,2472,0.03,15.4,59.7,----,----,33.931187 S,151.221135 E,8,1,S,S,V
2019-10-09 08:10:34,28.5,2587,0.04,15.4,59.7,----,----,33.931183 S,151.221130 E,8,1,S,S,V
2019-10-09 08:10:37,25.5,2526,0.02,15.3,59.7,----,----,33.931182 S,151.221123 E,8,1,S,S,V
2019-10-09 08:10:39,30.7,2633,0.00,15.4,59.7,----,----,33.931177 S,151.221122 E,8,1,S,S,V
2019-10-09 08:10:42,28.8,2593,0.01,15.4,59.7,----,----,33.931172 S,151.221128 E,8,1,S,S,V
2019-10-09 08:10:46,28.7,2592,0.03,15.4,59.7,----,----,33.931157 S,151.221135 E,8,1,S,S,V
2019-10-09 08:10:49,31.1,2641,0.04,15.4,59.7,----,----,33.931153 S,151.221135 E,7,1,S,S,V
2019-10-09 08:10:51,28.7,2591,0.01,15.3,59.7,----,----,33.931153 S,151.221138 E,8,1,S,S,V
2019-10-09 08:10:54,30.7,2632,0.02,15.4,59.7,----,----,33.931155 S,151.221142 E,8,1,S,S,V
2019-10-09 08:10:57,25.8,2532,0.01,15.3,59.7,----,----,33.931155 S,151.221147 E,8,1,S,S,V
2019-10-09 08:11:00,28.5,2587,0.00,15.3,59.7,----,----,33.931145 S,151.221143 E,8,1,S,S,V
2019-10-09 08:11:03,27.7,2571,0.04,15.4,59.7,----,----,33.931160 S,151.221135 E,8,1,S,S,V
2019-10-09 08:11:06,30.0,2619,0.00,15.4,59.7,----,----,33.931167 S,151.221138 E,8,1,S,S,V
2019-10-09 08:11:08,22.4,2463,0.00,15.4,59.7,----,----,33.931170 S,151.221142 E,8,1,S,S,V
2019-10-09 08:11:11,26.0,2537,0.01,15.4,59.7,----,----,33.931173 S,151.221145 E,8,1,S,S,V
2019-10-09 08:11:14,29.7,2612,0.01,15.4,59.7,----,----,33.931183 S,151.221153 E,8,1,S,S,V
2019-10-09 08:11:17,24.5,2507,0.03,15.4,59.7,----,----,33.931187 S,151.221160 E,8,1,S,S,V
2019-10-09 08:11:20,26.3,2543,0.02,15.4,59.7,----,----,33.931192 S,151.221160 E,7,1,S,S,V
2019-10-09 08:11:23,26.1,2538,0.00,15.4,59.7,----,----,33.931193 S,151.221165 E,8,1,S,S,V
2019-10-09 08:11:26,26.3,2543,0.00,15.4,59.7,----,----,33.931198 S,151.221168 E,8,1,S,S,V
2019-10-09 08:11:30,27.5,2567,0.02,15.4,59.7,----,----,33.931207 S,151.221170 E,8,1,S,S,V
2019-10-09 08:11:33,27.0,2556,0.06,15.4,59.7,----,----,33.931207 S,151.221165 E,8,1,S,S,V
2019-10-09 08:11:36,27.1,2559,0.03,15.4,59.7,----,----,33.931203 S,151.221158 E,8,1,S,S,V
2019-10-09 08:11:39,28.1,2580,0.01,15.4,59.7,----,----,33.931207 S,151.221155 E,8,1,S,S,V
2019-10-09 08:11:42,30.4,2627,0.02,15.4,59.7,----,----,33.931207 S,151.221153 E,8,1,S,S,V
